ISO-10303-21;
HEADER;
/* Generated by software containing ST-Developer
 * from STEP Tools, Inc. (www.steptools.com) 
 */

FILE_DESCRIPTION(
/* description */ (
'CONCEPT P0: local Y is motion, local Z is guide depth. Sharp leaf roo
ts and coupling require FEA/redesign before manufacture. No motion joi
nts represent elastic deformation.'),
/* implementation_level */ '2;1');

FILE_NAME(
/* name */ 'APA60S_Z_axis_P0.step',
/* time_stamp */ '2026-09-07T17:54:29-07:00',
/* author */ (''),
/* organization */ (''),
/* preprocessor_version */ 'ST-DEVELOPER v20.1',
/* originating_system */ 'Autodesk Translation Framework v15.8.0.0',
/* authorisation */ '');

FILE_SCHEMA (('AUTOMOTIVE_DESIGN { 1 0 10303 214 3 1 1 }'));
ENDSEC;

DATA;
#10=MECHANICAL_DESIGN_GEOMETRIC_PRESENTATION_REPRESENTATION('',(#49,#50,
#51,#52,#53),#4827);
#11=ITEM_DEFINED_TRANSFORMATION($,$,#3121,#3202);
#12=ITEM_DEFINED_TRANSFORMATION($,$,#3120,#3203);
#13=ITEM_DEFINED_TRANSFORMATION($,$,#3007,#3204);
#14=ITEM_DEFINED_TRANSFORMATION($,$,#3098,#3205);
#15=ITEM_DEFINED_TRANSFORMATION($,$,#3105,#3206);
#16=ITEM_DEFINED_TRANSFORMATION($,$,#3112,#3207);
#17=ITEM_DEFINED_TRANSFORMATION($,$,#3119,#3208);
#18=(
REPRESENTATION_RELATIONSHIP($,$,#4862,#4861)
REPRESENTATION_RELATIONSHIP_WITH_TRANSFORMATION(#11)
SHAPE_REPRESENTATION_RELATIONSHIP()
);
#19=(
REPRESENTATION_RELATIONSHIP($,$,#4861,#4860)
REPRESENTATION_RELATIONSHIP_WITH_TRANSFORMATION(#12)
SHAPE_REPRESENTATION_RELATIONSHIP()
);
#20=(
REPRESENTATION_RELATIONSHIP($,$,#4856,#4855)
REPRESENTATION_RELATIONSHIP_WITH_TRANSFORMATION(#13)
SHAPE_REPRESENTATION_RELATIONSHIP()
);
#21=(
REPRESENTATION_RELATIONSHIP($,$,#4857,#4855)
REPRESENTATION_RELATIONSHIP_WITH_TRANSFORMATION(#14)
SHAPE_REPRESENTATION_RELATIONSHIP()
);
#22=(
REPRESENTATION_RELATIONSHIP($,$,#4858,#4855)
REPRESENTATION_RELATIONSHIP_WITH_TRANSFORMATION(#15)
SHAPE_REPRESENTATION_RELATIONSHIP()
);
#23=(
REPRESENTATION_RELATIONSHIP($,$,#4859,#4855)
REPRESENTATION_RELATIONSHIP_WITH_TRANSFORMATION(#16)
SHAPE_REPRESENTATION_RELATIONSHIP()
);
#24=(
REPRESENTATION_RELATIONSHIP($,$,#4860,#4855)
REPRESENTATION_RELATIONSHIP_WITH_TRANSFORMATION(#17)
SHAPE_REPRESENTATION_RELATIONSHIP()
);
#25=CONTEXT_DEPENDENT_SHAPE_REPRESENTATION(#18,#4848);
#26=CONTEXT_DEPENDENT_SHAPE_REPRESENTATION(#19,#4849);
#27=CONTEXT_DEPENDENT_SHAPE_REPRESENTATION(#20,#4850);
#28=CONTEXT_DEPENDENT_SHAPE_REPRESENTATION(#21,#4851);
#29=CONTEXT_DEPENDENT_SHAPE_REPRESENTATION(#22,#4852);
#30=CONTEXT_DEPENDENT_SHAPE_REPRESENTATION(#23,#4853);
#31=CONTEXT_DEPENDENT_SHAPE_REPRESENTATION(#24,#4854);
#32=NEXT_ASSEMBLY_USAGE_OCCURRENCE('000917 (2):1','000917 (2):1',
'000917 (2):1',#4870,#4871,'000917 (2):1');
#33=NEXT_ASSEMBLY_USAGE_OCCURRENCE('000612-ICD-02 (2):1',
'000612-ICD-02 (2):1','000612-ICD-02 (2):1',#4869,#4870,
'000612-ICD-02 (2):1');
#34=NEXT_ASSEMBLY_USAGE_OCCURRENCE(
'01 Monolithic folded guide - NOT RELEASED (2):1',
'01 Monolithic folded guide - NOT RELEASED (2):1',
'01 Monolithic folded guide - NOT RELEASED (2):1',#4864,#4865,
'01 Monolithic folded guide - NOT RELEASED (2):1');
#35=NEXT_ASSEMBLY_USAGE_OCCURRENCE(
'02 Fixed APA mounting pedestal (2):1',
'02 Fixed APA mounting pedestal (2):1',
'02 Fixed APA mounting pedestal (2):1',#4864,#4866,
'02 Fixed APA mounting pedestal (2):1');
#36=NEXT_ASSEMBLY_USAGE_OCCURRENCE('03 Fixed pedestal support (2):1',
'03 Fixed pedestal support (2):1','03 Fixed pedestal support (2):1',#4864,
#4867,'03 Fixed pedestal support (2):1');
#37=NEXT_ASSEMBLY_USAGE_OCCURRENCE(
'04 Carriage mounting land - coupling TBD (2):1',
'04 Carriage mounting land - coupling TBD (2):1',
'04 Carriage mounting land - coupling TBD (2):1',#4864,#4868,
'04 Carriage mounting land - coupling TBD (2):1');
#38=NEXT_ASSEMBLY_USAGE_OCCURRENCE('05 CEDRAT APA60S vendor STEP (2):1',
'05 CEDRAT APA60S vendor STEP (2):1',
'05 CEDRAT APA60S vendor STEP (2):1',#4864,#4869,
'05 CEDRAT APA60S vendor STEP (2):1');
#39=SHAPE_REPRESENTATION_RELATIONSHIP('SRR','None',#4856,#44);
#40=SHAPE_REPRESENTATION_RELATIONSHIP('SRR','None',#4857,#45);
#41=SHAPE_REPRESENTATION_RELATIONSHIP('SRR','None',#4858,#46);
#42=SHAPE_REPRESENTATION_RELATIONSHIP('SRR','None',#4859,#47);
#43=SHAPE_REPRESENTATION_RELATIONSHIP('SRR','None',#4862,#48);
#44=ADVANCED_BREP_SHAPE_REPRESENTATION('',(#54),#4820);
#45=ADVANCED_BREP_SHAPE_REPRESENTATION('',(#55),#4821);
#46=ADVANCED_BREP_SHAPE_REPRESENTATION('',(#56),#4822);
#47=ADVANCED_BREP_SHAPE_REPRESENTATION('',(#57),#4823);
#48=ADVANCED_BREP_SHAPE_REPRESENTATION('',(#58),#4826);
#49=STYLED_ITEM('',(#4899),#54);
#50=STYLED_ITEM('',(#4899),#55);
#51=STYLED_ITEM('',(#4899),#56);
#52=STYLED_ITEM('',(#4899),#57);
#53=STYLED_ITEM('',(#4900),#58);
#54=MANIFOLD_SOLID_BREP(
'APA60S XYZ - P0 Packaging and Guide Concept:1+30 Z AXIS - vertical - 
inner:1+01 Monolithic folded guide - NOT RELEASED (2):1',#2945);
#55=MANIFOLD_SOLID_BREP(
'APA60S XYZ - P0 Packaging and Guide Concept:1+30 Z AXIS - vertical - 
inner:1+02 Fixed APA mounting pedestal (2):1',#2946);
#56=MANIFOLD_SOLID_BREP(
'APA60S XYZ - P0 Packaging and Guide Concept:1+30 Z AXIS - vertical - 
inner:1+03 Fixed pedestal support (2):1',#2947);
#57=MANIFOLD_SOLID_BREP(
'APA60S XYZ - P0 Packaging and Guide Concept:1+30 Z AXIS - vertical - 
inner:1+04 Carriage mounting land - coupling TBD (2):1',#2948);
#58=MANIFOLD_SOLID_BREP(
'APA60S XYZ - P0 Packaging and Guide Concept:1+30 Z AXIS - vertical - 
inner:1+05 CEDRAT APA60S vendor STEP (2):1+000612-ICD-02 (2):1+000917 
(2):1',#2949);
#59=FACE_BOUND('',#378,.T.);
#60=FACE_BOUND('',#379,.T.);
#61=FACE_BOUND('',#380,.T.);
#62=FACE_BOUND('',#381,.T.);
#63=FACE_BOUND('',#382,.T.);
#64=FACE_BOUND('',#383,.T.);
#65=FACE_BOUND('',#384,.T.);
#66=FACE_BOUND('',#385,.T.);
#67=FACE_BOUND('',#386,.T.);
#68=FACE_BOUND('',#387,.T.);
#69=FACE_BOUND('',#388,.T.);
#70=FACE_BOUND('',#389,.T.);
#71=FACE_BOUND('',#391,.T.);
#72=FACE_BOUND('',#392,.T.);
#73=FACE_BOUND('',#393,.T.);
#74=FACE_BOUND('',#394,.T.);
#75=FACE_BOUND('',#395,.T.);
#76=FACE_BOUND('',#396,.T.);
#77=FACE_BOUND('',#397,.T.);
#78=FACE_BOUND('',#398,.T.);
#79=FACE_BOUND('',#399,.T.);
#80=FACE_BOUND('',#400,.T.);
#81=FACE_BOUND('',#401,.T.);
#82=FACE_BOUND('',#402,.T.);
#83=FACE_BOUND('',#436,.T.);
#84=FACE_BOUND('',#438,.T.);
#85=FACE_BOUND('',#446,.T.);
#86=FACE_BOUND('',#448,.T.);
#87=CIRCLE('',#3018,1.1);
#88=CIRCLE('',#3019,1.1);
#89=CIRCLE('',#3021,1.1);
#90=CIRCLE('',#3022,1.1);
#91=CIRCLE('',#3024,1.1);
#92=CIRCLE('',#3025,1.1);
#93=CIRCLE('',#3027,1.1);
#94=CIRCLE('',#3028,1.1);
#95=CIRCLE('',#3124,2.55);
#96=CIRCLE('',#3125,2.55);
#97=CIRCLE('',#3126,3.5);
#98=CIRCLE('',#3127,0.25);
#99=CIRCLE('',#3128,0.25);
#100=CIRCLE('',#3129,3.5);
#101=CIRCLE('',#3131,2.55);
#102=CIRCLE('',#3132,2.55);
#103=CIRCLE('',#3133,3.5);
#104=CIRCLE('',#3134,0.25);
#105=CIRCLE('',#3135,0.25);
#106=CIRCLE('',#3136,3.5);
#107=CIRCLE('',#3138,3.5);
#108=CIRCLE('',#3139,0.25);
#109=CIRCLE('',#3140,0.25);
#110=CIRCLE('',#3141,3.5);
#111=CIRCLE('',#3142,2.55);
#112=CIRCLE('',#3143,2.55);
#113=CIRCLE('',#3145,3.5);
#114=CIRCLE('',#3146,0.25);
#115=CIRCLE('',#3147,0.25);
#116=CIRCLE('',#3148,3.5);
#117=CIRCLE('',#3149,2.55);
#118=CIRCLE('',#3150,2.55);
#119=CIRCLE('',#3156,2.88131604625348);
#120=CIRCLE('',#3157,2.88131604625348);
#121=CIRCLE('',#3163,0.799999999999998);
#122=CIRCLE('',#3165,0.799999999999997);
#123=CIRCLE('',#3168,2.88131604625348);
#124=CIRCLE('',#3169,2.88131604625348);
#125=CIRCLE('',#3175,0.799999999999996);
#126=CIRCLE('',#3177,0.799999999999997);
#127=CIRCLE('',#3181,2.88131604625348);
#128=CIRCLE('',#3182,2.88131604625348);
#129=CIRCLE('',#3189,2.88131604625348);
#130=CIRCLE('',#3190,2.88131604625348);
#131=CYLINDRICAL_SURFACE('',#3017,1.1);
#132=CYLINDRICAL_SURFACE('',#3020,1.1);
#133=CYLINDRICAL_SURFACE('',#3023,1.1);
#134=CYLINDRICAL_SURFACE('',#3026,1.1);
#135=CYLINDRICAL_SURFACE('',#3155,2.88131604625348);
#136=CYLINDRICAL_SURFACE('',#3159,3.5);
#137=CYLINDRICAL_SURFACE('',#3160,0.25);
#138=CYLINDRICAL_SURFACE('',#3166,2.55);
#139=CYLINDRICAL_SURFACE('',#3167,2.88131604625348);
#140=CYLINDRICAL_SURFACE('',#3171,3.5);
#141=CYLINDRICAL_SURFACE('',#3172,0.25);
#142=CYLINDRICAL_SURFACE('',#3178,2.55);
#143=CYLINDRICAL_SURFACE('',#3180,2.88131604625348);
#144=CYLINDRICAL_SURFACE('',#3184,3.5);
#145=CYLINDRICAL_SURFACE('',#3185,0.25);
#146=CYLINDRICAL_SURFACE('',#3187,2.55);
#147=CYLINDRICAL_SURFACE('',#3188,2.88131604625348);
#148=CYLINDRICAL_SURFACE('',#3192,3.5);
#149=CYLINDRICAL_SURFACE('',#3193,0.25);
#150=CYLINDRICAL_SURFACE('',#3195,2.55);
#151=CYLINDRICAL_SURFACE('',#3196,0.799999999999997);
#152=CYLINDRICAL_SURFACE('',#3197,0.799999999999997);
#153=FACE_OUTER_BOUND('',#297,.T.);
#154=FACE_OUTER_BOUND('',#298,.T.);
#155=FACE_OUTER_BOUND('',#299,.T.);
#156=FACE_OUTER_BOUND('',#300,.T.);
#157=FACE_OUTER_BOUND('',#301,.T.);
#158=FACE_OUTER_BOUND('',#302,.T.);
#159=FACE_OUTER_BOUND('',#303,.T.);
#160=FACE_OUTER_BOUND('',#304,.T.);
#161=FACE_OUTER_BOUND('',#305,.T.);
#162=FACE_OUTER_BOUND('',#306,.T.);
#163=FACE_OUTER_BOUND('',#307,.T.);
#164=FACE_OUTER_BOUND('',#308,.T.);
#165=FACE_OUTER_BOUND('',#309,.T.);
#166=FACE_OUTER_BOUND('',#310,.T.);
#167=FACE_OUTER_BOUND('',#311,.T.);
#168=FACE_OUTER_BOUND('',#312,.T.);
#169=FACE_OUTER_BOUND('',#313,.T.);
#170=FACE_OUTER_BOUND('',#314,.T.);
#171=FACE_OUTER_BOUND('',#315,.T.);
#172=FACE_OUTER_BOUND('',#316,.T.);
#173=FACE_OUTER_BOUND('',#317,.T.);
#174=FACE_OUTER_BOUND('',#318,.T.);
#175=FACE_OUTER_BOUND('',#319,.T.);
#176=FACE_OUTER_BOUND('',#320,.T.);
#177=FACE_OUTER_BOUND('',#321,.T.);
#178=FACE_OUTER_BOUND('',#322,.T.);
#179=FACE_OUTER_BOUND('',#323,.T.);
#180=FACE_OUTER_BOUND('',#324,.T.);
#181=FACE_OUTER_BOUND('',#325,.T.);
#182=FACE_OUTER_BOUND('',#326,.T.);
#183=FACE_OUTER_BOUND('',#327,.T.);
#184=FACE_OUTER_BOUND('',#328,.T.);
#185=FACE_OUTER_BOUND('',#329,.T.);
#186=FACE_OUTER_BOUND('',#330,.T.);
#187=FACE_OUTER_BOUND('',#331,.T.);
#188=FACE_OUTER_BOUND('',#332,.T.);
#189=FACE_OUTER_BOUND('',#333,.T.);
#190=FACE_OUTER_BOUND('',#334,.T.);
#191=FACE_OUTER_BOUND('',#335,.T.);
#192=FACE_OUTER_BOUND('',#336,.T.);
#193=FACE_OUTER_BOUND('',#337,.T.);
#194=FACE_OUTER_BOUND('',#338,.T.);
#195=FACE_OUTER_BOUND('',#339,.T.);
#196=FACE_OUTER_BOUND('',#340,.T.);
#197=FACE_OUTER_BOUND('',#341,.T.);
#198=FACE_OUTER_BOUND('',#342,.T.);
#199=FACE_OUTER_BOUND('',#343,.T.);
#200=FACE_OUTER_BOUND('',#344,.T.);
#201=FACE_OUTER_BOUND('',#345,.T.);
#202=FACE_OUTER_BOUND('',#346,.T.);
#203=FACE_OUTER_BOUND('',#347,.T.);
#204=FACE_OUTER_BOUND('',#348,.T.);
#205=FACE_OUTER_BOUND('',#349,.T.);
#206=FACE_OUTER_BOUND('',#350,.T.);
#207=FACE_OUTER_BOUND('',#351,.T.);
#208=FACE_OUTER_BOUND('',#352,.T.);
#209=FACE_OUTER_BOUND('',#353,.T.);
#210=FACE_OUTER_BOUND('',#354,.T.);
#211=FACE_OUTER_BOUND('',#355,.T.);
#212=FACE_OUTER_BOUND('',#356,.T.);
#213=FACE_OUTER_BOUND('',#357,.T.);
#214=FACE_OUTER_BOUND('',#358,.T.);
#215=FACE_OUTER_BOUND('',#359,.T.);
#216=FACE_OUTER_BOUND('',#360,.T.);
#217=FACE_OUTER_BOUND('',#361,.T.);
#218=FACE_OUTER_BOUND('',#362,.T.);
#219=FACE_OUTER_BOUND('',#363,.T.);
#220=FACE_OUTER_BOUND('',#364,.T.);
#221=FACE_OUTER_BOUND('',#365,.T.);
#222=FACE_OUTER_BOUND('',#366,.T.);
#223=FACE_OUTER_BOUND('',#367,.T.);
#224=FACE_OUTER_BOUND('',#368,.T.);
#225=FACE_OUTER_BOUND('',#369,.T.);
#226=FACE_OUTER_BOUND('',#370,.T.);
#227=FACE_OUTER_BOUND('',#371,.T.);
#228=FACE_OUTER_BOUND('',#372,.T.);
#229=FACE_OUTER_BOUND('',#373,.T.);
#230=FACE_OUTER_BOUND('',#374,.T.);
#231=FACE_OUTER_BOUND('',#375,.T.);
#232=FACE_OUTER_BOUND('',#376,.T.);
#233=FACE_OUTER_BOUND('',#377,.T.);
#234=FACE_OUTER_BOUND('',#390,.T.);
#235=FACE_OUTER_BOUND('',#403,.T.);
#236=FACE_OUTER_BOUND('',#404,.T.);
#237=FACE_OUTER_BOUND('',#405,.T.);
#238=FACE_OUTER_BOUND('',#406,.T.);
#239=FACE_OUTER_BOUND('',#407,.T.);
#240=FACE_OUTER_BOUND('',#408,.T.);
#241=FACE_OUTER_BOUND('',#409,.T.);
#242=FACE_OUTER_BOUND('',#410,.T.);
#243=FACE_OUTER_BOUND('',#411,.T.);
#244=FACE_OUTER_BOUND('',#412,.T.);
#245=FACE_OUTER_BOUND('',#413,.T.);
#246=FACE_OUTER_BOUND('',#414,.T.);
#247=FACE_OUTER_BOUND('',#415,.T.);
#248=FACE_OUTER_BOUND('',#416,.T.);
#249=FACE_OUTER_BOUND('',#417,.T.);
#250=FACE_OUTER_BOUND('',#418,.T.);
#251=FACE_OUTER_BOUND('',#419,.T.);
#252=FACE_OUTER_BOUND('',#420,.T.);
#253=FACE_OUTER_BOUND('',#421,.T.);
#254=FACE_OUTER_BOUND('',#422,.T.);
#255=FACE_OUTER_BOUND('',#423,.T.);
#256=FACE_OUTER_BOUND('',#424,.T.);
#257=FACE_OUTER_BOUND('',#425,.T.);
#258=FACE_OUTER_BOUND('',#426,.T.);
#259=FACE_OUTER_BOUND('',#427,.T.);
#260=FACE_OUTER_BOUND('',#428,.T.);
#261=FACE_OUTER_BOUND('',#429,.T.);
#262=FACE_OUTER_BOUND('',#430,.T.);
#263=FACE_OUTER_BOUND('',#431,.T.);
#264=FACE_OUTER_BOUND('',#432,.T.);
#265=FACE_OUTER_BOUND('',#433,.T.);
#266=FACE_OUTER_BOUND('',#434,.T.);
#267=FACE_OUTER_BOUND('',#435,.T.);
#268=FACE_OUTER_BOUND('',#437,.T.);
#269=FACE_OUTER_BOUND('',#439,.T.);
#270=FACE_OUTER_BOUND('',#440,.T.);
#271=FACE_OUTER_BOUND('',#441,.T.);
#272=FACE_OUTER_BOUND('',#442,.T.);
#273=FACE_OUTER_BOUND('',#443,.T.);
#274=FACE_OUTER_BOUND('',#444,.T.);
#275=FACE_OUTER_BOUND('',#445,.T.);
#276=FACE_OUTER_BOUND('',#447,.T.);
#277=FACE_OUTER_BOUND('',#449,.T.);
#278=FACE_OUTER_BOUND('',#450,.T.);
#279=FACE_OUTER_BOUND('',#451,.T.);
#280=FACE_OUTER_BOUND('',#452,.T.);
#281=FACE_OUTER_BOUND('',#453,.T.);
#282=FACE_OUTER_BOUND('',#454,.T.);
#283=FACE_OUTER_BOUND('',#455,.T.);
#284=FACE_OUTER_BOUND('',#456,.T.);
#285=FACE_OUTER_BOUND('',#457,.T.);
#286=FACE_OUTER_BOUND('',#458,.T.);
#287=FACE_OUTER_BOUND('',#459,.T.);
#288=FACE_OUTER_BOUND('',#460,.T.);
#289=FACE_OUTER_BOUND('',#461,.T.);
#290=FACE_OUTER_BOUND('',#462,.T.);
#291=FACE_OUTER_BOUND('',#463,.T.);
#292=FACE_OUTER_BOUND('',#464,.T.);
#293=FACE_OUTER_BOUND('',#465,.T.);
#294=FACE_OUTER_BOUND('',#466,.T.);
#295=FACE_OUTER_BOUND('',#467,.T.);
#296=FACE_OUTER_BOUND('',#468,.T.);
#297=EDGE_LOOP('',(#1867,#1868,#1869,#1870));
#298=EDGE_LOOP('',(#1871,#1872,#1873,#1874));
#299=EDGE_LOOP('',(#1875,#1876,#1877,#1878));
#300=EDGE_LOOP('',(#1879,#1880,#1881,#1882));
#301=EDGE_LOOP('',(#1883,#1884,#1885,#1886));
#302=EDGE_LOOP('',(#1887,#1888,#1889,#1890));
#303=EDGE_LOOP('',(#1891,#1892,#1893,#1894));
#304=EDGE_LOOP('',(#1895,#1896,#1897,#1898));
#305=EDGE_LOOP('',(#1899,#1900,#1901,#1902));
#306=EDGE_LOOP('',(#1903,#1904,#1905,#1906));
#307=EDGE_LOOP('',(#1907,#1908,#1909,#1910));
#308=EDGE_LOOP('',(#1911,#1912,#1913,#1914));
#309=EDGE_LOOP('',(#1915,#1916,#1917,#1918));
#310=EDGE_LOOP('',(#1919,#1920,#1921,#1922));
#311=EDGE_LOOP('',(#1923,#1924,#1925,#1926));
#312=EDGE_LOOP('',(#1927,#1928,#1929,#1930));
#313=EDGE_LOOP('',(#1931,#1932,#1933,#1934));
#314=EDGE_LOOP('',(#1935,#1936,#1937,#1938));
#315=EDGE_LOOP('',(#1939,#1940,#1941,#1942));
#316=EDGE_LOOP('',(#1943,#1944,#1945,#1946));
#317=EDGE_LOOP('',(#1947,#1948,#1949,#1950));
#318=EDGE_LOOP('',(#1951,#1952,#1953,#1954));
#319=EDGE_LOOP('',(#1955,#1956,#1957,#1958));
#320=EDGE_LOOP('',(#1959,#1960,#1961,#1962));
#321=EDGE_LOOP('',(#1963,#1964,#1965,#1966));
#322=EDGE_LOOP('',(#1967,#1968,#1969,#1970));
#323=EDGE_LOOP('',(#1971,#1972,#1973,#1974));
#324=EDGE_LOOP('',(#1975,#1976,#1977,#1978));
#325=EDGE_LOOP('',(#1979,#1980,#1981,#1982));
#326=EDGE_LOOP('',(#1983,#1984,#1985,#1986));
#327=EDGE_LOOP('',(#1987,#1988,#1989,#1990));
#328=EDGE_LOOP('',(#1991,#1992,#1993,#1994));
#329=EDGE_LOOP('',(#1995,#1996,#1997,#1998));
#330=EDGE_LOOP('',(#1999,#2000,#2001,#2002));
#331=EDGE_LOOP('',(#2003,#2004,#2005,#2006));
#332=EDGE_LOOP('',(#2007,#2008,#2009,#2010));
#333=EDGE_LOOP('',(#2011,#2012,#2013,#2014));
#334=EDGE_LOOP('',(#2015,#2016,#2017,#2018));
#335=EDGE_LOOP('',(#2019,#2020,#2021,#2022));
#336=EDGE_LOOP('',(#2023,#2024,#2025,#2026));
#337=EDGE_LOOP('',(#2027,#2028,#2029,#2030));
#338=EDGE_LOOP('',(#2031,#2032,#2033,#2034));
#339=EDGE_LOOP('',(#2035,#2036,#2037,#2038));
#340=EDGE_LOOP('',(#2039,#2040,#2041,#2042));
#341=EDGE_LOOP('',(#2043,#2044,#2045,#2046));
#342=EDGE_LOOP('',(#2047,#2048,#2049,#2050));
#343=EDGE_LOOP('',(#2051,#2052,#2053,#2054));
#344=EDGE_LOOP('',(#2055,#2056,#2057,#2058));
#345=EDGE_LOOP('',(#2059,#2060,#2061,#2062));
#346=EDGE_LOOP('',(#2063,#2064,#2065,#2066));
#347=EDGE_LOOP('',(#2067,#2068,#2069,#2070));
#348=EDGE_LOOP('',(#2071,#2072,#2073,#2074));
#349=EDGE_LOOP('',(#2075,#2076,#2077,#2078));
#350=EDGE_LOOP('',(#2079,#2080,#2081,#2082));
#351=EDGE_LOOP('',(#2083,#2084,#2085,#2086));
#352=EDGE_LOOP('',(#2087,#2088,#2089,#2090));
#353=EDGE_LOOP('',(#2091,#2092,#2093,#2094));
#354=EDGE_LOOP('',(#2095,#2096,#2097,#2098));
#355=EDGE_LOOP('',(#2099,#2100,#2101,#2102));
#356=EDGE_LOOP('',(#2103,#2104,#2105,#2106));
#357=EDGE_LOOP('',(#2107,#2108,#2109,#2110));
#358=EDGE_LOOP('',(#2111,#2112,#2113,#2114));
#359=EDGE_LOOP('',(#2115,#2116,#2117,#2118));
#360=EDGE_LOOP('',(#2119,#2120,#2121,#2122));
#361=EDGE_LOOP('',(#2123,#2124,#2125,#2126));
#362=EDGE_LOOP('',(#2127,#2128,#2129,#2130));
#363=EDGE_LOOP('',(#2131,#2132,#2133,#2134));
#364=EDGE_LOOP('',(#2135,#2136,#2137,#2138));
#365=EDGE_LOOP('',(#2139,#2140,#2141,#2142));
#366=EDGE_LOOP('',(#2143,#2144,#2145,#2146));
#367=EDGE_LOOP('',(#2147,#2148,#2149,#2150));
#368=EDGE_LOOP('',(#2151,#2152,#2153,#2154));
#369=EDGE_LOOP('',(#2155,#2156,#2157,#2158));
#370=EDGE_LOOP('',(#2159,#2160,#2161,#2162));
#371=EDGE_LOOP('',(#2163,#2164,#2165,#2166));
#372=EDGE_LOOP('',(#2167,#2168,#2169,#2170));
#373=EDGE_LOOP('',(#2171,#2172,#2173,#2174));
#374=EDGE_LOOP('',(#2175,#2176,#2177,#2178));
#375=EDGE_LOOP('',(#2179,#2180,#2181,#2182));
#376=EDGE_LOOP('',(#2183,#2184,#2185,#2186));
#377=EDGE_LOOP('',(#2187,#2188,#2189,#2190));
#378=EDGE_LOOP('',(#2191,#2192,#2193,#2194,#2195,#2196,#2197,#2198));
#379=EDGE_LOOP('',(#2199,#2200,#2201,#2202,#2203,#2204,#2205,#2206,#2207,
#2208,#2209,#2210));
#380=EDGE_LOOP('',(#2211,#2212,#2213,#2214));
#381=EDGE_LOOP('',(#2215,#2216,#2217,#2218,#2219,#2220,#2221,#2222,#2223,
#2224,#2225,#2226));
#382=EDGE_LOOP('',(#2227,#2228,#2229,#2230,#2231,#2232,#2233,#2234,#2235,
#2236,#2237,#2238));
#383=EDGE_LOOP('',(#2239,#2240,#2241,#2242));
#384=EDGE_LOOP('',(#2243,#2244,#2245,#2246,#2247,#2248,#2249,#2250,#2251,
#2252,#2253,#2254));
#385=EDGE_LOOP('',(#2255));
#386=EDGE_LOOP('',(#2256));
#387=EDGE_LOOP('',(#2257));
#388=EDGE_LOOP('',(#2258));
#389=EDGE_LOOP('',(#2259,#2260,#2261,#2262,#2263,#2264,#2265,#2266));
#390=EDGE_LOOP('',(#2267,#2268,#2269,#2270));
#391=EDGE_LOOP('',(#2271,#2272,#2273,#2274,#2275,#2276,#2277,#2278,#2279,
#2280,#2281,#2282));
#392=EDGE_LOOP('',(#2283,#2284,#2285,#2286,#2287,#2288,#2289,#2290));
#393=EDGE_LOOP('',(#2291,#2292,#2293,#2294,#2295,#2296,#2297,#2298));
#394=EDGE_LOOP('',(#2299,#2300,#2301,#2302));
#395=EDGE_LOOP('',(#2303,#2304,#2305,#2306,#2307,#2308,#2309,#2310,#2311,
#2312,#2313,#2314));
#396=EDGE_LOOP('',(#2315,#2316,#2317,#2318,#2319,#2320,#2321,#2322,#2323,
#2324,#2325,#2326));
#397=EDGE_LOOP('',(#2327,#2328,#2329,#2330));
#398=EDGE_LOOP('',(#2331));
#399=EDGE_LOOP('',(#2332));
#400=EDGE_LOOP('',(#2333));
#401=EDGE_LOOP('',(#2334));
#402=EDGE_LOOP('',(#2335,#2336,#2337,#2338,#2339,#2340,#2341,#2342,#2343,
#2344,#2345,#2346));
#403=EDGE_LOOP('',(#2347,#2348,#2349,#2350));
#404=EDGE_LOOP('',(#2351,#2352,#2353,#2354));
#405=EDGE_LOOP('',(#2355,#2356,#2357,#2358));
#406=EDGE_LOOP('',(#2359,#2360,#2361,#2362));
#407=EDGE_LOOP('',(#2363,#2364,#2365,#2366));
#408=EDGE_LOOP('',(#2367,#2368,#2369,#2370));
#409=EDGE_LOOP('',(#2371,#2372,#2373,#2374));
#410=EDGE_LOOP('',(#2375,#2376,#2377,#2378));
#411=EDGE_LOOP('',(#2379,#2380,#2381,#2382));
#412=EDGE_LOOP('',(#2383,#2384,#2385,#2386));
#413=EDGE_LOOP('',(#2387,#2388,#2389,#2390));
#414=EDGE_LOOP('',(#2391,#2392,#2393,#2394));
#415=EDGE_LOOP('',(#2395,#2396,#2397,#2398));
#416=EDGE_LOOP('',(#2399,#2400,#2401,#2402));
#417=EDGE_LOOP('',(#2403,#2404,#2405,#2406));
#418=EDGE_LOOP('',(#2407,#2408,#2409,#2410));
#419=EDGE_LOOP('',(#2411,#2412,#2413,#2414));
#420=EDGE_LOOP('',(#2415,#2416,#2417,#2418));
#421=EDGE_LOOP('',(#2419,#2420,#2421,#2422));
#422=EDGE_LOOP('',(#2423,#2424,#2425,#2426,#2427,#2428,#2429,#2430,#2431,
#2432,#2433,#2434,#2435,#2436,#2437,#2438));
#423=EDGE_LOOP('',(#2439,#2440,#2441,#2442,#2443,#2444,#2445,#2446,#2447,
#2448,#2449,#2450,#2451,#2452,#2453,#2454));
#424=EDGE_LOOP('',(#2455,#2456,#2457,#2458,#2459,#2460,#2461,#2462,#2463,
#2464,#2465,#2466,#2467,#2468,#2469,#2470));
#425=EDGE_LOOP('',(#2471,#2472,#2473,#2474,#2475,#2476,#2477,#2478,#2479,
#2480,#2481,#2482,#2483,#2484,#2485,#2486));
#426=EDGE_LOOP('',(#2487,#2488,#2489,#2490));
#427=EDGE_LOOP('',(#2491,#2492,#2493,#2494));
#428=EDGE_LOOP('',(#2495,#2496,#2497,#2498));
#429=EDGE_LOOP('',(#2499,#2500,#2501,#2502));
#430=EDGE_LOOP('',(#2503,#2504,#2505,#2506,#2507,#2508));
#431=EDGE_LOOP('',(#2509,#2510,#2511,#2512));
#432=EDGE_LOOP('',(#2513,#2514,#2515,#2516));
#433=EDGE_LOOP('',(#2517,#2518,#2519,#2520));
#434=EDGE_LOOP('',(#2521,#2522,#2523,#2524));
#435=EDGE_LOOP('',(#2525,#2526,#2527,#2528));
#436=EDGE_LOOP('',(#2529));
#437=EDGE_LOOP('',(#2530,#2531,#2532,#2533));
#438=EDGE_LOOP('',(#2534));
#439=EDGE_LOOP('',(#2535,#2536,#2537,#2538));
#440=EDGE_LOOP('',(#2539,#2540,#2541,#2542,#2543,#2544));
#441=EDGE_LOOP('',(#2545,#2546,#2547,#2548));
#442=EDGE_LOOP('',(#2549,#2550,#2551,#2552));
#443=EDGE_LOOP('',(#2553,#2554,#2555,#2556));
#444=EDGE_LOOP('',(#2557,#2558,#2559,#2560));
#445=EDGE_LOOP('',(#2561,#2562,#2563,#2564));
#446=EDGE_LOOP('',(#2565));
#447=EDGE_LOOP('',(#2566,#2567,#2568,#2569));
#448=EDGE_LOOP('',(#2570));
#449=EDGE_LOOP('',(#2571,#2572,#2573,#2574));
#450=EDGE_LOOP('',(#2575,#2576,#2577,#2578));
#451=EDGE_LOOP('',(#2579,#2580,#2581,#2582,#2583,#2584));
#452=EDGE_LOOP('',(#2585,#2586,#2587,#2588));
#453=EDGE_LOOP('',(#2589,#2590,#2591,#2592));
#454=EDGE_LOOP('',(#2593,#2594,#2595,#2596));
#455=EDGE_LOOP('',(#2597,#2598,#2599,#2600));
#456=EDGE_LOOP('',(#2601,#2602,#2603,#2604));
#457=EDGE_LOOP('',(#2605,#2606,#2607,#2608,#2609,#2610));
#458=EDGE_LOOP('',(#2611,#2612,#2613,#2614));
#459=EDGE_LOOP('',(#2615,#2616,#2617,#2618));
#460=EDGE_LOOP('',(#2619,#2620,#2621,#2622));
#461=EDGE_LOOP('',(#2623,#2624,#2625,#2626));
#462=EDGE_LOOP('',(#2627,#2628,#2629,#2630));
#463=EDGE_LOOP('',(#2631,#2632,#2633,#2634));
#464=EDGE_LOOP('',(#2635,#2636,#2637,#2638));
#465=EDGE_LOOP('',(#2639,#2640,#2641,#2642,#2643,#2644,#2645,#2646,#2647,
#2648,#2649,#2650));
#466=EDGE_LOOP('',(#2651,#2652,#2653,#2654,#2655,#2656,#2657,#2658,#2659,
#2660,#2661,#2662));
#467=EDGE_LOOP('',(#2663,#2664,#2665,#2666,#2667,#2668,#2669,#2670));
#468=EDGE_LOOP('',(#2671,#2672,#2673,#2674,#2675,#2676,#2677,#2678));
#469=LINE('',#3982,#831);
#470=LINE('',#3984,#832);
#471=LINE('',#3986,#833);
#472=LINE('',#3987,#834);
#473=LINE('',#3990,#835);
#474=LINE('',#3992,#836);
#475=LINE('',#3993,#837);
#476=LINE('',#3997,#838);
#477=LINE('',#3998,#839);
#478=LINE('',#3999,#840);
#479=LINE('',#4003,#841);
#480=LINE('',#4005,#842);
#481=LINE('',#4007,#843);
#482=LINE('',#4008,#844);
#483=LINE('',#4011,#845);
#484=LINE('',#4013,#846);
#485=LINE('',#4014,#847);
#486=LINE('',#4018,#848);
#487=LINE('',#4020,#849);
#488=LINE('',#4022,#850);
#489=LINE('',#4023,#851);
#490=LINE('',#4027,#852);
#491=LINE('',#4029,#853);
#492=LINE('',#4031,#854);
#493=LINE('',#4032,#855);
#494=LINE('',#4036,#856);
#495=LINE('',#4038,#857);
#496=LINE('',#4040,#858);
#497=LINE('',#4041,#859);
#498=LINE('',#4043,#860);
#499=LINE('',#4044,#861);
#500=LINE('',#4049,#862);
#501=LINE('',#4055,#863);
#502=LINE('',#4061,#864);
#503=LINE('',#4067,#865);
#504=LINE('',#4072,#866);
#505=LINE('',#4074,#867);
#506=LINE('',#4076,#868);
#507=LINE('',#4077,#869);
#508=LINE('',#4080,#870);
#509=LINE('',#4082,#871);
#510=LINE('',#4083,#872);
#511=LINE('',#4086,#873);
#512=LINE('',#4088,#874);
#513=LINE('',#4089,#875);
#514=LINE('',#4091,#876);
#515=LINE('',#4092,#877);
#516=LINE('',#4096,#878);
#517=LINE('',#4098,#879);
#518=LINE('',#4100,#880);
#519=LINE('',#4101,#881);
#520=LINE('',#4104,#882);
#521=LINE('',#4106,#883);
#522=LINE('',#4107,#884);
#523=LINE('',#4110,#885);
#524=LINE('',#4112,#886);
#525=LINE('',#4113,#887);
#526=LINE('',#4116,#888);
#527=LINE('',#4118,#889);
#528=LINE('',#4119,#890);
#529=LINE('',#4122,#891);
#530=LINE('',#4124,#892);
#531=LINE('',#4125,#893);
#532=LINE('',#4128,#894);
#533=LINE('',#4130,#895);
#534=LINE('',#4131,#896);
#535=LINE('',#4134,#897);
#536=LINE('',#4136,#898);
#537=LINE('',#4137,#899);
#538=LINE('',#4140,#900);
#539=LINE('',#4142,#901);
#540=LINE('',#4143,#902);
#541=LINE('',#4146,#903);
#542=LINE('',#4148,#904);
#543=LINE('',#4149,#905);
#544=LINE('',#4152,#906);
#545=LINE('',#4154,#907);
#546=LINE('',#4155,#908);
#547=LINE('',#4158,#909);
#548=LINE('',#4160,#910);
#549=LINE('',#4161,#911);
#550=LINE('',#4163,#912);
#551=LINE('',#4164,#913);
#552=LINE('',#4168,#914);
#553=LINE('',#4170,#915);
#554=LINE('',#4172,#916);
#555=LINE('',#4173,#917);
#556=LINE('',#4176,#918);
#557=LINE('',#4178,#919);
#558=LINE('',#4179,#920);
#559=LINE('',#4182,#921);
#560=LINE('',#4184,#922);
#561=LINE('',#4185,#923);
#562=LINE('',#4188,#924);
#563=LINE('',#4190,#925);
#564=LINE('',#4191,#926);
#565=LINE('',#4194,#927);
#566=LINE('',#4196,#928);
#567=LINE('',#4197,#929);
#568=LINE('',#4200,#930);
#569=LINE('',#4202,#931);
#570=LINE('',#4203,#932);
#571=LINE('',#4206,#933);
#572=LINE('',#4208,#934);
#573=LINE('',#4209,#935);
#574=LINE('',#4212,#936);
#575=LINE('',#4214,#937);
#576=LINE('',#4215,#938);
#577=LINE('',#4218,#939);
#578=LINE('',#4220,#940);
#579=LINE('',#4221,#941);
#580=LINE('',#4224,#942);
#581=LINE('',#4226,#943);
#582=LINE('',#4227,#944);
#583=LINE('',#4230,#945);
#584=LINE('',#4232,#946);
#585=LINE('',#4233,#947);
#586=LINE('',#4235,#948);
#587=LINE('',#4236,#949);
#588=LINE('',#4240,#950);
#589=LINE('',#4242,#951);
#590=LINE('',#4244,#952);
#591=LINE('',#4245,#953);
#592=LINE('',#4248,#954);
#593=LINE('',#4250,#955);
#594=LINE('',#4251,#956);
#595=LINE('',#4254,#957);
#596=LINE('',#4256,#958);
#597=LINE('',#4257,#959);
#598=LINE('',#4260,#960);
#599=LINE('',#4262,#961);
#600=LINE('',#4263,#962);
#601=LINE('',#4266,#963);
#602=LINE('',#4268,#964);
#603=LINE('',#4269,#965);
#604=LINE('',#4271,#966);
#605=LINE('',#4272,#967);
#606=LINE('',#4275,#968);
#607=LINE('',#4277,#969);
#608=LINE('',#4278,#970);
#609=LINE('',#4281,#971);
#610=LINE('',#4283,#972);
#611=LINE('',#4284,#973);
#612=LINE('',#4287,#974);
#613=LINE('',#4289,#975);
#614=LINE('',#4290,#976);
#615=LINE('',#4292,#977);
#616=LINE('',#4293,#978);
#617=LINE('',#4296,#979);
#618=LINE('',#4298,#980);
#619=LINE('',#4299,#981);
#620=LINE('',#4302,#982);
#621=LINE('',#4304,#983);
#622=LINE('',#4305,#984);
#623=LINE('',#4308,#985);
#624=LINE('',#4310,#986);
#625=LINE('',#4311,#987);
#626=LINE('',#4314,#988);
#627=LINE('',#4316,#989);
#628=LINE('',#4317,#990);
#629=LINE('',#4319,#991);
#630=LINE('',#4320,#992);
#631=LINE('',#4324,#993);
#632=LINE('',#4326,#994);
#633=LINE('',#4328,#995);
#634=LINE('',#4329,#996);
#635=LINE('',#4332,#997);
#636=LINE('',#4334,#998);
#637=LINE('',#4335,#999);
#638=LINE('',#4338,#1000);
#639=LINE('',#4340,#1001);
#640=LINE('',#4341,#1002);
#641=LINE('',#4343,#1003);
#642=LINE('',#4344,#1004);
#643=LINE('',#4347,#1005);
#644=LINE('',#4349,#1006);
#645=LINE('',#4350,#1007);
#646=LINE('',#4353,#1008);
#647=LINE('',#4355,#1009);
#648=LINE('',#4356,#1010);
#649=LINE('',#4359,#1011);
#650=LINE('',#4361,#1012);
#651=LINE('',#4362,#1013);
#652=LINE('',#4365,#1014);
#653=LINE('',#4367,#1015);
#654=LINE('',#4368,#1016);
#655=LINE('',#4370,#1017);
#656=LINE('',#4371,#1018);
#657=LINE('',#4374,#1019);
#658=LINE('',#4376,#1020);
#659=LINE('',#4377,#1021);
#660=LINE('',#4380,#1022);
#661=LINE('',#4382,#1023);
#662=LINE('',#4383,#1024);
#663=LINE('',#4386,#1025);
#664=LINE('',#4388,#1026);
#665=LINE('',#4389,#1027);
#666=LINE('',#4392,#1028);
#667=LINE('',#4394,#1029);
#668=LINE('',#4395,#1030);
#669=LINE('',#4398,#1031);
#670=LINE('',#4400,#1032);
#671=LINE('',#4401,#1033);
#672=LINE('',#4404,#1034);
#673=LINE('',#4406,#1035);
#674=LINE('',#4407,#1036);
#675=LINE('',#4410,#1037);
#676=LINE('',#4412,#1038);
#677=LINE('',#4413,#1039);
#678=LINE('',#4416,#1040);
#679=LINE('',#4418,#1041);
#680=LINE('',#4419,#1042);
#681=LINE('',#4422,#1043);
#682=LINE('',#4424,#1044);
#683=LINE('',#4425,#1045);
#684=LINE('',#4428,#1046);
#685=LINE('',#4430,#1047);
#686=LINE('',#4431,#1048);
#687=LINE('',#4433,#1049);
#688=LINE('',#4434,#1050);
#689=LINE('',#4438,#1051);
#690=LINE('',#4440,#1052);
#691=LINE('',#4442,#1053);
#692=LINE('',#4443,#1054);
#693=LINE('',#4446,#1055);
#694=LINE('',#4448,#1056);
#695=LINE('',#4449,#1057);
#696=LINE('',#4452,#1058);
#697=LINE('',#4454,#1059);
#698=LINE('',#4455,#1060);
#699=LINE('',#4457,#1061);
#700=LINE('',#4458,#1062);
#701=LINE('',#4465,#1063);
#702=LINE('',#4467,#1064);
#703=LINE('',#4469,#1065);
#704=LINE('',#4470,#1066);
#705=LINE('',#4473,#1067);
#706=LINE('',#4475,#1068);
#707=LINE('',#4476,#1069);
#708=LINE('',#4479,#1070);
#709=LINE('',#4481,#1071);
#710=LINE('',#4482,#1072);
#711=LINE('',#4484,#1073);
#712=LINE('',#4485,#1074);
#713=LINE('',#4492,#1075);
#714=LINE('',#4494,#1076);
#715=LINE('',#4496,#1077);
#716=LINE('',#4497,#1078);
#717=LINE('',#4500,#1079);
#718=LINE('',#4502,#1080);
#719=LINE('',#4503,#1081);
#720=LINE('',#4506,#1082);
#721=LINE('',#4508,#1083);
#722=LINE('',#4509,#1084);
#723=LINE('',#4511,#1085);
#724=LINE('',#4512,#1086);
#725=LINE('',#4519,#1087);
#726=LINE('',#4521,#1088);
#727=LINE('',#4523,#1089);
#728=LINE('',#4524,#1090);
#729=LINE('',#4527,#1091);
#730=LINE('',#4529,#1092);
#731=LINE('',#4530,#1093);
#732=LINE('',#4533,#1094);
#733=LINE('',#4535,#1095);
#734=LINE('',#4536,#1096);
#735=LINE('',#4538,#1097);
#736=LINE('',#4539,#1098);
#737=LINE('',#4548,#1099);
#738=LINE('',#4550,#1100);
#739=LINE('',#4552,#1101);
#740=LINE('',#4553,#1102);
#741=LINE('',#4557,#1103);
#742=LINE('',#4559,#1104);
#743=LINE('',#4561,#1105);
#744=LINE('',#4565,#1106);
#745=LINE('',#4568,#1107);
#746=LINE('',#4570,#1108);
#747=LINE('',#4576,#1109);
#748=LINE('',#4578,#1110);
#749=LINE('',#4580,#1111);
#750=LINE('',#4587,#1112);
#751=LINE('',#4589,#1113);
#752=LINE('',#4591,#1114);
#753=LINE('',#4595,#1115);
#754=LINE('',#4599,#1116);
#755=LINE('',#4601,#1117);
#756=LINE('',#4603,#1118);
#757=LINE('',#4609,#1119);
#758=LINE('',#4611,#1120);
#759=LINE('',#4613,#1121);
#760=LINE('',#4620,#1122);
#761=LINE('',#4622,#1123);
#762=LINE('',#4628,#1124);
#763=LINE('',#4630,#1125);
#764=LINE('',#4632,#1126);
#765=LINE('',#4638,#1127);
#766=LINE('',#4639,#1128);
#767=LINE('',#4643,#1129);
#768=LINE('',#4646,#1130);
#769=LINE('',#4650,#1131);
#770=LINE('',#4652,#1132);
#771=LINE('',#4658,#1133);
#772=LINE('',#4660,#1134);
#773=LINE('',#4662,#1135);
#774=LINE('',#4668,#1136);
#775=LINE('',#4670,#1137);
#776=LINE('',#4672,#1138);
#777=LINE('',#4676,#1139);
#778=LINE('',#4679,#1140);
#779=LINE('',#4681,#1141);
#780=LINE('',#4682,#1142);
#781=LINE('',#4684,#1143);
#782=LINE('',#4685,#1144);
#783=LINE('',#4687,#1145);
#784=LINE('',#4688,#1146);
#785=LINE('',#4692,#1147);
#786=LINE('',#4694,#1148);
#787=LINE('',#4696,#1149);
#788=LINE('',#4697,#1150);
#789=LINE('',#4701,#1151);
#790=LINE('',#4702,#1152);
#791=LINE('',#4704,#1153);
#792=LINE('',#4707,#1154);
#793=LINE('',#4709,#1155);
#794=LINE('',#4711,#1156);
#795=LINE('',#4713,#1157);
#796=LINE('',#4715,#1158);
#797=LINE('',#4719,#1159);
#798=LINE('',#4720,#1160);
#799=LINE('',#4725,#1161);
#800=LINE('',#4727,#1162);
#801=LINE('',#4731,#1163);
#802=LINE('',#4733,#1164);
#803=LINE('',#4735,#1165);
#804=LINE('',#4737,#1166);
#805=LINE('',#4739,#1167);
#806=LINE('',#4741,#1168);
#807=LINE('',#4745,#1169);
#808=LINE('',#4746,#1170);
#809=LINE('',#4753,#1171);
#810=LINE('',#4755,#1172);
#811=LINE('',#4757,#1173);
#812=LINE('',#4758,#1174);
#813=LINE('',#4760,#1175);
#814=LINE('',#4762,#1176);
#815=LINE('',#4766,#1177);
#816=LINE('',#4768,#1178);
#817=LINE('',#4770,#1179);
#818=LINE('',#4772,#1180);
#819=LINE('',#4778,#1181);
#820=LINE('',#4779,#1182);
#821=LINE('',#4781,#1183);
#822=LINE('',#4784,#1184);
#823=LINE('',#4786,#1185);
#824=LINE('',#4788,#1186);
#825=LINE('',#4792,#1187);
#826=LINE('',#4794,#1188);
#827=LINE('',#4796,#1189);
#828=LINE('',#4797,#1190);
#829=LINE('',#4799,#1191);
#830=LINE('',#4800,#1192);
#831=VECTOR('',#3215,10.);
#832=VECTOR('',#3216,10.);
#833=VECTOR('',#3217,10.);
#834=VECTOR('',#3218,10.);
#835=VECTOR('',#3221,10.);
#836=VECTOR('',#3222,10.);
#837=VECTOR('',#3223,10.);
#838=VECTOR('',#3226,10.);
#839=VECTOR('',#3227,10.);
#840=VECTOR('',#3228,10.);
#841=VECTOR('',#3231,10.);
#842=VECTOR('',#3232,10.);
#843=VECTOR('',#3233,10.);
#844=VECTOR('',#3234,10.);
#845=VECTOR('',#3237,10.);
#846=VECTOR('',#3238,10.);
#847=VECTOR('',#3239,10.);
#848=VECTOR('',#3242,10.);
#849=VECTOR('',#3243,10.);
#850=VECTOR('',#3244,10.);
#851=VECTOR('',#3245,10.);
#852=VECTOR('',#3248,10.);
#853=VECTOR('',#3249,10.);
#854=VECTOR('',#3250,10.);
#855=VECTOR('',#3251,10.);
#856=VECTOR('',#3254,10.);
#857=VECTOR('',#3255,10.);
#858=VECTOR('',#3256,10.);
#859=VECTOR('',#3257,10.);
#860=VECTOR('',#3260,10.);
#861=VECTOR('',#3261,10.);
#862=VECTOR('',#3266,1.1);
#863=VECTOR('',#3273,1.1);
#864=VECTOR('',#3280,1.1);
#865=VECTOR('',#3287,1.1);
#866=VECTOR('',#3292,10.);
#867=VECTOR('',#3293,10.);
#868=VECTOR('',#3294,10.);
#869=VECTOR('',#3295,10.);
#870=VECTOR('',#3298,10.);
#871=VECTOR('',#3299,10.);
#872=VECTOR('',#3300,10.);
#873=VECTOR('',#3303,10.);
#874=VECTOR('',#3304,10.);
#875=VECTOR('',#3305,10.);
#876=VECTOR('',#3308,10.);
#877=VECTOR('',#3309,10.);
#878=VECTOR('',#3312,10.);
#879=VECTOR('',#3313,10.);
#880=VECTOR('',#3314,10.);
#881=VECTOR('',#3315,10.);
#882=VECTOR('',#3318,10.);
#883=VECTOR('',#3319,10.);
#884=VECTOR('',#3320,10.);
#885=VECTOR('',#3323,10.);
#886=VECTOR('',#3324,10.);
#887=VECTOR('',#3325,10.);
#888=VECTOR('',#3328,10.);
#889=VECTOR('',#3329,10.);
#890=VECTOR('',#3330,10.);
#891=VECTOR('',#3333,10.);
#892=VECTOR('',#3334,10.);
#893=VECTOR('',#3335,10.);
#894=VECTOR('',#3338,10.);
#895=VECTOR('',#3339,10.);
#896=VECTOR('',#3340,10.);
#897=VECTOR('',#3343,10.);
#898=VECTOR('',#3344,10.);
#899=VECTOR('',#3345,10.);
#900=VECTOR('',#3348,10.);
#901=VECTOR('',#3349,10.);
#902=VECTOR('',#3350,10.);
#903=VECTOR('',#3353,10.);
#904=VECTOR('',#3354,10.);
#905=VECTOR('',#3355,10.);
#906=VECTOR('',#3358,10.);
#907=VECTOR('',#3359,10.);
#908=VECTOR('',#3360,10.);
#909=VECTOR('',#3363,10.);
#910=VECTOR('',#3364,10.);
#911=VECTOR('',#3365,10.);
#912=VECTOR('',#3368,10.);
#913=VECTOR('',#3369,10.);
#914=VECTOR('',#3372,10.);
#915=VECTOR('',#3373,10.);
#916=VECTOR('',#3374,10.);
#917=VECTOR('',#3375,10.);
#918=VECTOR('',#3378,10.);
#919=VECTOR('',#3379,10.);
#920=VECTOR('',#3380,10.);
#921=VECTOR('',#3383,10.);
#922=VECTOR('',#3384,10.);
#923=VECTOR('',#3385,10.);
#924=VECTOR('',#3388,10.);
#925=VECTOR('',#3389,10.);
#926=VECTOR('',#3390,10.);
#927=VECTOR('',#3393,10.);
#928=VECTOR('',#3394,10.);
#929=VECTOR('',#3395,10.);
#930=VECTOR('',#3398,10.);
#931=VECTOR('',#3399,10.);
#932=VECTOR('',#3400,10.);
#933=VECTOR('',#3403,10.);
#934=VECTOR('',#3404,10.);
#935=VECTOR('',#3405,10.);
#936=VECTOR('',#3408,10.);
#937=VECTOR('',#3409,10.);
#938=VECTOR('',#3410,10.);
#939=VECTOR('',#3413,10.);
#940=VECTOR('',#3414,10.);
#941=VECTOR('',#3415,10.);
#942=VECTOR('',#3418,10.);
#943=VECTOR('',#3419,10.);
#944=VECTOR('',#3420,10.);
#945=VECTOR('',#3423,10.);
#946=VECTOR('',#3424,10.);
#947=VECTOR('',#3425,10.);
#948=VECTOR('',#3428,10.);
#949=VECTOR('',#3429,10.);
#950=VECTOR('',#3432,10.);
#951=VECTOR('',#3433,10.);
#952=VECTOR('',#3434,10.);
#953=VECTOR('',#3435,10.);
#954=VECTOR('',#3438,10.);
#955=VECTOR('',#3439,10.);
#956=VECTOR('',#3440,10.);
#957=VECTOR('',#3443,10.);
#958=VECTOR('',#3444,10.);
#959=VECTOR('',#3445,10.);
#960=VECTOR('',#3448,10.);
#961=VECTOR('',#3449,10.);
#962=VECTOR('',#3450,10.);
#963=VECTOR('',#3453,10.);
#964=VECTOR('',#3454,10.);
#965=VECTOR('',#3455,10.);
#966=VECTOR('',#3458,10.);
#967=VECTOR('',#3459,10.);
#968=VECTOR('',#3462,10.);
#969=VECTOR('',#3463,10.);
#970=VECTOR('',#3464,10.);
#971=VECTOR('',#3467,10.);
#972=VECTOR('',#3468,10.);
#973=VECTOR('',#3469,10.);
#974=VECTOR('',#3472,10.);
#975=VECTOR('',#3473,10.);
#976=VECTOR('',#3474,10.);
#977=VECTOR('',#3477,10.);
#978=VECTOR('',#3478,10.);
#979=VECTOR('',#3481,10.);
#980=VECTOR('',#3482,10.);
#981=VECTOR('',#3483,10.);
#982=VECTOR('',#3486,10.);
#983=VECTOR('',#3487,10.);
#984=VECTOR('',#3488,10.);
#985=VECTOR('',#3491,10.);
#986=VECTOR('',#3492,10.);
#987=VECTOR('',#3493,10.);
#988=VECTOR('',#3496,10.);
#989=VECTOR('',#3497,10.);
#990=VECTOR('',#3498,10.);
#991=VECTOR('',#3501,10.);
#992=VECTOR('',#3502,10.);
#993=VECTOR('',#3505,10.);
#994=VECTOR('',#3506,10.);
#995=VECTOR('',#3507,10.);
#996=VECTOR('',#3508,10.);
#997=VECTOR('',#3511,10.);
#998=VECTOR('',#3512,10.);
#999=VECTOR('',#3513,10.);
#1000=VECTOR('',#3516,10.);
#1001=VECTOR('',#3517,10.);
#1002=VECTOR('',#3518,10.);
#1003=VECTOR('',#3521,10.);
#1004=VECTOR('',#3522,10.);
#1005=VECTOR('',#3525,10.);
#1006=VECTOR('',#3526,10.);
#1007=VECTOR('',#3527,10.);
#1008=VECTOR('',#3530,10.);
#1009=VECTOR('',#3531,10.);
#1010=VECTOR('',#3532,10.);
#1011=VECTOR('',#3535,10.);
#1012=VECTOR('',#3536,10.);
#1013=VECTOR('',#3537,10.);
#1014=VECTOR('',#3540,10.);
#1015=VECTOR('',#3541,10.);
#1016=VECTOR('',#3542,10.);
#1017=VECTOR('',#3545,10.);
#1018=VECTOR('',#3546,10.);
#1019=VECTOR('',#3549,10.);
#1020=VECTOR('',#3550,10.);
#1021=VECTOR('',#3551,10.);
#1022=VECTOR('',#3554,10.);
#1023=VECTOR('',#3555,10.);
#1024=VECTOR('',#3556,10.);
#1025=VECTOR('',#3559,10.);
#1026=VECTOR('',#3560,10.);
#1027=VECTOR('',#3561,10.);
#1028=VECTOR('',#3564,10.);
#1029=VECTOR('',#3565,10.);
#1030=VECTOR('',#3566,10.);
#1031=VECTOR('',#3569,10.);
#1032=VECTOR('',#3570,10.);
#1033=VECTOR('',#3571,10.);
#1034=VECTOR('',#3574,10.);
#1035=VECTOR('',#3575,10.);
#1036=VECTOR('',#3576,10.);
#1037=VECTOR('',#3579,10.);
#1038=VECTOR('',#3580,10.);
#1039=VECTOR('',#3581,10.);
#1040=VECTOR('',#3584,10.);
#1041=VECTOR('',#3585,10.);
#1042=VECTOR('',#3586,10.);
#1043=VECTOR('',#3589,10.);
#1044=VECTOR('',#3590,10.);
#1045=VECTOR('',#3591,10.);
#1046=VECTOR('',#3594,10.);
#1047=VECTOR('',#3595,10.);
#1048=VECTOR('',#3596,10.);
#1049=VECTOR('',#3599,10.);
#1050=VECTOR('',#3600,10.);
#1051=VECTOR('',#3603,10.);
#1052=VECTOR('',#3604,10.);
#1053=VECTOR('',#3605,10.);
#1054=VECTOR('',#3606,10.);
#1055=VECTOR('',#3609,10.);
#1056=VECTOR('',#3610,10.);
#1057=VECTOR('',#3611,10.);
#1058=VECTOR('',#3614,10.);
#1059=VECTOR('',#3615,10.);
#1060=VECTOR('',#3616,10.);
#1061=VECTOR('',#3619,10.);
#1062=VECTOR('',#3620,10.);
#1063=VECTOR('',#3629,10.);
#1064=VECTOR('',#3630,10.);
#1065=VECTOR('',#3631,10.);
#1066=VECTOR('',#3632,10.);
#1067=VECTOR('',#3635,10.);
#1068=VECTOR('',#3636,10.);
#1069=VECTOR('',#3637,10.);
#1070=VECTOR('',#3640,10.);
#1071=VECTOR('',#3641,10.);
#1072=VECTOR('',#3642,10.);
#1073=VECTOR('',#3645,10.);
#1074=VECTOR('',#3646,10.);
#1075=VECTOR('',#3655,10.);
#1076=VECTOR('',#3656,10.);
#1077=VECTOR('',#3657,10.);
#1078=VECTOR('',#3658,10.);
#1079=VECTOR('',#3661,10.);
#1080=VECTOR('',#3662,10.);
#1081=VECTOR('',#3663,10.);
#1082=VECTOR('',#3666,10.);
#1083=VECTOR('',#3667,10.);
#1084=VECTOR('',#3668,10.);
#1085=VECTOR('',#3671,10.);
#1086=VECTOR('',#3672,10.);
#1087=VECTOR('',#3681,10.);
#1088=VECTOR('',#3682,10.);
#1089=VECTOR('',#3683,10.);
#1090=VECTOR('',#3684,10.);
#1091=VECTOR('',#3687,10.);
#1092=VECTOR('',#3688,10.);
#1093=VECTOR('',#3689,10.);
#1094=VECTOR('',#3692,10.);
#1095=VECTOR('',#3693,10.);
#1096=VECTOR('',#3694,10.);
#1097=VECTOR('',#3697,10.);
#1098=VECTOR('',#3698,10.);
#1099=VECTOR('',#3711,1000.);
#1100=VECTOR('',#3712,1000.);
#1101=VECTOR('',#3713,1000.);
#1102=VECTOR('',#3714,1000.);
#1103=VECTOR('',#3717,1000.);
#1104=VECTOR('',#3718,1000.);
#1105=VECTOR('',#3719,1000.);
#1106=VECTOR('',#3722,1000.);
#1107=VECTOR('',#3725,1000.);
#1108=VECTOR('',#3726,1000.);
#1109=VECTOR('',#3731,1000.);
#1110=VECTOR('',#3732,1000.);
#1111=VECTOR('',#3733,1000.);
#1112=VECTOR('',#3740,1000.);
#1113=VECTOR('',#3741,1000.);
#1114=VECTOR('',#3742,1000.);
#1115=VECTOR('',#3745,1000.);
#1116=VECTOR('',#3748,1000.);
#1117=VECTOR('',#3749,1000.);
#1118=VECTOR('',#3750,1000.);
#1119=VECTOR('',#3755,1000.);
#1120=VECTOR('',#3756,1000.);
#1121=VECTOR('',#3757,1000.);
#1122=VECTOR('',#3764,1000.);
#1123=VECTOR('',#3765,1000.);
#1124=VECTOR('',#3770,1000.);
#1125=VECTOR('',#3771,1000.);
#1126=VECTOR('',#3772,1000.);
#1127=VECTOR('',#3777,1000.);
#1128=VECTOR('',#3778,1000.);
#1129=VECTOR('',#3781,1000.);
#1130=VECTOR('',#3784,1000.);
#1131=VECTOR('',#3787,1000.);
#1132=VECTOR('',#3788,1000.);
#1133=VECTOR('',#3793,1000.);
#1134=VECTOR('',#3794,1000.);
#1135=VECTOR('',#3795,1000.);
#1136=VECTOR('',#3800,1000.);
#1137=VECTOR('',#3801,1000.);
#1138=VECTOR('',#3802,1000.);
#1139=VECTOR('',#3805,1000.);
#1140=VECTOR('',#3808,1000.);
#1141=VECTOR('',#3811,1000.);
#1142=VECTOR('',#3812,1000.);
#1143=VECTOR('',#3815,1000.);
#1144=VECTOR('',#3816,1000.);
#1145=VECTOR('',#3819,1000.);
#1146=VECTOR('',#3820,1000.);
#1147=VECTOR('',#3823,1000.);
#1148=VECTOR('',#3824,1000.);
#1149=VECTOR('',#3825,1000.);
#1150=VECTOR('',#3826,1000.);
#1151=VECTOR('',#3831,1000.);
#1152=VECTOR('',#3832,1000.);
#1153=VECTOR('',#3833,1000.);
#1154=VECTOR('',#3838,1000.);
#1155=VECTOR('',#3841,1000.);
#1156=VECTOR('',#3844,1000.);
#1157=VECTOR('',#3847,1000.);
#1158=VECTOR('',#3850,1000.);
#1159=VECTOR('',#3855,1000.);
#1160=VECTOR('',#3856,1000.);
#1161=VECTOR('',#3863,1000.);
#1162=VECTOR('',#3864,1000.);
#1163=VECTOR('',#3869,1000.);
#1164=VECTOR('',#3872,1000.);
#1165=VECTOR('',#3875,1000.);
#1166=VECTOR('',#3878,1000.);
#1167=VECTOR('',#3881,1000.);
#1168=VECTOR('',#3884,1000.);
#1169=VECTOR('',#3889,1000.);
#1170=VECTOR('',#3890,1000.);
#1171=VECTOR('',#3897,1000.);
#1172=VECTOR('',#3898,1000.);
#1173=VECTOR('',#3899,1000.);
#1174=VECTOR('',#3900,1000.);
#1175=VECTOR('',#3903,1000.);
#1176=VECTOR('',#3904,1000.);
#1177=VECTOR('',#3909,1000.);
#1178=VECTOR('',#3912,1000.);
#1179=VECTOR('',#3915,1000.);
#1180=VECTOR('',#3918,1000.);
#1181=VECTOR('',#3927,1000.);
#1182=VECTOR('',#3928,1000.);
#1183=VECTOR('',#3929,1000.);
#1184=VECTOR('',#3934,1000.);
#1185=VECTOR('',#3937,1000.);
#1186=VECTOR('',#3940,1000.);
#1187=VECTOR('',#3947,0.799999999999997);
#1188=VECTOR('',#3950,0.799999999999997);
#1189=VECTOR('',#3953,1000.);
#1190=VECTOR('',#3954,1000.);
#1191=VECTOR('',#3957,1000.);
#1192=VECTOR('',#3958,1000.);
#1193=VERTEX_POINT('',#3980);
#1194=VERTEX_POINT('',#3981);
#1195=VERTEX_POINT('',#3983);
#1196=VERTEX_POINT('',#3985);
#1197=VERTEX_POINT('',#3989);
#1198=VERTEX_POINT('',#3991);
#1199=VERTEX_POINT('',#3995);
#1200=VERTEX_POINT('',#3996);
#1201=VERTEX_POINT('',#4001);
#1202=VERTEX_POINT('',#4002);
#1203=VERTEX_POINT('',#4004);
#1204=VERTEX_POINT('',#4006);
#1205=VERTEX_POINT('',#4010);
#1206=VERTEX_POINT('',#4012);
#1207=VERTEX_POINT('',#4016);
#1208=VERTEX_POINT('',#4017);
#1209=VERTEX_POINT('',#4019);
#1210=VERTEX_POINT('',#4021);
#1211=VERTEX_POINT('',#4025);
#1212=VERTEX_POINT('',#4026);
#1213=VERTEX_POINT('',#4028);
#1214=VERTEX_POINT('',#4030);
#1215=VERTEX_POINT('',#4034);
#1216=VERTEX_POINT('',#4035);
#1217=VERTEX_POINT('',#4037);
#1218=VERTEX_POINT('',#4039);
#1219=VERTEX_POINT('',#4046);
#1220=VERTEX_POINT('',#4048);
#1221=VERTEX_POINT('',#4052);
#1222=VERTEX_POINT('',#4054);
#1223=VERTEX_POINT('',#4058);
#1224=VERTEX_POINT('',#4060);
#1225=VERTEX_POINT('',#4064);
#1226=VERTEX_POINT('',#4066);
#1227=VERTEX_POINT('',#4070);
#1228=VERTEX_POINT('',#4071);
#1229=VERTEX_POINT('',#4073);
#1230=VERTEX_POINT('',#4075);
#1231=VERTEX_POINT('',#4079);
#1232=VERTEX_POINT('',#4081);
#1233=VERTEX_POINT('',#4085);
#1234=VERTEX_POINT('',#4087);
#1235=VERTEX_POINT('',#4094);
#1236=VERTEX_POINT('',#4095);
#1237=VERTEX_POINT('',#4097);
#1238=VERTEX_POINT('',#4099);
#1239=VERTEX_POINT('',#4103);
#1240=VERTEX_POINT('',#4105);
#1241=VERTEX_POINT('',#4109);
#1242=VERTEX_POINT('',#4111);
#1243=VERTEX_POINT('',#4115);
#1244=VERTEX_POINT('',#4117);
#1245=VERTEX_POINT('',#4121);
#1246=VERTEX_POINT('',#4123);
#1247=VERTEX_POINT('',#4127);
#1248=VERTEX_POINT('',#4129);
#1249=VERTEX_POINT('',#4133);
#1250=VERTEX_POINT('',#4135);
#1251=VERTEX_POINT('',#4139);
#1252=VERTEX_POINT('',#4141);
#1253=VERTEX_POINT('',#4145);
#1254=VERTEX_POINT('',#4147);
#1255=VERTEX_POINT('',#4151);
#1256=VERTEX_POINT('',#4153);
#1257=VERTEX_POINT('',#4157);
#1258=VERTEX_POINT('',#4159);
#1259=VERTEX_POINT('',#4166);
#1260=VERTEX_POINT('',#4167);
#1261=VERTEX_POINT('',#4169);
#1262=VERTEX_POINT('',#4171);
#1263=VERTEX_POINT('',#4175);
#1264=VERTEX_POINT('',#4177);
#1265=VERTEX_POINT('',#4181);
#1266=VERTEX_POINT('',#4183);
#1267=VERTEX_POINT('',#4187);
#1268=VERTEX_POINT('',#4189);
#1269=VERTEX_POINT('',#4193);
#1270=VERTEX_POINT('',#4195);
#1271=VERTEX_POINT('',#4199);
#1272=VERTEX_POINT('',#4201);
#1273=VERTEX_POINT('',#4205);
#1274=VERTEX_POINT('',#4207);
#1275=VERTEX_POINT('',#4211);
#1276=VERTEX_POINT('',#4213);
#1277=VERTEX_POINT('',#4217);
#1278=VERTEX_POINT('',#4219);
#1279=VERTEX_POINT('',#4223);
#1280=VERTEX_POINT('',#4225);
#1281=VERTEX_POINT('',#4229);
#1282=VERTEX_POINT('',#4231);
#1283=VERTEX_POINT('',#4238);
#1284=VERTEX_POINT('',#4239);
#1285=VERTEX_POINT('',#4241);
#1286=VERTEX_POINT('',#4243);
#1287=VERTEX_POINT('',#4247);
#1288=VERTEX_POINT('',#4249);
#1289=VERTEX_POINT('',#4253);
#1290=VERTEX_POINT('',#4255);
#1291=VERTEX_POINT('',#4259);
#1292=VERTEX_POINT('',#4261);
#1293=VERTEX_POINT('',#4265);
#1294=VERTEX_POINT('',#4267);
#1295=VERTEX_POINT('',#4274);
#1296=VERTEX_POINT('',#4276);
#1297=VERTEX_POINT('',#4280);
#1298=VERTEX_POINT('',#4282);
#1299=VERTEX_POINT('',#4286);
#1300=VERTEX_POINT('',#4288);
#1301=VERTEX_POINT('',#4295);
#1302=VERTEX_POINT('',#4297);
#1303=VERTEX_POINT('',#4301);
#1304=VERTEX_POINT('',#4303);
#1305=VERTEX_POINT('',#4307);
#1306=VERTEX_POINT('',#4309);
#1307=VERTEX_POINT('',#4313);
#1308=VERTEX_POINT('',#4315);
#1309=VERTEX_POINT('',#4322);
#1310=VERTEX_POINT('',#4323);
#1311=VERTEX_POINT('',#4325);
#1312=VERTEX_POINT('',#4327);
#1313=VERTEX_POINT('',#4331);
#1314=VERTEX_POINT('',#4333);
#1315=VERTEX_POINT('',#4337);
#1316=VERTEX_POINT('',#4339);
#1317=VERTEX_POINT('',#4346);
#1318=VERTEX_POINT('',#4348);
#1319=VERTEX_POINT('',#4352);
#1320=VERTEX_POINT('',#4354);
#1321=VERTEX_POINT('',#4358);
#1322=VERTEX_POINT('',#4360);
#1323=VERTEX_POINT('',#4364);
#1324=VERTEX_POINT('',#4366);
#1325=VERTEX_POINT('',#4373);
#1326=VERTEX_POINT('',#4375);
#1327=VERTEX_POINT('',#4379);
#1328=VERTEX_POINT('',#4381);
#1329=VERTEX_POINT('',#4385);
#1330=VERTEX_POINT('',#4387);
#1331=VERTEX_POINT('',#4391);
#1332=VERTEX_POINT('',#4393);
#1333=VERTEX_POINT('',#4397);
#1334=VERTEX_POINT('',#4399);
#1335=VERTEX_POINT('',#4403);
#1336=VERTEX_POINT('',#4405);
#1337=VERTEX_POINT('',#4409);
#1338=VERTEX_POINT('',#4411);
#1339=VERTEX_POINT('',#4415);
#1340=VERTEX_POINT('',#4417);
#1341=VERTEX_POINT('',#4421);
#1342=VERTEX_POINT('',#4423);
#1343=VERTEX_POINT('',#4427);
#1344=VERTEX_POINT('',#4429);
#1345=VERTEX_POINT('',#4436);
#1346=VERTEX_POINT('',#4437);
#1347=VERTEX_POINT('',#4439);
#1348=VERTEX_POINT('',#4441);
#1349=VERTEX_POINT('',#4445);
#1350=VERTEX_POINT('',#4447);
#1351=VERTEX_POINT('',#4451);
#1352=VERTEX_POINT('',#4453);
#1353=VERTEX_POINT('',#4463);
#1354=VERTEX_POINT('',#4464);
#1355=VERTEX_POINT('',#4466);
#1356=VERTEX_POINT('',#4468);
#1357=VERTEX_POINT('',#4472);
#1358=VERTEX_POINT('',#4474);
#1359=VERTEX_POINT('',#4478);
#1360=VERTEX_POINT('',#4480);
#1361=VERTEX_POINT('',#4490);
#1362=VERTEX_POINT('',#4491);
#1363=VERTEX_POINT('',#4493);
#1364=VERTEX_POINT('',#4495);
#1365=VERTEX_POINT('',#4499);
#1366=VERTEX_POINT('',#4501);
#1367=VERTEX_POINT('',#4505);
#1368=VERTEX_POINT('',#4507);
#1369=VERTEX_POINT('',#4517);
#1370=VERTEX_POINT('',#4518);
#1371=VERTEX_POINT('',#4520);
#1372=VERTEX_POINT('',#4522);
#1373=VERTEX_POINT('',#4526);
#1374=VERTEX_POINT('',#4528);
#1375=VERTEX_POINT('',#4532);
#1376=VERTEX_POINT('',#4534);
#1377=VERTEX_POINT('',#4546);
#1378=VERTEX_POINT('',#4547);
#1379=VERTEX_POINT('',#4549);
#1380=VERTEX_POINT('',#4551);
#1381=VERTEX_POINT('',#4555);
#1382=VERTEX_POINT('',#4556);
#1383=VERTEX_POINT('',#4558);
#1384=VERTEX_POINT('',#4560);
#1385=VERTEX_POINT('',#4562);
#1386=VERTEX_POINT('',#4564);
#1387=VERTEX_POINT('',#4567);
#1388=VERTEX_POINT('',#4569);
#1389=VERTEX_POINT('',#4571);
#1390=VERTEX_POINT('',#4573);
#1391=VERTEX_POINT('',#4575);
#1392=VERTEX_POINT('',#4577);
#1393=VERTEX_POINT('',#4579);
#1394=VERTEX_POINT('',#4581);
#1395=VERTEX_POINT('',#4585);
#1396=VERTEX_POINT('',#4586);
#1397=VERTEX_POINT('',#4588);
#1398=VERTEX_POINT('',#4590);
#1399=VERTEX_POINT('',#4592);
#1400=VERTEX_POINT('',#4594);
#1401=VERTEX_POINT('',#4596);
#1402=VERTEX_POINT('',#4598);
#1403=VERTEX_POINT('',#4600);
#1404=VERTEX_POINT('',#4602);
#1405=VERTEX_POINT('',#4604);
#1406=VERTEX_POINT('',#4606);
#1407=VERTEX_POINT('',#4608);
#1408=VERTEX_POINT('',#4610);
#1409=VERTEX_POINT('',#4612);
#1410=VERTEX_POINT('',#4614);
#1411=VERTEX_POINT('',#4618);
#1412=VERTEX_POINT('',#4619);
#1413=VERTEX_POINT('',#4621);
#1414=VERTEX_POINT('',#4623);
#1415=VERTEX_POINT('',#4625);
#1416=VERTEX_POINT('',#4627);
#1417=VERTEX_POINT('',#4629);
#1418=VERTEX_POINT('',#4631);
#1419=VERTEX_POINT('',#4633);
#1420=VERTEX_POINT('',#4635);
#1421=VERTEX_POINT('',#4637);
#1422=VERTEX_POINT('',#4640);
#1423=VERTEX_POINT('',#4642);
#1424=VERTEX_POINT('',#4644);
#1425=VERTEX_POINT('',#4648);
#1426=VERTEX_POINT('',#4649);
#1427=VERTEX_POINT('',#4651);
#1428=VERTEX_POINT('',#4653);
#1429=VERTEX_POINT('',#4655);
#1430=VERTEX_POINT('',#4657);
#1431=VERTEX_POINT('',#4659);
#1432=VERTEX_POINT('',#4661);
#1433=VERTEX_POINT('',#4663);
#1434=VERTEX_POINT('',#4665);
#1435=VERTEX_POINT('',#4667);
#1436=VERTEX_POINT('',#4669);
#1437=VERTEX_POINT('',#4671);
#1438=VERTEX_POINT('',#4673);
#1439=VERTEX_POINT('',#4675);
#1440=VERTEX_POINT('',#4677);
#1441=VERTEX_POINT('',#4690);
#1442=VERTEX_POINT('',#4691);
#1443=VERTEX_POINT('',#4693);
#1444=VERTEX_POINT('',#4695);
#1445=VERTEX_POINT('',#4699);
#1446=VERTEX_POINT('',#4703);
#1447=VERTEX_POINT('',#4716);
#1448=VERTEX_POINT('',#4721);
#1449=VERTEX_POINT('',#4726);
#1450=VERTEX_POINT('',#4729);
#1451=VERTEX_POINT('',#4742);
#1452=VERTEX_POINT('',#4747);
#1453=VERTEX_POINT('',#4751);
#1454=VERTEX_POINT('',#4752);
#1455=VERTEX_POINT('',#4754);
#1456=VERTEX_POINT('',#4756);
#1457=VERTEX_POINT('',#4761);
#1458=VERTEX_POINT('',#4764);
#1459=VERTEX_POINT('',#4776);
#1460=VERTEX_POINT('',#4780);
#1461=EDGE_CURVE('',#1193,#1194,#469,.T.);
#1462=EDGE_CURVE('',#1195,#1193,#470,.T.);
#1463=EDGE_CURVE('',#1196,#1195,#471,.T.);
#1464=EDGE_CURVE('',#1194,#1196,#472,.T.);
#1465=EDGE_CURVE('',#1196,#1197,#473,.T.);
#1466=EDGE_CURVE('',#1198,#1195,#474,.T.);
#1467=EDGE_CURVE('',#1197,#1198,#475,.T.);
#1468=EDGE_CURVE('',#1199,#1200,#476,.T.);
#1469=EDGE_CURVE('',#1197,#1199,#477,.T.);
#1470=EDGE_CURVE('',#1200,#1198,#478,.T.);
#1471=EDGE_CURVE('',#1201,#1202,#479,.T.);
#1472=EDGE_CURVE('',#1201,#1203,#480,.T.);
#1473=EDGE_CURVE('',#1204,#1203,#481,.T.);
#1474=EDGE_CURVE('',#1202,#1204,#482,.T.);
#1475=EDGE_CURVE('',#1205,#1200,#483,.T.);
#1476=EDGE_CURVE('',#1206,#1205,#484,.T.);
#1477=EDGE_CURVE('',#1206,#1199,#485,.T.);
#1478=EDGE_CURVE('',#1207,#1208,#486,.T.);
#1479=EDGE_CURVE('',#1209,#1207,#487,.T.);
#1480=EDGE_CURVE('',#1210,#1209,#488,.T.);
#1481=EDGE_CURVE('',#1210,#1208,#489,.T.);
#1482=EDGE_CURVE('',#1211,#1212,#490,.T.);
#1483=EDGE_CURVE('',#1211,#1213,#491,.T.);
#1484=EDGE_CURVE('',#1213,#1214,#492,.T.);
#1485=EDGE_CURVE('',#1212,#1214,#493,.T.);
#1486=EDGE_CURVE('',#1215,#1216,#494,.T.);
#1487=EDGE_CURVE('',#1216,#1217,#495,.T.);
#1488=EDGE_CURVE('',#1218,#1217,#496,.T.);
#1489=EDGE_CURVE('',#1215,#1218,#497,.T.);
#1490=EDGE_CURVE('',#1213,#1210,#498,.T.);
#1491=EDGE_CURVE('',#1214,#1209,#499,.T.);
#1492=EDGE_CURVE('',#1219,#1219,#87,.T.);
#1493=EDGE_CURVE('',#1219,#1220,#500,.T.);
#1494=EDGE_CURVE('',#1220,#1220,#88,.T.);
#1495=EDGE_CURVE('',#1221,#1221,#89,.T.);
#1496=EDGE_CURVE('',#1221,#1222,#501,.T.);
#1497=EDGE_CURVE('',#1222,#1222,#90,.T.);
#1498=EDGE_CURVE('',#1223,#1223,#91,.T.);
#1499=EDGE_CURVE('',#1223,#1224,#502,.T.);
#1500=EDGE_CURVE('',#1224,#1224,#92,.T.);
#1501=EDGE_CURVE('',#1225,#1225,#93,.T.);
#1502=EDGE_CURVE('',#1225,#1226,#503,.T.);
#1503=EDGE_CURVE('',#1226,#1226,#94,.T.);
#1504=EDGE_CURVE('',#1227,#1228,#504,.T.);
#1505=EDGE_CURVE('',#1228,#1229,#505,.T.);
#1506=EDGE_CURVE('',#1230,#1229,#506,.T.);
#1507=EDGE_CURVE('',#1227,#1230,#507,.T.);
#1508=EDGE_CURVE('',#1231,#1227,#508,.T.);
#1509=EDGE_CURVE('',#1232,#1230,#509,.T.);
#1510=EDGE_CURVE('',#1231,#1232,#510,.T.);
#1511=EDGE_CURVE('',#1233,#1231,#511,.T.);
#1512=EDGE_CURVE('',#1234,#1232,#512,.T.);
#1513=EDGE_CURVE('',#1233,#1234,#513,.T.);
#1514=EDGE_CURVE('',#1228,#1233,#514,.T.);
#1515=EDGE_CURVE('',#1229,#1234,#515,.T.);
#1516=EDGE_CURVE('',#1235,#1236,#516,.T.);
#1517=EDGE_CURVE('',#1236,#1237,#517,.T.);
#1518=EDGE_CURVE('',#1238,#1237,#518,.T.);
#1519=EDGE_CURVE('',#1235,#1238,#519,.T.);
#1520=EDGE_CURVE('',#1239,#1235,#520,.T.);
#1521=EDGE_CURVE('',#1240,#1238,#521,.T.);
#1522=EDGE_CURVE('',#1239,#1240,#522,.T.);
#1523=EDGE_CURVE('',#1241,#1239,#523,.T.);
#1524=EDGE_CURVE('',#1242,#1240,#524,.T.);
#1525=EDGE_CURVE('',#1241,#1242,#525,.T.);
#1526=EDGE_CURVE('',#1243,#1241,#526,.T.);
#1527=EDGE_CURVE('',#1244,#1242,#527,.T.);
#1528=EDGE_CURVE('',#1243,#1244,#528,.T.);
#1529=EDGE_CURVE('',#1245,#1243,#529,.T.);
#1530=EDGE_CURVE('',#1246,#1244,#530,.T.);
#1531=EDGE_CURVE('',#1245,#1246,#531,.T.);
#1532=EDGE_CURVE('',#1247,#1245,#532,.T.);
#1533=EDGE_CURVE('',#1248,#1246,#533,.T.);
#1534=EDGE_CURVE('',#1247,#1248,#534,.T.);
#1535=EDGE_CURVE('',#1249,#1247,#535,.T.);
#1536=EDGE_CURVE('',#1250,#1248,#536,.T.);
#1537=EDGE_CURVE('',#1249,#1250,#537,.T.);
#1538=EDGE_CURVE('',#1251,#1249,#538,.T.);
#1539=EDGE_CURVE('',#1252,#1250,#539,.T.);
#1540=EDGE_CURVE('',#1251,#1252,#540,.T.);
#1541=EDGE_CURVE('',#1253,#1251,#541,.T.);
#1542=EDGE_CURVE('',#1254,#1252,#542,.T.);
#1543=EDGE_CURVE('',#1253,#1254,#543,.T.);
#1544=EDGE_CURVE('',#1255,#1253,#544,.T.);
#1545=EDGE_CURVE('',#1256,#1254,#545,.T.);
#1546=EDGE_CURVE('',#1255,#1256,#546,.T.);
#1547=EDGE_CURVE('',#1257,#1255,#547,.T.);
#1548=EDGE_CURVE('',#1258,#1256,#548,.T.);
#1549=EDGE_CURVE('',#1257,#1258,#549,.T.);
#1550=EDGE_CURVE('',#1236,#1257,#550,.T.);
#1551=EDGE_CURVE('',#1237,#1258,#551,.T.);
#1552=EDGE_CURVE('',#1259,#1260,#552,.T.);
#1553=EDGE_CURVE('',#1260,#1261,#553,.T.);
#1554=EDGE_CURVE('',#1262,#1261,#554,.T.);
#1555=EDGE_CURVE('',#1259,#1262,#555,.T.);
#1556=EDGE_CURVE('',#1263,#1259,#556,.T.);
#1557=EDGE_CURVE('',#1264,#1262,#557,.T.);
#1558=EDGE_CURVE('',#1263,#1264,#558,.T.);
#1559=EDGE_CURVE('',#1265,#1263,#559,.T.);
#1560=EDGE_CURVE('',#1266,#1264,#560,.T.);
#1561=EDGE_CURVE('',#1265,#1266,#561,.T.);
#1562=EDGE_CURVE('',#1267,#1265,#562,.T.);
#1563=EDGE_CURVE('',#1268,#1266,#563,.T.);
#1564=EDGE_CURVE('',#1267,#1268,#564,.T.);
#1565=EDGE_CURVE('',#1269,#1267,#565,.T.);
#1566=EDGE_CURVE('',#1270,#1268,#566,.T.);
#1567=EDGE_CURVE('',#1269,#1270,#567,.T.);
#1568=EDGE_CURVE('',#1271,#1269,#568,.T.);
#1569=EDGE_CURVE('',#1272,#1270,#569,.T.);
#1570=EDGE_CURVE('',#1271,#1272,#570,.T.);
#1571=EDGE_CURVE('',#1273,#1271,#571,.T.);
#1572=EDGE_CURVE('',#1274,#1272,#572,.T.);
#1573=EDGE_CURVE('',#1273,#1274,#573,.T.);
#1574=EDGE_CURVE('',#1275,#1273,#574,.T.);
#1575=EDGE_CURVE('',#1276,#1274,#575,.T.);
#1576=EDGE_CURVE('',#1275,#1276,#576,.T.);
#1577=EDGE_CURVE('',#1277,#1275,#577,.T.);
#1578=EDGE_CURVE('',#1278,#1276,#578,.T.);
#1579=EDGE_CURVE('',#1277,#1278,#579,.T.);
#1580=EDGE_CURVE('',#1279,#1277,#580,.T.);
#1581=EDGE_CURVE('',#1280,#1278,#581,.T.);
#1582=EDGE_CURVE('',#1279,#1280,#582,.T.);
#1583=EDGE_CURVE('',#1281,#1279,#583,.T.);
#1584=EDGE_CURVE('',#1282,#1280,#584,.T.);
#1585=EDGE_CURVE('',#1281,#1282,#585,.T.);
#1586=EDGE_CURVE('',#1260,#1281,#586,.T.);
#1587=EDGE_CURVE('',#1261,#1282,#587,.T.);
#1588=EDGE_CURVE('',#1283,#1284,#588,.T.);
#1589=EDGE_CURVE('',#1284,#1285,#589,.T.);
#1590=EDGE_CURVE('',#1286,#1285,#590,.T.);
#1591=EDGE_CURVE('',#1283,#1286,#591,.T.);
#1592=EDGE_CURVE('',#1287,#1283,#592,.T.);
#1593=EDGE_CURVE('',#1288,#1286,#593,.T.);
#1594=EDGE_CURVE('',#1287,#1288,#594,.T.);
#1595=EDGE_CURVE('',#1289,#1287,#595,.T.);
#1596=EDGE_CURVE('',#1290,#1288,#596,.T.);
#1597=EDGE_CURVE('',#1289,#1290,#597,.T.);
#1598=EDGE_CURVE('',#1291,#1289,#598,.T.);
#1599=EDGE_CURVE('',#1292,#1290,#599,.T.);
#1600=EDGE_CURVE('',#1291,#1292,#600,.T.);
#1601=EDGE_CURVE('',#1293,#1291,#601,.T.);
#1602=EDGE_CURVE('',#1294,#1292,#602,.T.);
#1603=EDGE_CURVE('',#1293,#1294,#603,.T.);
#1604=EDGE_CURVE('',#1293,#1201,#604,.T.);
#1605=EDGE_CURVE('',#1203,#1294,#605,.T.);
#1606=EDGE_CURVE('',#1295,#1206,#606,.T.);
#1607=EDGE_CURVE('',#1296,#1205,#607,.T.);
#1608=EDGE_CURVE('',#1295,#1296,#608,.T.);
#1609=EDGE_CURVE('',#1297,#1295,#609,.T.);
#1610=EDGE_CURVE('',#1298,#1296,#610,.T.);
#1611=EDGE_CURVE('',#1297,#1298,#611,.T.);
#1612=EDGE_CURVE('',#1299,#1297,#612,.T.);
#1613=EDGE_CURVE('',#1300,#1298,#613,.T.);
#1614=EDGE_CURVE('',#1299,#1300,#614,.T.);
#1615=EDGE_CURVE('',#1194,#1299,#615,.T.);
#1616=EDGE_CURVE('',#1193,#1300,#616,.T.);
#1617=EDGE_CURVE('',#1301,#1202,#617,.T.);
#1618=EDGE_CURVE('',#1302,#1204,#618,.T.);
#1619=EDGE_CURVE('',#1301,#1302,#619,.T.);
#1620=EDGE_CURVE('',#1303,#1301,#620,.T.);
#1621=EDGE_CURVE('',#1304,#1302,#621,.T.);
#1622=EDGE_CURVE('',#1303,#1304,#622,.T.);
#1623=EDGE_CURVE('',#1305,#1303,#623,.T.);
#1624=EDGE_CURVE('',#1306,#1304,#624,.T.);
#1625=EDGE_CURVE('',#1305,#1306,#625,.T.);
#1626=EDGE_CURVE('',#1307,#1305,#626,.T.);
#1627=EDGE_CURVE('',#1308,#1306,#627,.T.);
#1628=EDGE_CURVE('',#1307,#1308,#628,.T.);
#1629=EDGE_CURVE('',#1284,#1307,#629,.T.);
#1630=EDGE_CURVE('',#1285,#1308,#630,.T.);
#1631=EDGE_CURVE('',#1309,#1310,#631,.T.);
#1632=EDGE_CURVE('',#1310,#1311,#632,.T.);
#1633=EDGE_CURVE('',#1312,#1311,#633,.T.);
#1634=EDGE_CURVE('',#1309,#1312,#634,.T.);
#1635=EDGE_CURVE('',#1313,#1309,#635,.T.);
#1636=EDGE_CURVE('',#1314,#1312,#636,.T.);
#1637=EDGE_CURVE('',#1313,#1314,#637,.T.);
#1638=EDGE_CURVE('',#1315,#1313,#638,.T.);
#1639=EDGE_CURVE('',#1316,#1314,#639,.T.);
#1640=EDGE_CURVE('',#1315,#1316,#640,.T.);
#1641=EDGE_CURVE('',#1310,#1315,#641,.T.);
#1642=EDGE_CURVE('',#1311,#1316,#642,.T.);
#1643=EDGE_CURVE('',#1317,#1212,#643,.T.);
#1644=EDGE_CURVE('',#1318,#1317,#644,.T.);
#1645=EDGE_CURVE('',#1318,#1211,#645,.T.);
#1646=EDGE_CURVE('',#1319,#1318,#646,.T.);
#1647=EDGE_CURVE('',#1320,#1317,#647,.T.);
#1648=EDGE_CURVE('',#1319,#1320,#648,.T.);
#1649=EDGE_CURVE('',#1321,#1319,#649,.T.);
#1650=EDGE_CURVE('',#1322,#1320,#650,.T.);
#1651=EDGE_CURVE('',#1321,#1322,#651,.T.);
#1652=EDGE_CURVE('',#1323,#1321,#652,.T.);
#1653=EDGE_CURVE('',#1324,#1322,#653,.T.);
#1654=EDGE_CURVE('',#1323,#1324,#654,.T.);
#1655=EDGE_CURVE('',#1208,#1323,#655,.T.);
#1656=EDGE_CURVE('',#1207,#1324,#656,.T.);
#1657=EDGE_CURVE('',#1325,#1215,#657,.T.);
#1658=EDGE_CURVE('',#1326,#1218,#658,.T.);
#1659=EDGE_CURVE('',#1325,#1326,#659,.T.);
#1660=EDGE_CURVE('',#1327,#1325,#660,.T.);
#1661=EDGE_CURVE('',#1328,#1326,#661,.T.);
#1662=EDGE_CURVE('',#1327,#1328,#662,.T.);
#1663=EDGE_CURVE('',#1329,#1327,#663,.T.);
#1664=EDGE_CURVE('',#1330,#1328,#664,.T.);
#1665=EDGE_CURVE('',#1329,#1330,#665,.T.);
#1666=EDGE_CURVE('',#1331,#1329,#666,.T.);
#1667=EDGE_CURVE('',#1332,#1330,#667,.T.);
#1668=EDGE_CURVE('',#1331,#1332,#668,.T.);
#1669=EDGE_CURVE('',#1333,#1331,#669,.T.);
#1670=EDGE_CURVE('',#1334,#1332,#670,.T.);
#1671=EDGE_CURVE('',#1333,#1334,#671,.T.);
#1672=EDGE_CURVE('',#1335,#1333,#672,.T.);
#1673=EDGE_CURVE('',#1336,#1334,#673,.T.);
#1674=EDGE_CURVE('',#1335,#1336,#674,.T.);
#1675=EDGE_CURVE('',#1337,#1335,#675,.T.);
#1676=EDGE_CURVE('',#1338,#1336,#676,.T.);
#1677=EDGE_CURVE('',#1337,#1338,#677,.T.);
#1678=EDGE_CURVE('',#1339,#1337,#678,.T.);
#1679=EDGE_CURVE('',#1340,#1338,#679,.T.);
#1680=EDGE_CURVE('',#1339,#1340,#680,.T.);
#1681=EDGE_CURVE('',#1341,#1339,#681,.T.);
#1682=EDGE_CURVE('',#1342,#1340,#682,.T.);
#1683=EDGE_CURVE('',#1341,#1342,#683,.T.);
#1684=EDGE_CURVE('',#1343,#1341,#684,.T.);
#1685=EDGE_CURVE('',#1344,#1342,#685,.T.);
#1686=EDGE_CURVE('',#1343,#1344,#686,.T.);
#1687=EDGE_CURVE('',#1216,#1343,#687,.T.);
#1688=EDGE_CURVE('',#1217,#1344,#688,.T.);
#1689=EDGE_CURVE('',#1345,#1346,#689,.T.);
#1690=EDGE_CURVE('',#1346,#1347,#690,.T.);
#1691=EDGE_CURVE('',#1348,#1347,#691,.T.);
#1692=EDGE_CURVE('',#1345,#1348,#692,.T.);
#1693=EDGE_CURVE('',#1349,#1345,#693,.T.);
#1694=EDGE_CURVE('',#1350,#1348,#694,.T.);
#1695=EDGE_CURVE('',#1349,#1350,#695,.T.);
#1696=EDGE_CURVE('',#1351,#1349,#696,.T.);
#1697=EDGE_CURVE('',#1352,#1350,#697,.T.);
#1698=EDGE_CURVE('',#1351,#1352,#698,.T.);
#1699=EDGE_CURVE('',#1346,#1351,#699,.T.);
#1700=EDGE_CURVE('',#1347,#1352,#700,.T.);
#1701=EDGE_CURVE('',#1353,#1354,#701,.T.);
#1702=EDGE_CURVE('',#1354,#1355,#702,.T.);
#1703=EDGE_CURVE('',#1356,#1355,#703,.T.);
#1704=EDGE_CURVE('',#1353,#1356,#704,.T.);
#1705=EDGE_CURVE('',#1357,#1353,#705,.T.);
#1706=EDGE_CURVE('',#1358,#1356,#706,.T.);
#1707=EDGE_CURVE('',#1357,#1358,#707,.T.);
#1708=EDGE_CURVE('',#1359,#1357,#708,.T.);
#1709=EDGE_CURVE('',#1360,#1358,#709,.T.);
#1710=EDGE_CURVE('',#1359,#1360,#710,.T.);
#1711=EDGE_CURVE('',#1354,#1359,#711,.T.);
#1712=EDGE_CURVE('',#1355,#1360,#712,.T.);
#1713=EDGE_CURVE('',#1361,#1362,#713,.T.);
#1714=EDGE_CURVE('',#1362,#1363,#714,.T.);
#1715=EDGE_CURVE('',#1364,#1363,#715,.T.);
#1716=EDGE_CURVE('',#1361,#1364,#716,.T.);
#1717=EDGE_CURVE('',#1365,#1361,#717,.T.);
#1718=EDGE_CURVE('',#1366,#1364,#718,.T.);
#1719=EDGE_CURVE('',#1365,#1366,#719,.T.);
#1720=EDGE_CURVE('',#1367,#1365,#720,.T.);
#1721=EDGE_CURVE('',#1368,#1366,#721,.T.);
#1722=EDGE_CURVE('',#1367,#1368,#722,.T.);
#1723=EDGE_CURVE('',#1362,#1367,#723,.T.);
#1724=EDGE_CURVE('',#1363,#1368,#724,.T.);
#1725=EDGE_CURVE('',#1369,#1370,#725,.T.);
#1726=EDGE_CURVE('',#1370,#1371,#726,.T.);
#1727=EDGE_CURVE('',#1372,#1371,#727,.T.);
#1728=EDGE_CURVE('',#1369,#1372,#728,.T.);
#1729=EDGE_CURVE('',#1373,#1369,#729,.T.);
#1730=EDGE_CURVE('',#1374,#1372,#730,.T.);
#1731=EDGE_CURVE('',#1373,#1374,#731,.T.);
#1732=EDGE_CURVE('',#1375,#1373,#732,.T.);
#1733=EDGE_CURVE('',#1376,#1374,#733,.T.);
#1734=EDGE_CURVE('',#1375,#1376,#734,.T.);
#1735=EDGE_CURVE('',#1370,#1375,#735,.T.);
#1736=EDGE_CURVE('',#1371,#1376,#736,.T.);
#1737=EDGE_CURVE('',#1377,#1378,#737,.T.);
#1738=EDGE_CURVE('',#1379,#1377,#738,.T.);
#1739=EDGE_CURVE('',#1379,#1380,#739,.T.);
#1740=EDGE_CURVE('',#1380,#1378,#740,.T.);
#1741=EDGE_CURVE('',#1381,#1382,#741,.T.);
#1742=EDGE_CURVE('',#1381,#1383,#742,.T.);
#1743=EDGE_CURVE('',#1384,#1383,#743,.T.);
#1744=EDGE_CURVE('',#1385,#1384,#95,.T.);
#1745=EDGE_CURVE('',#1385,#1386,#744,.T.);
#1746=EDGE_CURVE('',#1386,#1379,#96,.T.);
#1747=EDGE_CURVE('',#1377,#1387,#745,.T.);
#1748=EDGE_CURVE('',#1387,#1388,#746,.T.);
#1749=EDGE_CURVE('',#1388,#1389,#97,.T.);
#1750=EDGE_CURVE('',#1389,#1390,#98,.T.);
#1751=EDGE_CURVE('',#1390,#1391,#747,.T.);
#1752=EDGE_CURVE('',#1391,#1392,#748,.T.);
#1753=EDGE_CURVE('',#1393,#1392,#749,.T.);
#1754=EDGE_CURVE('',#1394,#1393,#99,.T.);
#1755=EDGE_CURVE('',#1382,#1394,#100,.T.);
#1756=EDGE_CURVE('',#1395,#1396,#750,.T.);
#1757=EDGE_CURVE('',#1395,#1397,#751,.T.);
#1758=EDGE_CURVE('',#1398,#1397,#752,.T.);
#1759=EDGE_CURVE('',#1399,#1398,#101,.T.);
#1760=EDGE_CURVE('',#1400,#1399,#753,.T.);
#1761=EDGE_CURVE('',#1400,#1401,#102,.T.);
#1762=EDGE_CURVE('',#1401,#1402,#754,.T.);
#1763=EDGE_CURVE('',#1402,#1403,#755,.T.);
#1764=EDGE_CURVE('',#1403,#1404,#756,.T.);
#1765=EDGE_CURVE('',#1404,#1405,#103,.T.);
#1766=EDGE_CURVE('',#1405,#1406,#104,.T.);
#1767=EDGE_CURVE('',#1406,#1407,#757,.T.);
#1768=EDGE_CURVE('',#1408,#1407,#758,.T.);
#1769=EDGE_CURVE('',#1409,#1408,#759,.T.);
#1770=EDGE_CURVE('',#1410,#1409,#105,.T.);
#1771=EDGE_CURVE('',#1396,#1410,#106,.T.);
#1772=EDGE_CURVE('',#1411,#1412,#760,.T.);
#1773=EDGE_CURVE('',#1411,#1413,#761,.T.);
#1774=EDGE_CURVE('',#1413,#1414,#107,.T.);
#1775=EDGE_CURVE('',#1414,#1415,#108,.T.);
#1776=EDGE_CURVE('',#1415,#1416,#762,.T.);
#1777=EDGE_CURVE('',#1417,#1416,#763,.T.);
#1778=EDGE_CURVE('',#1418,#1417,#764,.T.);
#1779=EDGE_CURVE('',#1419,#1418,#109,.T.);
#1780=EDGE_CURVE('',#1420,#1419,#110,.T.);
#1781=EDGE_CURVE('',#1421,#1420,#765,.T.);
#1782=EDGE_CURVE('',#1378,#1421,#766,.T.);
#1783=EDGE_CURVE('',#1422,#1380,#111,.T.);
#1784=EDGE_CURVE('',#1423,#1422,#767,.T.);
#1785=EDGE_CURVE('',#1423,#1424,#112,.T.);
#1786=EDGE_CURVE('',#1424,#1412,#768,.T.);
#1787=EDGE_CURVE('',#1425,#1426,#769,.T.);
#1788=EDGE_CURVE('',#1425,#1427,#770,.T.);
#1789=EDGE_CURVE('',#1427,#1428,#113,.T.);
#1790=EDGE_CURVE('',#1428,#1429,#114,.T.);
#1791=EDGE_CURVE('',#1429,#1430,#771,.T.);
#1792=EDGE_CURVE('',#1430,#1431,#772,.T.);
#1793=EDGE_CURVE('',#1432,#1431,#773,.T.);
#1794=EDGE_CURVE('',#1433,#1432,#115,.T.);
#1795=EDGE_CURVE('',#1434,#1433,#116,.T.);
#1796=EDGE_CURVE('',#1435,#1434,#774,.T.);
#1797=EDGE_CURVE('',#1436,#1435,#775,.T.);
#1798=EDGE_CURVE('',#1437,#1436,#776,.T.);
#1799=EDGE_CURVE('',#1438,#1437,#117,.T.);
#1800=EDGE_CURVE('',#1438,#1439,#777,.T.);
#1801=EDGE_CURVE('',#1439,#1440,#118,.T.);
#1802=EDGE_CURVE('',#1440,#1426,#778,.T.);
#1803=EDGE_CURVE('',#1426,#1397,#779,.T.);
#1804=EDGE_CURVE('',#1398,#1440,#780,.T.);
#1805=EDGE_CURVE('',#1412,#1383,#781,.T.);
#1806=EDGE_CURVE('',#1384,#1424,#782,.T.);
#1807=EDGE_CURVE('',#1402,#1436,#783,.T.);
#1808=EDGE_CURVE('',#1401,#1437,#784,.T.);
#1809=EDGE_CURVE('',#1441,#1442,#785,.T.);
#1810=EDGE_CURVE('',#1442,#1443,#786,.T.);
#1811=EDGE_CURVE('',#1444,#1443,#787,.T.);
#1812=EDGE_CURVE('',#1441,#1444,#788,.T.);
#1813=EDGE_CURVE('',#1443,#1445,#119,.T.);
#1814=EDGE_CURVE('',#1421,#1445,#789,.T.);
#1815=EDGE_CURVE('',#1387,#1421,#790,.T.);
#1816=EDGE_CURVE('',#1446,#1387,#791,.T.);
#1817=EDGE_CURVE('',#1444,#1446,#120,.T.);
#1818=EDGE_CURVE('',#1388,#1420,#792,.T.);
#1819=EDGE_CURVE('',#1389,#1419,#793,.T.);
#1820=EDGE_CURVE('',#1390,#1418,#794,.T.);
#1821=EDGE_CURVE('',#1391,#1417,#795,.T.);
#1822=EDGE_CURVE('',#1392,#1416,#796,.T.);
#1823=EDGE_CURVE('',#1447,#1447,#121,.T.);
#1824=EDGE_CURVE('',#1386,#1422,#797,.T.);
#1825=EDGE_CURVE('',#1385,#1423,#798,.T.);
#1826=EDGE_CURVE('',#1448,#1448,#122,.T.);
#1827=EDGE_CURVE('',#1395,#1425,#799,.T.);
#1828=EDGE_CURVE('',#1425,#1449,#800,.T.);
#1829=EDGE_CURVE('',#1449,#1442,#123,.T.);
#1830=EDGE_CURVE('',#1450,#1441,#124,.T.);
#1831=EDGE_CURVE('',#1450,#1395,#801,.T.);
#1832=EDGE_CURVE('',#1396,#1427,#802,.T.);
#1833=EDGE_CURVE('',#1410,#1428,#803,.T.);
#1834=EDGE_CURVE('',#1409,#1429,#804,.T.);
#1835=EDGE_CURVE('',#1408,#1430,#805,.T.);
#1836=EDGE_CURVE('',#1407,#1431,#806,.T.);
#1837=EDGE_CURVE('',#1451,#1451,#125,.T.);
#1838=EDGE_CURVE('',#1400,#1438,#807,.T.);
#1839=EDGE_CURVE('',#1399,#1439,#808,.T.);
#1840=EDGE_CURVE('',#1452,#1452,#126,.T.);
#1841=EDGE_CURVE('',#1453,#1454,#809,.T.);
#1842=EDGE_CURVE('',#1454,#1455,#810,.T.);
#1843=EDGE_CURVE('',#1456,#1455,#811,.T.);
#1844=EDGE_CURVE('',#1453,#1456,#812,.T.);
#1845=EDGE_CURVE('',#1381,#1411,#813,.T.);
#1846=EDGE_CURVE('',#1411,#1457,#814,.T.);
#1847=EDGE_CURVE('',#1457,#1454,#127,.T.);
#1848=EDGE_CURVE('',#1458,#1453,#128,.T.);
#1849=EDGE_CURVE('',#1458,#1381,#815,.T.);
#1850=EDGE_CURVE('',#1382,#1413,#816,.T.);
#1851=EDGE_CURVE('',#1394,#1414,#817,.T.);
#1852=EDGE_CURVE('',#1393,#1415,#818,.T.);
#1853=EDGE_CURVE('',#1455,#1459,#129,.T.);
#1854=EDGE_CURVE('',#1435,#1459,#819,.T.);
#1855=EDGE_CURVE('',#1403,#1435,#820,.T.);
#1856=EDGE_CURVE('',#1460,#1403,#821,.T.);
#1857=EDGE_CURVE('',#1456,#1460,#130,.T.);
#1858=EDGE_CURVE('',#1404,#1434,#822,.T.);
#1859=EDGE_CURVE('',#1405,#1433,#823,.T.);
#1860=EDGE_CURVE('',#1406,#1432,#824,.T.);
#1861=EDGE_CURVE('',#1451,#1452,#825,.T.);
#1862=EDGE_CURVE('',#1448,#1447,#826,.T.);
#1863=EDGE_CURVE('',#1445,#1457,#827,.T.);
#1864=EDGE_CURVE('',#1446,#1458,#828,.T.);
#1865=EDGE_CURVE('',#1460,#1450,#829,.T.);
#1866=EDGE_CURVE('',#1459,#1449,#830,.T.);
#1867=ORIENTED_EDGE('',*,*,#1461,.F.);
#1868=ORIENTED_EDGE('',*,*,#1462,.F.);
#1869=ORIENTED_EDGE('',*,*,#1463,.F.);
#1870=ORIENTED_EDGE('',*,*,#1464,.F.);
#1871=ORIENTED_EDGE('',*,*,#1465,.F.);
#1872=ORIENTED_EDGE('',*,*,#1463,.T.);
#1873=ORIENTED_EDGE('',*,*,#1466,.F.);
#1874=ORIENTED_EDGE('',*,*,#1467,.F.);
#1875=ORIENTED_EDGE('',*,*,#1468,.F.);
#1876=ORIENTED_EDGE('',*,*,#1469,.F.);
#1877=ORIENTED_EDGE('',*,*,#1467,.T.);
#1878=ORIENTED_EDGE('',*,*,#1470,.F.);
#1879=ORIENTED_EDGE('',*,*,#1471,.F.);
#1880=ORIENTED_EDGE('',*,*,#1472,.T.);
#1881=ORIENTED_EDGE('',*,*,#1473,.F.);
#1882=ORIENTED_EDGE('',*,*,#1474,.F.);
#1883=ORIENTED_EDGE('',*,*,#1468,.T.);
#1884=ORIENTED_EDGE('',*,*,#1475,.F.);
#1885=ORIENTED_EDGE('',*,*,#1476,.F.);
#1886=ORIENTED_EDGE('',*,*,#1477,.T.);
#1887=ORIENTED_EDGE('',*,*,#1478,.F.);
#1888=ORIENTED_EDGE('',*,*,#1479,.F.);
#1889=ORIENTED_EDGE('',*,*,#1480,.F.);
#1890=ORIENTED_EDGE('',*,*,#1481,.T.);
#1891=ORIENTED_EDGE('',*,*,#1482,.F.);
#1892=ORIENTED_EDGE('',*,*,#1483,.T.);
#1893=ORIENTED_EDGE('',*,*,#1484,.T.);
#1894=ORIENTED_EDGE('',*,*,#1485,.F.);
#1895=ORIENTED_EDGE('',*,*,#1486,.T.);
#1896=ORIENTED_EDGE('',*,*,#1487,.T.);
#1897=ORIENTED_EDGE('',*,*,#1488,.F.);
#1898=ORIENTED_EDGE('',*,*,#1489,.F.);
#1899=ORIENTED_EDGE('',*,*,#1490,.T.);
#1900=ORIENTED_EDGE('',*,*,#1480,.T.);
#1901=ORIENTED_EDGE('',*,*,#1491,.F.);
#1902=ORIENTED_EDGE('',*,*,#1484,.F.);
#1903=ORIENTED_EDGE('',*,*,#1492,.F.);
#1904=ORIENTED_EDGE('',*,*,#1493,.T.);
#1905=ORIENTED_EDGE('',*,*,#1494,.F.);
#1906=ORIENTED_EDGE('',*,*,#1493,.F.);
#1907=ORIENTED_EDGE('',*,*,#1495,.F.);
#1908=ORIENTED_EDGE('',*,*,#1496,.T.);
#1909=ORIENTED_EDGE('',*,*,#1497,.F.);
#1910=ORIENTED_EDGE('',*,*,#1496,.F.);
#1911=ORIENTED_EDGE('',*,*,#1498,.F.);
#1912=ORIENTED_EDGE('',*,*,#1499,.T.);
#1913=ORIENTED_EDGE('',*,*,#1500,.F.);
#1914=ORIENTED_EDGE('',*,*,#1499,.F.);
#1915=ORIENTED_EDGE('',*,*,#1501,.F.);
#1916=ORIENTED_EDGE('',*,*,#1502,.T.);
#1917=ORIENTED_EDGE('',*,*,#1503,.F.);
#1918=ORIENTED_EDGE('',*,*,#1502,.F.);
#1919=ORIENTED_EDGE('',*,*,#1504,.T.);
#1920=ORIENTED_EDGE('',*,*,#1505,.T.);
#1921=ORIENTED_EDGE('',*,*,#1506,.F.);
#1922=ORIENTED_EDGE('',*,*,#1507,.F.);
#1923=ORIENTED_EDGE('',*,*,#1508,.T.);
#1924=ORIENTED_EDGE('',*,*,#1507,.T.);
#1925=ORIENTED_EDGE('',*,*,#1509,.F.);
#1926=ORIENTED_EDGE('',*,*,#1510,.F.);
#1927=ORIENTED_EDGE('',*,*,#1511,.T.);
#1928=ORIENTED_EDGE('',*,*,#1510,.T.);
#1929=ORIENTED_EDGE('',*,*,#1512,.F.);
#1930=ORIENTED_EDGE('',*,*,#1513,.F.);
#1931=ORIENTED_EDGE('',*,*,#1514,.T.);
#1932=ORIENTED_EDGE('',*,*,#1513,.T.);
#1933=ORIENTED_EDGE('',*,*,#1515,.F.);
#1934=ORIENTED_EDGE('',*,*,#1505,.F.);
#1935=ORIENTED_EDGE('',*,*,#1516,.T.);
#1936=ORIENTED_EDGE('',*,*,#1517,.T.);
#1937=ORIENTED_EDGE('',*,*,#1518,.F.);
#1938=ORIENTED_EDGE('',*,*,#1519,.F.);
#1939=ORIENTED_EDGE('',*,*,#1520,.T.);
#1940=ORIENTED_EDGE('',*,*,#1519,.T.);
#1941=ORIENTED_EDGE('',*,*,#1521,.F.);
#1942=ORIENTED_EDGE('',*,*,#1522,.F.);
#1943=ORIENTED_EDGE('',*,*,#1523,.T.);
#1944=ORIENTED_EDGE('',*,*,#1522,.T.);
#1945=ORIENTED_EDGE('',*,*,#1524,.F.);
#1946=ORIENTED_EDGE('',*,*,#1525,.F.);
#1947=ORIENTED_EDGE('',*,*,#1526,.T.);
#1948=ORIENTED_EDGE('',*,*,#1525,.T.);
#1949=ORIENTED_EDGE('',*,*,#1527,.F.);
#1950=ORIENTED_EDGE('',*,*,#1528,.F.);
#1951=ORIENTED_EDGE('',*,*,#1529,.T.);
#1952=ORIENTED_EDGE('',*,*,#1528,.T.);
#1953=ORIENTED_EDGE('',*,*,#1530,.F.);
#1954=ORIENTED_EDGE('',*,*,#1531,.F.);
#1955=ORIENTED_EDGE('',*,*,#1532,.T.);
#1956=ORIENTED_EDGE('',*,*,#1531,.T.);
#1957=ORIENTED_EDGE('',*,*,#1533,.F.);
#1958=ORIENTED_EDGE('',*,*,#1534,.F.);
#1959=ORIENTED_EDGE('',*,*,#1535,.T.);
#1960=ORIENTED_EDGE('',*,*,#1534,.T.);
#1961=ORIENTED_EDGE('',*,*,#1536,.F.);
#1962=ORIENTED_EDGE('',*,*,#1537,.F.);
#1963=ORIENTED_EDGE('',*,*,#1538,.T.);
#1964=ORIENTED_EDGE('',*,*,#1537,.T.);
#1965=ORIENTED_EDGE('',*,*,#1539,.F.);
#1966=ORIENTED_EDGE('',*,*,#1540,.F.);
#1967=ORIENTED_EDGE('',*,*,#1541,.T.);
#1968=ORIENTED_EDGE('',*,*,#1540,.T.);
#1969=ORIENTED_EDGE('',*,*,#1542,.F.);
#1970=ORIENTED_EDGE('',*,*,#1543,.F.);
#1971=ORIENTED_EDGE('',*,*,#1544,.T.);
#1972=ORIENTED_EDGE('',*,*,#1543,.T.);
#1973=ORIENTED_EDGE('',*,*,#1545,.F.);
#1974=ORIENTED_EDGE('',*,*,#1546,.F.);
#1975=ORIENTED_EDGE('',*,*,#1547,.T.);
#1976=ORIENTED_EDGE('',*,*,#1546,.T.);
#1977=ORIENTED_EDGE('',*,*,#1548,.F.);
#1978=ORIENTED_EDGE('',*,*,#1549,.F.);
#1979=ORIENTED_EDGE('',*,*,#1550,.T.);
#1980=ORIENTED_EDGE('',*,*,#1549,.T.);
#1981=ORIENTED_EDGE('',*,*,#1551,.F.);
#1982=ORIENTED_EDGE('',*,*,#1517,.F.);
#1983=ORIENTED_EDGE('',*,*,#1552,.T.);
#1984=ORIENTED_EDGE('',*,*,#1553,.T.);
#1985=ORIENTED_EDGE('',*,*,#1554,.F.);
#1986=ORIENTED_EDGE('',*,*,#1555,.F.);
#1987=ORIENTED_EDGE('',*,*,#1556,.T.);
#1988=ORIENTED_EDGE('',*,*,#1555,.T.);
#1989=ORIENTED_EDGE('',*,*,#1557,.F.);
#1990=ORIENTED_EDGE('',*,*,#1558,.F.);
#1991=ORIENTED_EDGE('',*,*,#1559,.T.);
#1992=ORIENTED_EDGE('',*,*,#1558,.T.);
#1993=ORIENTED_EDGE('',*,*,#1560,.F.);
#1994=ORIENTED_EDGE('',*,*,#1561,.F.);
#1995=ORIENTED_EDGE('',*,*,#1562,.T.);
#1996=ORIENTED_EDGE('',*,*,#1561,.T.);
#1997=ORIENTED_EDGE('',*,*,#1563,.F.);
#1998=ORIENTED_EDGE('',*,*,#1564,.F.);
#1999=ORIENTED_EDGE('',*,*,#1565,.T.);
#2000=ORIENTED_EDGE('',*,*,#1564,.T.);
#2001=ORIENTED_EDGE('',*,*,#1566,.F.);
#2002=ORIENTED_EDGE('',*,*,#1567,.F.);
#2003=ORIENTED_EDGE('',*,*,#1568,.T.);
#2004=ORIENTED_EDGE('',*,*,#1567,.T.);
#2005=ORIENTED_EDGE('',*,*,#1569,.F.);
#2006=ORIENTED_EDGE('',*,*,#1570,.F.);
#2007=ORIENTED_EDGE('',*,*,#1571,.T.);
#2008=ORIENTED_EDGE('',*,*,#1570,.T.);
#2009=ORIENTED_EDGE('',*,*,#1572,.F.);
#2010=ORIENTED_EDGE('',*,*,#1573,.F.);
#2011=ORIENTED_EDGE('',*,*,#1574,.T.);
#2012=ORIENTED_EDGE('',*,*,#1573,.T.);
#2013=ORIENTED_EDGE('',*,*,#1575,.F.);
#2014=ORIENTED_EDGE('',*,*,#1576,.F.);
#2015=ORIENTED_EDGE('',*,*,#1577,.T.);
#2016=ORIENTED_EDGE('',*,*,#1576,.T.);
#2017=ORIENTED_EDGE('',*,*,#1578,.F.);
#2018=ORIENTED_EDGE('',*,*,#1579,.F.);
#2019=ORIENTED_EDGE('',*,*,#1580,.T.);
#2020=ORIENTED_EDGE('',*,*,#1579,.T.);
#2021=ORIENTED_EDGE('',*,*,#1581,.F.);
#2022=ORIENTED_EDGE('',*,*,#1582,.F.);
#2023=ORIENTED_EDGE('',*,*,#1583,.T.);
#2024=ORIENTED_EDGE('',*,*,#1582,.T.);
#2025=ORIENTED_EDGE('',*,*,#1584,.F.);
#2026=ORIENTED_EDGE('',*,*,#1585,.F.);
#2027=ORIENTED_EDGE('',*,*,#1586,.T.);
#2028=ORIENTED_EDGE('',*,*,#1585,.T.);
#2029=ORIENTED_EDGE('',*,*,#1587,.F.);
#2030=ORIENTED_EDGE('',*,*,#1553,.F.);
#2031=ORIENTED_EDGE('',*,*,#1588,.T.);
#2032=ORIENTED_EDGE('',*,*,#1589,.T.);
#2033=ORIENTED_EDGE('',*,*,#1590,.F.);
#2034=ORIENTED_EDGE('',*,*,#1591,.F.);
#2035=ORIENTED_EDGE('',*,*,#1592,.T.);
#2036=ORIENTED_EDGE('',*,*,#1591,.T.);
#2037=ORIENTED_EDGE('',*,*,#1593,.F.);
#2038=ORIENTED_EDGE('',*,*,#1594,.F.);
#2039=ORIENTED_EDGE('',*,*,#1595,.T.);
#2040=ORIENTED_EDGE('',*,*,#1594,.T.);
#2041=ORIENTED_EDGE('',*,*,#1596,.F.);
#2042=ORIENTED_EDGE('',*,*,#1597,.F.);
#2043=ORIENTED_EDGE('',*,*,#1598,.T.);
#2044=ORIENTED_EDGE('',*,*,#1597,.T.);
#2045=ORIENTED_EDGE('',*,*,#1599,.F.);
#2046=ORIENTED_EDGE('',*,*,#1600,.F.);
#2047=ORIENTED_EDGE('',*,*,#1601,.T.);
#2048=ORIENTED_EDGE('',*,*,#1600,.T.);
#2049=ORIENTED_EDGE('',*,*,#1602,.F.);
#2050=ORIENTED_EDGE('',*,*,#1603,.F.);
#2051=ORIENTED_EDGE('',*,*,#1604,.F.);
#2052=ORIENTED_EDGE('',*,*,#1603,.T.);
#2053=ORIENTED_EDGE('',*,*,#1605,.F.);
#2054=ORIENTED_EDGE('',*,*,#1472,.F.);
#2055=ORIENTED_EDGE('',*,*,#1606,.T.);
#2056=ORIENTED_EDGE('',*,*,#1476,.T.);
#2057=ORIENTED_EDGE('',*,*,#1607,.F.);
#2058=ORIENTED_EDGE('',*,*,#1608,.F.);
#2059=ORIENTED_EDGE('',*,*,#1609,.T.);
#2060=ORIENTED_EDGE('',*,*,#1608,.T.);
#2061=ORIENTED_EDGE('',*,*,#1610,.F.);
#2062=ORIENTED_EDGE('',*,*,#1611,.F.);
#2063=ORIENTED_EDGE('',*,*,#1612,.T.);
#2064=ORIENTED_EDGE('',*,*,#1611,.T.);
#2065=ORIENTED_EDGE('',*,*,#1613,.F.);
#2066=ORIENTED_EDGE('',*,*,#1614,.F.);
#2067=ORIENTED_EDGE('',*,*,#1461,.T.);
#2068=ORIENTED_EDGE('',*,*,#1615,.T.);
#2069=ORIENTED_EDGE('',*,*,#1614,.T.);
#2070=ORIENTED_EDGE('',*,*,#1616,.F.);
#2071=ORIENTED_EDGE('',*,*,#1617,.T.);
#2072=ORIENTED_EDGE('',*,*,#1474,.T.);
#2073=ORIENTED_EDGE('',*,*,#1618,.F.);
#2074=ORIENTED_EDGE('',*,*,#1619,.F.);
#2075=ORIENTED_EDGE('',*,*,#1620,.T.);
#2076=ORIENTED_EDGE('',*,*,#1619,.T.);
#2077=ORIENTED_EDGE('',*,*,#1621,.F.);
#2078=ORIENTED_EDGE('',*,*,#1622,.F.);
#2079=ORIENTED_EDGE('',*,*,#1623,.T.);
#2080=ORIENTED_EDGE('',*,*,#1622,.T.);
#2081=ORIENTED_EDGE('',*,*,#1624,.F.);
#2082=ORIENTED_EDGE('',*,*,#1625,.F.);
#2083=ORIENTED_EDGE('',*,*,#1626,.T.);
#2084=ORIENTED_EDGE('',*,*,#1625,.T.);
#2085=ORIENTED_EDGE('',*,*,#1627,.F.);
#2086=ORIENTED_EDGE('',*,*,#1628,.F.);
#2087=ORIENTED_EDGE('',*,*,#1629,.T.);
#2088=ORIENTED_EDGE('',*,*,#1628,.T.);
#2089=ORIENTED_EDGE('',*,*,#1630,.F.);
#2090=ORIENTED_EDGE('',*,*,#1589,.F.);
#2091=ORIENTED_EDGE('',*,*,#1631,.T.);
#2092=ORIENTED_EDGE('',*,*,#1632,.T.);
#2093=ORIENTED_EDGE('',*,*,#1633,.F.);
#2094=ORIENTED_EDGE('',*,*,#1634,.F.);
#2095=ORIENTED_EDGE('',*,*,#1635,.T.);
#2096=ORIENTED_EDGE('',*,*,#1634,.T.);
#2097=ORIENTED_EDGE('',*,*,#1636,.F.);
#2098=ORIENTED_EDGE('',*,*,#1637,.F.);
#2099=ORIENTED_EDGE('',*,*,#1638,.T.);
#2100=ORIENTED_EDGE('',*,*,#1637,.T.);
#2101=ORIENTED_EDGE('',*,*,#1639,.F.);
#2102=ORIENTED_EDGE('',*,*,#1640,.F.);
#2103=ORIENTED_EDGE('',*,*,#1641,.T.);
#2104=ORIENTED_EDGE('',*,*,#1640,.T.);
#2105=ORIENTED_EDGE('',*,*,#1642,.F.);
#2106=ORIENTED_EDGE('',*,*,#1632,.F.);
#2107=ORIENTED_EDGE('',*,*,#1482,.T.);
#2108=ORIENTED_EDGE('',*,*,#1643,.F.);
#2109=ORIENTED_EDGE('',*,*,#1644,.F.);
#2110=ORIENTED_EDGE('',*,*,#1645,.T.);
#2111=ORIENTED_EDGE('',*,*,#1646,.T.);
#2112=ORIENTED_EDGE('',*,*,#1644,.T.);
#2113=ORIENTED_EDGE('',*,*,#1647,.F.);
#2114=ORIENTED_EDGE('',*,*,#1648,.F.);
#2115=ORIENTED_EDGE('',*,*,#1649,.T.);
#2116=ORIENTED_EDGE('',*,*,#1648,.T.);
#2117=ORIENTED_EDGE('',*,*,#1650,.F.);
#2118=ORIENTED_EDGE('',*,*,#1651,.F.);
#2119=ORIENTED_EDGE('',*,*,#1652,.T.);
#2120=ORIENTED_EDGE('',*,*,#1651,.T.);
#2121=ORIENTED_EDGE('',*,*,#1653,.F.);
#2122=ORIENTED_EDGE('',*,*,#1654,.F.);
#2123=ORIENTED_EDGE('',*,*,#1478,.T.);
#2124=ORIENTED_EDGE('',*,*,#1655,.T.);
#2125=ORIENTED_EDGE('',*,*,#1654,.T.);
#2126=ORIENTED_EDGE('',*,*,#1656,.F.);
#2127=ORIENTED_EDGE('',*,*,#1657,.T.);
#2128=ORIENTED_EDGE('',*,*,#1489,.T.);
#2129=ORIENTED_EDGE('',*,*,#1658,.F.);
#2130=ORIENTED_EDGE('',*,*,#1659,.F.);
#2131=ORIENTED_EDGE('',*,*,#1660,.T.);
#2132=ORIENTED_EDGE('',*,*,#1659,.T.);
#2133=ORIENTED_EDGE('',*,*,#1661,.F.);
#2134=ORIENTED_EDGE('',*,*,#1662,.F.);
#2135=ORIENTED_EDGE('',*,*,#1663,.T.);
#2136=ORIENTED_EDGE('',*,*,#1662,.T.);
#2137=ORIENTED_EDGE('',*,*,#1664,.F.);
#2138=ORIENTED_EDGE('',*,*,#1665,.F.);
#2139=ORIENTED_EDGE('',*,*,#1666,.T.);
#2140=ORIENTED_EDGE('',*,*,#1665,.T.);
#2141=ORIENTED_EDGE('',*,*,#1667,.F.);
#2142=ORIENTED_EDGE('',*,*,#1668,.F.);
#2143=ORIENTED_EDGE('',*,*,#1669,.T.);
#2144=ORIENTED_EDGE('',*,*,#1668,.T.);
#2145=ORIENTED_EDGE('',*,*,#1670,.F.);
#2146=ORIENTED_EDGE('',*,*,#1671,.F.);
#2147=ORIENTED_EDGE('',*,*,#1672,.T.);
#2148=ORIENTED_EDGE('',*,*,#1671,.T.);
#2149=ORIENTED_EDGE('',*,*,#1673,.F.);
#2150=ORIENTED_EDGE('',*,*,#1674,.F.);
#2151=ORIENTED_EDGE('',*,*,#1675,.T.);
#2152=ORIENTED_EDGE('',*,*,#1674,.T.);
#2153=ORIENTED_EDGE('',*,*,#1676,.F.);
#2154=ORIENTED_EDGE('',*,*,#1677,.F.);
#2155=ORIENTED_EDGE('',*,*,#1678,.T.);
#2156=ORIENTED_EDGE('',*,*,#1677,.T.);
#2157=ORIENTED_EDGE('',*,*,#1679,.F.);
#2158=ORIENTED_EDGE('',*,*,#1680,.F.);
#2159=ORIENTED_EDGE('',*,*,#1681,.T.);
#2160=ORIENTED_EDGE('',*,*,#1680,.T.);
#2161=ORIENTED_EDGE('',*,*,#1682,.F.);
#2162=ORIENTED_EDGE('',*,*,#1683,.F.);
#2163=ORIENTED_EDGE('',*,*,#1684,.T.);
#2164=ORIENTED_EDGE('',*,*,#1683,.T.);
#2165=ORIENTED_EDGE('',*,*,#1685,.F.);
#2166=ORIENTED_EDGE('',*,*,#1686,.F.);
#2167=ORIENTED_EDGE('',*,*,#1687,.T.);
#2168=ORIENTED_EDGE('',*,*,#1686,.T.);
#2169=ORIENTED_EDGE('',*,*,#1688,.F.);
#2170=ORIENTED_EDGE('',*,*,#1487,.F.);
#2171=ORIENTED_EDGE('',*,*,#1689,.T.);
#2172=ORIENTED_EDGE('',*,*,#1690,.T.);
#2173=ORIENTED_EDGE('',*,*,#1691,.F.);
#2174=ORIENTED_EDGE('',*,*,#1692,.F.);
#2175=ORIENTED_EDGE('',*,*,#1693,.T.);
#2176=ORIENTED_EDGE('',*,*,#1692,.T.);
#2177=ORIENTED_EDGE('',*,*,#1694,.F.);
#2178=ORIENTED_EDGE('',*,*,#1695,.F.);
#2179=ORIENTED_EDGE('',*,*,#1696,.T.);
#2180=ORIENTED_EDGE('',*,*,#1695,.T.);
#2181=ORIENTED_EDGE('',*,*,#1697,.F.);
#2182=ORIENTED_EDGE('',*,*,#1698,.F.);
#2183=ORIENTED_EDGE('',*,*,#1699,.T.);
#2184=ORIENTED_EDGE('',*,*,#1698,.T.);
#2185=ORIENTED_EDGE('',*,*,#1700,.F.);
#2186=ORIENTED_EDGE('',*,*,#1690,.F.);
#2187=ORIENTED_EDGE('',*,*,#1700,.T.);
#2188=ORIENTED_EDGE('',*,*,#1697,.T.);
#2189=ORIENTED_EDGE('',*,*,#1694,.T.);
#2190=ORIENTED_EDGE('',*,*,#1691,.T.);
#2191=ORIENTED_EDGE('',*,*,#1616,.T.);
#2192=ORIENTED_EDGE('',*,*,#1613,.T.);
#2193=ORIENTED_EDGE('',*,*,#1610,.T.);
#2194=ORIENTED_EDGE('',*,*,#1607,.T.);
#2195=ORIENTED_EDGE('',*,*,#1475,.T.);
#2196=ORIENTED_EDGE('',*,*,#1470,.T.);
#2197=ORIENTED_EDGE('',*,*,#1466,.T.);
#2198=ORIENTED_EDGE('',*,*,#1462,.T.);
#2199=ORIENTED_EDGE('',*,*,#1618,.T.);
#2200=ORIENTED_EDGE('',*,*,#1473,.T.);
#2201=ORIENTED_EDGE('',*,*,#1605,.T.);
#2202=ORIENTED_EDGE('',*,*,#1602,.T.);
#2203=ORIENTED_EDGE('',*,*,#1599,.T.);
#2204=ORIENTED_EDGE('',*,*,#1596,.T.);
#2205=ORIENTED_EDGE('',*,*,#1593,.T.);
#2206=ORIENTED_EDGE('',*,*,#1590,.T.);
#2207=ORIENTED_EDGE('',*,*,#1630,.T.);
#2208=ORIENTED_EDGE('',*,*,#1627,.T.);
#2209=ORIENTED_EDGE('',*,*,#1624,.T.);
#2210=ORIENTED_EDGE('',*,*,#1621,.T.);
#2211=ORIENTED_EDGE('',*,*,#1515,.T.);
#2212=ORIENTED_EDGE('',*,*,#1512,.T.);
#2213=ORIENTED_EDGE('',*,*,#1509,.T.);
#2214=ORIENTED_EDGE('',*,*,#1506,.T.);
#2215=ORIENTED_EDGE('',*,*,#1551,.T.);
#2216=ORIENTED_EDGE('',*,*,#1548,.T.);
#2217=ORIENTED_EDGE('',*,*,#1545,.T.);
#2218=ORIENTED_EDGE('',*,*,#1542,.T.);
#2219=ORIENTED_EDGE('',*,*,#1539,.T.);
#2220=ORIENTED_EDGE('',*,*,#1536,.T.);
#2221=ORIENTED_EDGE('',*,*,#1533,.T.);
#2222=ORIENTED_EDGE('',*,*,#1530,.T.);
#2223=ORIENTED_EDGE('',*,*,#1527,.T.);
#2224=ORIENTED_EDGE('',*,*,#1524,.T.);
#2225=ORIENTED_EDGE('',*,*,#1521,.T.);
#2226=ORIENTED_EDGE('',*,*,#1518,.T.);
#2227=ORIENTED_EDGE('',*,*,#1587,.T.);
#2228=ORIENTED_EDGE('',*,*,#1584,.T.);
#2229=ORIENTED_EDGE('',*,*,#1581,.T.);
#2230=ORIENTED_EDGE('',*,*,#1578,.T.);
#2231=ORIENTED_EDGE('',*,*,#1575,.T.);
#2232=ORIENTED_EDGE('',*,*,#1572,.T.);
#2233=ORIENTED_EDGE('',*,*,#1569,.T.);
#2234=ORIENTED_EDGE('',*,*,#1566,.T.);
#2235=ORIENTED_EDGE('',*,*,#1563,.T.);
#2236=ORIENTED_EDGE('',*,*,#1560,.T.);
#2237=ORIENTED_EDGE('',*,*,#1557,.T.);
#2238=ORIENTED_EDGE('',*,*,#1554,.T.);
#2239=ORIENTED_EDGE('',*,*,#1642,.T.);
#2240=ORIENTED_EDGE('',*,*,#1639,.T.);
#2241=ORIENTED_EDGE('',*,*,#1636,.T.);
#2242=ORIENTED_EDGE('',*,*,#1633,.T.);
#2243=ORIENTED_EDGE('',*,*,#1658,.T.);
#2244=ORIENTED_EDGE('',*,*,#1488,.T.);
#2245=ORIENTED_EDGE('',*,*,#1688,.T.);
#2246=ORIENTED_EDGE('',*,*,#1685,.T.);
#2247=ORIENTED_EDGE('',*,*,#1682,.T.);
#2248=ORIENTED_EDGE('',*,*,#1679,.T.);
#2249=ORIENTED_EDGE('',*,*,#1676,.T.);
#2250=ORIENTED_EDGE('',*,*,#1673,.T.);
#2251=ORIENTED_EDGE('',*,*,#1670,.T.);
#2252=ORIENTED_EDGE('',*,*,#1667,.T.);
#2253=ORIENTED_EDGE('',*,*,#1664,.T.);
#2254=ORIENTED_EDGE('',*,*,#1661,.T.);
#2255=ORIENTED_EDGE('',*,*,#1503,.T.);
#2256=ORIENTED_EDGE('',*,*,#1500,.T.);
#2257=ORIENTED_EDGE('',*,*,#1497,.T.);
#2258=ORIENTED_EDGE('',*,*,#1494,.T.);
#2259=ORIENTED_EDGE('',*,*,#1656,.T.);
#2260=ORIENTED_EDGE('',*,*,#1653,.T.);
#2261=ORIENTED_EDGE('',*,*,#1650,.T.);
#2262=ORIENTED_EDGE('',*,*,#1647,.T.);
#2263=ORIENTED_EDGE('',*,*,#1643,.T.);
#2264=ORIENTED_EDGE('',*,*,#1485,.T.);
#2265=ORIENTED_EDGE('',*,*,#1491,.T.);
#2266=ORIENTED_EDGE('',*,*,#1479,.T.);
#2267=ORIENTED_EDGE('',*,*,#1699,.F.);
#2268=ORIENTED_EDGE('',*,*,#1689,.F.);
#2269=ORIENTED_EDGE('',*,*,#1693,.F.);
#2270=ORIENTED_EDGE('',*,*,#1696,.F.);
#2271=ORIENTED_EDGE('',*,*,#1617,.F.);
#2272=ORIENTED_EDGE('',*,*,#1620,.F.);
#2273=ORIENTED_EDGE('',*,*,#1623,.F.);
#2274=ORIENTED_EDGE('',*,*,#1626,.F.);
#2275=ORIENTED_EDGE('',*,*,#1629,.F.);
#2276=ORIENTED_EDGE('',*,*,#1588,.F.);
#2277=ORIENTED_EDGE('',*,*,#1592,.F.);
#2278=ORIENTED_EDGE('',*,*,#1595,.F.);
#2279=ORIENTED_EDGE('',*,*,#1598,.F.);
#2280=ORIENTED_EDGE('',*,*,#1601,.F.);
#2281=ORIENTED_EDGE('',*,*,#1604,.T.);
#2282=ORIENTED_EDGE('',*,*,#1471,.T.);
#2283=ORIENTED_EDGE('',*,*,#1464,.T.);
#2284=ORIENTED_EDGE('',*,*,#1465,.T.);
#2285=ORIENTED_EDGE('',*,*,#1469,.T.);
#2286=ORIENTED_EDGE('',*,*,#1477,.F.);
#2287=ORIENTED_EDGE('',*,*,#1606,.F.);
#2288=ORIENTED_EDGE('',*,*,#1609,.F.);
#2289=ORIENTED_EDGE('',*,*,#1612,.F.);
#2290=ORIENTED_EDGE('',*,*,#1615,.F.);
#2291=ORIENTED_EDGE('',*,*,#1481,.F.);
#2292=ORIENTED_EDGE('',*,*,#1490,.F.);
#2293=ORIENTED_EDGE('',*,*,#1483,.F.);
#2294=ORIENTED_EDGE('',*,*,#1645,.F.);
#2295=ORIENTED_EDGE('',*,*,#1646,.F.);
#2296=ORIENTED_EDGE('',*,*,#1649,.F.);
#2297=ORIENTED_EDGE('',*,*,#1652,.F.);
#2298=ORIENTED_EDGE('',*,*,#1655,.F.);
#2299=ORIENTED_EDGE('',*,*,#1514,.F.);
#2300=ORIENTED_EDGE('',*,*,#1504,.F.);
#2301=ORIENTED_EDGE('',*,*,#1508,.F.);
#2302=ORIENTED_EDGE('',*,*,#1511,.F.);
#2303=ORIENTED_EDGE('',*,*,#1550,.F.);
#2304=ORIENTED_EDGE('',*,*,#1516,.F.);
#2305=ORIENTED_EDGE('',*,*,#1520,.F.);
#2306=ORIENTED_EDGE('',*,*,#1523,.F.);
#2307=ORIENTED_EDGE('',*,*,#1526,.F.);
#2308=ORIENTED_EDGE('',*,*,#1529,.F.);
#2309=ORIENTED_EDGE('',*,*,#1532,.F.);
#2310=ORIENTED_EDGE('',*,*,#1535,.F.);
#2311=ORIENTED_EDGE('',*,*,#1538,.F.);
#2312=ORIENTED_EDGE('',*,*,#1541,.F.);
#2313=ORIENTED_EDGE('',*,*,#1544,.F.);
#2314=ORIENTED_EDGE('',*,*,#1547,.F.);
#2315=ORIENTED_EDGE('',*,*,#1586,.F.);
#2316=ORIENTED_EDGE('',*,*,#1552,.F.);
#2317=ORIENTED_EDGE('',*,*,#1556,.F.);
#2318=ORIENTED_EDGE('',*,*,#1559,.F.);
#2319=ORIENTED_EDGE('',*,*,#1562,.F.);
#2320=ORIENTED_EDGE('',*,*,#1565,.F.);
#2321=ORIENTED_EDGE('',*,*,#1568,.F.);
#2322=ORIENTED_EDGE('',*,*,#1571,.F.);
#2323=ORIENTED_EDGE('',*,*,#1574,.F.);
#2324=ORIENTED_EDGE('',*,*,#1577,.F.);
#2325=ORIENTED_EDGE('',*,*,#1580,.F.);
#2326=ORIENTED_EDGE('',*,*,#1583,.F.);
#2327=ORIENTED_EDGE('',*,*,#1641,.F.);
#2328=ORIENTED_EDGE('',*,*,#1631,.F.);
#2329=ORIENTED_EDGE('',*,*,#1635,.F.);
#2330=ORIENTED_EDGE('',*,*,#1638,.F.);
#2331=ORIENTED_EDGE('',*,*,#1501,.T.);
#2332=ORIENTED_EDGE('',*,*,#1498,.T.);
#2333=ORIENTED_EDGE('',*,*,#1495,.T.);
#2334=ORIENTED_EDGE('',*,*,#1492,.T.);
#2335=ORIENTED_EDGE('',*,*,#1657,.F.);
#2336=ORIENTED_EDGE('',*,*,#1660,.F.);
#2337=ORIENTED_EDGE('',*,*,#1663,.F.);
#2338=ORIENTED_EDGE('',*,*,#1666,.F.);
#2339=ORIENTED_EDGE('',*,*,#1669,.F.);
#2340=ORIENTED_EDGE('',*,*,#1672,.F.);
#2341=ORIENTED_EDGE('',*,*,#1675,.F.);
#2342=ORIENTED_EDGE('',*,*,#1678,.F.);
#2343=ORIENTED_EDGE('',*,*,#1681,.F.);
#2344=ORIENTED_EDGE('',*,*,#1684,.F.);
#2345=ORIENTED_EDGE('',*,*,#1687,.F.);
#2346=ORIENTED_EDGE('',*,*,#1486,.F.);
#2347=ORIENTED_EDGE('',*,*,#1701,.T.);
#2348=ORIENTED_EDGE('',*,*,#1702,.T.);
#2349=ORIENTED_EDGE('',*,*,#1703,.F.);
#2350=ORIENTED_EDGE('',*,*,#1704,.F.);
#2351=ORIENTED_EDGE('',*,*,#1705,.T.);
#2352=ORIENTED_EDGE('',*,*,#1704,.T.);
#2353=ORIENTED_EDGE('',*,*,#1706,.F.);
#2354=ORIENTED_EDGE('',*,*,#1707,.F.);
#2355=ORIENTED_EDGE('',*,*,#1708,.T.);
#2356=ORIENTED_EDGE('',*,*,#1707,.T.);
#2357=ORIENTED_EDGE('',*,*,#1709,.F.);
#2358=ORIENTED_EDGE('',*,*,#1710,.F.);
#2359=ORIENTED_EDGE('',*,*,#1711,.T.);
#2360=ORIENTED_EDGE('',*,*,#1710,.T.);
#2361=ORIENTED_EDGE('',*,*,#1712,.F.);
#2362=ORIENTED_EDGE('',*,*,#1702,.F.);
#2363=ORIENTED_EDGE('',*,*,#1712,.T.);
#2364=ORIENTED_EDGE('',*,*,#1709,.T.);
#2365=ORIENTED_EDGE('',*,*,#1706,.T.);
#2366=ORIENTED_EDGE('',*,*,#1703,.T.);
#2367=ORIENTED_EDGE('',*,*,#1711,.F.);
#2368=ORIENTED_EDGE('',*,*,#1701,.F.);
#2369=ORIENTED_EDGE('',*,*,#1705,.F.);
#2370=ORIENTED_EDGE('',*,*,#1708,.F.);
#2371=ORIENTED_EDGE('',*,*,#1713,.T.);
#2372=ORIENTED_EDGE('',*,*,#1714,.T.);
#2373=ORIENTED_EDGE('',*,*,#1715,.F.);
#2374=ORIENTED_EDGE('',*,*,#1716,.F.);
#2375=ORIENTED_EDGE('',*,*,#1717,.T.);
#2376=ORIENTED_EDGE('',*,*,#1716,.T.);
#2377=ORIENTED_EDGE('',*,*,#1718,.F.);
#2378=ORIENTED_EDGE('',*,*,#1719,.F.);
#2379=ORIENTED_EDGE('',*,*,#1720,.T.);
#2380=ORIENTED_EDGE('',*,*,#1719,.T.);
#2381=ORIENTED_EDGE('',*,*,#1721,.F.);
#2382=ORIENTED_EDGE('',*,*,#1722,.F.);
#2383=ORIENTED_EDGE('',*,*,#1723,.T.);
#2384=ORIENTED_EDGE('',*,*,#1722,.T.);
#2385=ORIENTED_EDGE('',*,*,#1724,.F.);
#2386=ORIENTED_EDGE('',*,*,#1714,.F.);
#2387=ORIENTED_EDGE('',*,*,#1724,.T.);
#2388=ORIENTED_EDGE('',*,*,#1721,.T.);
#2389=ORIENTED_EDGE('',*,*,#1718,.T.);
#2390=ORIENTED_EDGE('',*,*,#1715,.T.);
#2391=ORIENTED_EDGE('',*,*,#1723,.F.);
#2392=ORIENTED_EDGE('',*,*,#1713,.F.);
#2393=ORIENTED_EDGE('',*,*,#1717,.F.);
#2394=ORIENTED_EDGE('',*,*,#1720,.F.);
#2395=ORIENTED_EDGE('',*,*,#1725,.T.);
#2396=ORIENTED_EDGE('',*,*,#1726,.T.);
#2397=ORIENTED_EDGE('',*,*,#1727,.F.);
#2398=ORIENTED_EDGE('',*,*,#1728,.F.);
#2399=ORIENTED_EDGE('',*,*,#1729,.T.);
#2400=ORIENTED_EDGE('',*,*,#1728,.T.);
#2401=ORIENTED_EDGE('',*,*,#1730,.F.);
#2402=ORIENTED_EDGE('',*,*,#1731,.F.);
#2403=ORIENTED_EDGE('',*,*,#1732,.T.);
#2404=ORIENTED_EDGE('',*,*,#1731,.T.);
#2405=ORIENTED_EDGE('',*,*,#1733,.F.);
#2406=ORIENTED_EDGE('',*,*,#1734,.F.);
#2407=ORIENTED_EDGE('',*,*,#1735,.T.);
#2408=ORIENTED_EDGE('',*,*,#1734,.T.);
#2409=ORIENTED_EDGE('',*,*,#1736,.F.);
#2410=ORIENTED_EDGE('',*,*,#1726,.F.);
#2411=ORIENTED_EDGE('',*,*,#1736,.T.);
#2412=ORIENTED_EDGE('',*,*,#1733,.T.);
#2413=ORIENTED_EDGE('',*,*,#1730,.T.);
#2414=ORIENTED_EDGE('',*,*,#1727,.T.);
#2415=ORIENTED_EDGE('',*,*,#1735,.F.);
#2416=ORIENTED_EDGE('',*,*,#1725,.F.);
#2417=ORIENTED_EDGE('',*,*,#1729,.F.);
#2418=ORIENTED_EDGE('',*,*,#1732,.F.);
#2419=ORIENTED_EDGE('',*,*,#1737,.F.);
#2420=ORIENTED_EDGE('',*,*,#1738,.F.);
#2421=ORIENTED_EDGE('',*,*,#1739,.T.);
#2422=ORIENTED_EDGE('',*,*,#1740,.T.);
#2423=ORIENTED_EDGE('',*,*,#1741,.F.);
#2424=ORIENTED_EDGE('',*,*,#1742,.T.);
#2425=ORIENTED_EDGE('',*,*,#1743,.F.);
#2426=ORIENTED_EDGE('',*,*,#1744,.F.);
#2427=ORIENTED_EDGE('',*,*,#1745,.T.);
#2428=ORIENTED_EDGE('',*,*,#1746,.T.);
#2429=ORIENTED_EDGE('',*,*,#1738,.T.);
#2430=ORIENTED_EDGE('',*,*,#1747,.T.);
#2431=ORIENTED_EDGE('',*,*,#1748,.T.);
#2432=ORIENTED_EDGE('',*,*,#1749,.T.);
#2433=ORIENTED_EDGE('',*,*,#1750,.T.);
#2434=ORIENTED_EDGE('',*,*,#1751,.T.);
#2435=ORIENTED_EDGE('',*,*,#1752,.T.);
#2436=ORIENTED_EDGE('',*,*,#1753,.F.);
#2437=ORIENTED_EDGE('',*,*,#1754,.F.);
#2438=ORIENTED_EDGE('',*,*,#1755,.F.);
#2439=ORIENTED_EDGE('',*,*,#1756,.F.);
#2440=ORIENTED_EDGE('',*,*,#1757,.T.);
#2441=ORIENTED_EDGE('',*,*,#1758,.F.);
#2442=ORIENTED_EDGE('',*,*,#1759,.F.);
#2443=ORIENTED_EDGE('',*,*,#1760,.F.);
#2444=ORIENTED_EDGE('',*,*,#1761,.T.);
#2445=ORIENTED_EDGE('',*,*,#1762,.T.);
#2446=ORIENTED_EDGE('',*,*,#1763,.T.);
#2447=ORIENTED_EDGE('',*,*,#1764,.T.);
#2448=ORIENTED_EDGE('',*,*,#1765,.T.);
#2449=ORIENTED_EDGE('',*,*,#1766,.T.);
#2450=ORIENTED_EDGE('',*,*,#1767,.T.);
#2451=ORIENTED_EDGE('',*,*,#1768,.F.);
#2452=ORIENTED_EDGE('',*,*,#1769,.F.);
#2453=ORIENTED_EDGE('',*,*,#1770,.F.);
#2454=ORIENTED_EDGE('',*,*,#1771,.F.);
#2455=ORIENTED_EDGE('',*,*,#1772,.F.);
#2456=ORIENTED_EDGE('',*,*,#1773,.T.);
#2457=ORIENTED_EDGE('',*,*,#1774,.T.);
#2458=ORIENTED_EDGE('',*,*,#1775,.T.);
#2459=ORIENTED_EDGE('',*,*,#1776,.T.);
#2460=ORIENTED_EDGE('',*,*,#1777,.F.);
#2461=ORIENTED_EDGE('',*,*,#1778,.F.);
#2462=ORIENTED_EDGE('',*,*,#1779,.F.);
#2463=ORIENTED_EDGE('',*,*,#1780,.F.);
#2464=ORIENTED_EDGE('',*,*,#1781,.F.);
#2465=ORIENTED_EDGE('',*,*,#1782,.F.);
#2466=ORIENTED_EDGE('',*,*,#1740,.F.);
#2467=ORIENTED_EDGE('',*,*,#1783,.F.);
#2468=ORIENTED_EDGE('',*,*,#1784,.F.);
#2469=ORIENTED_EDGE('',*,*,#1785,.T.);
#2470=ORIENTED_EDGE('',*,*,#1786,.T.);
#2471=ORIENTED_EDGE('',*,*,#1787,.F.);
#2472=ORIENTED_EDGE('',*,*,#1788,.T.);
#2473=ORIENTED_EDGE('',*,*,#1789,.T.);
#2474=ORIENTED_EDGE('',*,*,#1790,.T.);
#2475=ORIENTED_EDGE('',*,*,#1791,.T.);
#2476=ORIENTED_EDGE('',*,*,#1792,.T.);
#2477=ORIENTED_EDGE('',*,*,#1793,.F.);
#2478=ORIENTED_EDGE('',*,*,#1794,.F.);
#2479=ORIENTED_EDGE('',*,*,#1795,.F.);
#2480=ORIENTED_EDGE('',*,*,#1796,.F.);
#2481=ORIENTED_EDGE('',*,*,#1797,.F.);
#2482=ORIENTED_EDGE('',*,*,#1798,.F.);
#2483=ORIENTED_EDGE('',*,*,#1799,.F.);
#2484=ORIENTED_EDGE('',*,*,#1800,.T.);
#2485=ORIENTED_EDGE('',*,*,#1801,.T.);
#2486=ORIENTED_EDGE('',*,*,#1802,.T.);
#2487=ORIENTED_EDGE('',*,*,#1803,.F.);
#2488=ORIENTED_EDGE('',*,*,#1802,.F.);
#2489=ORIENTED_EDGE('',*,*,#1804,.F.);
#2490=ORIENTED_EDGE('',*,*,#1758,.T.);
#2491=ORIENTED_EDGE('',*,*,#1805,.F.);
#2492=ORIENTED_EDGE('',*,*,#1786,.F.);
#2493=ORIENTED_EDGE('',*,*,#1806,.F.);
#2494=ORIENTED_EDGE('',*,*,#1743,.T.);
#2495=ORIENTED_EDGE('',*,*,#1807,.F.);
#2496=ORIENTED_EDGE('',*,*,#1762,.F.);
#2497=ORIENTED_EDGE('',*,*,#1808,.T.);
#2498=ORIENTED_EDGE('',*,*,#1798,.T.);
#2499=ORIENTED_EDGE('',*,*,#1809,.T.);
#2500=ORIENTED_EDGE('',*,*,#1810,.T.);
#2501=ORIENTED_EDGE('',*,*,#1811,.F.);
#2502=ORIENTED_EDGE('',*,*,#1812,.F.);
#2503=ORIENTED_EDGE('',*,*,#1811,.T.);
#2504=ORIENTED_EDGE('',*,*,#1813,.T.);
#2505=ORIENTED_EDGE('',*,*,#1814,.F.);
#2506=ORIENTED_EDGE('',*,*,#1815,.F.);
#2507=ORIENTED_EDGE('',*,*,#1816,.F.);
#2508=ORIENTED_EDGE('',*,*,#1817,.F.);
#2509=ORIENTED_EDGE('',*,*,#1781,.T.);
#2510=ORIENTED_EDGE('',*,*,#1818,.F.);
#2511=ORIENTED_EDGE('',*,*,#1748,.F.);
#2512=ORIENTED_EDGE('',*,*,#1815,.T.);
#2513=ORIENTED_EDGE('',*,*,#1780,.T.);
#2514=ORIENTED_EDGE('',*,*,#1819,.F.);
#2515=ORIENTED_EDGE('',*,*,#1749,.F.);
#2516=ORIENTED_EDGE('',*,*,#1818,.T.);
#2517=ORIENTED_EDGE('',*,*,#1779,.T.);
#2518=ORIENTED_EDGE('',*,*,#1820,.F.);
#2519=ORIENTED_EDGE('',*,*,#1750,.F.);
#2520=ORIENTED_EDGE('',*,*,#1819,.T.);
#2521=ORIENTED_EDGE('',*,*,#1778,.T.);
#2522=ORIENTED_EDGE('',*,*,#1821,.F.);
#2523=ORIENTED_EDGE('',*,*,#1751,.F.);
#2524=ORIENTED_EDGE('',*,*,#1820,.T.);
#2525=ORIENTED_EDGE('',*,*,#1777,.T.);
#2526=ORIENTED_EDGE('',*,*,#1822,.F.);
#2527=ORIENTED_EDGE('',*,*,#1752,.F.);
#2528=ORIENTED_EDGE('',*,*,#1821,.T.);
#2529=ORIENTED_EDGE('',*,*,#1823,.F.);
#2530=ORIENTED_EDGE('',*,*,#1784,.T.);
#2531=ORIENTED_EDGE('',*,*,#1824,.F.);
#2532=ORIENTED_EDGE('',*,*,#1745,.F.);
#2533=ORIENTED_EDGE('',*,*,#1825,.T.);
#2534=ORIENTED_EDGE('',*,*,#1826,.T.);
#2535=ORIENTED_EDGE('',*,*,#1783,.T.);
#2536=ORIENTED_EDGE('',*,*,#1739,.F.);
#2537=ORIENTED_EDGE('',*,*,#1746,.F.);
#2538=ORIENTED_EDGE('',*,*,#1824,.T.);
#2539=ORIENTED_EDGE('',*,*,#1827,.T.);
#2540=ORIENTED_EDGE('',*,*,#1828,.T.);
#2541=ORIENTED_EDGE('',*,*,#1829,.T.);
#2542=ORIENTED_EDGE('',*,*,#1809,.F.);
#2543=ORIENTED_EDGE('',*,*,#1830,.F.);
#2544=ORIENTED_EDGE('',*,*,#1831,.T.);
#2545=ORIENTED_EDGE('',*,*,#1788,.F.);
#2546=ORIENTED_EDGE('',*,*,#1827,.F.);
#2547=ORIENTED_EDGE('',*,*,#1756,.T.);
#2548=ORIENTED_EDGE('',*,*,#1832,.T.);
#2549=ORIENTED_EDGE('',*,*,#1789,.F.);
#2550=ORIENTED_EDGE('',*,*,#1832,.F.);
#2551=ORIENTED_EDGE('',*,*,#1771,.T.);
#2552=ORIENTED_EDGE('',*,*,#1833,.T.);
#2553=ORIENTED_EDGE('',*,*,#1790,.F.);
#2554=ORIENTED_EDGE('',*,*,#1833,.F.);
#2555=ORIENTED_EDGE('',*,*,#1770,.T.);
#2556=ORIENTED_EDGE('',*,*,#1834,.T.);
#2557=ORIENTED_EDGE('',*,*,#1791,.F.);
#2558=ORIENTED_EDGE('',*,*,#1834,.F.);
#2559=ORIENTED_EDGE('',*,*,#1769,.T.);
#2560=ORIENTED_EDGE('',*,*,#1835,.T.);
#2561=ORIENTED_EDGE('',*,*,#1792,.F.);
#2562=ORIENTED_EDGE('',*,*,#1835,.F.);
#2563=ORIENTED_EDGE('',*,*,#1768,.T.);
#2564=ORIENTED_EDGE('',*,*,#1836,.T.);
#2565=ORIENTED_EDGE('',*,*,#1837,.T.);
#2566=ORIENTED_EDGE('',*,*,#1800,.F.);
#2567=ORIENTED_EDGE('',*,*,#1838,.F.);
#2568=ORIENTED_EDGE('',*,*,#1760,.T.);
#2569=ORIENTED_EDGE('',*,*,#1839,.T.);
#2570=ORIENTED_EDGE('',*,*,#1840,.T.);
#2571=ORIENTED_EDGE('',*,*,#1801,.F.);
#2572=ORIENTED_EDGE('',*,*,#1839,.F.);
#2573=ORIENTED_EDGE('',*,*,#1759,.T.);
#2574=ORIENTED_EDGE('',*,*,#1804,.T.);
#2575=ORIENTED_EDGE('',*,*,#1841,.T.);
#2576=ORIENTED_EDGE('',*,*,#1842,.T.);
#2577=ORIENTED_EDGE('',*,*,#1843,.F.);
#2578=ORIENTED_EDGE('',*,*,#1844,.F.);
#2579=ORIENTED_EDGE('',*,*,#1845,.T.);
#2580=ORIENTED_EDGE('',*,*,#1846,.T.);
#2581=ORIENTED_EDGE('',*,*,#1847,.T.);
#2582=ORIENTED_EDGE('',*,*,#1841,.F.);
#2583=ORIENTED_EDGE('',*,*,#1848,.F.);
#2584=ORIENTED_EDGE('',*,*,#1849,.T.);
#2585=ORIENTED_EDGE('',*,*,#1773,.F.);
#2586=ORIENTED_EDGE('',*,*,#1845,.F.);
#2587=ORIENTED_EDGE('',*,*,#1741,.T.);
#2588=ORIENTED_EDGE('',*,*,#1850,.T.);
#2589=ORIENTED_EDGE('',*,*,#1774,.F.);
#2590=ORIENTED_EDGE('',*,*,#1850,.F.);
#2591=ORIENTED_EDGE('',*,*,#1755,.T.);
#2592=ORIENTED_EDGE('',*,*,#1851,.T.);
#2593=ORIENTED_EDGE('',*,*,#1775,.F.);
#2594=ORIENTED_EDGE('',*,*,#1851,.F.);
#2595=ORIENTED_EDGE('',*,*,#1754,.T.);
#2596=ORIENTED_EDGE('',*,*,#1852,.T.);
#2597=ORIENTED_EDGE('',*,*,#1776,.F.);
#2598=ORIENTED_EDGE('',*,*,#1852,.F.);
#2599=ORIENTED_EDGE('',*,*,#1753,.T.);
#2600=ORIENTED_EDGE('',*,*,#1822,.T.);
#2601=ORIENTED_EDGE('',*,*,#1785,.F.);
#2602=ORIENTED_EDGE('',*,*,#1825,.F.);
#2603=ORIENTED_EDGE('',*,*,#1744,.T.);
#2604=ORIENTED_EDGE('',*,*,#1806,.T.);
#2605=ORIENTED_EDGE('',*,*,#1843,.T.);
#2606=ORIENTED_EDGE('',*,*,#1853,.T.);
#2607=ORIENTED_EDGE('',*,*,#1854,.F.);
#2608=ORIENTED_EDGE('',*,*,#1855,.F.);
#2609=ORIENTED_EDGE('',*,*,#1856,.F.);
#2610=ORIENTED_EDGE('',*,*,#1857,.F.);
#2611=ORIENTED_EDGE('',*,*,#1796,.T.);
#2612=ORIENTED_EDGE('',*,*,#1858,.F.);
#2613=ORIENTED_EDGE('',*,*,#1764,.F.);
#2614=ORIENTED_EDGE('',*,*,#1855,.T.);
#2615=ORIENTED_EDGE('',*,*,#1795,.T.);
#2616=ORIENTED_EDGE('',*,*,#1859,.F.);
#2617=ORIENTED_EDGE('',*,*,#1765,.F.);
#2618=ORIENTED_EDGE('',*,*,#1858,.T.);
#2619=ORIENTED_EDGE('',*,*,#1794,.T.);
#2620=ORIENTED_EDGE('',*,*,#1860,.F.);
#2621=ORIENTED_EDGE('',*,*,#1766,.F.);
#2622=ORIENTED_EDGE('',*,*,#1859,.T.);
#2623=ORIENTED_EDGE('',*,*,#1793,.T.);
#2624=ORIENTED_EDGE('',*,*,#1836,.F.);
#2625=ORIENTED_EDGE('',*,*,#1767,.F.);
#2626=ORIENTED_EDGE('',*,*,#1860,.T.);
#2627=ORIENTED_EDGE('',*,*,#1799,.T.);
#2628=ORIENTED_EDGE('',*,*,#1808,.F.);
#2629=ORIENTED_EDGE('',*,*,#1761,.F.);
#2630=ORIENTED_EDGE('',*,*,#1838,.T.);
#2631=ORIENTED_EDGE('',*,*,#1837,.F.);
#2632=ORIENTED_EDGE('',*,*,#1861,.T.);
#2633=ORIENTED_EDGE('',*,*,#1840,.F.);
#2634=ORIENTED_EDGE('',*,*,#1861,.F.);
#2635=ORIENTED_EDGE('',*,*,#1826,.F.);
#2636=ORIENTED_EDGE('',*,*,#1862,.T.);
#2637=ORIENTED_EDGE('',*,*,#1823,.T.);
#2638=ORIENTED_EDGE('',*,*,#1862,.F.);
#2639=ORIENTED_EDGE('',*,*,#1747,.F.);
#2640=ORIENTED_EDGE('',*,*,#1737,.T.);
#2641=ORIENTED_EDGE('',*,*,#1782,.T.);
#2642=ORIENTED_EDGE('',*,*,#1814,.T.);
#2643=ORIENTED_EDGE('',*,*,#1863,.T.);
#2644=ORIENTED_EDGE('',*,*,#1846,.F.);
#2645=ORIENTED_EDGE('',*,*,#1772,.T.);
#2646=ORIENTED_EDGE('',*,*,#1805,.T.);
#2647=ORIENTED_EDGE('',*,*,#1742,.F.);
#2648=ORIENTED_EDGE('',*,*,#1849,.F.);
#2649=ORIENTED_EDGE('',*,*,#1864,.F.);
#2650=ORIENTED_EDGE('',*,*,#1816,.T.);
#2651=ORIENTED_EDGE('',*,*,#1757,.F.);
#2652=ORIENTED_EDGE('',*,*,#1831,.F.);
#2653=ORIENTED_EDGE('',*,*,#1865,.F.);
#2654=ORIENTED_EDGE('',*,*,#1856,.T.);
#2655=ORIENTED_EDGE('',*,*,#1763,.F.);
#2656=ORIENTED_EDGE('',*,*,#1807,.T.);
#2657=ORIENTED_EDGE('',*,*,#1797,.T.);
#2658=ORIENTED_EDGE('',*,*,#1854,.T.);
#2659=ORIENTED_EDGE('',*,*,#1866,.T.);
#2660=ORIENTED_EDGE('',*,*,#1828,.F.);
#2661=ORIENTED_EDGE('',*,*,#1787,.T.);
#2662=ORIENTED_EDGE('',*,*,#1803,.T.);
#2663=ORIENTED_EDGE('',*,*,#1817,.T.);
#2664=ORIENTED_EDGE('',*,*,#1864,.T.);
#2665=ORIENTED_EDGE('',*,*,#1848,.T.);
#2666=ORIENTED_EDGE('',*,*,#1844,.T.);
#2667=ORIENTED_EDGE('',*,*,#1857,.T.);
#2668=ORIENTED_EDGE('',*,*,#1865,.T.);
#2669=ORIENTED_EDGE('',*,*,#1830,.T.);
#2670=ORIENTED_EDGE('',*,*,#1812,.T.);
#2671=ORIENTED_EDGE('',*,*,#1813,.F.);
#2672=ORIENTED_EDGE('',*,*,#1810,.F.);
#2673=ORIENTED_EDGE('',*,*,#1829,.F.);
#2674=ORIENTED_EDGE('',*,*,#1866,.F.);
#2675=ORIENTED_EDGE('',*,*,#1853,.F.);
#2676=ORIENTED_EDGE('',*,*,#1842,.F.);
#2677=ORIENTED_EDGE('',*,*,#1847,.F.);
#2678=ORIENTED_EDGE('',*,*,#1863,.F.);
#2679=PLANE('',#3008);
#2680=PLANE('',#3009);
#2681=PLANE('',#3010);
#2682=PLANE('',#3011);
#2683=PLANE('',#3012);
#2684=PLANE('',#3013);
#2685=PLANE('',#3014);
#2686=PLANE('',#3015);
#2687=PLANE('',#3016);
#2688=PLANE('',#3029);
#2689=PLANE('',#3030);
#2690=PLANE('',#3031);
#2691=PLANE('',#3032);
#2692=PLANE('',#3033);
#2693=PLANE('',#3034);
#2694=PLANE('',#3035);
#2695=PLANE('',#3036);
#2696=PLANE('',#3037);
#2697=PLANE('',#3038);
#2698=PLANE('',#3039);
#2699=PLANE('',#3040);
#2700=PLANE('',#3041);
#2701=PLANE('',#3042);
#2702=PLANE('',#3043);
#2703=PLANE('',#3044);
#2704=PLANE('',#3045);
#2705=PLANE('',#3046);
#2706=PLANE('',#3047);
#2707=PLANE('',#3048);
#2708=PLANE('',#3049);
#2709=PLANE('',#3050);
#2710=PLANE('',#3051);
#2711=PLANE('',#3052);
#2712=PLANE('',#3053);
#2713=PLANE('',#3054);
#2714=PLANE('',#3055);
#2715=PLANE('',#3056);
#2716=PLANE('',#3057);
#2717=PLANE('',#3058);
#2718=PLANE('',#3059);
#2719=PLANE('',#3060);
#2720=PLANE('',#3061);
#2721=PLANE('',#3062);
#2722=PLANE('',#3063);
#2723=PLANE('',#3064);
#2724=PLANE('',#3065);
#2725=PLANE('',#3066);
#2726=PLANE('',#3067);
#2727=PLANE('',#3068);
#2728=PLANE('',#3069);
#2729=PLANE('',#3070);
#2730=PLANE('',#3071);
#2731=PLANE('',#3072);
#2732=PLANE('',#3073);
#2733=PLANE('',#3074);
#2734=PLANE('',#3075);
#2735=PLANE('',#3076);
#2736=PLANE('',#3077);
#2737=PLANE('',#3078);
#2738=PLANE('',#3079);
#2739=PLANE('',#3080);
#2740=PLANE('',#3081);
#2741=PLANE('',#3082);
#2742=PLANE('',#3083);
#2743=PLANE('',#3084);
#2744=PLANE('',#3085);
#2745=PLANE('',#3086);
#2746=PLANE('',#3087);
#2747=PLANE('',#3088);
#2748=PLANE('',#3089);
#2749=PLANE('',#3090);
#2750=PLANE('',#3091);
#2751=PLANE('',#3092);
#2752=PLANE('',#3093);
#2753=PLANE('',#3094);
#2754=PLANE('',#3095);
#2755=PLANE('',#3096);
#2756=PLANE('',#3097);
#2757=PLANE('',#3099);
#2758=PLANE('',#3100);
#2759=PLANE('',#3101);
#2760=PLANE('',#3102);
#2761=PLANE('',#3103);
#2762=PLANE('',#3104);
#2763=PLANE('',#3106);
#2764=PLANE('',#3107);
#2765=PLANE('',#3108);
#2766=PLANE('',#3109);
#2767=PLANE('',#3110);
#2768=PLANE('',#3111);
#2769=PLANE('',#3113);
#2770=PLANE('',#3114);
#2771=PLANE('',#3115);
#2772=PLANE('',#3116);
#2773=PLANE('',#3117);
#2774=PLANE('',#3118);
#2775=PLANE('',#3122);
#2776=PLANE('',#3123);
#2777=PLANE('',#3130);
#2778=PLANE('',#3137);
#2779=PLANE('',#3144);
#2780=PLANE('',#3151);
#2781=PLANE('',#3152);
#2782=PLANE('',#3153);
#2783=PLANE('',#3154);
#2784=PLANE('',#3158);
#2785=PLANE('',#3161);
#2786=PLANE('',#3162);
#2787=PLANE('',#3164);
#2788=PLANE('',#3170);
#2789=PLANE('',#3173);
#2790=PLANE('',#3174);
#2791=PLANE('',#3176);
#2792=PLANE('',#3179);
#2793=PLANE('',#3183);
#2794=PLANE('',#3186);
#2795=PLANE('',#3191);
#2796=PLANE('',#3194);
#2797=PLANE('',#3198);
#2798=PLANE('',#3199);
#2799=PLANE('',#3200);
#2800=PLANE('',#3201);
#2801=ADVANCED_FACE('',(#153),#2679,.T.);
#2802=ADVANCED_FACE('',(#154),#2680,.T.);
#2803=ADVANCED_FACE('',(#155),#2681,.T.);
#2804=ADVANCED_FACE('',(#156),#2682,.T.);
#2805=ADVANCED_FACE('',(#157),#2683,.T.);
#2806=ADVANCED_FACE('',(#158),#2684,.T.);
#2807=ADVANCED_FACE('',(#159),#2685,.T.);
#2808=ADVANCED_FACE('',(#160),#2686,.T.);
#2809=ADVANCED_FACE('',(#161),#2687,.T.);
#2810=ADVANCED_FACE('',(#162),#131,.F.);
#2811=ADVANCED_FACE('',(#163),#132,.F.);
#2812=ADVANCED_FACE('',(#164),#133,.F.);
#2813=ADVANCED_FACE('',(#165),#134,.F.);
#2814=ADVANCED_FACE('',(#166),#2688,.T.);
#2815=ADVANCED_FACE('',(#167),#2689,.T.);
#2816=ADVANCED_FACE('',(#168),#2690,.T.);
#2817=ADVANCED_FACE('',(#169),#2691,.T.);
#2818=ADVANCED_FACE('',(#170),#2692,.T.);
#2819=ADVANCED_FACE('',(#171),#2693,.T.);
#2820=ADVANCED_FACE('',(#172),#2694,.T.);
#2821=ADVANCED_FACE('',(#173),#2695,.T.);
#2822=ADVANCED_FACE('',(#174),#2696,.T.);
#2823=ADVANCED_FACE('',(#175),#2697,.T.);
#2824=ADVANCED_FACE('',(#176),#2698,.T.);
#2825=ADVANCED_FACE('',(#177),#2699,.T.);
#2826=ADVANCED_FACE('',(#178),#2700,.T.);
#2827=ADVANCED_FACE('',(#179),#2701,.T.);
#2828=ADVANCED_FACE('',(#180),#2702,.T.);
#2829=ADVANCED_FACE('',(#181),#2703,.T.);
#2830=ADVANCED_FACE('',(#182),#2704,.T.);
#2831=ADVANCED_FACE('',(#183),#2705,.T.);
#2832=ADVANCED_FACE('',(#184),#2706,.T.);
#2833=ADVANCED_FACE('',(#185),#2707,.T.);
#2834=ADVANCED_FACE('',(#186),#2708,.T.);
#2835=ADVANCED_FACE('',(#187),#2709,.T.);
#2836=ADVANCED_FACE('',(#188),#2710,.T.);
#2837=ADVANCED_FACE('',(#189),#2711,.T.);
#2838=ADVANCED_FACE('',(#190),#2712,.T.);
#2839=ADVANCED_FACE('',(#191),#2713,.T.);
#2840=ADVANCED_FACE('',(#192),#2714,.T.);
#2841=ADVANCED_FACE('',(#193),#2715,.T.);
#2842=ADVANCED_FACE('',(#194),#2716,.T.);
#2843=ADVANCED_FACE('',(#195),#2717,.T.);
#2844=ADVANCED_FACE('',(#196),#2718,.T.);
#2845=ADVANCED_FACE('',(#197),#2719,.T.);
#2846=ADVANCED_FACE('',(#198),#2720,.T.);
#2847=ADVANCED_FACE('',(#199),#2721,.T.);
#2848=ADVANCED_FACE('',(#200),#2722,.T.);
#2849=ADVANCED_FACE('',(#201),#2723,.T.);
#2850=ADVANCED_FACE('',(#202),#2724,.T.);
#2851=ADVANCED_FACE('',(#203),#2725,.T.);
#2852=ADVANCED_FACE('',(#204),#2726,.T.);
#2853=ADVANCED_FACE('',(#205),#2727,.T.);
#2854=ADVANCED_FACE('',(#206),#2728,.T.);
#2855=ADVANCED_FACE('',(#207),#2729,.T.);
#2856=ADVANCED_FACE('',(#208),#2730,.T.);
#2857=ADVANCED_FACE('',(#209),#2731,.T.);
#2858=ADVANCED_FACE('',(#210),#2732,.T.);
#2859=ADVANCED_FACE('',(#211),#2733,.T.);
#2860=ADVANCED_FACE('',(#212),#2734,.T.);
#2861=ADVANCED_FACE('',(#213),#2735,.T.);
#2862=ADVANCED_FACE('',(#214),#2736,.T.);
#2863=ADVANCED_FACE('',(#215),#2737,.T.);
#2864=ADVANCED_FACE('',(#216),#2738,.T.);
#2865=ADVANCED_FACE('',(#217),#2739,.T.);
#2866=ADVANCED_FACE('',(#218),#2740,.T.);
#2867=ADVANCED_FACE('',(#219),#2741,.T.);
#2868=ADVANCED_FACE('',(#220),#2742,.T.);
#2869=ADVANCED_FACE('',(#221),#2743,.T.);
#2870=ADVANCED_FACE('',(#222),#2744,.T.);
#2871=ADVANCED_FACE('',(#223),#2745,.T.);
#2872=ADVANCED_FACE('',(#224),#2746,.T.);
#2873=ADVANCED_FACE('',(#225),#2747,.T.);
#2874=ADVANCED_FACE('',(#226),#2748,.T.);
#2875=ADVANCED_FACE('',(#227),#2749,.T.);
#2876=ADVANCED_FACE('',(#228),#2750,.T.);
#2877=ADVANCED_FACE('',(#229),#2751,.T.);
#2878=ADVANCED_FACE('',(#230),#2752,.T.);
#2879=ADVANCED_FACE('',(#231),#2753,.T.);
#2880=ADVANCED_FACE('',(#232),#2754,.T.);
#2881=ADVANCED_FACE('',(#233,#59,#60,#61,#62,#63,#64,#65,#66,#67,#68,#69,
#70),#2755,.T.);
#2882=ADVANCED_FACE('',(#234,#71,#72,#73,#74,#75,#76,#77,#78,#79,#80,#81,
#82),#2756,.F.);
#2883=ADVANCED_FACE('',(#235),#2757,.T.);
#2884=ADVANCED_FACE('',(#236),#2758,.T.);
#2885=ADVANCED_FACE('',(#237),#2759,.T.);
#2886=ADVANCED_FACE('',(#238),#2760,.T.);
#2887=ADVANCED_FACE('',(#239),#2761,.T.);
#2888=ADVANCED_FACE('',(#240),#2762,.F.);
#2889=ADVANCED_FACE('',(#241),#2763,.T.);
#2890=ADVANCED_FACE('',(#242),#2764,.T.);
#2891=ADVANCED_FACE('',(#243),#2765,.T.);
#2892=ADVANCED_FACE('',(#244),#2766,.T.);
#2893=ADVANCED_FACE('',(#245),#2767,.T.);
#2894=ADVANCED_FACE('',(#246),#2768,.F.);
#2895=ADVANCED_FACE('',(#247),#2769,.T.);
#2896=ADVANCED_FACE('',(#248),#2770,.T.);
#2897=ADVANCED_FACE('',(#249),#2771,.T.);
#2898=ADVANCED_FACE('',(#250),#2772,.T.);
#2899=ADVANCED_FACE('',(#251),#2773,.T.);
#2900=ADVANCED_FACE('',(#252),#2774,.F.);
#2901=ADVANCED_FACE('',(#253),#2775,.F.);
#2902=ADVANCED_FACE('',(#254),#2776,.T.);
#2903=ADVANCED_FACE('',(#255),#2777,.T.);
#2904=ADVANCED_FACE('',(#256),#2778,.F.);
#2905=ADVANCED_FACE('',(#257),#2779,.F.);
#2906=ADVANCED_FACE('',(#258),#2780,.F.);
#2907=ADVANCED_FACE('',(#259),#2781,.F.);
#2908=ADVANCED_FACE('',(#260),#2782,.F.);
#2909=ADVANCED_FACE('',(#261),#2783,.F.);
#2910=ADVANCED_FACE('',(#262),#135,.T.);
#2911=ADVANCED_FACE('',(#263),#2784,.F.);
#2912=ADVANCED_FACE('',(#264),#136,.T.);
#2913=ADVANCED_FACE('',(#265),#137,.F.);
#2914=ADVANCED_FACE('',(#266),#2785,.F.);
#2915=ADVANCED_FACE('',(#267,#83),#2786,.F.);
#2916=ADVANCED_FACE('',(#268,#84),#2787,.F.);
#2917=ADVANCED_FACE('',(#269),#138,.F.);
#2918=ADVANCED_FACE('',(#270),#139,.T.);
#2919=ADVANCED_FACE('',(#271),#2788,.F.);
#2920=ADVANCED_FACE('',(#272),#140,.T.);
#2921=ADVANCED_FACE('',(#273),#141,.F.);
#2922=ADVANCED_FACE('',(#274),#2789,.F.);
#2923=ADVANCED_FACE('',(#275,#85),#2790,.F.);
#2924=ADVANCED_FACE('',(#276,#86),#2791,.F.);
#2925=ADVANCED_FACE('',(#277),#142,.F.);
#2926=ADVANCED_FACE('',(#278),#2792,.F.);
#2927=ADVANCED_FACE('',(#279),#143,.T.);
#2928=ADVANCED_FACE('',(#280),#2793,.F.);
#2929=ADVANCED_FACE('',(#281),#144,.T.);
#2930=ADVANCED_FACE('',(#282),#145,.F.);
#2931=ADVANCED_FACE('',(#283),#2794,.F.);
#2932=ADVANCED_FACE('',(#284),#146,.F.);
#2933=ADVANCED_FACE('',(#285),#147,.T.);
#2934=ADVANCED_FACE('',(#286),#2795,.F.);
#2935=ADVANCED_FACE('',(#287),#148,.T.);
#2936=ADVANCED_FACE('',(#288),#149,.F.);
#2937=ADVANCED_FACE('',(#289),#2796,.F.);
#2938=ADVANCED_FACE('',(#290),#150,.F.);
#2939=ADVANCED_FACE('',(#291),#151,.F.);
#2940=ADVANCED_FACE('',(#292),#152,.F.);
#2941=ADVANCED_FACE('',(#293),#2797,.F.);
#2942=ADVANCED_FACE('',(#294),#2798,.F.);
#2943=ADVANCED_FACE('',(#295),#2799,.T.);
#2944=ADVANCED_FACE('',(#296),#2800,.F.);
#2945=CLOSED_SHELL('',(#2801,#2802,#2803,#2804,#2805,#2806,#2807,#2808,
#2809,#2810,#2811,#2812,#2813,#2814,#2815,#2816,#2817,#2818,#2819,#2820,
#2821,#2822,#2823,#2824,#2825,#2826,#2827,#2828,#2829,#2830,#2831,#2832,
#2833,#2834,#2835,#2836,#2837,#2838,#2839,#2840,#2841,#2842,#2843,#2844,
#2845,#2846,#2847,#2848,#2849,#2850,#2851,#2852,#2853,#2854,#2855,#2856,
#2857,#2858,#2859,#2860,#2861,#2862,#2863,#2864,#2865,#2866,#2867,#2868,
#2869,#2870,#2871,#2872,#2873,#2874,#2875,#2876,#2877,#2878,#2879,#2880,
#2881,#2882));
#2946=CLOSED_SHELL('',(#2883,#2884,#2885,#2886,#2887,#2888));
#2947=CLOSED_SHELL('',(#2889,#2890,#2891,#2892,#2893,#2894));
#2948=CLOSED_SHELL('',(#2895,#2896,#2897,#2898,#2899,#2900));
#2949=CLOSED_SHELL('',(#2901,#2902,#2903,#2904,#2905,#2906,#2907,#2908,
#2909,#2910,#2911,#2912,#2913,#2914,#2915,#2916,#2917,#2918,#2919,#2920,
#2921,#2922,#2923,#2924,#2925,#2926,#2927,#2928,#2929,#2930,#2931,#2932,
#2933,#2934,#2935,#2936,#2937,#2938,#2939,#2940,#2941,#2942,#2943,#2944));
#2950=DERIVED_UNIT_ELEMENT(#2960,1.);
#2951=DERIVED_UNIT_ELEMENT(#4829,-3.);
#2952=DERIVED_UNIT_ELEMENT(#2960,1.);
#2953=DERIVED_UNIT_ELEMENT(#4829,-3.);
#2954=DERIVED_UNIT_ELEMENT(#2960,1.);
#2955=DERIVED_UNIT_ELEMENT(#4829,-3.);
#2956=DERIVED_UNIT_ELEMENT(#2960,1.);
#2957=DERIVED_UNIT_ELEMENT(#4829,-3.);
#2958=DERIVED_UNIT_ELEMENT(#2960,1.);
#2959=DERIVED_UNIT_ELEMENT(#4829,-3.);
#2960=(
MASS_UNIT()
NAMED_UNIT(*)
SI_UNIT(.KILO.,.GRAM.)
);
#2961=DERIVED_UNIT((#2950,#2951));
#2962=DERIVED_UNIT((#2952,#2953));
#2963=DERIVED_UNIT((#2954,#2955));
#2964=DERIVED_UNIT((#2956,#2957));
#2965=DERIVED_UNIT((#2958,#2959));
#2966=MEASURE_REPRESENTATION_ITEM('density measure',
POSITIVE_RATIO_MEASURE(7850.),#2961);
#2967=MEASURE_REPRESENTATION_ITEM('density measure',
POSITIVE_RATIO_MEASURE(7850.),#2962);
#2968=MEASURE_REPRESENTATION_ITEM('density measure',
POSITIVE_RATIO_MEASURE(7850.),#2963);
#2969=MEASURE_REPRESENTATION_ITEM('density measure',
POSITIVE_RATIO_MEASURE(7850.),#2964);
#2970=MEASURE_REPRESENTATION_ITEM('density measure',
POSITIVE_RATIO_MEASURE(7850.),#2965);
#2971=PROPERTY_DEFINITION_REPRESENTATION(#2996,#2981);
#2972=PROPERTY_DEFINITION_REPRESENTATION(#2997,#2982);
#2973=PROPERTY_DEFINITION_REPRESENTATION(#2998,#2983);
#2974=PROPERTY_DEFINITION_REPRESENTATION(#2999,#2984);
#2975=PROPERTY_DEFINITION_REPRESENTATION(#3000,#2985);
#2976=PROPERTY_DEFINITION_REPRESENTATION(#3001,#2986);
#2977=PROPERTY_DEFINITION_REPRESENTATION(#3002,#2987);
#2978=PROPERTY_DEFINITION_REPRESENTATION(#3003,#2988);
#2979=PROPERTY_DEFINITION_REPRESENTATION(#3004,#2989);
#2980=PROPERTY_DEFINITION_REPRESENTATION(#3005,#2990);
#2981=REPRESENTATION('material name',(#2991),#4820);
#2982=REPRESENTATION('density',(#2966),#4820);
#2983=REPRESENTATION('material name',(#2992),#4821);
#2984=REPRESENTATION('density',(#2967),#4821);
#2985=REPRESENTATION('material name',(#2993),#4822);
#2986=REPRESENTATION('density',(#2968),#4822);
#2987=REPRESENTATION('material name',(#2994),#4823);
#2988=REPRESENTATION('density',(#2969),#4823);
#2989=REPRESENTATION('material name',(#2995),#4826);
#2990=REPRESENTATION('density',(#2970),#4826);
#2991=DESCRIPTIVE_REPRESENTATION_ITEM('Steel','Steel');
#2992=DESCRIPTIVE_REPRESENTATION_ITEM('Steel','Steel');
#2993=DESCRIPTIVE_REPRESENTATION_ITEM('Steel','Steel');
#2994=DESCRIPTIVE_REPRESENTATION_ITEM('Steel','Steel');
#2995=DESCRIPTIVE_REPRESENTATION_ITEM('Steel','Steel');
#2996=PROPERTY_DEFINITION('material property','material name',#4865);
#2997=PROPERTY_DEFINITION('material property','density of part',#4865);
#2998=PROPERTY_DEFINITION('material property','material name',#4866);
#2999=PROPERTY_DEFINITION('material property','density of part',#4866);
#3000=PROPERTY_DEFINITION('material property','material name',#4867);
#3001=PROPERTY_DEFINITION('material property','density of part',#4867);
#3002=PROPERTY_DEFINITION('material property','material name',#4868);
#3003=PROPERTY_DEFINITION('material property','density of part',#4868);
#3004=PROPERTY_DEFINITION('material property','material name',#4871);
#3005=PROPERTY_DEFINITION('material property','density of part',#4871);
#3006=AXIS2_PLACEMENT_3D('',#3977,#3209,#3210);
#3007=AXIS2_PLACEMENT_3D('',#3978,#3211,#3212);
#3008=AXIS2_PLACEMENT_3D('',#3979,#3213,#3214);
#3009=AXIS2_PLACEMENT_3D('',#3988,#3219,#3220);
#3010=AXIS2_PLACEMENT_3D('',#3994,#3224,#3225);
#3011=AXIS2_PLACEMENT_3D('',#4000,#3229,#3230);
#3012=AXIS2_PLACEMENT_3D('',#4009,#3235,#3236);
#3013=AXIS2_PLACEMENT_3D('',#4015,#3240,#3241);
#3014=AXIS2_PLACEMENT_3D('',#4024,#3246,#3247);
#3015=AXIS2_PLACEMENT_3D('',#4033,#3252,#3253);
#3016=AXIS2_PLACEMENT_3D('',#4042,#3258,#3259);
#3017=AXIS2_PLACEMENT_3D('',#4045,#3262,#3263);
#3018=AXIS2_PLACEMENT_3D('',#4047,#3264,#3265);
#3019=AXIS2_PLACEMENT_3D('',#4050,#3267,#3268);
#3020=AXIS2_PLACEMENT_3D('',#4051,#3269,#3270);
#3021=AXIS2_PLACEMENT_3D('',#4053,#3271,#3272);
#3022=AXIS2_PLACEMENT_3D('',#4056,#3274,#3275);
#3023=AXIS2_PLACEMENT_3D('',#4057,#3276,#3277);
#3024=AXIS2_PLACEMENT_3D('',#4059,#3278,#3279);
#3025=AXIS2_PLACEMENT_3D('',#4062,#3281,#3282);
#3026=AXIS2_PLACEMENT_3D('',#4063,#3283,#3284);
#3027=AXIS2_PLACEMENT_3D('',#4065,#3285,#3286);
#3028=AXIS2_PLACEMENT_3D('',#4068,#3288,#3289);
#3029=AXIS2_PLACEMENT_3D('',#4069,#3290,#3291);
#3030=AXIS2_PLACEMENT_3D('',#4078,#3296,#3297);
#3031=AXIS2_PLACEMENT_3D('',#4084,#3301,#3302);
#3032=AXIS2_PLACEMENT_3D('',#4090,#3306,#3307);
#3033=AXIS2_PLACEMENT_3D('',#4093,#3310,#3311);
#3034=AXIS2_PLACEMENT_3D('',#4102,#3316,#3317);
#3035=AXIS2_PLACEMENT_3D('',#4108,#3321,#3322);
#3036=AXIS2_PLACEMENT_3D('',#4114,#3326,#3327);
#3037=AXIS2_PLACEMENT_3D('',#4120,#3331,#3332);
#3038=AXIS2_PLACEMENT_3D('',#4126,#3336,#3337);
#3039=AXIS2_PLACEMENT_3D('',#4132,#3341,#3342);
#3040=AXIS2_PLACEMENT_3D('',#4138,#3346,#3347);
#3041=AXIS2_PLACEMENT_3D('',#4144,#3351,#3352);
#3042=AXIS2_PLACEMENT_3D('',#4150,#3356,#3357);
#3043=AXIS2_PLACEMENT_3D('',#4156,#3361,#3362);
#3044=AXIS2_PLACEMENT_3D('',#4162,#3366,#3367);
#3045=AXIS2_PLACEMENT_3D('',#4165,#3370,#3371);
#3046=AXIS2_PLACEMENT_3D('',#4174,#3376,#3377);
#3047=AXIS2_PLACEMENT_3D('',#4180,#3381,#3382);
#3048=AXIS2_PLACEMENT_3D('',#4186,#3386,#3387);
#3049=AXIS2_PLACEMENT_3D('',#4192,#3391,#3392);
#3050=AXIS2_PLACEMENT_3D('',#4198,#3396,#3397);
#3051=AXIS2_PLACEMENT_3D('',#4204,#3401,#3402);
#3052=AXIS2_PLACEMENT_3D('',#4210,#3406,#3407);
#3053=AXIS2_PLACEMENT_3D('',#4216,#3411,#3412);
#3054=AXIS2_PLACEMENT_3D('',#4222,#3416,#3417);
#3055=AXIS2_PLACEMENT_3D('',#4228,#3421,#3422);
#3056=AXIS2_PLACEMENT_3D('',#4234,#3426,#3427);
#3057=AXIS2_PLACEMENT_3D('',#4237,#3430,#3431);
#3058=AXIS2_PLACEMENT_3D('',#4246,#3436,#3437);
#3059=AXIS2_PLACEMENT_3D('',#4252,#3441,#3442);
#3060=AXIS2_PLACEMENT_3D('',#4258,#3446,#3447);
#3061=AXIS2_PLACEMENT_3D('',#4264,#3451,#3452);
#3062=AXIS2_PLACEMENT_3D('',#4270,#3456,#3457);
#3063=AXIS2_PLACEMENT_3D('',#4273,#3460,#3461);
#3064=AXIS2_PLACEMENT_3D('',#4279,#3465,#3466);
#3065=AXIS2_PLACEMENT_3D('',#4285,#3470,#3471);
#3066=AXIS2_PLACEMENT_3D('',#4291,#3475,#3476);
#3067=AXIS2_PLACEMENT_3D('',#4294,#3479,#3480);
#3068=AXIS2_PLACEMENT_3D('',#4300,#3484,#3485);
#3069=AXIS2_PLACEMENT_3D('',#4306,#3489,#3490);
#3070=AXIS2_PLACEMENT_3D('',#4312,#3494,#3495);
#3071=AXIS2_PLACEMENT_3D('',#4318,#3499,#3500);
#3072=AXIS2_PLACEMENT_3D('',#4321,#3503,#3504);
#3073=AXIS2_PLACEMENT_3D('',#4330,#3509,#3510);
#3074=AXIS2_PLACEMENT_3D('',#4336,#3514,#3515);
#3075=AXIS2_PLACEMENT_3D('',#4342,#3519,#3520);
#3076=AXIS2_PLACEMENT_3D('',#4345,#3523,#3524);
#3077=AXIS2_PLACEMENT_3D('',#4351,#3528,#3529);
#3078=AXIS2_PLACEMENT_3D('',#4357,#3533,#3534);
#3079=AXIS2_PLACEMENT_3D('',#4363,#3538,#3539);
#3080=AXIS2_PLACEMENT_3D('',#4369,#3543,#3544);
#3081=AXIS2_PLACEMENT_3D('',#4372,#3547,#3548);
#3082=AXIS2_PLACEMENT_3D('',#4378,#3552,#3553);
#3083=AXIS2_PLACEMENT_3D('',#4384,#3557,#3558);
#3084=AXIS2_PLACEMENT_3D('',#4390,#3562,#3563);
#3085=AXIS2_PLACEMENT_3D('',#4396,#3567,#3568);
#3086=AXIS2_PLACEMENT_3D('',#4402,#3572,#3573);
#3087=AXIS2_PLACEMENT_3D('',#4408,#3577,#3578);
#3088=AXIS2_PLACEMENT_3D('',#4414,#3582,#3583);
#3089=AXIS2_PLACEMENT_3D('',#4420,#3587,#3588);
#3090=AXIS2_PLACEMENT_3D('',#4426,#3592,#3593);
#3091=AXIS2_PLACEMENT_3D('',#4432,#3597,#3598);
#3092=AXIS2_PLACEMENT_3D('',#4435,#3601,#3602);
#3093=AXIS2_PLACEMENT_3D('',#4444,#3607,#3608);
#3094=AXIS2_PLACEMENT_3D('',#4450,#3612,#3613);
#3095=AXIS2_PLACEMENT_3D('',#4456,#3617,#3618);
#3096=AXIS2_PLACEMENT_3D('',#4459,#3621,#3622);
#3097=AXIS2_PLACEMENT_3D('',#4460,#3623,#3624);
#3098=AXIS2_PLACEMENT_3D('',#4461,#3625,#3626);
#3099=AXIS2_PLACEMENT_3D('',#4462,#3627,#3628);
#3100=AXIS2_PLACEMENT_3D('',#4471,#3633,#3634);
#3101=AXIS2_PLACEMENT_3D('',#4477,#3638,#3639);
#3102=AXIS2_PLACEMENT_3D('',#4483,#3643,#3644);
#3103=AXIS2_PLACEMENT_3D('',#4486,#3647,#3648);
#3104=AXIS2_PLACEMENT_3D('',#4487,#3649,#3650);
#3105=AXIS2_PLACEMENT_3D('',#4488,#3651,#3652);
#3106=AXIS2_PLACEMENT_3D('',#4489,#3653,#3654);
#3107=AXIS2_PLACEMENT_3D('',#4498,#3659,#3660);
#3108=AXIS2_PLACEMENT_3D('',#4504,#3664,#3665);
#3109=AXIS2_PLACEMENT_3D('',#4510,#3669,#3670);
#3110=AXIS2_PLACEMENT_3D('',#4513,#3673,#3674);
#3111=AXIS2_PLACEMENT_3D('',#4514,#3675,#3676);
#3112=AXIS2_PLACEMENT_3D('',#4515,#3677,#3678);
#3113=AXIS2_PLACEMENT_3D('',#4516,#3679,#3680);
#3114=AXIS2_PLACEMENT_3D('',#4525,#3685,#3686);
#3115=AXIS2_PLACEMENT_3D('',#4531,#3690,#3691);
#3116=AXIS2_PLACEMENT_3D('',#4537,#3695,#3696);
#3117=AXIS2_PLACEMENT_3D('',#4540,#3699,#3700);
#3118=AXIS2_PLACEMENT_3D('',#4541,#3701,#3702);
#3119=AXIS2_PLACEMENT_3D('',#4542,#3703,#3704);
#3120=AXIS2_PLACEMENT_3D('',#4543,#3705,#3706);
#3121=AXIS2_PLACEMENT_3D('',#4544,#3707,#3708);
#3122=AXIS2_PLACEMENT_3D('',#4545,#3709,#3710);
#3123=AXIS2_PLACEMENT_3D('',#4554,#3715,#3716);
#3124=AXIS2_PLACEMENT_3D('',#4563,#3720,#3721);
#3125=AXIS2_PLACEMENT_3D('',#4566,#3723,#3724);
#3126=AXIS2_PLACEMENT_3D('',#4572,#3727,#3728);
#3127=AXIS2_PLACEMENT_3D('',#4574,#3729,#3730);
#3128=AXIS2_PLACEMENT_3D('',#4582,#3734,#3735);
#3129=AXIS2_PLACEMENT_3D('',#4583,#3736,#3737);
#3130=AXIS2_PLACEMENT_3D('',#4584,#3738,#3739);
#3131=AXIS2_PLACEMENT_3D('',#4593,#3743,#3744);
#3132=AXIS2_PLACEMENT_3D('',#4597,#3746,#3747);
#3133=AXIS2_PLACEMENT_3D('',#4605,#3751,#3752);
#3134=AXIS2_PLACEMENT_3D('',#4607,#3753,#3754);
#3135=AXIS2_PLACEMENT_3D('',#4615,#3758,#3759);
#3136=AXIS2_PLACEMENT_3D('',#4616,#3760,#3761);
#3137=AXIS2_PLACEMENT_3D('',#4617,#3762,#3763);
#3138=AXIS2_PLACEMENT_3D('',#4624,#3766,#3767);
#3139=AXIS2_PLACEMENT_3D('',#4626,#3768,#3769);
#3140=AXIS2_PLACEMENT_3D('',#4634,#3773,#3774);
#3141=AXIS2_PLACEMENT_3D('',#4636,#3775,#3776);
#3142=AXIS2_PLACEMENT_3D('',#4641,#3779,#3780);
#3143=AXIS2_PLACEMENT_3D('',#4645,#3782,#3783);
#3144=AXIS2_PLACEMENT_3D('',#4647,#3785,#3786);
#3145=AXIS2_PLACEMENT_3D('',#4654,#3789,#3790);
#3146=AXIS2_PLACEMENT_3D('',#4656,#3791,#3792);
#3147=AXIS2_PLACEMENT_3D('',#4664,#3796,#3797);
#3148=AXIS2_PLACEMENT_3D('',#4666,#3798,#3799);
#3149=AXIS2_PLACEMENT_3D('',#4674,#3803,#3804);
#3150=AXIS2_PLACEMENT_3D('',#4678,#3806,#3807);
#3151=AXIS2_PLACEMENT_3D('',#4680,#3809,#3810);
#3152=AXIS2_PLACEMENT_3D('',#4683,#3813,#3814);
#3153=AXIS2_PLACEMENT_3D('',#4686,#3817,#3818);
#3154=AXIS2_PLACEMENT_3D('',#4689,#3821,#3822);
#3155=AXIS2_PLACEMENT_3D('',#4698,#3827,#3828);
#3156=AXIS2_PLACEMENT_3D('',#4700,#3829,#3830);
#3157=AXIS2_PLACEMENT_3D('',#4705,#3834,#3835);
#3158=AXIS2_PLACEMENT_3D('',#4706,#3836,#3837);
#3159=AXIS2_PLACEMENT_3D('',#4708,#3839,#3840);
#3160=AXIS2_PLACEMENT_3D('',#4710,#3842,#3843);
#3161=AXIS2_PLACEMENT_3D('',#4712,#3845,#3846);
#3162=AXIS2_PLACEMENT_3D('',#4714,#3848,#3849);
#3163=AXIS2_PLACEMENT_3D('',#4717,#3851,#3852);
#3164=AXIS2_PLACEMENT_3D('',#4718,#3853,#3854);
#3165=AXIS2_PLACEMENT_3D('',#4722,#3857,#3858);
#3166=AXIS2_PLACEMENT_3D('',#4723,#3859,#3860);
#3167=AXIS2_PLACEMENT_3D('',#4724,#3861,#3862);
#3168=AXIS2_PLACEMENT_3D('',#4728,#3865,#3866);
#3169=AXIS2_PLACEMENT_3D('',#4730,#3867,#3868);
#3170=AXIS2_PLACEMENT_3D('',#4732,#3870,#3871);
#3171=AXIS2_PLACEMENT_3D('',#4734,#3873,#3874);
#3172=AXIS2_PLACEMENT_3D('',#4736,#3876,#3877);
#3173=AXIS2_PLACEMENT_3D('',#4738,#3879,#3880);
#3174=AXIS2_PLACEMENT_3D('',#4740,#3882,#3883);
#3175=AXIS2_PLACEMENT_3D('',#4743,#3885,#3886);
#3176=AXIS2_PLACEMENT_3D('',#4744,#3887,#3888);
#3177=AXIS2_PLACEMENT_3D('',#4748,#3891,#3892);
#3178=AXIS2_PLACEMENT_3D('',#4749,#3893,#3894);
#3179=AXIS2_PLACEMENT_3D('',#4750,#3895,#3896);
#3180=AXIS2_PLACEMENT_3D('',#4759,#3901,#3902);
#3181=AXIS2_PLACEMENT_3D('',#4763,#3905,#3906);
#3182=AXIS2_PLACEMENT_3D('',#4765,#3907,#3908);
#3183=AXIS2_PLACEMENT_3D('',#4767,#3910,#3911);
#3184=AXIS2_PLACEMENT_3D('',#4769,#3913,#3914);
#3185=AXIS2_PLACEMENT_3D('',#4771,#3916,#3917);
#3186=AXIS2_PLACEMENT_3D('',#4773,#3919,#3920);
#3187=AXIS2_PLACEMENT_3D('',#4774,#3921,#3922);
#3188=AXIS2_PLACEMENT_3D('',#4775,#3923,#3924);
#3189=AXIS2_PLACEMENT_3D('',#4777,#3925,#3926);
#3190=AXIS2_PLACEMENT_3D('',#4782,#3930,#3931);
#3191=AXIS2_PLACEMENT_3D('',#4783,#3932,#3933);
#3192=AXIS2_PLACEMENT_3D('',#4785,#3935,#3936);
#3193=AXIS2_PLACEMENT_3D('',#4787,#3938,#3939);
#3194=AXIS2_PLACEMENT_3D('',#4789,#3941,#3942);
#3195=AXIS2_PLACEMENT_3D('',#4790,#3943,#3944);
#3196=AXIS2_PLACEMENT_3D('',#4791,#3945,#3946);
#3197=AXIS2_PLACEMENT_3D('',#4793,#3948,#3949);
#3198=AXIS2_PLACEMENT_3D('',#4795,#3951,#3952);
#3199=AXIS2_PLACEMENT_3D('',#4798,#3955,#3956);
#3200=AXIS2_PLACEMENT_3D('',#4801,#3959,#3960);
#3201=AXIS2_PLACEMENT_3D('',#4802,#3961,#3962);
#3202=AXIS2_PLACEMENT_3D('',#4803,#3963,#3964);
#3203=AXIS2_PLACEMENT_3D('',#4804,#3965,#3966);
#3204=AXIS2_PLACEMENT_3D('',#4805,#3967,#3968);
#3205=AXIS2_PLACEMENT_3D('',#4806,#3969,#3970);
#3206=AXIS2_PLACEMENT_3D('',#4807,#3971,#3972);
#3207=AXIS2_PLACEMENT_3D('',#4808,#3973,#3974);
#3208=AXIS2_PLACEMENT_3D('',#4809,#3975,#3976);
#3209=DIRECTION('axis',(0.,0.,1.));
#3210=DIRECTION('refdir',(1.,0.,0.));
#3211=DIRECTION('axis',(0.,0.,1.));
#3212=DIRECTION('refdir',(1.,0.,0.));
#3213=DIRECTION('center_axis',(1.,0.,0.));
#3214=DIRECTION('ref_axis',(0.,1.,0.));
#3215=DIRECTION('',(0.,0.,-1.));
#3216=DIRECTION('',(0.,1.,0.));
#3217=DIRECTION('',(0.,0.,1.));
#3218=DIRECTION('',(0.,-1.,0.));
#3219=DIRECTION('center_axis',(0.,1.,0.));
#3220=DIRECTION('ref_axis',(-1.,0.,0.));
#3221=DIRECTION('',(1.,0.,0.));
#3222=DIRECTION('',(-1.,0.,0.));
#3223=DIRECTION('',(0.,0.,1.));
#3224=DIRECTION('center_axis',(-1.,0.,0.));
#3225=DIRECTION('ref_axis',(0.,-1.,0.));
#3226=DIRECTION('',(0.,0.,1.));
#3227=DIRECTION('',(0.,1.,0.));
#3228=DIRECTION('',(0.,-1.,0.));
#3229=DIRECTION('center_axis',(0.,-1.,0.));
#3230=DIRECTION('ref_axis',(1.,0.,0.));
#3231=DIRECTION('',(-1.,0.,0.));
#3232=DIRECTION('',(0.,0.,1.));
#3233=DIRECTION('',(1.,0.,0.));
#3234=DIRECTION('',(0.,0.,1.));
#3235=DIRECTION('center_axis',(0.,-1.,0.));
#3236=DIRECTION('ref_axis',(1.,0.,0.));
#3237=DIRECTION('',(1.,0.,0.));
#3238=DIRECTION('',(0.,0.,1.));
#3239=DIRECTION('',(1.,0.,0.));
#3240=DIRECTION('center_axis',(-1.,0.,0.));
#3241=DIRECTION('ref_axis',(0.,-1.,0.));
#3242=DIRECTION('',(0.,0.,-1.));
#3243=DIRECTION('',(0.,-1.,0.));
#3244=DIRECTION('',(0.,0.,1.));
#3245=DIRECTION('',(0.,-1.,0.));
#3246=DIRECTION('center_axis',(1.,0.,0.));
#3247=DIRECTION('ref_axis',(0.,1.,0.));
#3248=DIRECTION('',(0.,0.,1.));
#3249=DIRECTION('',(0.,1.,0.));
#3250=DIRECTION('',(0.,0.,1.));
#3251=DIRECTION('',(0.,1.,0.));
#3252=DIRECTION('center_axis',(0.,1.,0.));
#3253=DIRECTION('ref_axis',(-1.,0.,0.));
#3254=DIRECTION('',(-1.,0.,0.));
#3255=DIRECTION('',(0.,0.,1.));
#3256=DIRECTION('',(-1.,0.,0.));
#3257=DIRECTION('',(0.,0.,1.));
#3258=DIRECTION('center_axis',(0.,-1.,0.));
#3259=DIRECTION('ref_axis',(1.,0.,0.));
#3260=DIRECTION('',(1.,0.,0.));
#3261=DIRECTION('',(1.,0.,0.));
#3262=DIRECTION('center_axis',(0.,0.,1.));
#3263=DIRECTION('ref_axis',(1.,0.,0.));
#3264=DIRECTION('center_axis',(0.,0.,1.));
#3265=DIRECTION('ref_axis',(1.,0.,0.));
#3266=DIRECTION('',(0.,0.,1.));
#3267=DIRECTION('center_axis',(0.,0.,-1.));
#3268=DIRECTION('ref_axis',(1.,0.,0.));
#3269=DIRECTION('center_axis',(0.,0.,1.));
#3270=DIRECTION('ref_axis',(1.,0.,0.));
#3271=DIRECTION('center_axis',(0.,0.,1.));
#3272=DIRECTION('ref_axis',(1.,0.,0.));
#3273=DIRECTION('',(0.,0.,1.));
#3274=DIRECTION('center_axis',(0.,0.,-1.));
#3275=DIRECTION('ref_axis',(1.,0.,0.));
#3276=DIRECTION('center_axis',(0.,0.,1.));
#3277=DIRECTION('ref_axis',(1.,0.,0.));
#3278=DIRECTION('center_axis',(0.,0.,1.));
#3279=DIRECTION('ref_axis',(1.,0.,0.));
#3280=DIRECTION('',(0.,0.,1.));
#3281=DIRECTION('center_axis',(0.,0.,-1.));
#3282=DIRECTION('ref_axis',(1.,0.,0.));
#3283=DIRECTION('center_axis',(0.,0.,1.));
#3284=DIRECTION('ref_axis',(1.,0.,0.));
#3285=DIRECTION('center_axis',(0.,0.,1.));
#3286=DIRECTION('ref_axis',(1.,0.,0.));
#3287=DIRECTION('',(0.,0.,1.));
#3288=DIRECTION('center_axis',(0.,0.,-1.));
#3289=DIRECTION('ref_axis',(1.,0.,0.));
#3290=DIRECTION('center_axis',(0.,-1.,0.));
#3291=DIRECTION('ref_axis',(1.,0.,0.));
#3292=DIRECTION('',(1.,0.,0.));
#3293=DIRECTION('',(0.,0.,1.));
#3294=DIRECTION('',(1.,0.,0.));
#3295=DIRECTION('',(0.,0.,1.));
#3296=DIRECTION('center_axis',(1.,0.,0.));
#3297=DIRECTION('ref_axis',(0.,1.,0.));
#3298=DIRECTION('',(0.,1.,0.));
#3299=DIRECTION('',(0.,1.,0.));
#3300=DIRECTION('',(0.,0.,1.));
#3301=DIRECTION('center_axis',(0.,1.,0.));
#3302=DIRECTION('ref_axis',(-1.,0.,0.));
#3303=DIRECTION('',(-1.,0.,0.));
#3304=DIRECTION('',(-1.,0.,0.));
#3305=DIRECTION('',(0.,0.,1.));
#3306=DIRECTION('center_axis',(-1.,0.,0.));
#3307=DIRECTION('ref_axis',(0.,-1.,0.));
#3308=DIRECTION('',(0.,-1.,0.));
#3309=DIRECTION('',(0.,-1.,0.));
#3310=DIRECTION('center_axis',(0.,-1.,0.));
#3311=DIRECTION('ref_axis',(1.,0.,0.));
#3312=DIRECTION('',(1.,0.,0.));
#3313=DIRECTION('',(0.,0.,1.));
#3314=DIRECTION('',(1.,0.,0.));
#3315=DIRECTION('',(0.,0.,1.));
#3316=DIRECTION('center_axis',(1.,0.,0.));
#3317=DIRECTION('ref_axis',(0.,1.,0.));
#3318=DIRECTION('',(0.,1.,0.));
#3319=DIRECTION('',(0.,1.,0.));
#3320=DIRECTION('',(0.,0.,1.));
#3321=DIRECTION('center_axis',(0.,1.,0.));
#3322=DIRECTION('ref_axis',(-1.,0.,0.));
#3323=DIRECTION('',(-1.,0.,0.));
#3324=DIRECTION('',(-1.,0.,0.));
#3325=DIRECTION('',(0.,0.,1.));
#3326=DIRECTION('center_axis',(-1.,0.,0.));
#3327=DIRECTION('ref_axis',(0.,-1.,0.));
#3328=DIRECTION('',(0.,-1.,0.));
#3329=DIRECTION('',(0.,-1.,0.));
#3330=DIRECTION('',(0.,0.,1.));
#3331=DIRECTION('center_axis',(0.,1.,0.));
#3332=DIRECTION('ref_axis',(-1.,0.,0.));
#3333=DIRECTION('',(-1.,0.,0.));
#3334=DIRECTION('',(-1.,0.,0.));
#3335=DIRECTION('',(0.,0.,1.));
#3336=DIRECTION('center_axis',(1.,0.,0.));
#3337=DIRECTION('ref_axis',(0.,1.,0.));
#3338=DIRECTION('',(0.,1.,0.));
#3339=DIRECTION('',(0.,1.,0.));
#3340=DIRECTION('',(0.,0.,1.));
#3341=DIRECTION('center_axis',(0.,-1.,0.));
#3342=DIRECTION('ref_axis',(1.,0.,0.));
#3343=DIRECTION('',(1.,0.,0.));
#3344=DIRECTION('',(1.,0.,0.));
#3345=DIRECTION('',(0.,0.,1.));
#3346=DIRECTION('center_axis',(-1.,0.,0.));
#3347=DIRECTION('ref_axis',(0.,-1.,0.));
#3348=DIRECTION('',(0.,-1.,0.));
#3349=DIRECTION('',(0.,-1.,0.));
#3350=DIRECTION('',(0.,0.,1.));
#3351=DIRECTION('center_axis',(0.,-1.,0.));
#3352=DIRECTION('ref_axis',(1.,0.,0.));
#3353=DIRECTION('',(1.,0.,0.));
#3354=DIRECTION('',(1.,0.,0.));
#3355=DIRECTION('',(0.,0.,1.));
#3356=DIRECTION('center_axis',(1.,0.,0.));
#3357=DIRECTION('ref_axis',(0.,1.,0.));
#3358=DIRECTION('',(0.,1.,0.));
#3359=DIRECTION('',(0.,1.,0.));
#3360=DIRECTION('',(0.,0.,1.));
#3361=DIRECTION('center_axis',(0.,1.,0.));
#3362=DIRECTION('ref_axis',(-1.,0.,0.));
#3363=DIRECTION('',(-1.,0.,0.));
#3364=DIRECTION('',(-1.,0.,0.));
#3365=DIRECTION('',(0.,0.,1.));
#3366=DIRECTION('center_axis',(-1.,0.,0.));
#3367=DIRECTION('ref_axis',(0.,-1.,0.));
#3368=DIRECTION('',(0.,-1.,0.));
#3369=DIRECTION('',(0.,-1.,0.));
#3370=DIRECTION('center_axis',(0.,-1.,0.));
#3371=DIRECTION('ref_axis',(1.,0.,0.));
#3372=DIRECTION('',(1.,0.,0.));
#3373=DIRECTION('',(0.,0.,1.));
#3374=DIRECTION('',(1.,0.,0.));
#3375=DIRECTION('',(0.,0.,1.));
#3376=DIRECTION('center_axis',(1.,0.,0.));
#3377=DIRECTION('ref_axis',(0.,1.,0.));
#3378=DIRECTION('',(0.,1.,0.));
#3379=DIRECTION('',(0.,1.,0.));
#3380=DIRECTION('',(0.,0.,1.));
#3381=DIRECTION('center_axis',(0.,-1.,0.));
#3382=DIRECTION('ref_axis',(1.,0.,0.));
#3383=DIRECTION('',(1.,0.,0.));
#3384=DIRECTION('',(1.,0.,0.));
#3385=DIRECTION('',(0.,0.,1.));
#3386=DIRECTION('center_axis',(-1.,0.,0.));
#3387=DIRECTION('ref_axis',(0.,-1.,0.));
#3388=DIRECTION('',(0.,-1.,0.));
#3389=DIRECTION('',(0.,-1.,0.));
#3390=DIRECTION('',(0.,0.,1.));
#3391=DIRECTION('center_axis',(0.,1.,0.));
#3392=DIRECTION('ref_axis',(-1.,0.,0.));
#3393=DIRECTION('',(-1.,0.,0.));
#3394=DIRECTION('',(-1.,0.,0.));
#3395=DIRECTION('',(0.,0.,1.));
#3396=DIRECTION('center_axis',(1.,0.,0.));
#3397=DIRECTION('ref_axis',(0.,1.,0.));
#3398=DIRECTION('',(0.,1.,0.));
#3399=DIRECTION('',(0.,1.,0.));
#3400=DIRECTION('',(0.,0.,1.));
#3401=DIRECTION('center_axis',(0.,1.,0.));
#3402=DIRECTION('ref_axis',(-1.,0.,0.));
#3403=DIRECTION('',(-1.,0.,0.));
#3404=DIRECTION('',(-1.,0.,0.));
#3405=DIRECTION('',(0.,0.,1.));
#3406=DIRECTION('center_axis',(-1.,0.,0.));
#3407=DIRECTION('ref_axis',(0.,-1.,0.));
#3408=DIRECTION('',(0.,-1.,0.));
#3409=DIRECTION('',(0.,-1.,0.));
#3410=DIRECTION('',(0.,0.,1.));
#3411=DIRECTION('center_axis',(0.,-1.,0.));
#3412=DIRECTION('ref_axis',(1.,0.,0.));
#3413=DIRECTION('',(1.,0.,0.));
#3414=DIRECTION('',(1.,0.,0.));
#3415=DIRECTION('',(0.,0.,1.));
#3416=DIRECTION('center_axis',(1.,0.,0.));
#3417=DIRECTION('ref_axis',(0.,1.,0.));
#3418=DIRECTION('',(0.,1.,0.));
#3419=DIRECTION('',(0.,1.,0.));
#3420=DIRECTION('',(0.,0.,1.));
#3421=DIRECTION('center_axis',(0.,1.,0.));
#3422=DIRECTION('ref_axis',(-1.,0.,0.));
#3423=DIRECTION('',(-1.,0.,0.));
#3424=DIRECTION('',(-1.,0.,0.));
#3425=DIRECTION('',(0.,0.,1.));
#3426=DIRECTION('center_axis',(-1.,0.,0.));
#3427=DIRECTION('ref_axis',(0.,-1.,0.));
#3428=DIRECTION('',(0.,-1.,0.));
#3429=DIRECTION('',(0.,-1.,0.));
#3430=DIRECTION('center_axis',(0.,1.,0.));
#3431=DIRECTION('ref_axis',(-1.,0.,0.));
#3432=DIRECTION('',(-1.,0.,0.));
#3433=DIRECTION('',(0.,0.,1.));
#3434=DIRECTION('',(-1.,0.,0.));
#3435=DIRECTION('',(0.,0.,1.));
#3436=DIRECTION('center_axis',(1.,0.,0.));
#3437=DIRECTION('ref_axis',(0.,1.,0.));
#3438=DIRECTION('',(0.,1.,0.));
#3439=DIRECTION('',(0.,1.,0.));
#3440=DIRECTION('',(0.,0.,1.));
#3441=DIRECTION('center_axis',(0.,1.,0.));
#3442=DIRECTION('ref_axis',(-1.,0.,0.));
#3443=DIRECTION('',(-1.,0.,0.));
#3444=DIRECTION('',(-1.,0.,0.));
#3445=DIRECTION('',(0.,0.,1.));
#3446=DIRECTION('center_axis',(-1.,0.,0.));
#3447=DIRECTION('ref_axis',(0.,-1.,0.));
#3448=DIRECTION('',(0.,-1.,0.));
#3449=DIRECTION('',(0.,-1.,0.));
#3450=DIRECTION('',(0.,0.,1.));
#3451=DIRECTION('center_axis',(0.,-1.,0.));
#3452=DIRECTION('ref_axis',(1.,0.,0.));
#3453=DIRECTION('',(1.,0.,0.));
#3454=DIRECTION('',(1.,0.,0.));
#3455=DIRECTION('',(0.,0.,1.));
#3456=DIRECTION('center_axis',(1.,0.,0.));
#3457=DIRECTION('ref_axis',(0.,1.,0.));
#3458=DIRECTION('',(0.,-1.,0.));
#3459=DIRECTION('',(0.,1.,0.));
#3460=DIRECTION('center_axis',(-1.,0.,0.));
#3461=DIRECTION('ref_axis',(0.,-1.,0.));
#3462=DIRECTION('',(0.,-1.,0.));
#3463=DIRECTION('',(0.,-1.,0.));
#3464=DIRECTION('',(0.,0.,1.));
#3465=DIRECTION('center_axis',(0.,-1.,0.));
#3466=DIRECTION('ref_axis',(1.,0.,0.));
#3467=DIRECTION('',(1.,0.,0.));
#3468=DIRECTION('',(1.,0.,0.));
#3469=DIRECTION('',(0.,0.,1.));
#3470=DIRECTION('center_axis',(1.,0.,0.));
#3471=DIRECTION('ref_axis',(0.,1.,0.));
#3472=DIRECTION('',(0.,1.,0.));
#3473=DIRECTION('',(0.,1.,0.));
#3474=DIRECTION('',(0.,0.,1.));
#3475=DIRECTION('center_axis',(0.,-1.,0.));
#3476=DIRECTION('ref_axis',(1.,0.,0.));
#3477=DIRECTION('',(1.,0.,0.));
#3478=DIRECTION('',(1.,0.,0.));
#3479=DIRECTION('center_axis',(-1.,0.,0.));
#3480=DIRECTION('ref_axis',(0.,-1.,0.));
#3481=DIRECTION('',(0.,-1.,0.));
#3482=DIRECTION('',(0.,-1.,0.));
#3483=DIRECTION('',(0.,0.,1.));
#3484=DIRECTION('center_axis',(0.,-1.,0.));
#3485=DIRECTION('ref_axis',(1.,0.,0.));
#3486=DIRECTION('',(1.,0.,0.));
#3487=DIRECTION('',(1.,0.,0.));
#3488=DIRECTION('',(0.,0.,1.));
#3489=DIRECTION('center_axis',(1.,0.,0.));
#3490=DIRECTION('ref_axis',(0.,1.,0.));
#3491=DIRECTION('',(0.,1.,0.));
#3492=DIRECTION('',(0.,1.,0.));
#3493=DIRECTION('',(0.,0.,1.));
#3494=DIRECTION('center_axis',(0.,1.,0.));
#3495=DIRECTION('ref_axis',(-1.,0.,0.));
#3496=DIRECTION('',(-1.,0.,0.));
#3497=DIRECTION('',(-1.,0.,0.));
#3498=DIRECTION('',(0.,0.,1.));
#3499=DIRECTION('center_axis',(-1.,0.,0.));
#3500=DIRECTION('ref_axis',(0.,-1.,0.));
#3501=DIRECTION('',(0.,-1.,0.));
#3502=DIRECTION('',(0.,-1.,0.));
#3503=DIRECTION('center_axis',(0.,-1.,0.));
#3504=DIRECTION('ref_axis',(1.,0.,0.));
#3505=DIRECTION('',(1.,0.,0.));
#3506=DIRECTION('',(0.,0.,1.));
#3507=DIRECTION('',(1.,0.,0.));
#3508=DIRECTION('',(0.,0.,1.));
#3509=DIRECTION('center_axis',(1.,0.,0.));
#3510=DIRECTION('ref_axis',(0.,1.,0.));
#3511=DIRECTION('',(0.,1.,0.));
#3512=DIRECTION('',(0.,1.,0.));
#3513=DIRECTION('',(0.,0.,1.));
#3514=DIRECTION('center_axis',(0.,1.,0.));
#3515=DIRECTION('ref_axis',(-1.,0.,0.));
#3516=DIRECTION('',(-1.,0.,0.));
#3517=DIRECTION('',(-1.,0.,0.));
#3518=DIRECTION('',(0.,0.,1.));
#3519=DIRECTION('center_axis',(-1.,0.,0.));
#3520=DIRECTION('ref_axis',(0.,-1.,0.));
#3521=DIRECTION('',(0.,-1.,0.));
#3522=DIRECTION('',(0.,-1.,0.));
#3523=DIRECTION('center_axis',(0.,1.,0.));
#3524=DIRECTION('ref_axis',(-1.,0.,0.));
#3525=DIRECTION('',(-1.,0.,0.));
#3526=DIRECTION('',(0.,0.,1.));
#3527=DIRECTION('',(-1.,0.,0.));
#3528=DIRECTION('center_axis',(1.,0.,0.));
#3529=DIRECTION('ref_axis',(0.,1.,0.));
#3530=DIRECTION('',(0.,1.,0.));
#3531=DIRECTION('',(0.,1.,0.));
#3532=DIRECTION('',(0.,0.,1.));
#3533=DIRECTION('center_axis',(0.,1.,0.));
#3534=DIRECTION('ref_axis',(-1.,0.,0.));
#3535=DIRECTION('',(-1.,0.,0.));
#3536=DIRECTION('',(-1.,0.,0.));
#3537=DIRECTION('',(0.,0.,1.));
#3538=DIRECTION('center_axis',(-1.,0.,0.));
#3539=DIRECTION('ref_axis',(0.,-1.,0.));
#3540=DIRECTION('',(0.,-1.,0.));
#3541=DIRECTION('',(0.,-1.,0.));
#3542=DIRECTION('',(0.,0.,1.));
#3543=DIRECTION('center_axis',(0.,1.,0.));
#3544=DIRECTION('ref_axis',(-1.,0.,0.));
#3545=DIRECTION('',(-1.,0.,0.));
#3546=DIRECTION('',(-1.,0.,0.));
#3547=DIRECTION('center_axis',(1.,0.,0.));
#3548=DIRECTION('ref_axis',(0.,1.,0.));
#3549=DIRECTION('',(0.,1.,0.));
#3550=DIRECTION('',(0.,1.,0.));
#3551=DIRECTION('',(0.,0.,1.));
#3552=DIRECTION('center_axis',(0.,1.,0.));
#3553=DIRECTION('ref_axis',(-1.,0.,0.));
#3554=DIRECTION('',(-1.,0.,0.));
#3555=DIRECTION('',(-1.,0.,0.));
#3556=DIRECTION('',(0.,0.,1.));
#3557=DIRECTION('center_axis',(-1.,0.,0.));
#3558=DIRECTION('ref_axis',(0.,-1.,0.));
#3559=DIRECTION('',(0.,-1.,0.));
#3560=DIRECTION('',(0.,-1.,0.));
#3561=DIRECTION('',(0.,0.,1.));
#3562=DIRECTION('center_axis',(0.,-1.,0.));
#3563=DIRECTION('ref_axis',(1.,0.,0.));
#3564=DIRECTION('',(1.,0.,0.));
#3565=DIRECTION('',(1.,0.,0.));
#3566=DIRECTION('',(0.,0.,1.));
#3567=DIRECTION('center_axis',(1.,0.,0.));
#3568=DIRECTION('ref_axis',(0.,1.,0.));
#3569=DIRECTION('',(0.,1.,0.));
#3570=DIRECTION('',(0.,1.,0.));
#3571=DIRECTION('',(0.,0.,1.));
#3572=DIRECTION('center_axis',(0.,-1.,0.));
#3573=DIRECTION('ref_axis',(1.,0.,0.));
#3574=DIRECTION('',(1.,0.,0.));
#3575=DIRECTION('',(1.,0.,0.));
#3576=DIRECTION('',(0.,0.,1.));
#3577=DIRECTION('center_axis',(-1.,0.,0.));
#3578=DIRECTION('ref_axis',(0.,-1.,0.));
#3579=DIRECTION('',(0.,-1.,0.));
#3580=DIRECTION('',(0.,-1.,0.));
#3581=DIRECTION('',(0.,0.,1.));
#3582=DIRECTION('center_axis',(0.,-1.,0.));
#3583=DIRECTION('ref_axis',(1.,0.,0.));
#3584=DIRECTION('',(1.,0.,0.));
#3585=DIRECTION('',(1.,0.,0.));
#3586=DIRECTION('',(0.,0.,1.));
#3587=DIRECTION('center_axis',(1.,0.,0.));
#3588=DIRECTION('ref_axis',(0.,1.,0.));
#3589=DIRECTION('',(0.,1.,0.));
#3590=DIRECTION('',(0.,1.,0.));
#3591=DIRECTION('',(0.,0.,1.));
#3592=DIRECTION('center_axis',(0.,1.,0.));
#3593=DIRECTION('ref_axis',(-1.,0.,0.));
#3594=DIRECTION('',(-1.,0.,0.));
#3595=DIRECTION('',(-1.,0.,0.));
#3596=DIRECTION('',(0.,0.,1.));
#3597=DIRECTION('center_axis',(-1.,0.,0.));
#3598=DIRECTION('ref_axis',(0.,-1.,0.));
#3599=DIRECTION('',(0.,-1.,0.));
#3600=DIRECTION('',(0.,-1.,0.));
#3601=DIRECTION('center_axis',(0.,1.,0.));
#3602=DIRECTION('ref_axis',(-1.,0.,0.));
#3603=DIRECTION('',(-1.,0.,0.));
#3604=DIRECTION('',(0.,0.,1.));
#3605=DIRECTION('',(-1.,0.,0.));
#3606=DIRECTION('',(0.,0.,1.));
#3607=DIRECTION('center_axis',(1.,0.,0.));
#3608=DIRECTION('ref_axis',(0.,1.,0.));
#3609=DIRECTION('',(0.,1.,0.));
#3610=DIRECTION('',(0.,1.,0.));
#3611=DIRECTION('',(0.,0.,1.));
#3612=DIRECTION('center_axis',(0.,-1.,0.));
#3613=DIRECTION('ref_axis',(1.,0.,0.));
#3614=DIRECTION('',(1.,0.,0.));
#3615=DIRECTION('',(1.,0.,0.));
#3616=DIRECTION('',(0.,0.,1.));
#3617=DIRECTION('center_axis',(-1.,0.,0.));
#3618=DIRECTION('ref_axis',(0.,-1.,0.));
#3619=DIRECTION('',(0.,-1.,0.));
#3620=DIRECTION('',(0.,-1.,0.));
#3621=DIRECTION('center_axis',(0.,0.,1.));
#3622=DIRECTION('ref_axis',(1.,0.,0.));
#3623=DIRECTION('center_axis',(0.,0.,1.));
#3624=DIRECTION('ref_axis',(1.,0.,0.));
#3625=DIRECTION('axis',(0.,0.,1.));
#3626=DIRECTION('refdir',(1.,0.,0.));
#3627=DIRECTION('center_axis',(0.,1.,0.));
#3628=DIRECTION('ref_axis',(-1.,0.,0.));
#3629=DIRECTION('',(-1.,0.,0.));
#3630=DIRECTION('',(0.,0.,1.));
#3631=DIRECTION('',(-1.,0.,0.));
#3632=DIRECTION('',(0.,0.,1.));
#3633=DIRECTION('center_axis',(1.,0.,0.));
#3634=DIRECTION('ref_axis',(0.,1.,0.));
#3635=DIRECTION('',(0.,1.,0.));
#3636=DIRECTION('',(0.,1.,0.));
#3637=DIRECTION('',(0.,0.,1.));
#3638=DIRECTION('center_axis',(0.,-1.,0.));
#3639=DIRECTION('ref_axis',(1.,0.,0.));
#3640=DIRECTION('',(1.,0.,0.));
#3641=DIRECTION('',(1.,0.,0.));
#3642=DIRECTION('',(0.,0.,1.));
#3643=DIRECTION('center_axis',(-1.,0.,0.));
#3644=DIRECTION('ref_axis',(0.,-1.,0.));
#3645=DIRECTION('',(0.,-1.,0.));
#3646=DIRECTION('',(0.,-1.,0.));
#3647=DIRECTION('center_axis',(0.,0.,1.));
#3648=DIRECTION('ref_axis',(1.,0.,0.));
#3649=DIRECTION('center_axis',(0.,0.,1.));
#3650=DIRECTION('ref_axis',(1.,0.,0.));
#3651=DIRECTION('axis',(0.,0.,1.));
#3652=DIRECTION('refdir',(1.,0.,0.));
#3653=DIRECTION('center_axis',(0.,1.,0.));
#3654=DIRECTION('ref_axis',(-1.,0.,0.));
#3655=DIRECTION('',(-1.,0.,0.));
#3656=DIRECTION('',(0.,0.,1.));
#3657=DIRECTION('',(-1.,0.,0.));
#3658=DIRECTION('',(0.,0.,1.));
#3659=DIRECTION('center_axis',(1.,0.,0.));
#3660=DIRECTION('ref_axis',(0.,1.,0.));
#3661=DIRECTION('',(0.,1.,0.));
#3662=DIRECTION('',(0.,1.,0.));
#3663=DIRECTION('',(0.,0.,1.));
#3664=DIRECTION('center_axis',(0.,-1.,0.));
#3665=DIRECTION('ref_axis',(1.,0.,0.));
#3666=DIRECTION('',(1.,0.,0.));
#3667=DIRECTION('',(1.,0.,0.));
#3668=DIRECTION('',(0.,0.,1.));
#3669=DIRECTION('center_axis',(-1.,0.,0.));
#3670=DIRECTION('ref_axis',(0.,-1.,0.));
#3671=DIRECTION('',(0.,-1.,0.));
#3672=DIRECTION('',(0.,-1.,0.));
#3673=DIRECTION('center_axis',(0.,0.,1.));
#3674=DIRECTION('ref_axis',(1.,0.,0.));
#3675=DIRECTION('center_axis',(0.,0.,1.));
#3676=DIRECTION('ref_axis',(1.,0.,0.));
#3677=DIRECTION('axis',(0.,0.,1.));
#3678=DIRECTION('refdir',(1.,0.,0.));
#3679=DIRECTION('center_axis',(0.,1.,0.));
#3680=DIRECTION('ref_axis',(-1.,0.,0.));
#3681=DIRECTION('',(-1.,0.,0.));
#3682=DIRECTION('',(0.,0.,1.));
#3683=DIRECTION('',(-1.,0.,0.));
#3684=DIRECTION('',(0.,0.,1.));
#3685=DIRECTION('center_axis',(1.,0.,0.));
#3686=DIRECTION('ref_axis',(0.,1.,0.));
#3687=DIRECTION('',(0.,1.,0.));
#3688=DIRECTION('',(0.,1.,0.));
#3689=DIRECTION('',(0.,0.,1.));
#3690=DIRECTION('center_axis',(0.,-1.,0.));
#3691=DIRECTION('ref_axis',(1.,0.,0.));
#3692=DIRECTION('',(1.,0.,0.));
#3693=DIRECTION('',(1.,0.,0.));
#3694=DIRECTION('',(0.,0.,1.));
#3695=DIRECTION('center_axis',(-1.,0.,0.));
#3696=DIRECTION('ref_axis',(0.,-1.,0.));
#3697=DIRECTION('',(0.,-1.,0.));
#3698=DIRECTION('',(0.,-1.,0.));
#3699=DIRECTION('center_axis',(0.,0.,1.));
#3700=DIRECTION('ref_axis',(1.,0.,0.));
#3701=DIRECTION('center_axis',(0.,0.,1.));
#3702=DIRECTION('ref_axis',(1.,0.,0.));
#3703=DIRECTION('axis',(0.,0.,1.));
#3704=DIRECTION('refdir',(1.,0.,0.));
#3705=DIRECTION('axis',(0.,0.,1.));
#3706=DIRECTION('refdir',(1.,0.,0.));
#3707=DIRECTION('axis',(0.,0.,1.));
#3708=DIRECTION('refdir',(1.,0.,0.));
#3709=DIRECTION('center_axis',(0.204534728335984,0.978859308023643,0.));
#3710=DIRECTION('ref_axis',(-0.978859308023643,0.204534728335984,0.));
#3711=DIRECTION('',(0.,0.,-1.));
#3712=DIRECTION('',(0.978859308023643,-0.204534728335984,0.));
#3713=DIRECTION('',(0.,0.,-1.));
#3714=DIRECTION('',(0.978859308023643,-0.204534728335984,0.));
#3715=DIRECTION('center_axis',(0.,0.,1.));
#3716=DIRECTION('ref_axis',(1.,0.,0.));
#3717=DIRECTION('',(0.978859308023643,0.204534728335984,0.));
#3718=DIRECTION('',(1.,0.,0.));
#3719=DIRECTION('',(-0.978859308023643,-0.204534728335984,0.));
#3720=DIRECTION('center_axis',(0.,0.,1.));
#3721=DIRECTION('ref_axis',(1.,0.,0.));
#3722=DIRECTION('',(1.,5.78241158658936E-16,0.));
#3723=DIRECTION('center_axis',(0.,0.,-1.));
#3724=DIRECTION('ref_axis',(-1.,0.,0.));
#3725=DIRECTION('',(1.,0.,0.));
#3726=DIRECTION('',(-0.978859308023643,0.204534728335984,0.));
#3727=DIRECTION('center_axis',(0.,0.,1.));
#3728=DIRECTION('ref_axis',(1.,0.,0.));
#3729=DIRECTION('center_axis',(0.,0.,-1.));
#3730=DIRECTION('ref_axis',(-1.,0.,0.));
#3731=DIRECTION('',(0.,1.,0.));
#3732=DIRECTION('',(-1.,0.,0.));
#3733=DIRECTION('',(0.,1.,0.));
#3734=DIRECTION('center_axis',(0.,0.,1.));
#3735=DIRECTION('ref_axis',(1.,0.,0.));
#3736=DIRECTION('center_axis',(0.,0.,-1.));
#3737=DIRECTION('ref_axis',(-1.,0.,0.));
#3738=DIRECTION('center_axis',(0.,0.,1.));
#3739=DIRECTION('ref_axis',(1.,0.,0.));
#3740=DIRECTION('',(-0.978859308023643,-0.204534728335984,0.));
#3741=DIRECTION('',(-1.,0.,0.));
#3742=DIRECTION('',(0.978859308023643,0.204534728335984,0.));
#3743=DIRECTION('center_axis',(0.,0.,1.));
#3744=DIRECTION('ref_axis',(-1.,0.,0.));
#3745=DIRECTION('',(1.,-5.78241158658936E-16,0.));
#3746=DIRECTION('center_axis',(0.,0.,-1.));
#3747=DIRECTION('ref_axis',(1.,0.,0.));
#3748=DIRECTION('',(-0.978859308023643,0.204534728335984,0.));
#3749=DIRECTION('',(-1.,0.,0.));
#3750=DIRECTION('',(0.978859308023643,-0.204534728335984,0.));
#3751=DIRECTION('center_axis',(0.,0.,1.));
#3752=DIRECTION('ref_axis',(-1.,0.,0.));
#3753=DIRECTION('center_axis',(0.,0.,-1.));
#3754=DIRECTION('ref_axis',(1.,0.,0.));
#3755=DIRECTION('',(0.,-1.,0.));
#3756=DIRECTION('',(-1.,0.,0.));
#3757=DIRECTION('',(0.,-1.,0.));
#3758=DIRECTION('center_axis',(0.,0.,1.));
#3759=DIRECTION('ref_axis',(-1.,0.,0.));
#3760=DIRECTION('center_axis',(0.,0.,-1.));
#3761=DIRECTION('ref_axis',(1.,0.,0.));
#3762=DIRECTION('center_axis',(0.,0.,1.));
#3763=DIRECTION('ref_axis',(1.,0.,0.));
#3764=DIRECTION('',(1.,0.,0.));
#3765=DIRECTION('',(0.978859308023643,0.204534728335984,0.));
#3766=DIRECTION('center_axis',(0.,0.,-1.));
#3767=DIRECTION('ref_axis',(-1.,0.,0.));
#3768=DIRECTION('center_axis',(0.,0.,1.));
#3769=DIRECTION('ref_axis',(1.,0.,0.));
#3770=DIRECTION('',(0.,1.,0.));
#3771=DIRECTION('',(-1.,0.,0.));
#3772=DIRECTION('',(0.,1.,0.));
#3773=DIRECTION('center_axis',(0.,0.,-1.));
#3774=DIRECTION('ref_axis',(-1.,0.,0.));
#3775=DIRECTION('center_axis',(0.,0.,1.));
#3776=DIRECTION('ref_axis',(1.,0.,0.));
#3777=DIRECTION('',(-0.978859308023643,0.204534728335984,0.));
#3778=DIRECTION('',(1.,0.,0.));
#3779=DIRECTION('center_axis',(0.,0.,-1.));
#3780=DIRECTION('ref_axis',(-1.,0.,0.));
#3781=DIRECTION('',(1.,5.78241158658936E-16,0.));
#3782=DIRECTION('center_axis',(0.,0.,1.));
#3783=DIRECTION('ref_axis',(1.,0.,0.));
#3784=DIRECTION('',(-0.978859308023643,-0.204534728335984,0.));
#3785=DIRECTION('center_axis',(0.,0.,1.));
#3786=DIRECTION('ref_axis',(1.,0.,0.));
#3787=DIRECTION('',(-1.,0.,0.));
#3788=DIRECTION('',(-0.978859308023643,-0.204534728335984,0.));
#3789=DIRECTION('center_axis',(0.,0.,-1.));
#3790=DIRECTION('ref_axis',(1.,0.,0.));
#3791=DIRECTION('center_axis',(0.,0.,1.));
#3792=DIRECTION('ref_axis',(-1.,0.,0.));
#3793=DIRECTION('',(0.,-1.,0.));
#3794=DIRECTION('',(-1.,0.,0.));
#3795=DIRECTION('',(0.,-1.,0.));
#3796=DIRECTION('center_axis',(0.,0.,-1.));
#3797=DIRECTION('ref_axis',(1.,0.,0.));
#3798=DIRECTION('center_axis',(0.,0.,1.));
#3799=DIRECTION('ref_axis',(-1.,0.,0.));
#3800=DIRECTION('',(0.978859308023643,-0.204534728335984,0.));
#3801=DIRECTION('',(-1.,0.,0.));
#3802=DIRECTION('',(-0.978859308023643,0.204534728335984,0.));
#3803=DIRECTION('center_axis',(0.,0.,-1.));
#3804=DIRECTION('ref_axis',(1.,0.,0.));
#3805=DIRECTION('',(1.,-5.78241158658936E-16,0.));
#3806=DIRECTION('center_axis',(0.,0.,1.));
#3807=DIRECTION('ref_axis',(-1.,0.,0.));
#3808=DIRECTION('',(0.978859308023643,0.204534728335984,0.));
#3809=DIRECTION('center_axis',(0.204534728335984,-0.978859308023643,0.));
#3810=DIRECTION('ref_axis',(-0.978859308023643,-0.204534728335984,0.));
#3811=DIRECTION('',(0.,0.,1.));
#3812=DIRECTION('',(0.,0.,-1.));
#3813=DIRECTION('center_axis',(-0.204534728335984,0.978859308023643,0.));
#3814=DIRECTION('ref_axis',(0.978859308023643,0.204534728335984,0.));
#3815=DIRECTION('',(0.,0.,1.));
#3816=DIRECTION('',(0.,0.,-1.));
#3817=DIRECTION('center_axis',(-0.204534728335984,-0.978859308023643,0.));
#3818=DIRECTION('ref_axis',(0.978859308023643,-0.204534728335984,0.));
#3819=DIRECTION('',(0.,0.,-1.));
#3820=DIRECTION('',(0.,0.,-1.));
#3821=DIRECTION('center_axis',(-1.,0.,0.));
#3822=DIRECTION('ref_axis',(0.,0.,1.));
#3823=DIRECTION('',(0.,0.,-1.));
#3824=DIRECTION('',(0.,1.,0.));
#3825=DIRECTION('',(0.,0.,-1.));
#3826=DIRECTION('',(0.,1.,0.));
#3827=DIRECTION('center_axis',(0.,0.,-1.));
#3828=DIRECTION('ref_axis',(-1.,0.,0.));
#3829=DIRECTION('center_axis',(0.,0.,1.));
#3830=DIRECTION('ref_axis',(1.,0.,0.));
#3831=DIRECTION('',(0.,0.,-1.));
#3832=DIRECTION('',(0.,0.,-1.));
#3833=DIRECTION('',(0.,0.,-1.));
#3834=DIRECTION('center_axis',(0.,0.,1.));
#3835=DIRECTION('ref_axis',(1.,0.,0.));
#3836=DIRECTION('center_axis',(-0.204534728335984,-0.978859308023643,0.));
#3837=DIRECTION('ref_axis',(0.978859308023643,-0.204534728335984,0.));
#3838=DIRECTION('',(0.,0.,-1.));
#3839=DIRECTION('center_axis',(0.,0.,-1.));
#3840=DIRECTION('ref_axis',(-1.,0.,0.));
#3841=DIRECTION('',(0.,0.,-1.));
#3842=DIRECTION('center_axis',(0.,0.,-1.));
#3843=DIRECTION('ref_axis',(-1.,0.,0.));
#3844=DIRECTION('',(0.,0.,-1.));
#3845=DIRECTION('center_axis',(-1.,0.,0.));
#3846=DIRECTION('ref_axis',(0.,0.,1.));
#3847=DIRECTION('',(0.,0.,-1.));
#3848=DIRECTION('center_axis',(0.,-1.,0.));
#3849=DIRECTION('ref_axis',(0.,0.,-1.));
#3850=DIRECTION('',(0.,0.,-1.));
#3851=DIRECTION('center_axis',(0.,1.,0.));
#3852=DIRECTION('ref_axis',(0.,0.,1.));
#3853=DIRECTION('center_axis',(-5.78241158658936E-16,1.,0.));
#3854=DIRECTION('ref_axis',(-1.,-5.78241158658936E-16,0.));
#3855=DIRECTION('',(0.,0.,-1.));
#3856=DIRECTION('',(0.,0.,-1.));
#3857=DIRECTION('center_axis',(-5.78241158658936E-16,1.,0.));
#3858=DIRECTION('ref_axis',(-1.,-5.78241158658936E-16,0.));
#3859=DIRECTION('center_axis',(0.,0.,-1.));
#3860=DIRECTION('ref_axis',(-1.,0.,0.));
#3861=DIRECTION('center_axis',(0.,0.,-1.));
#3862=DIRECTION('ref_axis',(-1.,0.,0.));
#3863=DIRECTION('',(0.,0.,-1.));
#3864=DIRECTION('',(0.,0.,-1.));
#3865=DIRECTION('center_axis',(0.,0.,1.));
#3866=DIRECTION('ref_axis',(1.,0.,0.));
#3867=DIRECTION('center_axis',(0.,0.,1.));
#3868=DIRECTION('ref_axis',(1.,0.,0.));
#3869=DIRECTION('',(0.,0.,-1.));
#3870=DIRECTION('center_axis',(-0.204534728335984,0.978859308023643,0.));
#3871=DIRECTION('ref_axis',(0.978859308023643,0.204534728335984,0.));
#3872=DIRECTION('',(0.,0.,-1.));
#3873=DIRECTION('center_axis',(0.,0.,-1.));
#3874=DIRECTION('ref_axis',(-1.,0.,0.));
#3875=DIRECTION('',(0.,0.,-1.));
#3876=DIRECTION('center_axis',(0.,0.,-1.));
#3877=DIRECTION('ref_axis',(-1.,0.,0.));
#3878=DIRECTION('',(0.,0.,-1.));
#3879=DIRECTION('center_axis',(-1.,0.,0.));
#3880=DIRECTION('ref_axis',(0.,0.,1.));
#3881=DIRECTION('',(0.,0.,-1.));
#3882=DIRECTION('center_axis',(0.,1.,0.));
#3883=DIRECTION('ref_axis',(0.,0.,-1.));
#3884=DIRECTION('',(0.,0.,-1.));
#3885=DIRECTION('center_axis',(0.,1.,0.));
#3886=DIRECTION('ref_axis',(0.,0.,1.));
#3887=DIRECTION('center_axis',(-5.78241158658936E-16,-1.,0.));
#3888=DIRECTION('ref_axis',(-1.,5.78241158658936E-16,0.));
#3889=DIRECTION('',(0.,0.,-1.));
#3890=DIRECTION('',(0.,0.,-1.));
#3891=DIRECTION('center_axis',(-5.78241158658936E-16,-1.,0.));
#3892=DIRECTION('ref_axis',(1.,-5.78241158658936E-16,0.));
#3893=DIRECTION('center_axis',(0.,0.,-1.));
#3894=DIRECTION('ref_axis',(-1.,0.,0.));
#3895=DIRECTION('center_axis',(1.,0.,0.));
#3896=DIRECTION('ref_axis',(0.,0.,1.));
#3897=DIRECTION('',(0.,0.,-1.));
#3898=DIRECTION('',(0.,-1.,0.));
#3899=DIRECTION('',(0.,0.,-1.));
#3900=DIRECTION('',(0.,-1.,0.));
#3901=DIRECTION('center_axis',(0.,0.,-1.));
#3902=DIRECTION('ref_axis',(1.,0.,0.));
#3903=DIRECTION('',(0.,0.,-1.));
#3904=DIRECTION('',(0.,0.,-1.));
#3905=DIRECTION('center_axis',(0.,0.,1.));
#3906=DIRECTION('ref_axis',(1.,0.,0.));
#3907=DIRECTION('center_axis',(0.,0.,1.));
#3908=DIRECTION('ref_axis',(1.,0.,0.));
#3909=DIRECTION('',(0.,0.,-1.));
#3910=DIRECTION('center_axis',(0.204534728335984,-0.978859308023643,0.));
#3911=DIRECTION('ref_axis',(-0.978859308023643,-0.204534728335984,0.));
#3912=DIRECTION('',(0.,0.,-1.));
#3913=DIRECTION('center_axis',(0.,0.,-1.));
#3914=DIRECTION('ref_axis',(1.,0.,0.));
#3915=DIRECTION('',(0.,0.,-1.));
#3916=DIRECTION('center_axis',(0.,0.,-1.));
#3917=DIRECTION('ref_axis',(1.,0.,0.));
#3918=DIRECTION('',(0.,0.,-1.));
#3919=DIRECTION('center_axis',(1.,0.,0.));
#3920=DIRECTION('ref_axis',(0.,0.,1.));
#3921=DIRECTION('center_axis',(0.,0.,-1.));
#3922=DIRECTION('ref_axis',(1.,0.,0.));
#3923=DIRECTION('center_axis',(0.,0.,-1.));
#3924=DIRECTION('ref_axis',(1.,0.,0.));
#3925=DIRECTION('center_axis',(0.,0.,1.));
#3926=DIRECTION('ref_axis',(1.,0.,0.));
#3927=DIRECTION('',(0.,0.,-1.));
#3928=DIRECTION('',(0.,0.,-1.));
#3929=DIRECTION('',(0.,0.,-1.));
#3930=DIRECTION('center_axis',(0.,0.,1.));
#3931=DIRECTION('ref_axis',(1.,0.,0.));
#3932=DIRECTION('center_axis',(0.204534728335984,0.978859308023643,0.));
#3933=DIRECTION('ref_axis',(-0.978859308023643,0.204534728335984,0.));
#3934=DIRECTION('',(0.,0.,-1.));
#3935=DIRECTION('center_axis',(0.,0.,-1.));
#3936=DIRECTION('ref_axis',(1.,0.,0.));
#3937=DIRECTION('',(0.,0.,-1.));
#3938=DIRECTION('center_axis',(0.,0.,-1.));
#3939=DIRECTION('ref_axis',(1.,0.,0.));
#3940=DIRECTION('',(0.,0.,-1.));
#3941=DIRECTION('center_axis',(1.,0.,0.));
#3942=DIRECTION('ref_axis',(0.,0.,1.));
#3943=DIRECTION('center_axis',(0.,0.,-1.));
#3944=DIRECTION('ref_axis',(1.,0.,0.));
#3945=DIRECTION('center_axis',(0.,1.,0.));
#3946=DIRECTION('ref_axis',(0.,0.,1.));
#3947=DIRECTION('',(0.,1.,0.));
#3948=DIRECTION('center_axis',(0.,1.,0.));
#3949=DIRECTION('ref_axis',(0.,0.,1.));
#3950=DIRECTION('',(0.,1.,0.));
#3951=DIRECTION('center_axis',(0.,-1.,0.));
#3952=DIRECTION('ref_axis',(0.,0.,-1.));
#3953=DIRECTION('',(-1.,0.,0.));
#3954=DIRECTION('',(-1.,0.,0.));
#3955=DIRECTION('center_axis',(0.,1.,0.));
#3956=DIRECTION('ref_axis',(0.,0.,1.));
#3957=DIRECTION('',(1.,0.,0.));
#3958=DIRECTION('',(1.,0.,0.));
#3959=DIRECTION('center_axis',(0.,0.,1.));
#3960=DIRECTION('ref_axis',(1.,0.,0.));
#3961=DIRECTION('center_axis',(0.,0.,1.));
#3962=DIRECTION('ref_axis',(1.,0.,0.));
#3963=DIRECTION('',(0.,0.,1.));
#3964=DIRECTION('',(1.,0.,0.));
#3965=DIRECTION('',(0.,0.,1.));
#3966=DIRECTION('',(1.,0.,0.));
#3967=DIRECTION('',(0.,0.,1.));
#3968=DIRECTION('',(1.,0.,0.));
#3969=DIRECTION('',(0.,0.,1.));
#3970=DIRECTION('',(1.,0.,0.));
#3971=DIRECTION('',(0.,0.,1.));
#3972=DIRECTION('',(1.,0.,0.));
#3973=DIRECTION('',(0.,0.,1.));
#3974=DIRECTION('',(1.,0.,0.));
#3975=DIRECTION('',(0.,0.,1.));
#3976=DIRECTION('',(1.,0.,0.));
#3977=CARTESIAN_POINT('',(0.,0.,0.));
#3978=CARTESIAN_POINT('',(0.,0.,0.));
#3979=CARTESIAN_POINT('Origin',(-11.,11.75,0.));
#3980=CARTESIAN_POINT('',(-11.,16.5,6.));
#3981=CARTESIAN_POINT('',(-11.,16.5,0.));
#3982=CARTESIAN_POINT('',(-11.,16.5,0.));
#3983=CARTESIAN_POINT('',(-11.,11.75,6.));
#3984=CARTESIAN_POINT('',(-11.,18.,6.));
#3985=CARTESIAN_POINT('',(-11.,11.75,0.));
#3986=CARTESIAN_POINT('',(-11.,11.75,0.));
#3987=CARTESIAN_POINT('',(-11.,18.,0.));
#3988=CARTESIAN_POINT('Origin',(11.,11.75,0.));
#3989=CARTESIAN_POINT('',(11.,11.75,0.));
#3990=CARTESIAN_POINT('',(-11.,11.75,0.));
#3991=CARTESIAN_POINT('',(11.,11.75,6.));
#3992=CARTESIAN_POINT('',(-11.,11.75,6.));
#3993=CARTESIAN_POINT('',(11.,11.75,0.));
#3994=CARTESIAN_POINT('Origin',(11.,18.,0.));
#3995=CARTESIAN_POINT('',(11.,16.5,0.));
#3996=CARTESIAN_POINT('',(11.,16.5,6.));
#3997=CARTESIAN_POINT('',(11.,16.5,0.));
#3998=CARTESIAN_POINT('',(11.,11.75,0.));
#3999=CARTESIAN_POINT('',(11.,11.75,6.));
#4000=CARTESIAN_POINT('Origin',(-13.,9.75,0.));
#4001=CARTESIAN_POINT('',(13.,9.75,0.));
#4002=CARTESIAN_POINT('',(-13.,9.75,0.));
#4003=CARTESIAN_POINT('',(13.,9.75,0.));
#4004=CARTESIAN_POINT('',(13.,9.75,6.));
#4005=CARTESIAN_POINT('',(13.,9.75,0.));
#4006=CARTESIAN_POINT('',(-13.,9.75,6.));
#4007=CARTESIAN_POINT('',(13.,9.75,6.));
#4008=CARTESIAN_POINT('',(-13.,9.75,0.));
#4009=CARTESIAN_POINT('Origin',(10.,16.5,0.));
#4010=CARTESIAN_POINT('',(10.,16.5,6.));
#4011=CARTESIAN_POINT('',(10.,16.5,6.));
#4012=CARTESIAN_POINT('',(10.,16.5,0.));
#4013=CARTESIAN_POINT('',(10.,16.5,0.));
#4014=CARTESIAN_POINT('',(10.,16.5,0.));
#4015=CARTESIAN_POINT('Origin',(11.,-11.75,0.));
#4016=CARTESIAN_POINT('',(11.,-16.5,6.));
#4017=CARTESIAN_POINT('',(11.,-16.5,0.));
#4018=CARTESIAN_POINT('',(11.,-16.5,0.));
#4019=CARTESIAN_POINT('',(11.,-11.75,6.));
#4020=CARTESIAN_POINT('',(11.,-11.75,6.));
#4021=CARTESIAN_POINT('',(11.,-11.75,0.));
#4022=CARTESIAN_POINT('',(11.,-11.75,0.));
#4023=CARTESIAN_POINT('',(11.,-11.75,0.));
#4024=CARTESIAN_POINT('Origin',(-11.,-18.,0.));
#4025=CARTESIAN_POINT('',(-11.,-16.5,0.));
#4026=CARTESIAN_POINT('',(-11.,-16.5,6.));
#4027=CARTESIAN_POINT('',(-11.,-16.5,0.));
#4028=CARTESIAN_POINT('',(-11.,-11.75,0.));
#4029=CARTESIAN_POINT('',(-11.,-18.,0.));
#4030=CARTESIAN_POINT('',(-11.,-11.75,6.));
#4031=CARTESIAN_POINT('',(-11.,-11.75,0.));
#4032=CARTESIAN_POINT('',(-11.,-18.,6.));
#4033=CARTESIAN_POINT('Origin',(13.,-9.75,0.));
#4034=CARTESIAN_POINT('',(13.,-9.75,0.));
#4035=CARTESIAN_POINT('',(-13.,-9.75,0.));
#4036=CARTESIAN_POINT('',(13.,-9.75,0.));
#4037=CARTESIAN_POINT('',(-13.,-9.75,6.));
#4038=CARTESIAN_POINT('',(-13.,-9.75,0.));
#4039=CARTESIAN_POINT('',(13.,-9.75,6.));
#4040=CARTESIAN_POINT('',(13.,-9.75,6.));
#4041=CARTESIAN_POINT('',(13.,-9.75,0.));
#4042=CARTESIAN_POINT('Origin',(-11.,-11.75,0.));
#4043=CARTESIAN_POINT('',(-11.,-11.75,0.));
#4044=CARTESIAN_POINT('',(-11.,-11.75,6.));
#4045=CARTESIAN_POINT('Origin',(-33.,23.,0.));
#4046=CARTESIAN_POINT('',(-34.1,23.,0.));
#4047=CARTESIAN_POINT('Origin',(-33.,23.,0.));
#4048=CARTESIAN_POINT('',(-34.1,23.,6.));
#4049=CARTESIAN_POINT('',(-34.1,23.,0.));
#4050=CARTESIAN_POINT('Origin',(-33.,23.,6.));
#4051=CARTESIAN_POINT('Origin',(33.,-23.,0.));
#4052=CARTESIAN_POINT('',(31.9,-23.,0.));
#4053=CARTESIAN_POINT('Origin',(33.,-23.,0.));
#4054=CARTESIAN_POINT('',(31.9,-23.,6.));
#4055=CARTESIAN_POINT('',(31.9,-23.,0.));
#4056=CARTESIAN_POINT('Origin',(33.,-23.,6.));
#4057=CARTESIAN_POINT('Origin',(-33.,-23.,0.));
#4058=CARTESIAN_POINT('',(-34.1,-23.,0.));
#4059=CARTESIAN_POINT('Origin',(-33.,-23.,0.));
#4060=CARTESIAN_POINT('',(-34.1,-23.,6.));
#4061=CARTESIAN_POINT('',(-34.1,-23.,0.));
#4062=CARTESIAN_POINT('Origin',(-33.,-23.,6.));
#4063=CARTESIAN_POINT('Origin',(33.,23.,0.));
#4064=CARTESIAN_POINT('',(31.9,23.,0.));
#4065=CARTESIAN_POINT('Origin',(33.,23.,0.));
#4066=CARTESIAN_POINT('',(31.9,23.,6.));
#4067=CARTESIAN_POINT('',(31.9,23.,0.));
#4068=CARTESIAN_POINT('Origin',(33.,23.,6.));
#4069=CARTESIAN_POINT('Origin',(-27.,7.25,0.));
#4070=CARTESIAN_POINT('',(-27.,7.25,0.));
#4071=CARTESIAN_POINT('',(-13.,7.25,0.));
#4072=CARTESIAN_POINT('',(-27.,7.25,0.));
#4073=CARTESIAN_POINT('',(-13.,7.25,6.));
#4074=CARTESIAN_POINT('',(-13.,7.25,0.));
#4075=CARTESIAN_POINT('',(-27.,7.25,6.));
#4076=CARTESIAN_POINT('',(-27.,7.25,6.));
#4077=CARTESIAN_POINT('',(-27.,7.25,0.));
#4078=CARTESIAN_POINT('Origin',(-27.,-7.25,0.));
#4079=CARTESIAN_POINT('',(-27.,-7.25,0.));
#4080=CARTESIAN_POINT('',(-27.,-7.25,0.));
#4081=CARTESIAN_POINT('',(-27.,-7.25,6.));
#4082=CARTESIAN_POINT('',(-27.,-7.25,6.));
#4083=CARTESIAN_POINT('',(-27.,-7.25,0.));
#4084=CARTESIAN_POINT('Origin',(-13.,-7.25,0.));
#4085=CARTESIAN_POINT('',(-13.,-7.25,0.));
#4086=CARTESIAN_POINT('',(-13.,-7.25,0.));
#4087=CARTESIAN_POINT('',(-13.,-7.25,6.));
#4088=CARTESIAN_POINT('',(-13.,-7.25,6.));
#4089=CARTESIAN_POINT('',(-13.,-7.25,0.));
#4090=CARTESIAN_POINT('Origin',(-13.,7.25,0.));
#4091=CARTESIAN_POINT('',(-13.,7.25,0.));
#4092=CARTESIAN_POINT('',(-13.,7.25,6.));
#4093=CARTESIAN_POINT('Origin',(13.,21.,0.));
#4094=CARTESIAN_POINT('',(13.,21.,0.));
#4095=CARTESIAN_POINT('',(31.,21.,0.));
#4096=CARTESIAN_POINT('',(13.,21.,0.));
#4097=CARTESIAN_POINT('',(31.,21.,6.));
#4098=CARTESIAN_POINT('',(31.,21.,0.));
#4099=CARTESIAN_POINT('',(13.,21.,6.));
#4100=CARTESIAN_POINT('',(13.,21.,6.));
#4101=CARTESIAN_POINT('',(13.,21.,0.));
#4102=CARTESIAN_POINT('Origin',(13.,18.25,0.));
#4103=CARTESIAN_POINT('',(13.,18.25,0.));
#4104=CARTESIAN_POINT('',(13.,18.25,0.));
#4105=CARTESIAN_POINT('',(13.,18.25,6.));
#4106=CARTESIAN_POINT('',(13.,18.25,6.));
#4107=CARTESIAN_POINT('',(13.,18.25,0.));
#4108=CARTESIAN_POINT('Origin',(27.,18.25,0.));
#4109=CARTESIAN_POINT('',(27.,18.25,0.));
#4110=CARTESIAN_POINT('',(27.,18.25,0.));
#4111=CARTESIAN_POINT('',(27.,18.25,6.));
#4112=CARTESIAN_POINT('',(27.,18.25,6.));
#4113=CARTESIAN_POINT('',(27.,18.25,0.));
#4114=CARTESIAN_POINT('Origin',(27.,19.5,0.));
#4115=CARTESIAN_POINT('',(27.,19.5,0.));
#4116=CARTESIAN_POINT('',(27.,19.5,0.));
#4117=CARTESIAN_POINT('',(27.,19.5,6.));
#4118=CARTESIAN_POINT('',(27.,19.5,6.));
#4119=CARTESIAN_POINT('',(27.,19.5,0.));
#4120=CARTESIAN_POINT('Origin',(29.,19.5,0.));
#4121=CARTESIAN_POINT('',(29.,19.5,0.));
#4122=CARTESIAN_POINT('',(29.,19.5,0.));
#4123=CARTESIAN_POINT('',(29.,19.5,6.));
#4124=CARTESIAN_POINT('',(29.,19.5,6.));
#4125=CARTESIAN_POINT('',(29.,19.5,0.));
#4126=CARTESIAN_POINT('Origin',(29.,-19.5,0.));
#4127=CARTESIAN_POINT('',(29.,-19.5,0.));
#4128=CARTESIAN_POINT('',(29.,-19.5,0.));
#4129=CARTESIAN_POINT('',(29.,-19.5,6.));
#4130=CARTESIAN_POINT('',(29.,-19.5,6.));
#4131=CARTESIAN_POINT('',(29.,-19.5,0.));
#4132=CARTESIAN_POINT('Origin',(27.,-19.5,0.));
#4133=CARTESIAN_POINT('',(27.,-19.5,0.));
#4134=CARTESIAN_POINT('',(27.,-19.5,0.));
#4135=CARTESIAN_POINT('',(27.,-19.5,6.));
#4136=CARTESIAN_POINT('',(27.,-19.5,6.));
#4137=CARTESIAN_POINT('',(27.,-19.5,0.));
#4138=CARTESIAN_POINT('Origin',(27.,-18.25,0.));
#4139=CARTESIAN_POINT('',(27.,-18.25,0.));
#4140=CARTESIAN_POINT('',(27.,-18.25,0.));
#4141=CARTESIAN_POINT('',(27.,-18.25,6.));
#4142=CARTESIAN_POINT('',(27.,-18.25,6.));
#4143=CARTESIAN_POINT('',(27.,-18.25,0.));
#4144=CARTESIAN_POINT('Origin',(13.,-18.25,0.));
#4145=CARTESIAN_POINT('',(13.,-18.25,0.));
#4146=CARTESIAN_POINT('',(13.,-18.25,0.));
#4147=CARTESIAN_POINT('',(13.,-18.25,6.));
#4148=CARTESIAN_POINT('',(13.,-18.25,6.));
#4149=CARTESIAN_POINT('',(13.,-18.25,0.));
#4150=CARTESIAN_POINT('Origin',(13.,-21.,0.));
#4151=CARTESIAN_POINT('',(13.,-21.,0.));
#4152=CARTESIAN_POINT('',(13.,-21.,0.));
#4153=CARTESIAN_POINT('',(13.,-21.,6.));
#4154=CARTESIAN_POINT('',(13.,-21.,6.));
#4155=CARTESIAN_POINT('',(13.,-21.,0.));
#4156=CARTESIAN_POINT('Origin',(31.,-21.,0.));
#4157=CARTESIAN_POINT('',(31.,-21.,0.));
#4158=CARTESIAN_POINT('',(31.,-21.,0.));
#4159=CARTESIAN_POINT('',(31.,-21.,6.));
#4160=CARTESIAN_POINT('',(31.,-21.,6.));
#4161=CARTESIAN_POINT('',(31.,-21.,0.));
#4162=CARTESIAN_POINT('Origin',(31.,21.,0.));
#4163=CARTESIAN_POINT('',(31.,21.,0.));
#4164=CARTESIAN_POINT('',(31.,21.,6.));
#4165=CARTESIAN_POINT('Origin',(-27.,-18.25,0.));
#4166=CARTESIAN_POINT('',(-27.,-18.25,0.));
#4167=CARTESIAN_POINT('',(-13.,-18.25,0.));
#4168=CARTESIAN_POINT('',(-27.,-18.25,0.));
#4169=CARTESIAN_POINT('',(-13.,-18.25,6.));
#4170=CARTESIAN_POINT('',(-13.,-18.25,0.));
#4171=CARTESIAN_POINT('',(-27.,-18.25,6.));
#4172=CARTESIAN_POINT('',(-27.,-18.25,6.));
#4173=CARTESIAN_POINT('',(-27.,-18.25,0.));
#4174=CARTESIAN_POINT('Origin',(-27.,-19.5,0.));
#4175=CARTESIAN_POINT('',(-27.,-19.5,0.));
#4176=CARTESIAN_POINT('',(-27.,-19.5,0.));
#4177=CARTESIAN_POINT('',(-27.,-19.5,6.));
#4178=CARTESIAN_POINT('',(-27.,-19.5,6.));
#4179=CARTESIAN_POINT('',(-27.,-19.5,0.));
#4180=CARTESIAN_POINT('Origin',(-29.,-19.5,0.));
#4181=CARTESIAN_POINT('',(-29.,-19.5,0.));
#4182=CARTESIAN_POINT('',(-29.,-19.5,0.));
#4183=CARTESIAN_POINT('',(-29.,-19.5,6.));
#4184=CARTESIAN_POINT('',(-29.,-19.5,6.));
#4185=CARTESIAN_POINT('',(-29.,-19.5,0.));
#4186=CARTESIAN_POINT('Origin',(-29.,19.5,0.));
#4187=CARTESIAN_POINT('',(-29.,19.5,0.));
#4188=CARTESIAN_POINT('',(-29.,19.5,0.));
#4189=CARTESIAN_POINT('',(-29.,19.5,6.));
#4190=CARTESIAN_POINT('',(-29.,19.5,6.));
#4191=CARTESIAN_POINT('',(-29.,19.5,0.));
#4192=CARTESIAN_POINT('Origin',(-27.,19.5,0.));
#4193=CARTESIAN_POINT('',(-27.,19.5,0.));
#4194=CARTESIAN_POINT('',(-27.,19.5,0.));
#4195=CARTESIAN_POINT('',(-27.,19.5,6.));
#4196=CARTESIAN_POINT('',(-27.,19.5,6.));
#4197=CARTESIAN_POINT('',(-27.,19.5,0.));
#4198=CARTESIAN_POINT('Origin',(-27.,18.25,0.));
#4199=CARTESIAN_POINT('',(-27.,18.25,0.));
#4200=CARTESIAN_POINT('',(-27.,18.25,0.));
#4201=CARTESIAN_POINT('',(-27.,18.25,6.));
#4202=CARTESIAN_POINT('',(-27.,18.25,6.));
#4203=CARTESIAN_POINT('',(-27.,18.25,0.));
#4204=CARTESIAN_POINT('Origin',(-13.,18.25,0.));
#4205=CARTESIAN_POINT('',(-13.,18.25,0.));
#4206=CARTESIAN_POINT('',(-13.,18.25,0.));
#4207=CARTESIAN_POINT('',(-13.,18.25,6.));
#4208=CARTESIAN_POINT('',(-13.,18.25,6.));
#4209=CARTESIAN_POINT('',(-13.,18.25,0.));
#4210=CARTESIAN_POINT('Origin',(-13.,21.,0.));
#4211=CARTESIAN_POINT('',(-13.,21.,0.));
#4212=CARTESIAN_POINT('',(-13.,21.,0.));
#4213=CARTESIAN_POINT('',(-13.,21.,6.));
#4214=CARTESIAN_POINT('',(-13.,21.,6.));
#4215=CARTESIAN_POINT('',(-13.,21.,0.));
#4216=CARTESIAN_POINT('Origin',(-31.,21.,0.));
#4217=CARTESIAN_POINT('',(-31.,21.,0.));
#4218=CARTESIAN_POINT('',(-31.,21.,0.));
#4219=CARTESIAN_POINT('',(-31.,21.,6.));
#4220=CARTESIAN_POINT('',(-31.,21.,6.));
#4221=CARTESIAN_POINT('',(-31.,21.,0.));
#4222=CARTESIAN_POINT('Origin',(-31.,-21.,0.));
#4223=CARTESIAN_POINT('',(-31.,-21.,0.));
#4224=CARTESIAN_POINT('',(-31.,-21.,0.));
#4225=CARTESIAN_POINT('',(-31.,-21.,6.));
#4226=CARTESIAN_POINT('',(-31.,-21.,6.));
#4227=CARTESIAN_POINT('',(-31.,-21.,0.));
#4228=CARTESIAN_POINT('Origin',(-13.,-21.,0.));
#4229=CARTESIAN_POINT('',(-13.,-21.,0.));
#4230=CARTESIAN_POINT('',(-13.,-21.,0.));
#4231=CARTESIAN_POINT('',(-13.,-21.,6.));
#4232=CARTESIAN_POINT('',(-13.,-21.,6.));
#4233=CARTESIAN_POINT('',(-13.,-21.,0.));
#4234=CARTESIAN_POINT('Origin',(-13.,-18.25,0.));
#4235=CARTESIAN_POINT('',(-13.,-18.25,0.));
#4236=CARTESIAN_POINT('',(-13.,-18.25,6.));
#4237=CARTESIAN_POINT('Origin',(13.,9.5,0.));
#4238=CARTESIAN_POINT('',(13.,9.5,0.));
#4239=CARTESIAN_POINT('',(-13.,9.5,0.));
#4240=CARTESIAN_POINT('',(13.,9.5,0.));
#4241=CARTESIAN_POINT('',(-13.,9.5,6.));
#4242=CARTESIAN_POINT('',(-13.,9.5,0.));
#4243=CARTESIAN_POINT('',(13.,9.5,6.));
#4244=CARTESIAN_POINT('',(13.,9.5,6.));
#4245=CARTESIAN_POINT('',(13.,9.5,0.));
#4246=CARTESIAN_POINT('Origin',(13.,7.75,0.));
#4247=CARTESIAN_POINT('',(13.,7.75,0.));
#4248=CARTESIAN_POINT('',(13.,7.75,0.));
#4249=CARTESIAN_POINT('',(13.,7.75,6.));
#4250=CARTESIAN_POINT('',(13.,7.75,6.));
#4251=CARTESIAN_POINT('',(13.,7.75,0.));
#4252=CARTESIAN_POINT('Origin',(27.,7.75,0.));
#4253=CARTESIAN_POINT('',(27.,7.75,0.));
#4254=CARTESIAN_POINT('',(27.,7.75,0.));
#4255=CARTESIAN_POINT('',(27.,7.75,6.));
#4256=CARTESIAN_POINT('',(27.,7.75,6.));
#4257=CARTESIAN_POINT('',(27.,7.75,0.));
#4258=CARTESIAN_POINT('Origin',(27.,17.75,0.));
#4259=CARTESIAN_POINT('',(27.,17.75,0.));
#4260=CARTESIAN_POINT('',(27.,17.75,0.));
#4261=CARTESIAN_POINT('',(27.,17.75,6.));
#4262=CARTESIAN_POINT('',(27.,17.75,6.));
#4263=CARTESIAN_POINT('',(27.,17.75,0.));
#4264=CARTESIAN_POINT('Origin',(13.,17.75,0.));
#4265=CARTESIAN_POINT('',(13.,17.75,0.));
#4266=CARTESIAN_POINT('',(13.,17.75,0.));
#4267=CARTESIAN_POINT('',(13.,17.75,6.));
#4268=CARTESIAN_POINT('',(13.,17.75,6.));
#4269=CARTESIAN_POINT('',(13.,17.75,0.));
#4270=CARTESIAN_POINT('Origin',(13.,16.5,0.));
#4271=CARTESIAN_POINT('',(13.,18.,0.));
#4272=CARTESIAN_POINT('',(13.,18.,6.));
#4273=CARTESIAN_POINT('Origin',(10.,21.,0.));
#4274=CARTESIAN_POINT('',(10.,21.,0.));
#4275=CARTESIAN_POINT('',(10.,21.,0.));
#4276=CARTESIAN_POINT('',(10.,21.,6.));
#4277=CARTESIAN_POINT('',(10.,21.,6.));
#4278=CARTESIAN_POINT('',(10.,21.,0.));
#4279=CARTESIAN_POINT('Origin',(-10.,21.,0.));
#4280=CARTESIAN_POINT('',(-10.,21.,0.));
#4281=CARTESIAN_POINT('',(-10.,21.,0.));
#4282=CARTESIAN_POINT('',(-10.,21.,6.));
#4283=CARTESIAN_POINT('',(-10.,21.,6.));
#4284=CARTESIAN_POINT('',(-10.,21.,0.));
#4285=CARTESIAN_POINT('Origin',(-10.,16.5,0.));
#4286=CARTESIAN_POINT('',(-10.,16.5,0.));
#4287=CARTESIAN_POINT('',(-10.,16.5,0.));
#4288=CARTESIAN_POINT('',(-10.,16.5,6.));
#4289=CARTESIAN_POINT('',(-10.,16.5,6.));
#4290=CARTESIAN_POINT('',(-10.,16.5,0.));
#4291=CARTESIAN_POINT('Origin',(-13.,16.5,0.));
#4292=CARTESIAN_POINT('',(-13.,16.5,0.));
#4293=CARTESIAN_POINT('',(-13.,16.5,6.));
#4294=CARTESIAN_POINT('Origin',(-13.,17.75,0.));
#4295=CARTESIAN_POINT('',(-13.,17.75,0.));
#4296=CARTESIAN_POINT('',(-13.,17.75,0.));
#4297=CARTESIAN_POINT('',(-13.,17.75,6.));
#4298=CARTESIAN_POINT('',(-13.,17.75,6.));
#4299=CARTESIAN_POINT('',(-13.,17.75,0.));
#4300=CARTESIAN_POINT('Origin',(-27.,17.75,0.));
#4301=CARTESIAN_POINT('',(-27.,17.75,0.));
#4302=CARTESIAN_POINT('',(-27.,17.75,0.));
#4303=CARTESIAN_POINT('',(-27.,17.75,6.));
#4304=CARTESIAN_POINT('',(-27.,17.75,6.));
#4305=CARTESIAN_POINT('',(-27.,17.75,0.));
#4306=CARTESIAN_POINT('Origin',(-27.,7.75,0.));
#4307=CARTESIAN_POINT('',(-27.,7.75,0.));
#4308=CARTESIAN_POINT('',(-27.,7.75,0.));
#4309=CARTESIAN_POINT('',(-27.,7.75,6.));
#4310=CARTESIAN_POINT('',(-27.,7.75,6.));
#4311=CARTESIAN_POINT('',(-27.,7.75,0.));
#4312=CARTESIAN_POINT('Origin',(-13.,7.75,0.));
#4313=CARTESIAN_POINT('',(-13.,7.75,0.));
#4314=CARTESIAN_POINT('',(-13.,7.75,0.));
#4315=CARTESIAN_POINT('',(-13.,7.75,6.));
#4316=CARTESIAN_POINT('',(-13.,7.75,6.));
#4317=CARTESIAN_POINT('',(-13.,7.75,0.));
#4318=CARTESIAN_POINT('Origin',(-13.,9.5,0.));
#4319=CARTESIAN_POINT('',(-13.,9.5,0.));
#4320=CARTESIAN_POINT('',(-13.,9.5,6.));
#4321=CARTESIAN_POINT('Origin',(13.,7.25,0.));
#4322=CARTESIAN_POINT('',(13.,7.25,0.));
#4323=CARTESIAN_POINT('',(27.,7.25,0.));
#4324=CARTESIAN_POINT('',(13.,7.25,0.));
#4325=CARTESIAN_POINT('',(27.,7.25,6.));
#4326=CARTESIAN_POINT('',(27.,7.25,0.));
#4327=CARTESIAN_POINT('',(13.,7.25,6.));
#4328=CARTESIAN_POINT('',(13.,7.25,6.));
#4329=CARTESIAN_POINT('',(13.,7.25,0.));
#4330=CARTESIAN_POINT('Origin',(13.,-7.25,0.));
#4331=CARTESIAN_POINT('',(13.,-7.25,0.));
#4332=CARTESIAN_POINT('',(13.,-7.25,0.));
#4333=CARTESIAN_POINT('',(13.,-7.25,6.));
#4334=CARTESIAN_POINT('',(13.,-7.25,6.));
#4335=CARTESIAN_POINT('',(13.,-7.25,0.));
#4336=CARTESIAN_POINT('Origin',(27.,-7.25,0.));
#4337=CARTESIAN_POINT('',(27.,-7.25,0.));
#4338=CARTESIAN_POINT('',(27.,-7.25,0.));
#4339=CARTESIAN_POINT('',(27.,-7.25,6.));
#4340=CARTESIAN_POINT('',(27.,-7.25,6.));
#4341=CARTESIAN_POINT('',(27.,-7.25,0.));
#4342=CARTESIAN_POINT('Origin',(27.,7.25,0.));
#4343=CARTESIAN_POINT('',(27.,7.25,0.));
#4344=CARTESIAN_POINT('',(27.,7.25,6.));
#4345=CARTESIAN_POINT('Origin',(-10.,-16.5,0.));
#4346=CARTESIAN_POINT('',(-10.,-16.5,6.));
#4347=CARTESIAN_POINT('',(-10.,-16.5,6.));
#4348=CARTESIAN_POINT('',(-10.,-16.5,0.));
#4349=CARTESIAN_POINT('',(-10.,-16.5,0.));
#4350=CARTESIAN_POINT('',(-10.,-16.5,0.));
#4351=CARTESIAN_POINT('Origin',(-10.,-21.,0.));
#4352=CARTESIAN_POINT('',(-10.,-21.,0.));
#4353=CARTESIAN_POINT('',(-10.,-21.,0.));
#4354=CARTESIAN_POINT('',(-10.,-21.,6.));
#4355=CARTESIAN_POINT('',(-10.,-21.,6.));
#4356=CARTESIAN_POINT('',(-10.,-21.,0.));
#4357=CARTESIAN_POINT('Origin',(10.,-21.,0.));
#4358=CARTESIAN_POINT('',(10.,-21.,0.));
#4359=CARTESIAN_POINT('',(10.,-21.,0.));
#4360=CARTESIAN_POINT('',(10.,-21.,6.));
#4361=CARTESIAN_POINT('',(10.,-21.,6.));
#4362=CARTESIAN_POINT('',(10.,-21.,0.));
#4363=CARTESIAN_POINT('Origin',(10.,-16.5,0.));
#4364=CARTESIAN_POINT('',(10.,-16.5,0.));
#4365=CARTESIAN_POINT('',(10.,-16.5,0.));
#4366=CARTESIAN_POINT('',(10.,-16.5,6.));
#4367=CARTESIAN_POINT('',(10.,-16.5,6.));
#4368=CARTESIAN_POINT('',(10.,-16.5,0.));
#4369=CARTESIAN_POINT('Origin',(13.,-16.5,0.));
#4370=CARTESIAN_POINT('',(13.,-16.5,0.));
#4371=CARTESIAN_POINT('',(13.,-16.5,6.));
#4372=CARTESIAN_POINT('Origin',(13.,-17.75,0.));
#4373=CARTESIAN_POINT('',(13.,-17.75,0.));
#4374=CARTESIAN_POINT('',(13.,-17.75,0.));
#4375=CARTESIAN_POINT('',(13.,-17.75,6.));
#4376=CARTESIAN_POINT('',(13.,-17.75,6.));
#4377=CARTESIAN_POINT('',(13.,-17.75,0.));
#4378=CARTESIAN_POINT('Origin',(27.,-17.75,0.));
#4379=CARTESIAN_POINT('',(27.,-17.75,0.));
#4380=CARTESIAN_POINT('',(27.,-17.75,0.));
#4381=CARTESIAN_POINT('',(27.,-17.75,6.));
#4382=CARTESIAN_POINT('',(27.,-17.75,6.));
#4383=CARTESIAN_POINT('',(27.,-17.75,0.));
#4384=CARTESIAN_POINT('Origin',(27.,-7.75,0.));
#4385=CARTESIAN_POINT('',(27.,-7.75,0.));
#4386=CARTESIAN_POINT('',(27.,-7.75,0.));
#4387=CARTESIAN_POINT('',(27.,-7.75,6.));
#4388=CARTESIAN_POINT('',(27.,-7.75,6.));
#4389=CARTESIAN_POINT('',(27.,-7.75,0.));
#4390=CARTESIAN_POINT('Origin',(13.,-7.75,0.));
#4391=CARTESIAN_POINT('',(13.,-7.75,0.));
#4392=CARTESIAN_POINT('',(13.,-7.75,0.));
#4393=CARTESIAN_POINT('',(13.,-7.75,6.));
#4394=CARTESIAN_POINT('',(13.,-7.75,6.));
#4395=CARTESIAN_POINT('',(13.,-7.75,0.));
#4396=CARTESIAN_POINT('Origin',(13.,-9.5,0.));
#4397=CARTESIAN_POINT('',(13.,-9.5,0.));
#4398=CARTESIAN_POINT('',(13.,-9.5,0.));
#4399=CARTESIAN_POINT('',(13.,-9.5,6.));
#4400=CARTESIAN_POINT('',(13.,-9.5,6.));
#4401=CARTESIAN_POINT('',(13.,-9.5,0.));
#4402=CARTESIAN_POINT('Origin',(-13.,-9.5,0.));
#4403=CARTESIAN_POINT('',(-13.,-9.5,0.));
#4404=CARTESIAN_POINT('',(-13.,-9.5,0.));
#4405=CARTESIAN_POINT('',(-13.,-9.5,6.));
#4406=CARTESIAN_POINT('',(-13.,-9.5,6.));
#4407=CARTESIAN_POINT('',(-13.,-9.5,0.));
#4408=CARTESIAN_POINT('Origin',(-13.,-7.75,0.));
#4409=CARTESIAN_POINT('',(-13.,-7.75,0.));
#4410=CARTESIAN_POINT('',(-13.,-7.75,0.));
#4411=CARTESIAN_POINT('',(-13.,-7.75,6.));
#4412=CARTESIAN_POINT('',(-13.,-7.75,6.));
#4413=CARTESIAN_POINT('',(-13.,-7.75,0.));
#4414=CARTESIAN_POINT('Origin',(-27.,-7.75,0.));
#4415=CARTESIAN_POINT('',(-27.,-7.75,0.));
#4416=CARTESIAN_POINT('',(-27.,-7.75,0.));
#4417=CARTESIAN_POINT('',(-27.,-7.75,6.));
#4418=CARTESIAN_POINT('',(-27.,-7.75,6.));
#4419=CARTESIAN_POINT('',(-27.,-7.75,0.));
#4420=CARTESIAN_POINT('Origin',(-27.,-17.75,0.));
#4421=CARTESIAN_POINT('',(-27.,-17.75,0.));
#4422=CARTESIAN_POINT('',(-27.,-17.75,0.));
#4423=CARTESIAN_POINT('',(-27.,-17.75,6.));
#4424=CARTESIAN_POINT('',(-27.,-17.75,6.));
#4425=CARTESIAN_POINT('',(-27.,-17.75,0.));
#4426=CARTESIAN_POINT('Origin',(-13.,-17.75,0.));
#4427=CARTESIAN_POINT('',(-13.,-17.75,0.));
#4428=CARTESIAN_POINT('',(-13.,-17.75,0.));
#4429=CARTESIAN_POINT('',(-13.,-17.75,6.));
#4430=CARTESIAN_POINT('',(-13.,-17.75,6.));
#4431=CARTESIAN_POINT('',(-13.,-17.75,0.));
#4432=CARTESIAN_POINT('Origin',(-13.,-16.5,0.));
#4433=CARTESIAN_POINT('',(-13.,-16.5,0.));
#4434=CARTESIAN_POINT('',(-13.,-9.75,6.));
#4435=CARTESIAN_POINT('Origin',(35.,25.,0.));
#4436=CARTESIAN_POINT('',(35.,25.,0.));
#4437=CARTESIAN_POINT('',(-35.,25.,0.));
#4438=CARTESIAN_POINT('',(35.,25.,0.));
#4439=CARTESIAN_POINT('',(-35.,25.,6.));
#4440=CARTESIAN_POINT('',(-35.,25.,0.));
#4441=CARTESIAN_POINT('',(35.,25.,6.));
#4442=CARTESIAN_POINT('',(35.,25.,6.));
#4443=CARTESIAN_POINT('',(35.,25.,0.));
#4444=CARTESIAN_POINT('Origin',(35.,-25.,0.));
#4445=CARTESIAN_POINT('',(35.,-25.,0.));
#4446=CARTESIAN_POINT('',(35.,-25.,0.));
#4447=CARTESIAN_POINT('',(35.,-25.,6.));
#4448=CARTESIAN_POINT('',(35.,-25.,6.));
#4449=CARTESIAN_POINT('',(35.,-25.,0.));
#4450=CARTESIAN_POINT('Origin',(-35.,-25.,0.));
#4451=CARTESIAN_POINT('',(-35.,-25.,0.));
#4452=CARTESIAN_POINT('',(-35.,-25.,0.));
#4453=CARTESIAN_POINT('',(-35.,-25.,6.));
#4454=CARTESIAN_POINT('',(-35.,-25.,6.));
#4455=CARTESIAN_POINT('',(-35.,-25.,0.));
#4456=CARTESIAN_POINT('Origin',(-35.,25.,0.));
#4457=CARTESIAN_POINT('',(-35.,25.,0.));
#4458=CARTESIAN_POINT('',(-35.,25.,6.));
#4459=CARTESIAN_POINT('Origin',(0.,0.,6.));
#4460=CARTESIAN_POINT('Origin',(0.,0.,0.));
#4461=CARTESIAN_POINT('',(0.,0.,0.));
#4462=CARTESIAN_POINT('Origin',(3.,-24.5,9.));
#4463=CARTESIAN_POINT('',(3.,-24.5,9.));
#4464=CARTESIAN_POINT('',(-3.,-24.5,9.));
#4465=CARTESIAN_POINT('',(3.,-24.5,9.));
#4466=CARTESIAN_POINT('',(-3.,-24.5,23.));
#4467=CARTESIAN_POINT('',(-3.,-24.5,9.));
#4468=CARTESIAN_POINT('',(3.,-24.5,23.));
#4469=CARTESIAN_POINT('',(3.,-24.5,23.));
#4470=CARTESIAN_POINT('',(3.,-24.5,9.));
#4471=CARTESIAN_POINT('Origin',(3.,-27.5,9.));
#4472=CARTESIAN_POINT('',(3.,-27.5,9.));
#4473=CARTESIAN_POINT('',(3.,-27.5,9.));
#4474=CARTESIAN_POINT('',(3.,-27.5,23.));
#4475=CARTESIAN_POINT('',(3.,-27.5,23.));
#4476=CARTESIAN_POINT('',(3.,-27.5,9.));
#4477=CARTESIAN_POINT('Origin',(-3.,-27.5,9.));
#4478=CARTESIAN_POINT('',(-3.,-27.5,9.));
#4479=CARTESIAN_POINT('',(-3.,-27.5,9.));
#4480=CARTESIAN_POINT('',(-3.,-27.5,23.));
#4481=CARTESIAN_POINT('',(-3.,-27.5,23.));
#4482=CARTESIAN_POINT('',(-3.,-27.5,9.));
#4483=CARTESIAN_POINT('Origin',(-3.,-24.5,9.));
#4484=CARTESIAN_POINT('',(-3.,-24.5,9.));
#4485=CARTESIAN_POINT('',(-3.,-24.5,23.));
#4486=CARTESIAN_POINT('Origin',(0.,-26.,23.));
#4487=CARTESIAN_POINT('Origin',(0.,-26.,9.));
#4488=CARTESIAN_POINT('',(0.,0.,0.));
#4489=CARTESIAN_POINT('Origin',(3.,-21.,6.));
#4490=CARTESIAN_POINT('',(3.,-21.,6.));
#4491=CARTESIAN_POINT('',(-3.,-21.,6.));
#4492=CARTESIAN_POINT('',(3.,-21.,6.));
#4493=CARTESIAN_POINT('',(-3.,-21.,9.));
#4494=CARTESIAN_POINT('',(-3.,-21.,6.));
#4495=CARTESIAN_POINT('',(3.,-21.,9.));
#4496=CARTESIAN_POINT('',(3.,-21.,9.));
#4497=CARTESIAN_POINT('',(3.,-21.,6.));
#4498=CARTESIAN_POINT('Origin',(3.,-27.5,6.));
#4499=CARTESIAN_POINT('',(3.,-27.5,6.));
#4500=CARTESIAN_POINT('',(3.,-27.5,6.));
#4501=CARTESIAN_POINT('',(3.,-27.5,9.));
#4502=CARTESIAN_POINT('',(3.,-27.5,9.));
#4503=CARTESIAN_POINT('',(3.,-27.5,6.));
#4504=CARTESIAN_POINT('Origin',(-3.,-27.5,6.));
#4505=CARTESIAN_POINT('',(-3.,-27.5,6.));
#4506=CARTESIAN_POINT('',(-3.,-27.5,6.));
#4507=CARTESIAN_POINT('',(-3.,-27.5,9.));
#4508=CARTESIAN_POINT('',(-3.,-27.5,9.));
#4509=CARTESIAN_POINT('',(-3.,-27.5,6.));
#4510=CARTESIAN_POINT('Origin',(-3.,-21.,6.));
#4511=CARTESIAN_POINT('',(-3.,-21.,6.));
#4512=CARTESIAN_POINT('',(-3.,-21.,9.));
#4513=CARTESIAN_POINT('Origin',(0.,-24.25,9.));
#4514=CARTESIAN_POINT('Origin',(0.,-24.25,6.));
#4515=CARTESIAN_POINT('',(0.,0.,0.));
#4516=CARTESIAN_POINT('Origin',(3.,-5.5,6.));
#4517=CARTESIAN_POINT('',(3.,-5.5,6.));
#4518=CARTESIAN_POINT('',(-3.,-5.5,6.));
#4519=CARTESIAN_POINT('',(3.,-5.5,6.));
#4520=CARTESIAN_POINT('',(-3.,-5.5,23.));
#4521=CARTESIAN_POINT('',(-3.,-5.5,6.));
#4522=CARTESIAN_POINT('',(3.,-5.5,23.));
#4523=CARTESIAN_POINT('',(3.,-5.5,23.));
#4524=CARTESIAN_POINT('',(3.,-5.5,6.));
#4525=CARTESIAN_POINT('Origin',(3.,-9.5,6.));
#4526=CARTESIAN_POINT('',(3.,-9.5,6.));
#4527=CARTESIAN_POINT('',(3.,-9.5,6.));
#4528=CARTESIAN_POINT('',(3.,-9.5,23.));
#4529=CARTESIAN_POINT('',(3.,-9.5,23.));
#4530=CARTESIAN_POINT('',(3.,-9.5,6.));
#4531=CARTESIAN_POINT('Origin',(-3.,-9.5,6.));
#4532=CARTESIAN_POINT('',(-3.,-9.5,6.));
#4533=CARTESIAN_POINT('',(-3.,-9.5,6.));
#4534=CARTESIAN_POINT('',(-3.,-9.5,23.));
#4535=CARTESIAN_POINT('',(-3.,-9.5,23.));
#4536=CARTESIAN_POINT('',(-3.,-9.5,6.));
#4537=CARTESIAN_POINT('Origin',(-3.,-5.5,6.));
#4538=CARTESIAN_POINT('',(-3.,-5.5,6.));
#4539=CARTESIAN_POINT('',(-3.,-5.5,23.));
#4540=CARTESIAN_POINT('Origin',(0.,-7.5,23.));
#4541=CARTESIAN_POINT('Origin',(0.,-7.5,6.));
#4542=CARTESIAN_POINT('',(0.,0.,0.));
#4543=CARTESIAN_POINT('',(0.,0.,0.));
#4544=CARTESIAN_POINT('',(0.,0.,0.));
#4545=CARTESIAN_POINT('Origin',(2.02156355725676,5.50789821315063,2.5));
#4546=CARTESIAN_POINT('',(7.70466061128746,4.3204030312331,2.5));
#4547=CARTESIAN_POINT('',(7.70466061128746,4.3204030312331,-2.5));
#4548=CARTESIAN_POINT('',(7.70466061128747,4.3204030312331,2.5));
#4549=CARTESIAN_POINT('',(2.02156355725676,5.50789821315063,2.5));
#4550=CARTESIAN_POINT('',(2.02156355725676,5.50789821315063,2.5));
#4551=CARTESIAN_POINT('',(2.02156355725676,5.50789821315063,-2.5));
#4552=CARTESIAN_POINT('',(2.02156355725676,5.50789821315063,2.5));
#4553=CARTESIAN_POINT('',(2.02156355725676,5.50789821315063,-2.5));
#4554=CARTESIAN_POINT('Origin',(11.7600194248998,1.5,2.5));
#4555=CARTESIAN_POINT('',(-12.3493486196704,4.3204030312331,2.5));
#4556=CARTESIAN_POINT('',(-2.21587154917594,6.43781455577308,2.5));
#4557=CARTESIAN_POINT('',(-12.3493486196704,4.3204030312331,2.5));
#4558=CARTESIAN_POINT('',(-7.70466061128747,4.3204030312331,2.5));
#4559=CARTESIAN_POINT('',(11.7600194248998,4.3204030312331,2.5));
#4560=CARTESIAN_POINT('',(-2.02156355725676,5.50789821315063,2.5));
#4561=CARTESIAN_POINT('',(-2.02156355725676,5.50789821315063,2.5));
#4562=CARTESIAN_POINT('',(-1.5,5.56180697769034,2.5));
#4563=CARTESIAN_POINT('Origin',(-1.5,3.01180697769034,2.5));
#4564=CARTESIAN_POINT('',(1.5,5.56180697769034,2.5));
#4565=CARTESIAN_POINT('',(2.51443626280321E-16,5.56180697769033,2.5));
#4566=CARTESIAN_POINT('Origin',(1.5,3.01180697769034,2.5));
#4567=CARTESIAN_POINT('',(12.3493486196704,4.3204030312331,2.5));
#4568=CARTESIAN_POINT('',(11.7600194248998,4.3204030312331,2.5));
#4569=CARTESIAN_POINT('',(2.21587154917594,6.43781455577308,2.5));
#4570=CARTESIAN_POINT('',(12.3493486196704,4.3204030312331,2.5));
#4571=CARTESIAN_POINT('',(1.5,6.51180697769033,2.5));
#4572=CARTESIAN_POINT('Origin',(1.5,3.01180697769034,2.5));
#4573=CARTESIAN_POINT('',(1.25,6.76180697769034,2.5));
#4574=CARTESIAN_POINT('Origin',(1.5,6.76180697769034,2.5));
#4575=CARTESIAN_POINT('',(1.25,7.5,2.5));
#4576=CARTESIAN_POINT('',(1.25,7.5,2.5));
#4577=CARTESIAN_POINT('',(-1.25,7.5,2.5));
#4578=CARTESIAN_POINT('',(1.40834381901946E-17,7.5,2.5));
#4579=CARTESIAN_POINT('',(-1.25,6.76180697769034,2.5));
#4580=CARTESIAN_POINT('',(-1.25,7.5,2.5));
#4581=CARTESIAN_POINT('',(-1.5,6.51180697769033,2.5));
#4582=CARTESIAN_POINT('Origin',(-1.5,6.76180697769034,2.5));
#4583=CARTESIAN_POINT('Origin',(-1.5,3.01180697769034,2.5));
#4584=CARTESIAN_POINT('Origin',(11.7600194248998,1.5,2.5));
#4585=CARTESIAN_POINT('',(12.3493486196704,-4.3204030312331,2.5));
#4586=CARTESIAN_POINT('',(2.21587154917594,-6.43781455577308,2.5));
#4587=CARTESIAN_POINT('',(12.3493486196704,-4.3204030312331,2.5));
#4588=CARTESIAN_POINT('',(7.70466061128747,-4.3204030312331,2.5));
#4589=CARTESIAN_POINT('',(11.7600194248998,-4.3204030312331,2.5));
#4590=CARTESIAN_POINT('',(2.02156355725676,-5.50789821315063,2.5));
#4591=CARTESIAN_POINT('',(2.02156355725676,-5.50789821315063,2.5));
#4592=CARTESIAN_POINT('',(1.5,-5.56180697769034,2.5));
#4593=CARTESIAN_POINT('Origin',(1.5,-3.01180697769034,2.5));
#4594=CARTESIAN_POINT('',(-1.5,-5.56180697769034,2.5));
#4595=CARTESIAN_POINT('',(2.51443626280321E-16,-5.56180697769033,2.5));
#4596=CARTESIAN_POINT('',(-2.02156355725676,-5.50789821315063,2.5));
#4597=CARTESIAN_POINT('Origin',(-1.5,-3.01180697769034,2.5));
#4598=CARTESIAN_POINT('',(-7.70466061128747,-4.3204030312331,2.5));
#4599=CARTESIAN_POINT('',(-2.02156355725676,-5.50789821315063,2.5));
#4600=CARTESIAN_POINT('',(-12.3493486196704,-4.3204030312331,2.5));
#4601=CARTESIAN_POINT('',(11.7600194248998,-4.3204030312331,2.5));
#4602=CARTESIAN_POINT('',(-2.21587154917594,-6.43781455577308,2.5));
#4603=CARTESIAN_POINT('',(-12.3493486196704,-4.3204030312331,2.5));
#4604=CARTESIAN_POINT('',(-1.5,-6.51180697769033,2.5));
#4605=CARTESIAN_POINT('Origin',(-1.5,-3.01180697769034,2.5));
#4606=CARTESIAN_POINT('',(-1.25,-6.76180697769034,2.5));
#4607=CARTESIAN_POINT('Origin',(-1.5,-6.76180697769034,2.5));
#4608=CARTESIAN_POINT('',(-1.25,-7.5,2.5));
#4609=CARTESIAN_POINT('',(-1.25,-7.5,2.5));
#4610=CARTESIAN_POINT('',(1.25,-7.5,2.5));
#4611=CARTESIAN_POINT('',(1.40834381901946E-17,-7.5,2.5));
#4612=CARTESIAN_POINT('',(1.25,-6.76180697769034,2.5));
#4613=CARTESIAN_POINT('',(1.25,-7.5,2.5));
#4614=CARTESIAN_POINT('',(1.5,-6.51180697769033,2.5));
#4615=CARTESIAN_POINT('Origin',(1.5,-6.76180697769034,2.5));
#4616=CARTESIAN_POINT('Origin',(1.5,-3.01180697769034,2.5));
#4617=CARTESIAN_POINT('Origin',(11.7600194248998,1.5,-2.5));
#4618=CARTESIAN_POINT('',(-12.3493486196704,4.3204030312331,-2.5));
#4619=CARTESIAN_POINT('',(-7.70466061128747,4.3204030312331,-2.5));
#4620=CARTESIAN_POINT('',(11.7600194248998,4.3204030312331,-2.5));
#4621=CARTESIAN_POINT('',(-2.21587154917594,6.43781455577308,-2.5));
#4622=CARTESIAN_POINT('',(-12.3493486196704,4.3204030312331,-2.5));
#4623=CARTESIAN_POINT('',(-1.5,6.51180697769033,-2.5));
#4624=CARTESIAN_POINT('Origin',(-1.5,3.01180697769034,-2.5));
#4625=CARTESIAN_POINT('',(-1.25,6.76180697769034,-2.5));
#4626=CARTESIAN_POINT('Origin',(-1.5,6.76180697769034,-2.5));
#4627=CARTESIAN_POINT('',(-1.25,7.5,-2.5));
#4628=CARTESIAN_POINT('',(-1.25,7.5,-2.5));
#4629=CARTESIAN_POINT('',(1.25,7.5,-2.5));
#4630=CARTESIAN_POINT('',(1.40834381901946E-17,7.5,-2.5));
#4631=CARTESIAN_POINT('',(1.25,6.76180697769034,-2.5));
#4632=CARTESIAN_POINT('',(1.25,7.5,-2.5));
#4633=CARTESIAN_POINT('',(1.5,6.51180697769033,-2.5));
#4634=CARTESIAN_POINT('Origin',(1.5,6.76180697769034,-2.5));
#4635=CARTESIAN_POINT('',(2.21587154917594,6.43781455577308,-2.5));
#4636=CARTESIAN_POINT('Origin',(1.5,3.01180697769034,-2.5));
#4637=CARTESIAN_POINT('',(12.3493486196704,4.3204030312331,-2.5));
#4638=CARTESIAN_POINT('',(12.3493486196704,4.3204030312331,-2.5));
#4639=CARTESIAN_POINT('',(11.7600194248998,4.3204030312331,-2.5));
#4640=CARTESIAN_POINT('',(1.5,5.56180697769034,-2.5));
#4641=CARTESIAN_POINT('Origin',(1.5,3.01180697769034,-2.5));
#4642=CARTESIAN_POINT('',(-1.5,5.56180697769034,-2.5));
#4643=CARTESIAN_POINT('',(2.51443626280321E-16,5.56180697769033,-2.5));
#4644=CARTESIAN_POINT('',(-2.02156355725676,5.50789821315063,-2.5));
#4645=CARTESIAN_POINT('Origin',(-1.5,3.01180697769034,-2.5));
#4646=CARTESIAN_POINT('',(-2.02156355725676,5.50789821315063,-2.5));
#4647=CARTESIAN_POINT('Origin',(11.7600194248998,1.5,-2.5));
#4648=CARTESIAN_POINT('',(12.3493486196704,-4.3204030312331,-2.5));
#4649=CARTESIAN_POINT('',(7.70466061128747,-4.3204030312331,-2.5));
#4650=CARTESIAN_POINT('',(11.7600194248998,-4.3204030312331,-2.5));
#4651=CARTESIAN_POINT('',(2.21587154917594,-6.43781455577308,-2.5));
#4652=CARTESIAN_POINT('',(12.3493486196704,-4.3204030312331,-2.5));
#4653=CARTESIAN_POINT('',(1.5,-6.51180697769033,-2.5));
#4654=CARTESIAN_POINT('Origin',(1.5,-3.01180697769034,-2.5));
#4655=CARTESIAN_POINT('',(1.25,-6.76180697769034,-2.5));
#4656=CARTESIAN_POINT('Origin',(1.5,-6.76180697769034,-2.5));
#4657=CARTESIAN_POINT('',(1.25,-7.5,-2.5));
#4658=CARTESIAN_POINT('',(1.25,-7.5,-2.5));
#4659=CARTESIAN_POINT('',(-1.25,-7.5,-2.5));
#4660=CARTESIAN_POINT('',(1.40834381901946E-17,-7.5,-2.5));
#4661=CARTESIAN_POINT('',(-1.25,-6.76180697769034,-2.5));
#4662=CARTESIAN_POINT('',(-1.25,-7.5,-2.5));
#4663=CARTESIAN_POINT('',(-1.5,-6.51180697769033,-2.5));
#4664=CARTESIAN_POINT('Origin',(-1.5,-6.76180697769034,-2.5));
#4665=CARTESIAN_POINT('',(-2.21587154917594,-6.43781455577308,-2.5));
#4666=CARTESIAN_POINT('Origin',(-1.5,-3.01180697769034,-2.5));
#4667=CARTESIAN_POINT('',(-12.3493486196704,-4.3204030312331,-2.5));
#4668=CARTESIAN_POINT('',(-12.3493486196704,-4.3204030312331,-2.5));
#4669=CARTESIAN_POINT('',(-7.70466061128747,-4.3204030312331,-2.5));
#4670=CARTESIAN_POINT('',(11.7600194248998,-4.3204030312331,-2.5));
#4671=CARTESIAN_POINT('',(-2.02156355725676,-5.50789821315063,-2.5));
#4672=CARTESIAN_POINT('',(-2.02156355725676,-5.50789821315063,-2.5));
#4673=CARTESIAN_POINT('',(-1.5,-5.56180697769034,-2.5));
#4674=CARTESIAN_POINT('Origin',(-1.5,-3.01180697769034,-2.5));
#4675=CARTESIAN_POINT('',(1.5,-5.56180697769034,-2.5));
#4676=CARTESIAN_POINT('',(2.51443626280321E-16,-5.56180697769033,-2.5));
#4677=CARTESIAN_POINT('',(2.02156355725676,-5.50789821315063,-2.5));
#4678=CARTESIAN_POINT('Origin',(1.5,-3.01180697769034,-2.5));
#4679=CARTESIAN_POINT('',(2.02156355725676,-5.50789821315063,-2.5));
#4680=CARTESIAN_POINT('Origin',(2.02156355725676,-5.50789821315063,2.5));
#4681=CARTESIAN_POINT('',(7.70466061128747,-4.3204030312331,2.5));
#4682=CARTESIAN_POINT('',(2.02156355725676,-5.50789821315063,2.5));
#4683=CARTESIAN_POINT('Origin',(-2.02156355725676,5.50789821315063,2.5));
#4684=CARTESIAN_POINT('',(-7.70466061128747,4.3204030312331,2.5));
#4685=CARTESIAN_POINT('',(-2.02156355725676,5.50789821315063,2.5));
#4686=CARTESIAN_POINT('Origin',(-2.02156355725676,-5.50789821315063,2.5));
#4687=CARTESIAN_POINT('',(-7.70466061128747,-4.3204030312331,2.5));
#4688=CARTESIAN_POINT('',(-2.02156355725676,-5.50789821315063,2.5));
#4689=CARTESIAN_POINT('Origin',(14.6413354711533,0.,2.5));
#4690=CARTESIAN_POINT('',(14.6413354711533,-1.5,5.));
#4691=CARTESIAN_POINT('',(14.6413354711533,-1.5,-5.));
#4692=CARTESIAN_POINT('',(14.6413354711533,-1.5,2.5));
#4693=CARTESIAN_POINT('',(14.6413354711533,1.5,-5.));
#4694=CARTESIAN_POINT('',(14.6413354711533,-1.5,-5.));
#4695=CARTESIAN_POINT('',(14.6413354711533,1.5,5.));
#4696=CARTESIAN_POINT('',(14.6413354711533,1.5,2.5));
#4697=CARTESIAN_POINT('',(14.6413354711533,-1.5,5.));
#4698=CARTESIAN_POINT('Origin',(11.7600194248998,1.5,2.5));
#4699=CARTESIAN_POINT('',(12.3493486196704,4.3204030312331,-5.));
#4700=CARTESIAN_POINT('Origin',(11.7600194248998,1.5,-5.));
#4701=CARTESIAN_POINT('',(12.3493486196704,4.3204030312331,5.));
#4702=CARTESIAN_POINT('',(12.3493486196704,4.3204030312331,2.5));
#4703=CARTESIAN_POINT('',(12.3493486196704,4.3204030312331,5.));
#4704=CARTESIAN_POINT('',(12.3493486196704,4.3204030312331,5.));
#4705=CARTESIAN_POINT('Origin',(11.7600194248998,1.5,5.));
#4706=CARTESIAN_POINT('Origin',(12.3493486196704,4.3204030312331,2.5));
#4707=CARTESIAN_POINT('',(2.21587154917594,6.43781455577308,2.5));
#4708=CARTESIAN_POINT('Origin',(1.5,3.01180697769034,2.5));
#4709=CARTESIAN_POINT('',(1.5,6.51180697769033,2.5));
#4710=CARTESIAN_POINT('Origin',(1.5,6.76180697769034,2.5));
#4711=CARTESIAN_POINT('',(1.25,6.76180697769034,2.5));
#4712=CARTESIAN_POINT('Origin',(1.25,7.5,2.5));
#4713=CARTESIAN_POINT('',(1.25,7.5,2.5));
#4714=CARTESIAN_POINT('Origin',(1.40834381901946E-17,7.5,2.5));
#4715=CARTESIAN_POINT('',(-1.25,7.5,2.5));
#4716=CARTESIAN_POINT('',(-9.79717439317879E-17,7.5,-0.799999999999997));
#4717=CARTESIAN_POINT('Origin',(0.,7.5,0.));
#4718=CARTESIAN_POINT('Origin',(2.51443626280321E-16,5.56180697769033,2.5));
#4719=CARTESIAN_POINT('',(1.5,5.56180697769034,2.5));
#4720=CARTESIAN_POINT('',(-1.5,5.56180697769034,2.5));
#4721=CARTESIAN_POINT('',(-9.79717439317879E-17,5.56180697769033,-0.799999999999997));
#4722=CARTESIAN_POINT('Origin',(0.,5.56180697769033,0.));
#4723=CARTESIAN_POINT('Origin',(1.5,3.01180697769034,2.5));
#4724=CARTESIAN_POINT('Origin',(11.7600194248998,-1.5,2.5));
#4725=CARTESIAN_POINT('',(12.3493486196704,-4.3204030312331,2.5));
#4726=CARTESIAN_POINT('',(12.3493486196704,-4.3204030312331,-5.));
#4727=CARTESIAN_POINT('',(12.3493486196704,-4.3204030312331,5.));
#4728=CARTESIAN_POINT('Origin',(11.7600194248998,-1.5,-5.));
#4729=CARTESIAN_POINT('',(12.3493486196704,-4.3204030312331,5.));
#4730=CARTESIAN_POINT('Origin',(11.7600194248998,-1.5,5.));
#4731=CARTESIAN_POINT('',(12.3493486196704,-4.3204030312331,5.));
#4732=CARTESIAN_POINT('Origin',(12.3493486196704,-4.3204030312331,2.5));
#4733=CARTESIAN_POINT('',(2.21587154917594,-6.43781455577308,2.5));
#4734=CARTESIAN_POINT('Origin',(1.5,-3.01180697769034,2.5));
#4735=CARTESIAN_POINT('',(1.5,-6.51180697769033,2.5));
#4736=CARTESIAN_POINT('Origin',(1.5,-6.76180697769034,2.5));
#4737=CARTESIAN_POINT('',(1.25,-6.76180697769034,2.5));
#4738=CARTESIAN_POINT('Origin',(1.25,-7.5,2.5));
#4739=CARTESIAN_POINT('',(1.25,-7.5,2.5));
#4740=CARTESIAN_POINT('Origin',(1.40834381901946E-17,-7.5,2.5));
#4741=CARTESIAN_POINT('',(-1.25,-7.5,2.5));
#4742=CARTESIAN_POINT('',(-9.79717439317879E-17,-7.5,-0.799999999999997));
#4743=CARTESIAN_POINT('Origin',(0.,-7.5,0.));
#4744=CARTESIAN_POINT('Origin',(2.51443626280321E-16,-5.56180697769033,
2.5));
#4745=CARTESIAN_POINT('',(-1.5,-5.56180697769034,2.5));
#4746=CARTESIAN_POINT('',(1.5,-5.56180697769034,2.5));
#4747=CARTESIAN_POINT('',(-9.79717439317879E-17,-5.56180697769034,-0.799999999999997));
#4748=CARTESIAN_POINT('Origin',(0.,-5.56180697769033,0.));
#4749=CARTESIAN_POINT('Origin',(1.5,-3.01180697769034,2.5));
#4750=CARTESIAN_POINT('Origin',(-14.6413354711533,0.,2.5));
#4751=CARTESIAN_POINT('',(-14.6413354711533,1.5,5.));
#4752=CARTESIAN_POINT('',(-14.6413354711533,1.5,-5.));
#4753=CARTESIAN_POINT('',(-14.6413354711533,1.5,2.5));
#4754=CARTESIAN_POINT('',(-14.6413354711533,-1.5,-5.));
#4755=CARTESIAN_POINT('',(-14.6413354711533,-1.5,-5.));
#4756=CARTESIAN_POINT('',(-14.6413354711533,-1.5,5.));
#4757=CARTESIAN_POINT('',(-14.6413354711533,-1.5,2.5));
#4758=CARTESIAN_POINT('',(-14.6413354711533,-1.5,5.));
#4759=CARTESIAN_POINT('Origin',(-11.7600194248998,1.5,2.5));
#4760=CARTESIAN_POINT('',(-12.3493486196704,4.3204030312331,2.5));
#4761=CARTESIAN_POINT('',(-12.3493486196704,4.3204030312331,-5.));
#4762=CARTESIAN_POINT('',(-12.3493486196704,4.3204030312331,5.));
#4763=CARTESIAN_POINT('Origin',(-11.7600194248998,1.5,-5.));
#4764=CARTESIAN_POINT('',(-12.3493486196704,4.3204030312331,5.));
#4765=CARTESIAN_POINT('Origin',(-11.7600194248998,1.5,5.));
#4766=CARTESIAN_POINT('',(-12.3493486196704,4.3204030312331,5.));
#4767=CARTESIAN_POINT('Origin',(-12.3493486196704,4.3204030312331,2.5));
#4768=CARTESIAN_POINT('',(-2.21587154917594,6.43781455577308,2.5));
#4769=CARTESIAN_POINT('Origin',(-1.5,3.01180697769034,2.5));
#4770=CARTESIAN_POINT('',(-1.5,6.51180697769033,2.5));
#4771=CARTESIAN_POINT('Origin',(-1.5,6.76180697769034,2.5));
#4772=CARTESIAN_POINT('',(-1.25,6.76180697769034,2.5));
#4773=CARTESIAN_POINT('Origin',(-1.25,7.5,2.5));
#4774=CARTESIAN_POINT('Origin',(-1.5,3.01180697769034,2.5));
#4775=CARTESIAN_POINT('Origin',(-11.7600194248998,-1.5,2.5));
#4776=CARTESIAN_POINT('',(-12.3493486196704,-4.3204030312331,-5.));
#4777=CARTESIAN_POINT('Origin',(-11.7600194248998,-1.5,-5.));
#4778=CARTESIAN_POINT('',(-12.3493486196704,-4.3204030312331,5.));
#4779=CARTESIAN_POINT('',(-12.3493486196704,-4.3204030312331,2.5));
#4780=CARTESIAN_POINT('',(-12.3493486196704,-4.3204030312331,5.));
#4781=CARTESIAN_POINT('',(-12.3493486196704,-4.3204030312331,5.));
#4782=CARTESIAN_POINT('Origin',(-11.7600194248998,-1.5,5.));
#4783=CARTESIAN_POINT('Origin',(-12.3493486196704,-4.3204030312331,2.5));
#4784=CARTESIAN_POINT('',(-2.21587154917594,-6.43781455577308,2.5));
#4785=CARTESIAN_POINT('Origin',(-1.5,-3.01180697769034,2.5));
#4786=CARTESIAN_POINT('',(-1.5,-6.51180697769033,2.5));
#4787=CARTESIAN_POINT('Origin',(-1.5,-6.76180697769034,2.5));
#4788=CARTESIAN_POINT('',(-1.25,-6.76180697769034,2.5));
#4789=CARTESIAN_POINT('Origin',(-1.25,-7.5,2.5));
#4790=CARTESIAN_POINT('Origin',(-1.5,-3.01180697769034,2.5));
#4791=CARTESIAN_POINT('Origin',(0.,7.5,0.));
#4792=CARTESIAN_POINT('',(-9.79717439317879E-17,7.5,-0.799999999999997));
#4793=CARTESIAN_POINT('Origin',(0.,7.5,0.));
#4794=CARTESIAN_POINT('',(-9.79717439317879E-17,7.5,-0.799999999999997));
#4795=CARTESIAN_POINT('Origin',(-12.3493486196704,4.3204030312331,5.));
#4796=CARTESIAN_POINT('',(-12.3493486196704,4.3204030312331,-5.));
#4797=CARTESIAN_POINT('',(-12.3493486196704,4.3204030312331,5.));
#4798=CARTESIAN_POINT('Origin',(-12.3493486196704,-4.3204030312331,5.));
#4799=CARTESIAN_POINT('',(-12.3493486196704,-4.3204030312331,5.));
#4800=CARTESIAN_POINT('',(-12.3493486196704,-4.3204030312331,-5.));
#4801=CARTESIAN_POINT('Origin',(11.7600194248998,1.5,5.));
#4802=CARTESIAN_POINT('Origin',(11.7600194248998,1.5,-5.));
#4803=CARTESIAN_POINT('',(0.,0.,0.));
#4804=CARTESIAN_POINT('',(0.,0.,0.));
#4805=CARTESIAN_POINT('',(0.,0.,0.));
#4806=CARTESIAN_POINT('',(0.,0.,0.));
#4807=CARTESIAN_POINT('',(0.,0.,0.));
#4808=CARTESIAN_POINT('',(0.,0.,0.));
#4809=CARTESIAN_POINT('',(0.,-17.,15.));
#4810=UNCERTAINTY_MEASURE_WITH_UNIT(LENGTH_MEASURE(0.01),#4828,
'DISTANCE_ACCURACY_VALUE',
'Maximum model space distance between geometric entities at asserted c
onnectivities');
#4811=UNCERTAINTY_MEASURE_WITH_UNIT(LENGTH_MEASURE(0.01),#4828,
'DISTANCE_ACCURACY_VALUE',
'Maximum model space distance between geometric entities at asserted c
onnectivities');
#4812=UNCERTAINTY_MEASURE_WITH_UNIT(LENGTH_MEASURE(0.01),#4828,
'DISTANCE_ACCURACY_VALUE',
'Maximum model space distance between geometric entities at asserted c
onnectivities');
#4813=UNCERTAINTY_MEASURE_WITH_UNIT(LENGTH_MEASURE(0.01),#4828,
'DISTANCE_ACCURACY_VALUE',
'Maximum model space distance between geometric entities at asserted c
onnectivities');
#4814=UNCERTAINTY_MEASURE_WITH_UNIT(LENGTH_MEASURE(0.01),#4828,
'DISTANCE_ACCURACY_VALUE',
'Maximum model space distance between geometric entities at asserted c
onnectivities');
#4815=UNCERTAINTY_MEASURE_WITH_UNIT(LENGTH_MEASURE(0.01),#4828,
'DISTANCE_ACCURACY_VALUE',
'Maximum model space distance between geometric entities at asserted c
onnectivities');
#4816=UNCERTAINTY_MEASURE_WITH_UNIT(LENGTH_MEASURE(0.01),#4828,
'DISTANCE_ACCURACY_VALUE',
'Maximum model space distance between geometric entities at asserted c
onnectivities');
#4817=UNCERTAINTY_MEASURE_WITH_UNIT(LENGTH_MEASURE(0.01),#4828,
'DISTANCE_ACCURACY_VALUE',
'Maximum model space distance between geometric entities at asserted c
onnectivities');
#4818=UNCERTAINTY_MEASURE_WITH_UNIT(LENGTH_MEASURE(0.01),#4828,
'DISTANCE_ACCURACY_VALUE',
'Maximum model space distance between geometric entities at asserted c
onnectivities');
#4819=(
GEOMETRIC_REPRESENTATION_CONTEXT(3)
GLOBAL_UNCERTAINTY_ASSIGNED_CONTEXT((#4810))
GLOBAL_UNIT_ASSIGNED_CONTEXT((#4828,#4830,#4831))
REPRESENTATION_CONTEXT('','3D')
);
#4820=(
GEOMETRIC_REPRESENTATION_CONTEXT(3)
GLOBAL_UNCERTAINTY_ASSIGNED_CONTEXT((#4811))
GLOBAL_UNIT_ASSIGNED_CONTEXT((#4828,#4830,#4831))
REPRESENTATION_CONTEXT('','3D')
);
#4821=(
GEOMETRIC_REPRESENTATION_CONTEXT(3)
GLOBAL_UNCERTAINTY_ASSIGNED_CONTEXT((#4812))
GLOBAL_UNIT_ASSIGNED_CONTEXT((#4828,#4830,#4831))
REPRESENTATION_CONTEXT('','3D')
);
#4822=(
GEOMETRIC_REPRESENTATION_CONTEXT(3)
GLOBAL_UNCERTAINTY_ASSIGNED_CONTEXT((#4813))
GLOBAL_UNIT_ASSIGNED_CONTEXT((#4828,#4830,#4831))
REPRESENTATION_CONTEXT('','3D')
);
#4823=(
GEOMETRIC_REPRESENTATION_CONTEXT(3)
GLOBAL_UNCERTAINTY_ASSIGNED_CONTEXT((#4814))
GLOBAL_UNIT_ASSIGNED_CONTEXT((#4828,#4830,#4831))
REPRESENTATION_CONTEXT('','3D')
);
#4824=(
GEOMETRIC_REPRESENTATION_CONTEXT(3)
GLOBAL_UNCERTAINTY_ASSIGNED_CONTEXT((#4815))
GLOBAL_UNIT_ASSIGNED_CONTEXT((#4828,#4830,#4831))
REPRESENTATION_CONTEXT('','3D')
);
#4825=(
GEOMETRIC_REPRESENTATION_CONTEXT(3)
GLOBAL_UNCERTAINTY_ASSIGNED_CONTEXT((#4816))
GLOBAL_UNIT_ASSIGNED_CONTEXT((#4828,#4830,#4831))
REPRESENTATION_CONTEXT('','3D')
);
#4826=(
GEOMETRIC_REPRESENTATION_CONTEXT(3)
GLOBAL_UNCERTAINTY_ASSIGNED_CONTEXT((#4817))
GLOBAL_UNIT_ASSIGNED_CONTEXT((#4828,#4830,#4831))
REPRESENTATION_CONTEXT('','3D')
);
#4827=(
GEOMETRIC_REPRESENTATION_CONTEXT(3)
GLOBAL_UNCERTAINTY_ASSIGNED_CONTEXT((#4818))
GLOBAL_UNIT_ASSIGNED_CONTEXT((#4828,#4830,#4831))
REPRESENTATION_CONTEXT('','3D')
);
#4828=(
LENGTH_UNIT()
NAMED_UNIT(*)
SI_UNIT(.MILLI.,.METRE.)
);
#4829=(
LENGTH_UNIT()
NAMED_UNIT(*)
SI_UNIT($,.METRE.)
);
#4830=(
NAMED_UNIT(*)
PLANE_ANGLE_UNIT()
SI_UNIT($,.RADIAN.)
);
#4831=(
NAMED_UNIT(*)
SI_UNIT($,.STERADIAN.)
SOLID_ANGLE_UNIT()
);
#4832=SHAPE_DEFINITION_REPRESENTATION(#4840,#4855);
#4833=SHAPE_DEFINITION_REPRESENTATION(#4841,#4856);
#4834=SHAPE_DEFINITION_REPRESENTATION(#4842,#4857);
#4835=SHAPE_DEFINITION_REPRESENTATION(#4843,#4858);
#4836=SHAPE_DEFINITION_REPRESENTATION(#4844,#4859);
#4837=SHAPE_DEFINITION_REPRESENTATION(#4845,#4860);
#4838=SHAPE_DEFINITION_REPRESENTATION(#4846,#4861);
#4839=SHAPE_DEFINITION_REPRESENTATION(#4847,#4862);
#4840=PRODUCT_DEFINITION_SHAPE('',$,#4864);
#4841=PRODUCT_DEFINITION_SHAPE('',$,#4865);
#4842=PRODUCT_DEFINITION_SHAPE('',$,#4866);
#4843=PRODUCT_DEFINITION_SHAPE('',$,#4867);
#4844=PRODUCT_DEFINITION_SHAPE('',$,#4868);
#4845=PRODUCT_DEFINITION_SHAPE('',$,#4869);
#4846=PRODUCT_DEFINITION_SHAPE('',$,#4870);
#4847=PRODUCT_DEFINITION_SHAPE('',$,#4871);
#4848=PRODUCT_DEFINITION_SHAPE($,$,#32);
#4849=PRODUCT_DEFINITION_SHAPE($,$,#33);
#4850=PRODUCT_DEFINITION_SHAPE($,$,#34);
#4851=PRODUCT_DEFINITION_SHAPE($,$,#35);
#4852=PRODUCT_DEFINITION_SHAPE($,$,#36);
#4853=PRODUCT_DEFINITION_SHAPE($,$,#37);
#4854=PRODUCT_DEFINITION_SHAPE($,$,#38);
#4855=SHAPE_REPRESENTATION('',(#3006,#3204,#3205,#3206,#3207,#3208),#4819);
#4856=SHAPE_REPRESENTATION('',(#3007),#4820);
#4857=SHAPE_REPRESENTATION('',(#3098),#4821);
#4858=SHAPE_REPRESENTATION('',(#3105),#4822);
#4859=SHAPE_REPRESENTATION('',(#3112),#4823);
#4860=SHAPE_REPRESENTATION('',(#3119,#3203),#4824);
#4861=SHAPE_REPRESENTATION('',(#3120,#3202),#4825);
#4862=SHAPE_REPRESENTATION('',(#3121),#4826);
#4863=PRODUCT_DEFINITION_CONTEXT('part definition',#4889,'design');
#4864=PRODUCT_DEFINITION('2026-09-07-17-54-29-389',
'30 Z AXIS - vertical - inner',#4872,#4863);
#4865=PRODUCT_DEFINITION('2026-09-07-17-54-29-389_1',
'01 Monolithic folded guide - NOT RELEASED (2)',#4873,#4863);
#4866=PRODUCT_DEFINITION('2026-09-07-17-54-29-392',
'02 Fixed APA mounting pedestal (2)',#4874,#4863);
#4867=PRODUCT_DEFINITION('2026-09-07-17-54-29-393',
'03 Fixed pedestal support (2)',#4875,#4863);
#4868=PRODUCT_DEFINITION('2026-09-07-17-54-29-394',
'04 Carriage mounting land - coupling TBD (2)',#4876,#4863);
#4869=PRODUCT_DEFINITION('2026-09-07-17-54-29-394_1',
'05 CEDRAT APA60S vendor STEP (2)',#4877,#4863);
#4870=PRODUCT_DEFINITION('2026-09-07-17-54-29-395','000612-ICD-02 (2)',
#4878,#4863);
#4871=PRODUCT_DEFINITION('2026-09-07-17-54-29-394_2','000917 (2)',#4879,
#4863);
#4872=PRODUCT_DEFINITION_FORMATION('',$,#4891);
#4873=PRODUCT_DEFINITION_FORMATION('',$,#4892);
#4874=PRODUCT_DEFINITION_FORMATION('',$,#4893);
#4875=PRODUCT_DEFINITION_FORMATION('',$,#4894);
#4876=PRODUCT_DEFINITION_FORMATION('',$,#4895);
#4877=PRODUCT_DEFINITION_FORMATION('',$,#4896);
#4878=PRODUCT_DEFINITION_FORMATION('',$,#4897);
#4879=PRODUCT_DEFINITION_FORMATION('',$,#4898);
#4880=PRODUCT_RELATED_PRODUCT_CATEGORY('30 Z AXIS - vertical - inner',
'30 Z AXIS - vertical - inner',(#4891));
#4881=PRODUCT_RELATED_PRODUCT_CATEGORY(
'01 Monolithic folded guide - NOT RELEASED (2)',
'01 Monolithic folded guide - NOT RELEASED (2)',(#4892));
#4882=PRODUCT_RELATED_PRODUCT_CATEGORY(
'02 Fixed APA mounting pedestal (2)',
'02 Fixed APA mounting pedestal (2)',(#4893));
#4883=PRODUCT_RELATED_PRODUCT_CATEGORY('03 Fixed pedestal support (2)',
'03 Fixed pedestal support (2)',(#4894));
#4884=PRODUCT_RELATED_PRODUCT_CATEGORY(
'04 Carriage mounting land - coupling TBD (2)',
'04 Carriage mounting land - coupling TBD (2)',(#4895));
#4885=PRODUCT_RELATED_PRODUCT_CATEGORY(
'05 CEDRAT APA60S vendor STEP (2)','05 CEDRAT APA60S vendor STEP (2)',(#4896));
#4886=PRODUCT_RELATED_PRODUCT_CATEGORY('000612-ICD-02 (2)',
'000612-ICD-02 (2)',(#4897));
#4887=PRODUCT_RELATED_PRODUCT_CATEGORY('000917 (2)','000917 (2)',(#4898));
#4888=APPLICATION_PROTOCOL_DEFINITION('international standard',
'automotive_design',2009,#4889);
#4889=APPLICATION_CONTEXT(
'Core Data for Automotive Mechanical Design Process');
#4890=PRODUCT_CONTEXT('part definition',#4889,'mechanical');
#4891=PRODUCT('2026-09-07-17-54-29-389','30 Z AXIS - vertical - inner',

'CONCEPT P0: local Y is motion, local Z is guide depth. Sharp leaf roo
ts and coupling require FEA/redesign before manufacture. No motion joi
nts represent elastic deformation.',(#4890));
#4892=PRODUCT('2026-09-07-17-54-29-389_1',
'01 Monolithic folded guide - NOT RELEASED (2)',$,(#4890));
#4893=PRODUCT('2026-09-07-17-54-29-392',
'02 Fixed APA mounting pedestal (2)',$,(#4890));
#4894=PRODUCT('2026-09-07-17-54-29-393','03 Fixed pedestal support (2)',
$,(#4890));
#4895=PRODUCT('2026-09-07-17-54-29-394',
'04 Carriage mounting land - coupling TBD (2)',
'Rigid placeholder. Replace with axially stiff angular/transverse reli
ef coupling after vendor off-axis stiffness/limits are obtained.',(#4890));
#4896=PRODUCT('2026-09-07-17-54-29-394_1',
'05 CEDRAT APA60S vendor STEP (2)',$,(#4890));
#4897=PRODUCT('2026-09-07-17-54-29-395','000612-ICD-02 (2)',$,(#4890));
#4898=PRODUCT('2026-09-07-17-54-29-394_2','000917 (2)',$,(#4890));
#4899=PRESENTATION_STYLE_ASSIGNMENT((#4901));
#4900=PRESENTATION_STYLE_ASSIGNMENT((#4902));
#4901=SURFACE_STYLE_USAGE(.BOTH.,#4903);
#4902=SURFACE_STYLE_USAGE(.BOTH.,#4904);
#4903=SURFACE_SIDE_STYLE('',(#4905));
#4904=SURFACE_SIDE_STYLE('',(#4906));
#4905=SURFACE_STYLE_FILL_AREA(#4907);
#4906=SURFACE_STYLE_FILL_AREA(#4908);
#4907=FILL_AREA_STYLE('Steel - Satin',(#4909));
#4908=FILL_AREA_STYLE('Opaque(123,125,126)',(#4910));
#4909=FILL_AREA_STYLE_COLOUR('Steel - Satin',#4911);
#4910=FILL_AREA_STYLE_COLOUR('Opaque(123,125,126)',#4912);
#4911=COLOUR_RGB('Steel - Satin',0.627450980392157,0.627450980392157,0.627450980392157);
#4912=COLOUR_RGB('Opaque(123,125,126)',0.482352941176471,0.490196078431373,
0.494117647058824);
ENDSEC;
END-ISO-10303-21;
