ISO-10303-21;
HEADER;
/* Generated by software containing ST-Developer
 * from STEP Tools, Inc. (www.steptools.com) 
 */

FILE_DESCRIPTION(
/* description */ (''),
/* implementation_level */ '2;1');

FILE_NAME(
/* name */ 'APA60S_XYZ_P0.step',
/* time_stamp */ '2026-09-07T17:54:28-07:00',
/* author */ (''),
/* organization */ (''),
/* preprocessor_version */ 'ST-DEVELOPER v20.1',
/* originating_system */ 'Autodesk Translation Framework v15.8.0.0',
/* authorisation */ '');

FILE_SCHEMA (('AUTOMOTIVE_DESIGN { 1 0 10303 214 3 1 1 }'));
ENDSEC;

DATA;
#10=MECHANICAL_DESIGN_GEOMETRIC_PRESENTATION_REPRESENTATION('',(#201,#202,
#203,#204,#205,#206,#207,#208,#209,#210,#211,#212,#213,#214,#215,#216,#217,
#218,#219,#220,#221,#222,#223,#224,#225),#16338);
#11=ITEM_DEFINED_TRANSFORMATION($,$,#10307,#10388);
#12=ITEM_DEFINED_TRANSFORMATION($,$,#10306,#10389);
#13=ITEM_DEFINED_TRANSFORMATION($,$,#10193,#10390);
#14=ITEM_DEFINED_TRANSFORMATION($,$,#10284,#10391);
#15=ITEM_DEFINED_TRANSFORMATION($,$,#10291,#10392);
#16=ITEM_DEFINED_TRANSFORMATION($,$,#10298,#10393);
#17=ITEM_DEFINED_TRANSFORMATION($,$,#10305,#10394);
#18=ITEM_DEFINED_TRANSFORMATION($,$,#10538,#10619);
#19=ITEM_DEFINED_TRANSFORMATION($,$,#10537,#10620);
#20=ITEM_DEFINED_TRANSFORMATION($,$,#10424,#10621);
#21=ITEM_DEFINED_TRANSFORMATION($,$,#10515,#10622);
#22=ITEM_DEFINED_TRANSFORMATION($,$,#10522,#10623);
#23=ITEM_DEFINED_TRANSFORMATION($,$,#10529,#10624);
#24=ITEM_DEFINED_TRANSFORMATION($,$,#10536,#10625);
#25=ITEM_DEFINED_TRANSFORMATION($,$,#10748,#10829);
#26=ITEM_DEFINED_TRANSFORMATION($,$,#10747,#10830);
#27=ITEM_DEFINED_TRANSFORMATION($,$,#10634,#10831);
#28=ITEM_DEFINED_TRANSFORMATION($,$,#10725,#10832);
#29=ITEM_DEFINED_TRANSFORMATION($,$,#10732,#10833);
#30=ITEM_DEFINED_TRANSFORMATION($,$,#10739,#10834);
#31=ITEM_DEFINED_TRANSFORMATION($,$,#10746,#10835);
#32=ITEM_DEFINED_TRANSFORMATION($,$,#10159,#10849);
#33=ITEM_DEFINED_TRANSFORMATION($,$,#10178,#10850);
#34=ITEM_DEFINED_TRANSFORMATION($,$,#10185,#10851);
#35=ITEM_DEFINED_TRANSFORMATION($,$,#10192,#10852);
#36=ITEM_DEFINED_TRANSFORMATION($,$,#10395,#10853);
#37=ITEM_DEFINED_TRANSFORMATION($,$,#10402,#10854);
#38=ITEM_DEFINED_TRANSFORMATION($,$,#10409,#10855);
#39=ITEM_DEFINED_TRANSFORMATION($,$,#10416,#10856);
#40=ITEM_DEFINED_TRANSFORMATION($,$,#10423,#10857);
#41=ITEM_DEFINED_TRANSFORMATION($,$,#10626,#10858);
#42=ITEM_DEFINED_TRANSFORMATION($,$,#10633,#10859);
#43=ITEM_DEFINED_TRANSFORMATION($,$,#10836,#10860);
#44=ITEM_DEFINED_TRANSFORMATION($,$,#10843,#10861);
#45=ITEM_DEFINED_TRANSFORMATION($,$,#10158,#10862);
#46=(
REPRESENTATION_RELATIONSHIP($,$,#16462,#16461)
REPRESENTATION_RELATIONSHIP_WITH_TRANSFORMATION(#11)
SHAPE_REPRESENTATION_RELATIONSHIP()
);
#47=(
REPRESENTATION_RELATIONSHIP($,$,#16461,#16460)
REPRESENTATION_RELATIONSHIP_WITH_TRANSFORMATION(#12)
SHAPE_REPRESENTATION_RELATIONSHIP()
);
#48=(
REPRESENTATION_RELATIONSHIP($,$,#16456,#16455)
REPRESENTATION_RELATIONSHIP_WITH_TRANSFORMATION(#13)
SHAPE_REPRESENTATION_RELATIONSHIP()
);
#49=(
REPRESENTATION_RELATIONSHIP($,$,#16457,#16455)
REPRESENTATION_RELATIONSHIP_WITH_TRANSFORMATION(#14)
SHAPE_REPRESENTATION_RELATIONSHIP()
);
#50=(
REPRESENTATION_RELATIONSHIP($,$,#16458,#16455)
REPRESENTATION_RELATIONSHIP_WITH_TRANSFORMATION(#15)
SHAPE_REPRESENTATION_RELATIONSHIP()
);
#51=(
REPRESENTATION_RELATIONSHIP($,$,#16459,#16455)
REPRESENTATION_RELATIONSHIP_WITH_TRANSFORMATION(#16)
SHAPE_REPRESENTATION_RELATIONSHIP()
);
#52=(
REPRESENTATION_RELATIONSHIP($,$,#16460,#16455)
REPRESENTATION_RELATIONSHIP_WITH_TRANSFORMATION(#17)
SHAPE_REPRESENTATION_RELATIONSHIP()
);
#53=(
REPRESENTATION_RELATIONSHIP($,$,#16474,#16473)
REPRESENTATION_RELATIONSHIP_WITH_TRANSFORMATION(#18)
SHAPE_REPRESENTATION_RELATIONSHIP()
);
#54=(
REPRESENTATION_RELATIONSHIP($,$,#16473,#16472)
REPRESENTATION_RELATIONSHIP_WITH_TRANSFORMATION(#19)
SHAPE_REPRESENTATION_RELATIONSHIP()
);
#55=(
REPRESENTATION_RELATIONSHIP($,$,#16468,#16467)
REPRESENTATION_RELATIONSHIP_WITH_TRANSFORMATION(#20)
SHAPE_REPRESENTATION_RELATIONSHIP()
);
#56=(
REPRESENTATION_RELATIONSHIP($,$,#16469,#16467)
REPRESENTATION_RELATIONSHIP_WITH_TRANSFORMATION(#21)
SHAPE_REPRESENTATION_RELATIONSHIP()
);
#57=(
REPRESENTATION_RELATIONSHIP($,$,#16470,#16467)
REPRESENTATION_RELATIONSHIP_WITH_TRANSFORMATION(#22)
SHAPE_REPRESENTATION_RELATIONSHIP()
);
#58=(
REPRESENTATION_RELATIONSHIP($,$,#16471,#16467)
REPRESENTATION_RELATIONSHIP_WITH_TRANSFORMATION(#23)
SHAPE_REPRESENTATION_RELATIONSHIP()
);
#59=(
REPRESENTATION_RELATIONSHIP($,$,#16472,#16467)
REPRESENTATION_RELATIONSHIP_WITH_TRANSFORMATION(#24)
SHAPE_REPRESENTATION_RELATIONSHIP()
);
#60=(
REPRESENTATION_RELATIONSHIP($,$,#16483,#16482)
REPRESENTATION_RELATIONSHIP_WITH_TRANSFORMATION(#25)
SHAPE_REPRESENTATION_RELATIONSHIP()
);
#61=(
REPRESENTATION_RELATIONSHIP($,$,#16482,#16481)
REPRESENTATION_RELATIONSHIP_WITH_TRANSFORMATION(#26)
SHAPE_REPRESENTATION_RELATIONSHIP()
);
#62=(
REPRESENTATION_RELATIONSHIP($,$,#16477,#16476)
REPRESENTATION_RELATIONSHIP_WITH_TRANSFORMATION(#27)
SHAPE_REPRESENTATION_RELATIONSHIP()
);
#63=(
REPRESENTATION_RELATIONSHIP($,$,#16478,#16476)
REPRESENTATION_RELATIONSHIP_WITH_TRANSFORMATION(#28)
SHAPE_REPRESENTATION_RELATIONSHIP()
);
#64=(
REPRESENTATION_RELATIONSHIP($,$,#16479,#16476)
REPRESENTATION_RELATIONSHIP_WITH_TRANSFORMATION(#29)
SHAPE_REPRESENTATION_RELATIONSHIP()
);
#65=(
REPRESENTATION_RELATIONSHIP($,$,#16480,#16476)
REPRESENTATION_RELATIONSHIP_WITH_TRANSFORMATION(#30)
SHAPE_REPRESENTATION_RELATIONSHIP()
);
#66=(
REPRESENTATION_RELATIONSHIP($,$,#16481,#16476)
REPRESENTATION_RELATIONSHIP_WITH_TRANSFORMATION(#31)
SHAPE_REPRESENTATION_RELATIONSHIP()
);
#67=(
REPRESENTATION_RELATIONSHIP($,$,#16452,#16451)
REPRESENTATION_RELATIONSHIP_WITH_TRANSFORMATION(#32)
SHAPE_REPRESENTATION_RELATIONSHIP()
);
#68=(
REPRESENTATION_RELATIONSHIP($,$,#16453,#16451)
REPRESENTATION_RELATIONSHIP_WITH_TRANSFORMATION(#33)
SHAPE_REPRESENTATION_RELATIONSHIP()
);
#69=(
REPRESENTATION_RELATIONSHIP($,$,#16454,#16451)
REPRESENTATION_RELATIONSHIP_WITH_TRANSFORMATION(#34)
SHAPE_REPRESENTATION_RELATIONSHIP()
);
#70=(
REPRESENTATION_RELATIONSHIP($,$,#16455,#16451)
REPRESENTATION_RELATIONSHIP_WITH_TRANSFORMATION(#35)
SHAPE_REPRESENTATION_RELATIONSHIP()
);
#71=(
REPRESENTATION_RELATIONSHIP($,$,#16463,#16451)
REPRESENTATION_RELATIONSHIP_WITH_TRANSFORMATION(#36)
SHAPE_REPRESENTATION_RELATIONSHIP()
);
#72=(
REPRESENTATION_RELATIONSHIP($,$,#16464,#16451)
REPRESENTATION_RELATIONSHIP_WITH_TRANSFORMATION(#37)
SHAPE_REPRESENTATION_RELATIONSHIP()
);
#73=(
REPRESENTATION_RELATIONSHIP($,$,#16465,#16451)
REPRESENTATION_RELATIONSHIP_WITH_TRANSFORMATION(#38)
SHAPE_REPRESENTATION_RELATIONSHIP()
);
#74=(
REPRESENTATION_RELATIONSHIP($,$,#16466,#16451)
REPRESENTATION_RELATIONSHIP_WITH_TRANSFORMATION(#39)
SHAPE_REPRESENTATION_RELATIONSHIP()
);
#75=(
REPRESENTATION_RELATIONSHIP($,$,#16467,#16451)
REPRESENTATION_RELATIONSHIP_WITH_TRANSFORMATION(#40)
SHAPE_REPRESENTATION_RELATIONSHIP()
);
#76=(
REPRESENTATION_RELATIONSHIP($,$,#16475,#16451)
REPRESENTATION_RELATIONSHIP_WITH_TRANSFORMATION(#41)
SHAPE_REPRESENTATION_RELATIONSHIP()
);
#77=(
REPRESENTATION_RELATIONSHIP($,$,#16476,#16451)
REPRESENTATION_RELATIONSHIP_WITH_TRANSFORMATION(#42)
SHAPE_REPRESENTATION_RELATIONSHIP()
);
#78=(
REPRESENTATION_RELATIONSHIP($,$,#16484,#16451)
REPRESENTATION_RELATIONSHIP_WITH_TRANSFORMATION(#43)
SHAPE_REPRESENTATION_RELATIONSHIP()
);
#79=(
REPRESENTATION_RELATIONSHIP($,$,#16485,#16451)
REPRESENTATION_RELATIONSHIP_WITH_TRANSFORMATION(#44)
SHAPE_REPRESENTATION_RELATIONSHIP()
);
#80=(
REPRESENTATION_RELATIONSHIP($,$,#16451,#16450)
REPRESENTATION_RELATIONSHIP_WITH_TRANSFORMATION(#45)
SHAPE_REPRESENTATION_RELATIONSHIP()
);
#81=CONTEXT_DEPENDENT_SHAPE_REPRESENTATION(#46,#16392);
#82=CONTEXT_DEPENDENT_SHAPE_REPRESENTATION(#47,#16393);
#83=CONTEXT_DEPENDENT_SHAPE_REPRESENTATION(#48,#16394);
#84=CONTEXT_DEPENDENT_SHAPE_REPRESENTATION(#49,#16395);
#85=CONTEXT_DEPENDENT_SHAPE_REPRESENTATION(#50,#16396);
#86=CONTEXT_DEPENDENT_SHAPE_REPRESENTATION(#51,#16397);
#87=CONTEXT_DEPENDENT_SHAPE_REPRESENTATION(#52,#16398);
#88=CONTEXT_DEPENDENT_SHAPE_REPRESENTATION(#53,#16411);
#89=CONTEXT_DEPENDENT_SHAPE_REPRESENTATION(#54,#16412);
#90=CONTEXT_DEPENDENT_SHAPE_REPRESENTATION(#55,#16413);
#91=CONTEXT_DEPENDENT_SHAPE_REPRESENTATION(#56,#16414);
#92=CONTEXT_DEPENDENT_SHAPE_REPRESENTATION(#57,#16415);
#93=CONTEXT_DEPENDENT_SHAPE_REPRESENTATION(#58,#16416);
#94=CONTEXT_DEPENDENT_SHAPE_REPRESENTATION(#59,#16417);
#95=CONTEXT_DEPENDENT_SHAPE_REPRESENTATION(#60,#16427);
#96=CONTEXT_DEPENDENT_SHAPE_REPRESENTATION(#61,#16428);
#97=CONTEXT_DEPENDENT_SHAPE_REPRESENTATION(#62,#16429);
#98=CONTEXT_DEPENDENT_SHAPE_REPRESENTATION(#63,#16430);
#99=CONTEXT_DEPENDENT_SHAPE_REPRESENTATION(#64,#16431);
#100=CONTEXT_DEPENDENT_SHAPE_REPRESENTATION(#65,#16432);
#101=CONTEXT_DEPENDENT_SHAPE_REPRESENTATION(#66,#16433);
#102=CONTEXT_DEPENDENT_SHAPE_REPRESENTATION(#67,#16436);
#103=CONTEXT_DEPENDENT_SHAPE_REPRESENTATION(#68,#16437);
#104=CONTEXT_DEPENDENT_SHAPE_REPRESENTATION(#69,#16438);
#105=CONTEXT_DEPENDENT_SHAPE_REPRESENTATION(#70,#16439);
#106=CONTEXT_DEPENDENT_SHAPE_REPRESENTATION(#71,#16440);
#107=CONTEXT_DEPENDENT_SHAPE_REPRESENTATION(#72,#16441);
#108=CONTEXT_DEPENDENT_SHAPE_REPRESENTATION(#73,#16442);
#109=CONTEXT_DEPENDENT_SHAPE_REPRESENTATION(#74,#16443);
#110=CONTEXT_DEPENDENT_SHAPE_REPRESENTATION(#75,#16444);
#111=CONTEXT_DEPENDENT_SHAPE_REPRESENTATION(#76,#16445);
#112=CONTEXT_DEPENDENT_SHAPE_REPRESENTATION(#77,#16446);
#113=CONTEXT_DEPENDENT_SHAPE_REPRESENTATION(#78,#16447);
#114=CONTEXT_DEPENDENT_SHAPE_REPRESENTATION(#79,#16448);
#115=CONTEXT_DEPENDENT_SHAPE_REPRESENTATION(#80,#16449);
#116=NEXT_ASSEMBLY_USAGE_OCCURRENCE('000917:1','000917:1','000917:1',#16498,
#16499,'000917:1');
#117=NEXT_ASSEMBLY_USAGE_OCCURRENCE('000612-ICD-02:1','000612-ICD-02:1',
'000612-ICD-02:1',#16497,#16498,'000612-ICD-02:1');
#118=NEXT_ASSEMBLY_USAGE_OCCURRENCE(
'01 Monolithic folded guide - NOT RELEASED:1',
'01 Monolithic folded guide - NOT RELEASED:1',
'01 Monolithic folded guide - NOT RELEASED:1',#16492,#16493,
'01 Monolithic folded guide - NOT RELEASED:1');
#119=NEXT_ASSEMBLY_USAGE_OCCURRENCE('02 Fixed APA mounting pedestal:1',
'02 Fixed APA mounting pedestal:1','02 Fixed APA mounting pedestal:1',#16492,
#16494,'02 Fixed APA mounting pedestal:1');
#120=NEXT_ASSEMBLY_USAGE_OCCURRENCE('03 Fixed pedestal support:1',
'03 Fixed pedestal support:1','03 Fixed pedestal support:1',#16492,#16495,
'03 Fixed pedestal support:1');
#121=NEXT_ASSEMBLY_USAGE_OCCURRENCE(
'04 Carriage mounting land - coupling TBD:1',
'04 Carriage mounting land - coupling TBD:1',
'04 Carriage mounting land - coupling TBD:1',#16492,#16496,
'04 Carriage mounting land - coupling TBD:1');
#122=NEXT_ASSEMBLY_USAGE_OCCURRENCE('05 CEDRAT APA60S vendor STEP:1',
'05 CEDRAT APA60S vendor STEP:1','05 CEDRAT APA60S vendor STEP:1',#16492,
#16497,'05 CEDRAT APA60S vendor STEP:1');
#123=NEXT_ASSEMBLY_USAGE_OCCURRENCE('000917 (1):1','000917 (1):1',
'000917 (1):1',#16510,#16511,'000917 (1):1');
#124=NEXT_ASSEMBLY_USAGE_OCCURRENCE('000612-ICD-02 (1):1',
'000612-ICD-02 (1):1','000612-ICD-02 (1):1',#16509,#16510,
'000612-ICD-02 (1):1');
#125=NEXT_ASSEMBLY_USAGE_OCCURRENCE(
'01 Monolithic folded guide - NOT RELEASED (1):1',
'01 Monolithic folded guide - NOT RELEASED (1):1',
'01 Monolithic folded guide - NOT RELEASED (1):1',#16504,#16505,
'01 Monolithic folded guide - NOT RELEASED (1):1');
#126=NEXT_ASSEMBLY_USAGE_OCCURRENCE(
'02 Fixed APA mounting pedestal (1):1',
'02 Fixed APA mounting pedestal (1):1',
'02 Fixed APA mounting pedestal (1):1',#16504,#16506,
'02 Fixed APA mounting pedestal (1):1');
#127=NEXT_ASSEMBLY_USAGE_OCCURRENCE('03 Fixed pedestal support (1):1',
'03 Fixed pedestal support (1):1','03 Fixed pedestal support (1):1',#16504,
#16507,'03 Fixed pedestal support (1):1');
#128=NEXT_ASSEMBLY_USAGE_OCCURRENCE(
'04 Carriage mounting land - coupling TBD (1):1',
'04 Carriage mounting land - coupling TBD (1):1',
'04 Carriage mounting land - coupling TBD (1):1',#16504,#16508,
'04 Carriage mounting land - coupling TBD (1):1');
#129=NEXT_ASSEMBLY_USAGE_OCCURRENCE(
'05 CEDRAT APA60S vendor STEP (1):1',
'05 CEDRAT APA60S vendor STEP (1):1',
'05 CEDRAT APA60S vendor STEP (1):1',#16504,#16509,
'05 CEDRAT APA60S vendor STEP (1):1');
#130=NEXT_ASSEMBLY_USAGE_OCCURRENCE('000917 (2):1','000917 (2):1',
'000917 (2):1',#16519,#16520,'000917 (2):1');
#131=NEXT_ASSEMBLY_USAGE_OCCURRENCE('000612-ICD-02 (2):1',
'000612-ICD-02 (2):1','000612-ICD-02 (2):1',#16518,#16519,
'000612-ICD-02 (2):1');
#132=NEXT_ASSEMBLY_USAGE_OCCURRENCE(
'01 Monolithic folded guide - NOT RELEASED (2):1',
'01 Monolithic folded guide - NOT RELEASED (2):1',
'01 Monolithic folded guide - NOT RELEASED (2):1',#16513,#16514,
'01 Monolithic folded guide - NOT RELEASED (2):1');
#133=NEXT_ASSEMBLY_USAGE_OCCURRENCE(
'02 Fixed APA mounting pedestal (2):1',
'02 Fixed APA mounting pedestal (2):1',
'02 Fixed APA mounting pedestal (2):1',#16513,#16515,
'02 Fixed APA mounting pedestal (2):1');
#134=NEXT_ASSEMBLY_USAGE_OCCURRENCE('03 Fixed pedestal support (2):1',
'03 Fixed pedestal support (2):1','03 Fixed pedestal support (2):1',#16513,
#16516,'03 Fixed pedestal support (2):1');
#135=NEXT_ASSEMBLY_USAGE_OCCURRENCE(
'04 Carriage mounting land - coupling TBD (2):1',
'04 Carriage mounting land - coupling TBD (2):1',
'04 Carriage mounting land - coupling TBD (2):1',#16513,#16517,
'04 Carriage mounting land - coupling TBD (2):1');
#136=NEXT_ASSEMBLY_USAGE_OCCURRENCE(
'05 CEDRAT APA60S vendor STEP (2):1',
'05 CEDRAT APA60S vendor STEP (2):1',
'05 CEDRAT APA60S vendor STEP (2):1',#16513,#16518,
'05 CEDRAT APA60S vendor STEP (2):1');
#137=NEXT_ASSEMBLY_USAGE_OCCURRENCE(
'00 Coarse carriage adapter - preliminary:1',
'00 Coarse carriage adapter - preliminary:1',
'00 Coarse carriage adapter - preliminary:1',#16488,#16489,
'00 Coarse carriage adapter - preliminary:1');
#138=NEXT_ASSEMBLY_USAGE_OCCURRENCE('01 X fixed-frame support left:1',
'01 X fixed-frame support left:1','01 X fixed-frame support left:1',#16488,
#16490,'01 X fixed-frame support left:1');
#139=NEXT_ASSEMBLY_USAGE_OCCURRENCE('02 X fixed-frame support right:1',
'02 X fixed-frame support right:1','02 X fixed-frame support right:1',#16488,
#16491,'02 X fixed-frame support right:1');
#140=NEXT_ASSEMBLY_USAGE_OCCURRENCE('10 X AXIS - optical - outer:1',
'10 X AXIS - optical - outer:1','10 X AXIS - optical - outer:1',#16488,
#16492,'10 X AXIS - optical - outer:1');
#141=NEXT_ASSEMBLY_USAGE_OCCURRENCE('11 X carriage central riser:1',
'11 X carriage central riser:1','11 X carriage central riser:1',#16488,
#16500,'11 X carriage central riser:1');
#142=NEXT_ASSEMBLY_USAGE_OCCURRENCE(
'12 X carriage bridge below Y frame:1',
'12 X carriage bridge below Y frame:1',
'12 X carriage bridge below Y frame:1',#16488,#16501,
'12 X carriage bridge below Y frame:1');
#143=NEXT_ASSEMBLY_USAGE_OCCURRENCE('13 Y fixed frame rear seat:1',
'13 Y fixed frame rear seat:1','13 Y fixed frame rear seat:1',#16488,#16502,
'13 Y fixed frame rear seat:1');
#144=NEXT_ASSEMBLY_USAGE_OCCURRENCE('14 Y fixed frame front seat:1',
'14 Y fixed frame front seat:1','14 Y fixed frame front seat:1',#16488,
#16503,'14 Y fixed frame front seat:1');
#145=NEXT_ASSEMBLY_USAGE_OCCURRENCE('20 Y AXIS - lateral - middle:1',
'20 Y AXIS - lateral - middle:1','20 Y AXIS - lateral - middle:1',#16488,
#16504,'20 Y AXIS - lateral - middle:1');
#146=NEXT_ASSEMBLY_USAGE_OCCURRENCE(
'21 Y carriage to Z fixed frame pedestal:1',
'21 Y carriage to Z fixed frame pedestal:1',
'21 Y carriage to Z fixed frame pedestal:1',#16488,#16512,
'21 Y carriage to Z fixed frame pedestal:1');
#147=NEXT_ASSEMBLY_USAGE_OCCURRENCE('30 Z AXIS - vertical - inner:1',
'30 Z AXIS - vertical - inner:1','30 Z AXIS - vertical - inner:1',#16488,
#16513,'30 Z AXIS - vertical - inner:1');
#148=NEXT_ASSEMBLY_USAGE_OCCURRENCE(
'40 Replaceable fiber nose - PLACEHOLDER:1',
'40 Replaceable fiber nose - PLACEHOLDER:1',
'40 Replaceable fiber nose - PLACEHOLDER:1',#16488,#16521,
'40 Replaceable fiber nose - PLACEHOLDER:1');
#149=NEXT_ASSEMBLY_USAGE_OCCURRENCE(
'41 Fiber tip envelope - 125um diameter:1',
'41 Fiber tip envelope - 125um diameter:1',
'41 Fiber tip envelope - 125um diameter:1',#16488,#16522,
'41 Fiber tip envelope - 125um diameter:1');
#150=NEXT_ASSEMBLY_USAGE_OCCURRENCE(
'APA60S XYZ - P0 Packaging and Guide Concept:1',
'APA60S XYZ - P0 Packaging and Guide Concept:1',
'APA60S XYZ - P0 Packaging and Guide Concept:1',#16487,#16488,
'APA60S XYZ - P0 Packaging and Guide Concept:1');
#151=SHAPE_REPRESENTATION_RELATIONSHIP('SRR','None',#16452,#176);
#152=SHAPE_REPRESENTATION_RELATIONSHIP('SRR','None',#16453,#177);
#153=SHAPE_REPRESENTATION_RELATIONSHIP('SRR','None',#16454,#178);
#154=SHAPE_REPRESENTATION_RELATIONSHIP('SRR','None',#16456,#179);
#155=SHAPE_REPRESENTATION_RELATIONSHIP('SRR','None',#16457,#180);
#156=SHAPE_REPRESENTATION_RELATIONSHIP('SRR','None',#16458,#181);
#157=SHAPE_REPRESENTATION_RELATIONSHIP('SRR','None',#16459,#182);
#158=SHAPE_REPRESENTATION_RELATIONSHIP('SRR','None',#16462,#183);
#159=SHAPE_REPRESENTATION_RELATIONSHIP('SRR','None',#16463,#184);
#160=SHAPE_REPRESENTATION_RELATIONSHIP('SRR','None',#16464,#185);
#161=SHAPE_REPRESENTATION_RELATIONSHIP('SRR','None',#16465,#186);
#162=SHAPE_REPRESENTATION_RELATIONSHIP('SRR','None',#16466,#187);
#163=SHAPE_REPRESENTATION_RELATIONSHIP('SRR','None',#16468,#188);
#164=SHAPE_REPRESENTATION_RELATIONSHIP('SRR','None',#16469,#189);
#165=SHAPE_REPRESENTATION_RELATIONSHIP('SRR','None',#16470,#190);
#166=SHAPE_REPRESENTATION_RELATIONSHIP('SRR','None',#16471,#191);
#167=SHAPE_REPRESENTATION_RELATIONSHIP('SRR','None',#16474,#192);
#168=SHAPE_REPRESENTATION_RELATIONSHIP('SRR','None',#16475,#193);
#169=SHAPE_REPRESENTATION_RELATIONSHIP('SRR','None',#16477,#194);
#170=SHAPE_REPRESENTATION_RELATIONSHIP('SRR','None',#16478,#195);
#171=SHAPE_REPRESENTATION_RELATIONSHIP('SRR','None',#16479,#196);
#172=SHAPE_REPRESENTATION_RELATIONSHIP('SRR','None',#16480,#197);
#173=SHAPE_REPRESENTATION_RELATIONSHIP('SRR','None',#16483,#198);
#174=SHAPE_REPRESENTATION_RELATIONSHIP('SRR','None',#16484,#199);
#175=SHAPE_REPRESENTATION_RELATIONSHIP('SRR','None',#16485,#200);
#176=ADVANCED_BREP_SHAPE_REPRESENTATION('',(#226),#16304);
#177=ADVANCED_BREP_SHAPE_REPRESENTATION('',(#227),#16305);
#178=ADVANCED_BREP_SHAPE_REPRESENTATION('',(#228),#16306);
#179=ADVANCED_BREP_SHAPE_REPRESENTATION('',(#229),#16308);
#180=ADVANCED_BREP_SHAPE_REPRESENTATION('',(#230),#16309);
#181=ADVANCED_BREP_SHAPE_REPRESENTATION('',(#231),#16310);
#182=ADVANCED_BREP_SHAPE_REPRESENTATION('',(#232),#16311);
#183=ADVANCED_BREP_SHAPE_REPRESENTATION('',(#233),#16314);
#184=ADVANCED_BREP_SHAPE_REPRESENTATION('',(#234),#16315);
#185=ADVANCED_BREP_SHAPE_REPRESENTATION('',(#235),#16316);
#186=ADVANCED_BREP_SHAPE_REPRESENTATION('',(#236),#16317);
#187=ADVANCED_BREP_SHAPE_REPRESENTATION('',(#237),#16318);
#188=ADVANCED_BREP_SHAPE_REPRESENTATION('',(#238),#16320);
#189=ADVANCED_BREP_SHAPE_REPRESENTATION('',(#239),#16321);
#190=ADVANCED_BREP_SHAPE_REPRESENTATION('',(#240),#16322);
#191=ADVANCED_BREP_SHAPE_REPRESENTATION('',(#241),#16323);
#192=ADVANCED_BREP_SHAPE_REPRESENTATION('',(#242),#16326);
#193=ADVANCED_BREP_SHAPE_REPRESENTATION('',(#243),#16327);
#194=ADVANCED_BREP_SHAPE_REPRESENTATION('',(#244),#16329);
#195=ADVANCED_BREP_SHAPE_REPRESENTATION('',(#245),#16330);
#196=ADVANCED_BREP_SHAPE_REPRESENTATION('',(#246),#16331);
#197=ADVANCED_BREP_SHAPE_REPRESENTATION('',(#247),#16332);
#198=ADVANCED_BREP_SHAPE_REPRESENTATION('',(#248),#16335);
#199=ADVANCED_BREP_SHAPE_REPRESENTATION('',(#249),#16336);
#200=ADVANCED_BREP_SHAPE_REPRESENTATION('',(#250),#16337);
#201=STYLED_ITEM('',(#16634),#226);
#202=STYLED_ITEM('',(#16634),#227);
#203=STYLED_ITEM('',(#16634),#228);
#204=STYLED_ITEM('',(#16634),#229);
#205=STYLED_ITEM('',(#16634),#230);
#206=STYLED_ITEM('',(#16634),#231);
#207=STYLED_ITEM('',(#16634),#232);
#208=STYLED_ITEM('',(#16635),#233);
#209=STYLED_ITEM('',(#16634),#234);
#210=STYLED_ITEM('',(#16634),#235);
#211=STYLED_ITEM('',(#16634),#236);
#212=STYLED_ITEM('',(#16634),#237);
#213=STYLED_ITEM('',(#16634),#238);
#214=STYLED_ITEM('',(#16634),#239);
#215=STYLED_ITEM('',(#16634),#240);
#216=STYLED_ITEM('',(#16634),#241);
#217=STYLED_ITEM('',(#16635),#242);
#218=STYLED_ITEM('',(#16634),#243);
#219=STYLED_ITEM('',(#16634),#244);
#220=STYLED_ITEM('',(#16634),#245);
#221=STYLED_ITEM('',(#16634),#246);
#222=STYLED_ITEM('',(#16634),#247);
#223=STYLED_ITEM('',(#16635),#248);
#224=STYLED_ITEM('',(#16634),#249);
#225=STYLED_ITEM('',(#16634),#250);
#226=MANIFOLD_SOLID_BREP(
'APA60S XYZ - P0 Packaging and Guide Concept:1+00 Coarse carriage adap
ter - preliminary:1',#9856);
#227=MANIFOLD_SOLID_BREP(
'APA60S XYZ - P0 Packaging and Guide Concept:1+01 X fixed-frame suppor
t left:1',#9857);
#228=MANIFOLD_SOLID_BREP(
'APA60S XYZ - P0 Packaging and Guide Concept:1+02 X fixed-frame suppor
t right:1',#9858);
#229=MANIFOLD_SOLID_BREP(
'APA60S XYZ - P0 Packaging and Guide Concept:1+10 X AXIS - optical - o
uter:1+01 Monolithic folded guide - NOT RELEASED:1',#9859);
#230=MANIFOLD_SOLID_BREP(
'APA60S XYZ - P0 Packaging and Guide Concept:1+10 X AXIS - optical - o
uter:1+02 Fixed APA mounting pedestal:1',#9860);
#231=MANIFOLD_SOLID_BREP(
'APA60S XYZ - P0 Packaging and Guide Concept:1+10 X AXIS - optical - o
uter:1+03 Fixed pedestal support:1',#9861);
#232=MANIFOLD_SOLID_BREP(
'APA60S XYZ - P0 Packaging and Guide Concept:1+10 X AXIS - optical - o
uter:1+04 Carriage mounting land - coupling TBD:1',#9862);
#233=MANIFOLD_SOLID_BREP(
'APA60S XYZ - P0 Packaging and Guide Concept:1+10 X AXIS - optical - o
uter:1+05 CEDRAT APA60S vendor STEP:1+000612-ICD-02:1+000917:1',#9863);
#234=MANIFOLD_SOLID_BREP(
'APA60S XYZ - P0 Packaging and Guide Concept:1+11 X carriage central r
iser:1',#9864);
#235=MANIFOLD_SOLID_BREP(
'APA60S XYZ - P0 Packaging and Guide Concept:1+12 X carriage bridge be
low Y frame:1',#9865);
#236=MANIFOLD_SOLID_BREP(
'APA60S XYZ - P0 Packaging and Guide Concept:1+13 Y fixed frame rear s
eat:1',#9866);
#237=MANIFOLD_SOLID_BREP(
'APA60S XYZ - P0 Packaging and Guide Concept:1+14 Y fixed frame front 
seat:1',#9867);
#238=MANIFOLD_SOLID_BREP(
'APA60S XYZ - P0 Packaging and Guide Concept:1+20 Y AXIS - lateral - m
iddle:1+01 Monolithic folded guide - NOT RELEASED (1):1',#9868);
#239=MANIFOLD_SOLID_BREP(
'APA60S XYZ - P0 Packaging and Guide Concept:1+20 Y AXIS - lateral - m
iddle:1+02 Fixed APA mounting pedestal (1):1',#9869);
#240=MANIFOLD_SOLID_BREP(
'APA60S XYZ - P0 Packaging and Guide Concept:1+20 Y AXIS - lateral - m
iddle:1+03 Fixed pedestal support (1):1',#9870);
#241=MANIFOLD_SOLID_BREP(
'APA60S XYZ - P0 Packaging and Guide Concept:1+20 Y AXIS - lateral - m
iddle:1+04 Carriage mounting land - coupling TBD (1):1',#9871);
#242=MANIFOLD_SOLID_BREP(
'APA60S XYZ - P0 Packaging and Guide Concept:1+20 Y AXIS - lateral - m
iddle:1+05 CEDRAT APA60S vendor STEP (1):1+000612-ICD-02 (1):1+000917 
(1):1',#9872);
#243=MANIFOLD_SOLID_BREP(
'APA60S XYZ - P0 Packaging and Guide Concept:1+21 Y carriage to Z fixe
d frame pedestal:1',#9873);
#244=MANIFOLD_SOLID_BREP(
'APA60S XYZ - P0 Packaging and Guide Concept:1+30 Z AXIS - vertical - 
inner:1+01 Monolithic folded guide - NOT RELEASED (2):1',#9874);
#245=MANIFOLD_SOLID_BREP(
'APA60S XYZ - P0 Packaging and Guide Concept:1+30 Z AXIS - vertical - 
inner:1+02 Fixed APA mounting pedestal (2):1',#9875);
#246=MANIFOLD_SOLID_BREP(
'APA60S XYZ - P0 Packaging and Guide Concept:1+30 Z AXIS - vertical - 
inner:1+03 Fixed pedestal support (2):1',#9876);
#247=MANIFOLD_SOLID_BREP(
'APA60S XYZ - P0 Packaging and Guide Concept:1+30 Z AXIS - vertical - 
inner:1+04 Carriage mounting land - coupling TBD (2):1',#9877);
#248=MANIFOLD_SOLID_BREP(
'APA60S XYZ - P0 Packaging and Guide Concept:1+30 Z AXIS - vertical - 
inner:1+05 CEDRAT APA60S vendor STEP (2):1+000612-ICD-02 (2):1+000917 
(2):1',#9878);
#249=MANIFOLD_SOLID_BREP(
'APA60S XYZ - P0 Packaging and Guide Concept:1+40 Replaceable fiber no
se - PLACEHOLDER:1',#9879);
#250=MANIFOLD_SOLID_BREP(
'APA60S XYZ - P0 Packaging and Guide Concept:1+41 Fiber tip envelope -
 125um diameter:1',#9880);
#251=FACE_BOUND('',#1267,.T.);
#252=FACE_BOUND('',#1268,.T.);
#253=FACE_BOUND('',#1269,.T.);
#254=FACE_BOUND('',#1270,.T.);
#255=FACE_BOUND('',#1272,.T.);
#256=FACE_BOUND('',#1273,.T.);
#257=FACE_BOUND('',#1274,.T.);
#258=FACE_BOUND('',#1275,.T.);
#259=FACE_BOUND('',#1369,.T.);
#260=FACE_BOUND('',#1370,.T.);
#261=FACE_BOUND('',#1371,.T.);
#262=FACE_BOUND('',#1372,.T.);
#263=FACE_BOUND('',#1373,.T.);
#264=FACE_BOUND('',#1374,.T.);
#265=FACE_BOUND('',#1375,.T.);
#266=FACE_BOUND('',#1376,.T.);
#267=FACE_BOUND('',#1377,.T.);
#268=FACE_BOUND('',#1378,.T.);
#269=FACE_BOUND('',#1379,.T.);
#270=FACE_BOUND('',#1380,.T.);
#271=FACE_BOUND('',#1382,.T.);
#272=FACE_BOUND('',#1383,.T.);
#273=FACE_BOUND('',#1384,.T.);
#274=FACE_BOUND('',#1385,.T.);
#275=FACE_BOUND('',#1386,.T.);
#276=FACE_BOUND('',#1387,.T.);
#277=FACE_BOUND('',#1388,.T.);
#278=FACE_BOUND('',#1389,.T.);
#279=FACE_BOUND('',#1390,.T.);
#280=FACE_BOUND('',#1391,.T.);
#281=FACE_BOUND('',#1392,.T.);
#282=FACE_BOUND('',#1393,.T.);
#283=FACE_BOUND('',#1427,.T.);
#284=FACE_BOUND('',#1429,.T.);
#285=FACE_BOUND('',#1437,.T.);
#286=FACE_BOUND('',#1439,.T.);
#287=FACE_BOUND('',#1565,.T.);
#288=FACE_BOUND('',#1566,.T.);
#289=FACE_BOUND('',#1567,.T.);
#290=FACE_BOUND('',#1568,.T.);
#291=FACE_BOUND('',#1569,.T.);
#292=FACE_BOUND('',#1570,.T.);
#293=FACE_BOUND('',#1571,.T.);
#294=FACE_BOUND('',#1572,.T.);
#295=FACE_BOUND('',#1573,.T.);
#296=FACE_BOUND('',#1574,.T.);
#297=FACE_BOUND('',#1575,.T.);
#298=FACE_BOUND('',#1576,.T.);
#299=FACE_BOUND('',#1578,.T.);
#300=FACE_BOUND('',#1579,.T.);
#301=FACE_BOUND('',#1580,.T.);
#302=FACE_BOUND('',#1581,.T.);
#303=FACE_BOUND('',#1582,.T.);
#304=FACE_BOUND('',#1583,.T.);
#305=FACE_BOUND('',#1584,.T.);
#306=FACE_BOUND('',#1585,.T.);
#307=FACE_BOUND('',#1586,.T.);
#308=FACE_BOUND('',#1587,.T.);
#309=FACE_BOUND('',#1588,.T.);
#310=FACE_BOUND('',#1589,.T.);
#311=FACE_BOUND('',#1623,.T.);
#312=FACE_BOUND('',#1625,.T.);
#313=FACE_BOUND('',#1633,.T.);
#314=FACE_BOUND('',#1635,.T.);
#315=FACE_BOUND('',#1743,.T.);
#316=FACE_BOUND('',#1744,.T.);
#317=FACE_BOUND('',#1745,.T.);
#318=FACE_BOUND('',#1746,.T.);
#319=FACE_BOUND('',#1747,.T.);
#320=FACE_BOUND('',#1748,.T.);
#321=FACE_BOUND('',#1749,.T.);
#322=FACE_BOUND('',#1750,.T.);
#323=FACE_BOUND('',#1751,.T.);
#324=FACE_BOUND('',#1752,.T.);
#325=FACE_BOUND('',#1753,.T.);
#326=FACE_BOUND('',#1754,.T.);
#327=FACE_BOUND('',#1756,.T.);
#328=FACE_BOUND('',#1757,.T.);
#329=FACE_BOUND('',#1758,.T.);
#330=FACE_BOUND('',#1759,.T.);
#331=FACE_BOUND('',#1760,.T.);
#332=FACE_BOUND('',#1761,.T.);
#333=FACE_BOUND('',#1762,.T.);
#334=FACE_BOUND('',#1763,.T.);
#335=FACE_BOUND('',#1764,.T.);
#336=FACE_BOUND('',#1765,.T.);
#337=FACE_BOUND('',#1766,.T.);
#338=FACE_BOUND('',#1767,.T.);
#339=FACE_BOUND('',#1801,.T.);
#340=FACE_BOUND('',#1803,.T.);
#341=FACE_BOUND('',#1811,.T.);
#342=FACE_BOUND('',#1813,.T.);
#343=PLANE('',#10172);
#344=PLANE('',#10173);
#345=PLANE('',#10174);
#346=PLANE('',#10175);
#347=PLANE('',#10176);
#348=PLANE('',#10177);
#349=PLANE('',#10179);
#350=PLANE('',#10180);
#351=PLANE('',#10181);
#352=PLANE('',#10182);
#353=PLANE('',#10183);
#354=PLANE('',#10184);
#355=PLANE('',#10186);
#356=PLANE('',#10187);
#357=PLANE('',#10188);
#358=PLANE('',#10189);
#359=PLANE('',#10190);
#360=PLANE('',#10191);
#361=PLANE('',#10194);
#362=PLANE('',#10195);
#363=PLANE('',#10196);
#364=PLANE('',#10197);
#365=PLANE('',#10198);
#366=PLANE('',#10199);
#367=PLANE('',#10200);
#368=PLANE('',#10201);
#369=PLANE('',#10202);
#370=PLANE('',#10215);
#371=PLANE('',#10216);
#372=PLANE('',#10217);
#373=PLANE('',#10218);
#374=PLANE('',#10219);
#375=PLANE('',#10220);
#376=PLANE('',#10221);
#377=PLANE('',#10222);
#378=PLANE('',#10223);
#379=PLANE('',#10224);
#380=PLANE('',#10225);
#381=PLANE('',#10226);
#382=PLANE('',#10227);
#383=PLANE('',#10228);
#384=PLANE('',#10229);
#385=PLANE('',#10230);
#386=PLANE('',#10231);
#387=PLANE('',#10232);
#388=PLANE('',#10233);
#389=PLANE('',#10234);
#390=PLANE('',#10235);
#391=PLANE('',#10236);
#392=PLANE('',#10237);
#393=PLANE('',#10238);
#394=PLANE('',#10239);
#395=PLANE('',#10240);
#396=PLANE('',#10241);
#397=PLANE('',#10242);
#398=PLANE('',#10243);
#399=PLANE('',#10244);
#400=PLANE('',#10245);
#401=PLANE('',#10246);
#402=PLANE('',#10247);
#403=PLANE('',#10248);
#404=PLANE('',#10249);
#405=PLANE('',#10250);
#406=PLANE('',#10251);
#407=PLANE('',#10252);
#408=PLANE('',#10253);
#409=PLANE('',#10254);
#410=PLANE('',#10255);
#411=PLANE('',#10256);
#412=PLANE('',#10257);
#413=PLANE('',#10258);
#414=PLANE('',#10259);
#415=PLANE('',#10260);
#416=PLANE('',#10261);
#417=PLANE('',#10262);
#418=PLANE('',#10263);
#419=PLANE('',#10264);
#420=PLANE('',#10265);
#421=PLANE('',#10266);
#422=PLANE('',#10267);
#423=PLANE('',#10268);
#424=PLANE('',#10269);
#425=PLANE('',#10270);
#426=PLANE('',#10271);
#427=PLANE('',#10272);
#428=PLANE('',#10273);
#429=PLANE('',#10274);
#430=PLANE('',#10275);
#431=PLANE('',#10276);
#432=PLANE('',#10277);
#433=PLANE('',#10278);
#434=PLANE('',#10279);
#435=PLANE('',#10280);
#436=PLANE('',#10281);
#437=PLANE('',#10282);
#438=PLANE('',#10283);
#439=PLANE('',#10285);
#440=PLANE('',#10286);
#441=PLANE('',#10287);
#442=PLANE('',#10288);
#443=PLANE('',#10289);
#444=PLANE('',#10290);
#445=PLANE('',#10292);
#446=PLANE('',#10293);
#447=PLANE('',#10294);
#448=PLANE('',#10295);
#449=PLANE('',#10296);
#450=PLANE('',#10297);
#451=PLANE('',#10299);
#452=PLANE('',#10300);
#453=PLANE('',#10301);
#454=PLANE('',#10302);
#455=PLANE('',#10303);
#456=PLANE('',#10304);
#457=PLANE('',#10308);
#458=PLANE('',#10309);
#459=PLANE('',#10316);
#460=PLANE('',#10323);
#461=PLANE('',#10330);
#462=PLANE('',#10337);
#463=PLANE('',#10338);
#464=PLANE('',#10339);
#465=PLANE('',#10340);
#466=PLANE('',#10344);
#467=PLANE('',#10347);
#468=PLANE('',#10348);
#469=PLANE('',#10350);
#470=PLANE('',#10356);
#471=PLANE('',#10359);
#472=PLANE('',#10360);
#473=PLANE('',#10362);
#474=PLANE('',#10365);
#475=PLANE('',#10369);
#476=PLANE('',#10372);
#477=PLANE('',#10377);
#478=PLANE('',#10380);
#479=PLANE('',#10384);
#480=PLANE('',#10385);
#481=PLANE('',#10386);
#482=PLANE('',#10387);
#483=PLANE('',#10396);
#484=PLANE('',#10397);
#485=PLANE('',#10398);
#486=PLANE('',#10399);
#487=PLANE('',#10400);
#488=PLANE('',#10401);
#489=PLANE('',#10403);
#490=PLANE('',#10404);
#491=PLANE('',#10405);
#492=PLANE('',#10406);
#493=PLANE('',#10407);
#494=PLANE('',#10408);
#495=PLANE('',#10410);
#496=PLANE('',#10411);
#497=PLANE('',#10412);
#498=PLANE('',#10413);
#499=PLANE('',#10414);
#500=PLANE('',#10415);
#501=PLANE('',#10417);
#502=PLANE('',#10418);
#503=PLANE('',#10419);
#504=PLANE('',#10420);
#505=PLANE('',#10421);
#506=PLANE('',#10422);
#507=PLANE('',#10425);
#508=PLANE('',#10426);
#509=PLANE('',#10427);
#510=PLANE('',#10428);
#511=PLANE('',#10429);
#512=PLANE('',#10430);
#513=PLANE('',#10431);
#514=PLANE('',#10432);
#515=PLANE('',#10433);
#516=PLANE('',#10446);
#517=PLANE('',#10447);
#518=PLANE('',#10448);
#519=PLANE('',#10449);
#520=PLANE('',#10450);
#521=PLANE('',#10451);
#522=PLANE('',#10452);
#523=PLANE('',#10453);
#524=PLANE('',#10454);
#525=PLANE('',#10455);
#526=PLANE('',#10456);
#527=PLANE('',#10457);
#528=PLANE('',#10458);
#529=PLANE('',#10459);
#530=PLANE('',#10460);
#531=PLANE('',#10461);
#532=PLANE('',#10462);
#533=PLANE('',#10463);
#534=PLANE('',#10464);
#535=PLANE('',#10465);
#536=PLANE('',#10466);
#537=PLANE('',#10467);
#538=PLANE('',#10468);
#539=PLANE('',#10469);
#540=PLANE('',#10470);
#541=PLANE('',#10471);
#542=PLANE('',#10472);
#543=PLANE('',#10473);
#544=PLANE('',#10474);
#545=PLANE('',#10475);
#546=PLANE('',#10476);
#547=PLANE('',#10477);
#548=PLANE('',#10478);
#549=PLANE('',#10479);
#550=PLANE('',#10480);
#551=PLANE('',#10481);
#552=PLANE('',#10482);
#553=PLANE('',#10483);
#554=PLANE('',#10484);
#555=PLANE('',#10485);
#556=PLANE('',#10486);
#557=PLANE('',#10487);
#558=PLANE('',#10488);
#559=PLANE('',#10489);
#560=PLANE('',#10490);
#561=PLANE('',#10491);
#562=PLANE('',#10492);
#563=PLANE('',#10493);
#564=PLANE('',#10494);
#565=PLANE('',#10495);
#566=PLANE('',#10496);
#567=PLANE('',#10497);
#568=PLANE('',#10498);
#569=PLANE('',#10499);
#570=PLANE('',#10500);
#571=PLANE('',#10501);
#572=PLANE('',#10502);
#573=PLANE('',#10503);
#574=PLANE('',#10504);
#575=PLANE('',#10505);
#576=PLANE('',#10506);
#577=PLANE('',#10507);
#578=PLANE('',#10508);
#579=PLANE('',#10509);
#580=PLANE('',#10510);
#581=PLANE('',#10511);
#582=PLANE('',#10512);
#583=PLANE('',#10513);
#584=PLANE('',#10514);
#585=PLANE('',#10516);
#586=PLANE('',#10517);
#587=PLANE('',#10518);
#588=PLANE('',#10519);
#589=PLANE('',#10520);
#590=PLANE('',#10521);
#591=PLANE('',#10523);
#592=PLANE('',#10524);
#593=PLANE('',#10525);
#594=PLANE('',#10526);
#595=PLANE('',#10527);
#596=PLANE('',#10528);
#597=PLANE('',#10530);
#598=PLANE('',#10531);
#599=PLANE('',#10532);
#600=PLANE('',#10533);
#601=PLANE('',#10534);
#602=PLANE('',#10535);
#603=PLANE('',#10539);
#604=PLANE('',#10540);
#605=PLANE('',#10547);
#606=PLANE('',#10554);
#607=PLANE('',#10561);
#608=PLANE('',#10568);
#609=PLANE('',#10569);
#610=PLANE('',#10570);
#611=PLANE('',#10571);
#612=PLANE('',#10575);
#613=PLANE('',#10578);
#614=PLANE('',#10579);
#615=PLANE('',#10581);
#616=PLANE('',#10587);
#617=PLANE('',#10590);
#618=PLANE('',#10591);
#619=PLANE('',#10593);
#620=PLANE('',#10596);
#621=PLANE('',#10600);
#622=PLANE('',#10603);
#623=PLANE('',#10608);
#624=PLANE('',#10611);
#625=PLANE('',#10615);
#626=PLANE('',#10616);
#627=PLANE('',#10617);
#628=PLANE('',#10618);
#629=PLANE('',#10627);
#630=PLANE('',#10628);
#631=PLANE('',#10629);
#632=PLANE('',#10630);
#633=PLANE('',#10631);
#634=PLANE('',#10632);
#635=PLANE('',#10635);
#636=PLANE('',#10636);
#637=PLANE('',#10637);
#638=PLANE('',#10638);
#639=PLANE('',#10639);
#640=PLANE('',#10640);
#641=PLANE('',#10641);
#642=PLANE('',#10642);
#643=PLANE('',#10643);
#644=PLANE('',#10656);
#645=PLANE('',#10657);
#646=PLANE('',#10658);
#647=PLANE('',#10659);
#648=PLANE('',#10660);
#649=PLANE('',#10661);
#650=PLANE('',#10662);
#651=PLANE('',#10663);
#652=PLANE('',#10664);
#653=PLANE('',#10665);
#654=PLANE('',#10666);
#655=PLANE('',#10667);
#656=PLANE('',#10668);
#657=PLANE('',#10669);
#658=PLANE('',#10670);
#659=PLANE('',#10671);
#660=PLANE('',#10672);
#661=PLANE('',#10673);
#662=PLANE('',#10674);
#663=PLANE('',#10675);
#664=PLANE('',#10676);
#665=PLANE('',#10677);
#666=PLANE('',#10678);
#667=PLANE('',#10679);
#668=PLANE('',#10680);
#669=PLANE('',#10681);
#670=PLANE('',#10682);
#671=PLANE('',#10683);
#672=PLANE('',#10684);
#673=PLANE('',#10685);
#674=PLANE('',#10686);
#675=PLANE('',#10687);
#676=PLANE('',#10688);
#677=PLANE('',#10689);
#678=PLANE('',#10690);
#679=PLANE('',#10691);
#680=PLANE('',#10692);
#681=PLANE('',#10693);
#682=PLANE('',#10694);
#683=PLANE('',#10695);
#684=PLANE('',#10696);
#685=PLANE('',#10697);
#686=PLANE('',#10698);
#687=PLANE('',#10699);
#688=PLANE('',#10700);
#689=PLANE('',#10701);
#690=PLANE('',#10702);
#691=PLANE('',#10703);
#692=PLANE('',#10704);
#693=PLANE('',#10705);
#694=PLANE('',#10706);
#695=PLANE('',#10707);
#696=PLANE('',#10708);
#697=PLANE('',#10709);
#698=PLANE('',#10710);
#699=PLANE('',#10711);
#700=PLANE('',#10712);
#701=PLANE('',#10713);
#702=PLANE('',#10714);
#703=PLANE('',#10715);
#704=PLANE('',#10716);
#705=PLANE('',#10717);
#706=PLANE('',#10718);
#707=PLANE('',#10719);
#708=PLANE('',#10720);
#709=PLANE('',#10721);
#710=PLANE('',#10722);
#711=PLANE('',#10723);
#712=PLANE('',#10724);
#713=PLANE('',#10726);
#714=PLANE('',#10727);
#715=PLANE('',#10728);
#716=PLANE('',#10729);
#717=PLANE('',#10730);
#718=PLANE('',#10731);
#719=PLANE('',#10733);
#720=PLANE('',#10734);
#721=PLANE('',#10735);
#722=PLANE('',#10736);
#723=PLANE('',#10737);
#724=PLANE('',#10738);
#725=PLANE('',#10740);
#726=PLANE('',#10741);
#727=PLANE('',#10742);
#728=PLANE('',#10743);
#729=PLANE('',#10744);
#730=PLANE('',#10745);
#731=PLANE('',#10749);
#732=PLANE('',#10750);
#733=PLANE('',#10757);
#734=PLANE('',#10764);
#735=PLANE('',#10771);
#736=PLANE('',#10778);
#737=PLANE('',#10779);
#738=PLANE('',#10780);
#739=PLANE('',#10781);
#740=PLANE('',#10785);
#741=PLANE('',#10788);
#742=PLANE('',#10789);
#743=PLANE('',#10791);
#744=PLANE('',#10797);
#745=PLANE('',#10800);
#746=PLANE('',#10801);
#747=PLANE('',#10803);
#748=PLANE('',#10806);
#749=PLANE('',#10810);
#750=PLANE('',#10813);
#751=PLANE('',#10818);
#752=PLANE('',#10821);
#753=PLANE('',#10825);
#754=PLANE('',#10826);
#755=PLANE('',#10827);
#756=PLANE('',#10828);
#757=PLANE('',#10837);
#758=PLANE('',#10838);
#759=PLANE('',#10839);
#760=PLANE('',#10840);
#761=PLANE('',#10841);
#762=PLANE('',#10842);
#763=PLANE('',#10847);
#764=PLANE('',#10848);
#765=FACE_OUTER_BOUND('',#1258,.T.);
#766=FACE_OUTER_BOUND('',#1259,.T.);
#767=FACE_OUTER_BOUND('',#1260,.T.);
#768=FACE_OUTER_BOUND('',#1261,.T.);
#769=FACE_OUTER_BOUND('',#1262,.T.);
#770=FACE_OUTER_BOUND('',#1263,.T.);
#771=FACE_OUTER_BOUND('',#1264,.T.);
#772=FACE_OUTER_BOUND('',#1265,.T.);
#773=FACE_OUTER_BOUND('',#1266,.T.);
#774=FACE_OUTER_BOUND('',#1271,.T.);
#775=FACE_OUTER_BOUND('',#1276,.T.);
#776=FACE_OUTER_BOUND('',#1277,.T.);
#777=FACE_OUTER_BOUND('',#1278,.T.);
#778=FACE_OUTER_BOUND('',#1279,.T.);
#779=FACE_OUTER_BOUND('',#1280,.T.);
#780=FACE_OUTER_BOUND('',#1281,.T.);
#781=FACE_OUTER_BOUND('',#1282,.T.);
#782=FACE_OUTER_BOUND('',#1283,.T.);
#783=FACE_OUTER_BOUND('',#1284,.T.);
#784=FACE_OUTER_BOUND('',#1285,.T.);
#785=FACE_OUTER_BOUND('',#1286,.T.);
#786=FACE_OUTER_BOUND('',#1287,.T.);
#787=FACE_OUTER_BOUND('',#1288,.T.);
#788=FACE_OUTER_BOUND('',#1289,.T.);
#789=FACE_OUTER_BOUND('',#1290,.T.);
#790=FACE_OUTER_BOUND('',#1291,.T.);
#791=FACE_OUTER_BOUND('',#1292,.T.);
#792=FACE_OUTER_BOUND('',#1293,.T.);
#793=FACE_OUTER_BOUND('',#1294,.T.);
#794=FACE_OUTER_BOUND('',#1295,.T.);
#795=FACE_OUTER_BOUND('',#1296,.T.);
#796=FACE_OUTER_BOUND('',#1297,.T.);
#797=FACE_OUTER_BOUND('',#1298,.T.);
#798=FACE_OUTER_BOUND('',#1299,.T.);
#799=FACE_OUTER_BOUND('',#1300,.T.);
#800=FACE_OUTER_BOUND('',#1301,.T.);
#801=FACE_OUTER_BOUND('',#1302,.T.);
#802=FACE_OUTER_BOUND('',#1303,.T.);
#803=FACE_OUTER_BOUND('',#1304,.T.);
#804=FACE_OUTER_BOUND('',#1305,.T.);
#805=FACE_OUTER_BOUND('',#1306,.T.);
#806=FACE_OUTER_BOUND('',#1307,.T.);
#807=FACE_OUTER_BOUND('',#1308,.T.);
#808=FACE_OUTER_BOUND('',#1309,.T.);
#809=FACE_OUTER_BOUND('',#1310,.T.);
#810=FACE_OUTER_BOUND('',#1311,.T.);
#811=FACE_OUTER_BOUND('',#1312,.T.);
#812=FACE_OUTER_BOUND('',#1313,.T.);
#813=FACE_OUTER_BOUND('',#1314,.T.);
#814=FACE_OUTER_BOUND('',#1315,.T.);
#815=FACE_OUTER_BOUND('',#1316,.T.);
#816=FACE_OUTER_BOUND('',#1317,.T.);
#817=FACE_OUTER_BOUND('',#1318,.T.);
#818=FACE_OUTER_BOUND('',#1319,.T.);
#819=FACE_OUTER_BOUND('',#1320,.T.);
#820=FACE_OUTER_BOUND('',#1321,.T.);
#821=FACE_OUTER_BOUND('',#1322,.T.);
#822=FACE_OUTER_BOUND('',#1323,.T.);
#823=FACE_OUTER_BOUND('',#1324,.T.);
#824=FACE_OUTER_BOUND('',#1325,.T.);
#825=FACE_OUTER_BOUND('',#1326,.T.);
#826=FACE_OUTER_BOUND('',#1327,.T.);
#827=FACE_OUTER_BOUND('',#1328,.T.);
#828=FACE_OUTER_BOUND('',#1329,.T.);
#829=FACE_OUTER_BOUND('',#1330,.T.);
#830=FACE_OUTER_BOUND('',#1331,.T.);
#831=FACE_OUTER_BOUND('',#1332,.T.);
#832=FACE_OUTER_BOUND('',#1333,.T.);
#833=FACE_OUTER_BOUND('',#1334,.T.);
#834=FACE_OUTER_BOUND('',#1335,.T.);
#835=FACE_OUTER_BOUND('',#1336,.T.);
#836=FACE_OUTER_BOUND('',#1337,.T.);
#837=FACE_OUTER_BOUND('',#1338,.T.);
#838=FACE_OUTER_BOUND('',#1339,.T.);
#839=FACE_OUTER_BOUND('',#1340,.T.);
#840=FACE_OUTER_BOUND('',#1341,.T.);
#841=FACE_OUTER_BOUND('',#1342,.T.);
#842=FACE_OUTER_BOUND('',#1343,.T.);
#843=FACE_OUTER_BOUND('',#1344,.T.);
#844=FACE_OUTER_BOUND('',#1345,.T.);
#845=FACE_OUTER_BOUND('',#1346,.T.);
#846=FACE_OUTER_BOUND('',#1347,.T.);
#847=FACE_OUTER_BOUND('',#1348,.T.);
#848=FACE_OUTER_BOUND('',#1349,.T.);
#849=FACE_OUTER_BOUND('',#1350,.T.);
#850=FACE_OUTER_BOUND('',#1351,.T.);
#851=FACE_OUTER_BOUND('',#1352,.T.);
#852=FACE_OUTER_BOUND('',#1353,.T.);
#853=FACE_OUTER_BOUND('',#1354,.T.);
#854=FACE_OUTER_BOUND('',#1355,.T.);
#855=FACE_OUTER_BOUND('',#1356,.T.);
#856=FACE_OUTER_BOUND('',#1357,.T.);
#857=FACE_OUTER_BOUND('',#1358,.T.);
#858=FACE_OUTER_BOUND('',#1359,.T.);
#859=FACE_OUTER_BOUND('',#1360,.T.);
#860=FACE_OUTER_BOUND('',#1361,.T.);
#861=FACE_OUTER_BOUND('',#1362,.T.);
#862=FACE_OUTER_BOUND('',#1363,.T.);
#863=FACE_OUTER_BOUND('',#1364,.T.);
#864=FACE_OUTER_BOUND('',#1365,.T.);
#865=FACE_OUTER_BOUND('',#1366,.T.);
#866=FACE_OUTER_BOUND('',#1367,.T.);
#867=FACE_OUTER_BOUND('',#1368,.T.);
#868=FACE_OUTER_BOUND('',#1381,.T.);
#869=FACE_OUTER_BOUND('',#1394,.T.);
#870=FACE_OUTER_BOUND('',#1395,.T.);
#871=FACE_OUTER_BOUND('',#1396,.T.);
#872=FACE_OUTER_BOUND('',#1397,.T.);
#873=FACE_OUTER_BOUND('',#1398,.T.);
#874=FACE_OUTER_BOUND('',#1399,.T.);
#875=FACE_OUTER_BOUND('',#1400,.T.);
#876=FACE_OUTER_BOUND('',#1401,.T.);
#877=FACE_OUTER_BOUND('',#1402,.T.);
#878=FACE_OUTER_BOUND('',#1403,.T.);
#879=FACE_OUTER_BOUND('',#1404,.T.);
#880=FACE_OUTER_BOUND('',#1405,.T.);
#881=FACE_OUTER_BOUND('',#1406,.T.);
#882=FACE_OUTER_BOUND('',#1407,.T.);
#883=FACE_OUTER_BOUND('',#1408,.T.);
#884=FACE_OUTER_BOUND('',#1409,.T.);
#885=FACE_OUTER_BOUND('',#1410,.T.);
#886=FACE_OUTER_BOUND('',#1411,.T.);
#887=FACE_OUTER_BOUND('',#1412,.T.);
#888=FACE_OUTER_BOUND('',#1413,.T.);
#889=FACE_OUTER_BOUND('',#1414,.T.);
#890=FACE_OUTER_BOUND('',#1415,.T.);
#891=FACE_OUTER_BOUND('',#1416,.T.);
#892=FACE_OUTER_BOUND('',#1417,.T.);
#893=FACE_OUTER_BOUND('',#1418,.T.);
#894=FACE_OUTER_BOUND('',#1419,.T.);
#895=FACE_OUTER_BOUND('',#1420,.T.);
#896=FACE_OUTER_BOUND('',#1421,.T.);
#897=FACE_OUTER_BOUND('',#1422,.T.);
#898=FACE_OUTER_BOUND('',#1423,.T.);
#899=FACE_OUTER_BOUND('',#1424,.T.);
#900=FACE_OUTER_BOUND('',#1425,.T.);
#901=FACE_OUTER_BOUND('',#1426,.T.);
#902=FACE_OUTER_BOUND('',#1428,.T.);
#903=FACE_OUTER_BOUND('',#1430,.T.);
#904=FACE_OUTER_BOUND('',#1431,.T.);
#905=FACE_OUTER_BOUND('',#1432,.T.);
#906=FACE_OUTER_BOUND('',#1433,.T.);
#907=FACE_OUTER_BOUND('',#1434,.T.);
#908=FACE_OUTER_BOUND('',#1435,.T.);
#909=FACE_OUTER_BOUND('',#1436,.T.);
#910=FACE_OUTER_BOUND('',#1438,.T.);
#911=FACE_OUTER_BOUND('',#1440,.T.);
#912=FACE_OUTER_BOUND('',#1441,.T.);
#913=FACE_OUTER_BOUND('',#1442,.T.);
#914=FACE_OUTER_BOUND('',#1443,.T.);
#915=FACE_OUTER_BOUND('',#1444,.T.);
#916=FACE_OUTER_BOUND('',#1445,.T.);
#917=FACE_OUTER_BOUND('',#1446,.T.);
#918=FACE_OUTER_BOUND('',#1447,.T.);
#919=FACE_OUTER_BOUND('',#1448,.T.);
#920=FACE_OUTER_BOUND('',#1449,.T.);
#921=FACE_OUTER_BOUND('',#1450,.T.);
#922=FACE_OUTER_BOUND('',#1451,.T.);
#923=FACE_OUTER_BOUND('',#1452,.T.);
#924=FACE_OUTER_BOUND('',#1453,.T.);
#925=FACE_OUTER_BOUND('',#1454,.T.);
#926=FACE_OUTER_BOUND('',#1455,.T.);
#927=FACE_OUTER_BOUND('',#1456,.T.);
#928=FACE_OUTER_BOUND('',#1457,.T.);
#929=FACE_OUTER_BOUND('',#1458,.T.);
#930=FACE_OUTER_BOUND('',#1459,.T.);
#931=FACE_OUTER_BOUND('',#1460,.T.);
#932=FACE_OUTER_BOUND('',#1461,.T.);
#933=FACE_OUTER_BOUND('',#1462,.T.);
#934=FACE_OUTER_BOUND('',#1463,.T.);
#935=FACE_OUTER_BOUND('',#1464,.T.);
#936=FACE_OUTER_BOUND('',#1465,.T.);
#937=FACE_OUTER_BOUND('',#1466,.T.);
#938=FACE_OUTER_BOUND('',#1467,.T.);
#939=FACE_OUTER_BOUND('',#1468,.T.);
#940=FACE_OUTER_BOUND('',#1469,.T.);
#941=FACE_OUTER_BOUND('',#1470,.T.);
#942=FACE_OUTER_BOUND('',#1471,.T.);
#943=FACE_OUTER_BOUND('',#1472,.T.);
#944=FACE_OUTER_BOUND('',#1473,.T.);
#945=FACE_OUTER_BOUND('',#1474,.T.);
#946=FACE_OUTER_BOUND('',#1475,.T.);
#947=FACE_OUTER_BOUND('',#1476,.T.);
#948=FACE_OUTER_BOUND('',#1477,.T.);
#949=FACE_OUTER_BOUND('',#1478,.T.);
#950=FACE_OUTER_BOUND('',#1479,.T.);
#951=FACE_OUTER_BOUND('',#1480,.T.);
#952=FACE_OUTER_BOUND('',#1481,.T.);
#953=FACE_OUTER_BOUND('',#1482,.T.);
#954=FACE_OUTER_BOUND('',#1483,.T.);
#955=FACE_OUTER_BOUND('',#1484,.T.);
#956=FACE_OUTER_BOUND('',#1485,.T.);
#957=FACE_OUTER_BOUND('',#1486,.T.);
#958=FACE_OUTER_BOUND('',#1487,.T.);
#959=FACE_OUTER_BOUND('',#1488,.T.);
#960=FACE_OUTER_BOUND('',#1489,.T.);
#961=FACE_OUTER_BOUND('',#1490,.T.);
#962=FACE_OUTER_BOUND('',#1491,.T.);
#963=FACE_OUTER_BOUND('',#1492,.T.);
#964=FACE_OUTER_BOUND('',#1493,.T.);
#965=FACE_OUTER_BOUND('',#1494,.T.);
#966=FACE_OUTER_BOUND('',#1495,.T.);
#967=FACE_OUTER_BOUND('',#1496,.T.);
#968=FACE_OUTER_BOUND('',#1497,.T.);
#969=FACE_OUTER_BOUND('',#1498,.T.);
#970=FACE_OUTER_BOUND('',#1499,.T.);
#971=FACE_OUTER_BOUND('',#1500,.T.);
#972=FACE_OUTER_BOUND('',#1501,.T.);
#973=FACE_OUTER_BOUND('',#1502,.T.);
#974=FACE_OUTER_BOUND('',#1503,.T.);
#975=FACE_OUTER_BOUND('',#1504,.T.);
#976=FACE_OUTER_BOUND('',#1505,.T.);
#977=FACE_OUTER_BOUND('',#1506,.T.);
#978=FACE_OUTER_BOUND('',#1507,.T.);
#979=FACE_OUTER_BOUND('',#1508,.T.);
#980=FACE_OUTER_BOUND('',#1509,.T.);
#981=FACE_OUTER_BOUND('',#1510,.T.);
#982=FACE_OUTER_BOUND('',#1511,.T.);
#983=FACE_OUTER_BOUND('',#1512,.T.);
#984=FACE_OUTER_BOUND('',#1513,.T.);
#985=FACE_OUTER_BOUND('',#1514,.T.);
#986=FACE_OUTER_BOUND('',#1515,.T.);
#987=FACE_OUTER_BOUND('',#1516,.T.);
#988=FACE_OUTER_BOUND('',#1517,.T.);
#989=FACE_OUTER_BOUND('',#1518,.T.);
#990=FACE_OUTER_BOUND('',#1519,.T.);
#991=FACE_OUTER_BOUND('',#1520,.T.);
#992=FACE_OUTER_BOUND('',#1521,.T.);
#993=FACE_OUTER_BOUND('',#1522,.T.);
#994=FACE_OUTER_BOUND('',#1523,.T.);
#995=FACE_OUTER_BOUND('',#1524,.T.);
#996=FACE_OUTER_BOUND('',#1525,.T.);
#997=FACE_OUTER_BOUND('',#1526,.T.);
#998=FACE_OUTER_BOUND('',#1527,.T.);
#999=FACE_OUTER_BOUND('',#1528,.T.);
#1000=FACE_OUTER_BOUND('',#1529,.T.);
#1001=FACE_OUTER_BOUND('',#1530,.T.);
#1002=FACE_OUTER_BOUND('',#1531,.T.);
#1003=FACE_OUTER_BOUND('',#1532,.T.);
#1004=FACE_OUTER_BOUND('',#1533,.T.);
#1005=FACE_OUTER_BOUND('',#1534,.T.);
#1006=FACE_OUTER_BOUND('',#1535,.T.);
#1007=FACE_OUTER_BOUND('',#1536,.T.);
#1008=FACE_OUTER_BOUND('',#1537,.T.);
#1009=FACE_OUTER_BOUND('',#1538,.T.);
#1010=FACE_OUTER_BOUND('',#1539,.T.);
#1011=FACE_OUTER_BOUND('',#1540,.T.);
#1012=FACE_OUTER_BOUND('',#1541,.T.);
#1013=FACE_OUTER_BOUND('',#1542,.T.);
#1014=FACE_OUTER_BOUND('',#1543,.T.);
#1015=FACE_OUTER_BOUND('',#1544,.T.);
#1016=FACE_OUTER_BOUND('',#1545,.T.);
#1017=FACE_OUTER_BOUND('',#1546,.T.);
#1018=FACE_OUTER_BOUND('',#1547,.T.);
#1019=FACE_OUTER_BOUND('',#1548,.T.);
#1020=FACE_OUTER_BOUND('',#1549,.T.);
#1021=FACE_OUTER_BOUND('',#1550,.T.);
#1022=FACE_OUTER_BOUND('',#1551,.T.);
#1023=FACE_OUTER_BOUND('',#1552,.T.);
#1024=FACE_OUTER_BOUND('',#1553,.T.);
#1025=FACE_OUTER_BOUND('',#1554,.T.);
#1026=FACE_OUTER_BOUND('',#1555,.T.);
#1027=FACE_OUTER_BOUND('',#1556,.T.);
#1028=FACE_OUTER_BOUND('',#1557,.T.);
#1029=FACE_OUTER_BOUND('',#1558,.T.);
#1030=FACE_OUTER_BOUND('',#1559,.T.);
#1031=FACE_OUTER_BOUND('',#1560,.T.);
#1032=FACE_OUTER_BOUND('',#1561,.T.);
#1033=FACE_OUTER_BOUND('',#1562,.T.);
#1034=FACE_OUTER_BOUND('',#1563,.T.);
#1035=FACE_OUTER_BOUND('',#1564,.T.);
#1036=FACE_OUTER_BOUND('',#1577,.T.);
#1037=FACE_OUTER_BOUND('',#1590,.T.);
#1038=FACE_OUTER_BOUND('',#1591,.T.);
#1039=FACE_OUTER_BOUND('',#1592,.T.);
#1040=FACE_OUTER_BOUND('',#1593,.T.);
#1041=FACE_OUTER_BOUND('',#1594,.T.);
#1042=FACE_OUTER_BOUND('',#1595,.T.);
#1043=FACE_OUTER_BOUND('',#1596,.T.);
#1044=FACE_OUTER_BOUND('',#1597,.T.);
#1045=FACE_OUTER_BOUND('',#1598,.T.);
#1046=FACE_OUTER_BOUND('',#1599,.T.);
#1047=FACE_OUTER_BOUND('',#1600,.T.);
#1048=FACE_OUTER_BOUND('',#1601,.T.);
#1049=FACE_OUTER_BOUND('',#1602,.T.);
#1050=FACE_OUTER_BOUND('',#1603,.T.);
#1051=FACE_OUTER_BOUND('',#1604,.T.);
#1052=FACE_OUTER_BOUND('',#1605,.T.);
#1053=FACE_OUTER_BOUND('',#1606,.T.);
#1054=FACE_OUTER_BOUND('',#1607,.T.);
#1055=FACE_OUTER_BOUND('',#1608,.T.);
#1056=FACE_OUTER_BOUND('',#1609,.T.);
#1057=FACE_OUTER_BOUND('',#1610,.T.);
#1058=FACE_OUTER_BOUND('',#1611,.T.);
#1059=FACE_OUTER_BOUND('',#1612,.T.);
#1060=FACE_OUTER_BOUND('',#1613,.T.);
#1061=FACE_OUTER_BOUND('',#1614,.T.);
#1062=FACE_OUTER_BOUND('',#1615,.T.);
#1063=FACE_OUTER_BOUND('',#1616,.T.);
#1064=FACE_OUTER_BOUND('',#1617,.T.);
#1065=FACE_OUTER_BOUND('',#1618,.T.);
#1066=FACE_OUTER_BOUND('',#1619,.T.);
#1067=FACE_OUTER_BOUND('',#1620,.T.);
#1068=FACE_OUTER_BOUND('',#1621,.T.);
#1069=FACE_OUTER_BOUND('',#1622,.T.);
#1070=FACE_OUTER_BOUND('',#1624,.T.);
#1071=FACE_OUTER_BOUND('',#1626,.T.);
#1072=FACE_OUTER_BOUND('',#1627,.T.);
#1073=FACE_OUTER_BOUND('',#1628,.T.);
#1074=FACE_OUTER_BOUND('',#1629,.T.);
#1075=FACE_OUTER_BOUND('',#1630,.T.);
#1076=FACE_OUTER_BOUND('',#1631,.T.);
#1077=FACE_OUTER_BOUND('',#1632,.T.);
#1078=FACE_OUTER_BOUND('',#1634,.T.);
#1079=FACE_OUTER_BOUND('',#1636,.T.);
#1080=FACE_OUTER_BOUND('',#1637,.T.);
#1081=FACE_OUTER_BOUND('',#1638,.T.);
#1082=FACE_OUTER_BOUND('',#1639,.T.);
#1083=FACE_OUTER_BOUND('',#1640,.T.);
#1084=FACE_OUTER_BOUND('',#1641,.T.);
#1085=FACE_OUTER_BOUND('',#1642,.T.);
#1086=FACE_OUTER_BOUND('',#1643,.T.);
#1087=FACE_OUTER_BOUND('',#1644,.T.);
#1088=FACE_OUTER_BOUND('',#1645,.T.);
#1089=FACE_OUTER_BOUND('',#1646,.T.);
#1090=FACE_OUTER_BOUND('',#1647,.T.);
#1091=FACE_OUTER_BOUND('',#1648,.T.);
#1092=FACE_OUTER_BOUND('',#1649,.T.);
#1093=FACE_OUTER_BOUND('',#1650,.T.);
#1094=FACE_OUTER_BOUND('',#1651,.T.);
#1095=FACE_OUTER_BOUND('',#1652,.T.);
#1096=FACE_OUTER_BOUND('',#1653,.T.);
#1097=FACE_OUTER_BOUND('',#1654,.T.);
#1098=FACE_OUTER_BOUND('',#1655,.T.);
#1099=FACE_OUTER_BOUND('',#1656,.T.);
#1100=FACE_OUTER_BOUND('',#1657,.T.);
#1101=FACE_OUTER_BOUND('',#1658,.T.);
#1102=FACE_OUTER_BOUND('',#1659,.T.);
#1103=FACE_OUTER_BOUND('',#1660,.T.);
#1104=FACE_OUTER_BOUND('',#1661,.T.);
#1105=FACE_OUTER_BOUND('',#1662,.T.);
#1106=FACE_OUTER_BOUND('',#1663,.T.);
#1107=FACE_OUTER_BOUND('',#1664,.T.);
#1108=FACE_OUTER_BOUND('',#1665,.T.);
#1109=FACE_OUTER_BOUND('',#1666,.T.);
#1110=FACE_OUTER_BOUND('',#1667,.T.);
#1111=FACE_OUTER_BOUND('',#1668,.T.);
#1112=FACE_OUTER_BOUND('',#1669,.T.);
#1113=FACE_OUTER_BOUND('',#1670,.T.);
#1114=FACE_OUTER_BOUND('',#1671,.T.);
#1115=FACE_OUTER_BOUND('',#1672,.T.);
#1116=FACE_OUTER_BOUND('',#1673,.T.);
#1117=FACE_OUTER_BOUND('',#1674,.T.);
#1118=FACE_OUTER_BOUND('',#1675,.T.);
#1119=FACE_OUTER_BOUND('',#1676,.T.);
#1120=FACE_OUTER_BOUND('',#1677,.T.);
#1121=FACE_OUTER_BOUND('',#1678,.T.);
#1122=FACE_OUTER_BOUND('',#1679,.T.);
#1123=FACE_OUTER_BOUND('',#1680,.T.);
#1124=FACE_OUTER_BOUND('',#1681,.T.);
#1125=FACE_OUTER_BOUND('',#1682,.T.);
#1126=FACE_OUTER_BOUND('',#1683,.T.);
#1127=FACE_OUTER_BOUND('',#1684,.T.);
#1128=FACE_OUTER_BOUND('',#1685,.T.);
#1129=FACE_OUTER_BOUND('',#1686,.T.);
#1130=FACE_OUTER_BOUND('',#1687,.T.);
#1131=FACE_OUTER_BOUND('',#1688,.T.);
#1132=FACE_OUTER_BOUND('',#1689,.T.);
#1133=FACE_OUTER_BOUND('',#1690,.T.);
#1134=FACE_OUTER_BOUND('',#1691,.T.);
#1135=FACE_OUTER_BOUND('',#1692,.T.);
#1136=FACE_OUTER_BOUND('',#1693,.T.);
#1137=FACE_OUTER_BOUND('',#1694,.T.);
#1138=FACE_OUTER_BOUND('',#1695,.T.);
#1139=FACE_OUTER_BOUND('',#1696,.T.);
#1140=FACE_OUTER_BOUND('',#1697,.T.);
#1141=FACE_OUTER_BOUND('',#1698,.T.);
#1142=FACE_OUTER_BOUND('',#1699,.T.);
#1143=FACE_OUTER_BOUND('',#1700,.T.);
#1144=FACE_OUTER_BOUND('',#1701,.T.);
#1145=FACE_OUTER_BOUND('',#1702,.T.);
#1146=FACE_OUTER_BOUND('',#1703,.T.);
#1147=FACE_OUTER_BOUND('',#1704,.T.);
#1148=FACE_OUTER_BOUND('',#1705,.T.);
#1149=FACE_OUTER_BOUND('',#1706,.T.);
#1150=FACE_OUTER_BOUND('',#1707,.T.);
#1151=FACE_OUTER_BOUND('',#1708,.T.);
#1152=FACE_OUTER_BOUND('',#1709,.T.);
#1153=FACE_OUTER_BOUND('',#1710,.T.);
#1154=FACE_OUTER_BOUND('',#1711,.T.);
#1155=FACE_OUTER_BOUND('',#1712,.T.);
#1156=FACE_OUTER_BOUND('',#1713,.T.);
#1157=FACE_OUTER_BOUND('',#1714,.T.);
#1158=FACE_OUTER_BOUND('',#1715,.T.);
#1159=FACE_OUTER_BOUND('',#1716,.T.);
#1160=FACE_OUTER_BOUND('',#1717,.T.);
#1161=FACE_OUTER_BOUND('',#1718,.T.);
#1162=FACE_OUTER_BOUND('',#1719,.T.);
#1163=FACE_OUTER_BOUND('',#1720,.T.);
#1164=FACE_OUTER_BOUND('',#1721,.T.);
#1165=FACE_OUTER_BOUND('',#1722,.T.);
#1166=FACE_OUTER_BOUND('',#1723,.T.);
#1167=FACE_OUTER_BOUND('',#1724,.T.);
#1168=FACE_OUTER_BOUND('',#1725,.T.);
#1169=FACE_OUTER_BOUND('',#1726,.T.);
#1170=FACE_OUTER_BOUND('',#1727,.T.);
#1171=FACE_OUTER_BOUND('',#1728,.T.);
#1172=FACE_OUTER_BOUND('',#1729,.T.);
#1173=FACE_OUTER_BOUND('',#1730,.T.);
#1174=FACE_OUTER_BOUND('',#1731,.T.);
#1175=FACE_OUTER_BOUND('',#1732,.T.);
#1176=FACE_OUTER_BOUND('',#1733,.T.);
#1177=FACE_OUTER_BOUND('',#1734,.T.);
#1178=FACE_OUTER_BOUND('',#1735,.T.);
#1179=FACE_OUTER_BOUND('',#1736,.T.);
#1180=FACE_OUTER_BOUND('',#1737,.T.);
#1181=FACE_OUTER_BOUND('',#1738,.T.);
#1182=FACE_OUTER_BOUND('',#1739,.T.);
#1183=FACE_OUTER_BOUND('',#1740,.T.);
#1184=FACE_OUTER_BOUND('',#1741,.T.);
#1185=FACE_OUTER_BOUND('',#1742,.T.);
#1186=FACE_OUTER_BOUND('',#1755,.T.);
#1187=FACE_OUTER_BOUND('',#1768,.T.);
#1188=FACE_OUTER_BOUND('',#1769,.T.);
#1189=FACE_OUTER_BOUND('',#1770,.T.);
#1190=FACE_OUTER_BOUND('',#1771,.T.);
#1191=FACE_OUTER_BOUND('',#1772,.T.);
#1192=FACE_OUTER_BOUND('',#1773,.T.);
#1193=FACE_OUTER_BOUND('',#1774,.T.);
#1194=FACE_OUTER_BOUND('',#1775,.T.);
#1195=FACE_OUTER_BOUND('',#1776,.T.);
#1196=FACE_OUTER_BOUND('',#1777,.T.);
#1197=FACE_OUTER_BOUND('',#1778,.T.);
#1198=FACE_OUTER_BOUND('',#1779,.T.);
#1199=FACE_OUTER_BOUND('',#1780,.T.);
#1200=FACE_OUTER_BOUND('',#1781,.T.);
#1201=FACE_OUTER_BOUND('',#1782,.T.);
#1202=FACE_OUTER_BOUND('',#1783,.T.);
#1203=FACE_OUTER_BOUND('',#1784,.T.);
#1204=FACE_OUTER_BOUND('',#1785,.T.);
#1205=FACE_OUTER_BOUND('',#1786,.T.);
#1206=FACE_OUTER_BOUND('',#1787,.T.);
#1207=FACE_OUTER_BOUND('',#1788,.T.);
#1208=FACE_OUTER_BOUND('',#1789,.T.);
#1209=FACE_OUTER_BOUND('',#1790,.T.);
#1210=FACE_OUTER_BOUND('',#1791,.T.);
#1211=FACE_OUTER_BOUND('',#1792,.T.);
#1212=FACE_OUTER_BOUND('',#1793,.T.);
#1213=FACE_OUTER_BOUND('',#1794,.T.);
#1214=FACE_OUTER_BOUND('',#1795,.T.);
#1215=FACE_OUTER_BOUND('',#1796,.T.);
#1216=FACE_OUTER_BOUND('',#1797,.T.);
#1217=FACE_OUTER_BOUND('',#1798,.T.);
#1218=FACE_OUTER_BOUND('',#1799,.T.);
#1219=FACE_OUTER_BOUND('',#1800,.T.);
#1220=FACE_OUTER_BOUND('',#1802,.T.);
#1221=FACE_OUTER_BOUND('',#1804,.T.);
#1222=FACE_OUTER_BOUND('',#1805,.T.);
#1223=FACE_OUTER_BOUND('',#1806,.T.);
#1224=FACE_OUTER_BOUND('',#1807,.T.);
#1225=FACE_OUTER_BOUND('',#1808,.T.);
#1226=FACE_OUTER_BOUND('',#1809,.T.);
#1227=FACE_OUTER_BOUND('',#1810,.T.);
#1228=FACE_OUTER_BOUND('',#1812,.T.);
#1229=FACE_OUTER_BOUND('',#1814,.T.);
#1230=FACE_OUTER_BOUND('',#1815,.T.);
#1231=FACE_OUTER_BOUND('',#1816,.T.);
#1232=FACE_OUTER_BOUND('',#1817,.T.);
#1233=FACE_OUTER_BOUND('',#1818,.T.);
#1234=FACE_OUTER_BOUND('',#1819,.T.);
#1235=FACE_OUTER_BOUND('',#1820,.T.);
#1236=FACE_OUTER_BOUND('',#1821,.T.);
#1237=FACE_OUTER_BOUND('',#1822,.T.);
#1238=FACE_OUTER_BOUND('',#1823,.T.);
#1239=FACE_OUTER_BOUND('',#1824,.T.);
#1240=FACE_OUTER_BOUND('',#1825,.T.);
#1241=FACE_OUTER_BOUND('',#1826,.T.);
#1242=FACE_OUTER_BOUND('',#1827,.T.);
#1243=FACE_OUTER_BOUND('',#1828,.T.);
#1244=FACE_OUTER_BOUND('',#1829,.T.);
#1245=FACE_OUTER_BOUND('',#1830,.T.);
#1246=FACE_OUTER_BOUND('',#1831,.T.);
#1247=FACE_OUTER_BOUND('',#1832,.T.);
#1248=FACE_OUTER_BOUND('',#1833,.T.);
#1249=FACE_OUTER_BOUND('',#1834,.T.);
#1250=FACE_OUTER_BOUND('',#1835,.T.);
#1251=FACE_OUTER_BOUND('',#1836,.T.);
#1252=FACE_OUTER_BOUND('',#1837,.T.);
#1253=FACE_OUTER_BOUND('',#1838,.T.);
#1254=FACE_OUTER_BOUND('',#1839,.T.);
#1255=FACE_OUTER_BOUND('',#1840,.T.);
#1256=FACE_OUTER_BOUND('',#1841,.T.);
#1257=FACE_OUTER_BOUND('',#1842,.T.);
#1258=EDGE_LOOP('',(#6610,#6611,#6612,#6613));
#1259=EDGE_LOOP('',(#6614,#6615,#6616,#6617));
#1260=EDGE_LOOP('',(#6618,#6619,#6620,#6621));
#1261=EDGE_LOOP('',(#6622,#6623,#6624,#6625));
#1262=EDGE_LOOP('',(#6626,#6627,#6628,#6629));
#1263=EDGE_LOOP('',(#6630,#6631,#6632,#6633));
#1264=EDGE_LOOP('',(#6634,#6635,#6636,#6637));
#1265=EDGE_LOOP('',(#6638,#6639,#6640,#6641));
#1266=EDGE_LOOP('',(#6642,#6643,#6644,#6645));
#1267=EDGE_LOOP('',(#6646));
#1268=EDGE_LOOP('',(#6647));
#1269=EDGE_LOOP('',(#6648));
#1270=EDGE_LOOP('',(#6649));
#1271=EDGE_LOOP('',(#6650,#6651,#6652,#6653));
#1272=EDGE_LOOP('',(#6654));
#1273=EDGE_LOOP('',(#6655));
#1274=EDGE_LOOP('',(#6656));
#1275=EDGE_LOOP('',(#6657));
#1276=EDGE_LOOP('',(#6658,#6659,#6660,#6661));
#1277=EDGE_LOOP('',(#6662,#6663,#6664,#6665));
#1278=EDGE_LOOP('',(#6666,#6667,#6668,#6669));
#1279=EDGE_LOOP('',(#6670,#6671,#6672,#6673));
#1280=EDGE_LOOP('',(#6674,#6675,#6676,#6677));
#1281=EDGE_LOOP('',(#6678,#6679,#6680,#6681));
#1282=EDGE_LOOP('',(#6682,#6683,#6684,#6685));
#1283=EDGE_LOOP('',(#6686,#6687,#6688,#6689));
#1284=EDGE_LOOP('',(#6690,#6691,#6692,#6693));
#1285=EDGE_LOOP('',(#6694,#6695,#6696,#6697));
#1286=EDGE_LOOP('',(#6698,#6699,#6700,#6701));
#1287=EDGE_LOOP('',(#6702,#6703,#6704,#6705));
#1288=EDGE_LOOP('',(#6706,#6707,#6708,#6709));
#1289=EDGE_LOOP('',(#6710,#6711,#6712,#6713));
#1290=EDGE_LOOP('',(#6714,#6715,#6716,#6717));
#1291=EDGE_LOOP('',(#6718,#6719,#6720,#6721));
#1292=EDGE_LOOP('',(#6722,#6723,#6724,#6725));
#1293=EDGE_LOOP('',(#6726,#6727,#6728,#6729));
#1294=EDGE_LOOP('',(#6730,#6731,#6732,#6733));
#1295=EDGE_LOOP('',(#6734,#6735,#6736,#6737));
#1296=EDGE_LOOP('',(#6738,#6739,#6740,#6741));
#1297=EDGE_LOOP('',(#6742,#6743,#6744,#6745));
#1298=EDGE_LOOP('',(#6746,#6747,#6748,#6749));
#1299=EDGE_LOOP('',(#6750,#6751,#6752,#6753));
#1300=EDGE_LOOP('',(#6754,#6755,#6756,#6757));
#1301=EDGE_LOOP('',(#6758,#6759,#6760,#6761));
#1302=EDGE_LOOP('',(#6762,#6763,#6764,#6765));
#1303=EDGE_LOOP('',(#6766,#6767,#6768,#6769));
#1304=EDGE_LOOP('',(#6770,#6771,#6772,#6773));
#1305=EDGE_LOOP('',(#6774,#6775,#6776,#6777));
#1306=EDGE_LOOP('',(#6778,#6779,#6780,#6781));
#1307=EDGE_LOOP('',(#6782,#6783,#6784,#6785));
#1308=EDGE_LOOP('',(#6786,#6787,#6788,#6789));
#1309=EDGE_LOOP('',(#6790,#6791,#6792,#6793));
#1310=EDGE_LOOP('',(#6794,#6795,#6796,#6797));
#1311=EDGE_LOOP('',(#6798,#6799,#6800,#6801));
#1312=EDGE_LOOP('',(#6802,#6803,#6804,#6805));
#1313=EDGE_LOOP('',(#6806,#6807,#6808,#6809));
#1314=EDGE_LOOP('',(#6810,#6811,#6812,#6813));
#1315=EDGE_LOOP('',(#6814,#6815,#6816,#6817));
#1316=EDGE_LOOP('',(#6818,#6819,#6820,#6821));
#1317=EDGE_LOOP('',(#6822,#6823,#6824,#6825));
#1318=EDGE_LOOP('',(#6826,#6827,#6828,#6829));
#1319=EDGE_LOOP('',(#6830,#6831,#6832,#6833));
#1320=EDGE_LOOP('',(#6834,#6835,#6836,#6837));
#1321=EDGE_LOOP('',(#6838,#6839,#6840,#6841));
#1322=EDGE_LOOP('',(#6842,#6843,#6844,#6845));
#1323=EDGE_LOOP('',(#6846,#6847,#6848,#6849));
#1324=EDGE_LOOP('',(#6850,#6851,#6852,#6853));
#1325=EDGE_LOOP('',(#6854,#6855,#6856,#6857));
#1326=EDGE_LOOP('',(#6858,#6859,#6860,#6861));
#1327=EDGE_LOOP('',(#6862,#6863,#6864,#6865));
#1328=EDGE_LOOP('',(#6866,#6867,#6868,#6869));
#1329=EDGE_LOOP('',(#6870,#6871,#6872,#6873));
#1330=EDGE_LOOP('',(#6874,#6875,#6876,#6877));
#1331=EDGE_LOOP('',(#6878,#6879,#6880,#6881));
#1332=EDGE_LOOP('',(#6882,#6883,#6884,#6885));
#1333=EDGE_LOOP('',(#6886,#6887,#6888,#6889));
#1334=EDGE_LOOP('',(#6890,#6891,#6892,#6893));
#1335=EDGE_LOOP('',(#6894,#6895,#6896,#6897));
#1336=EDGE_LOOP('',(#6898,#6899,#6900,#6901));
#1337=EDGE_LOOP('',(#6902,#6903,#6904,#6905));
#1338=EDGE_LOOP('',(#6906,#6907,#6908,#6909));
#1339=EDGE_LOOP('',(#6910,#6911,#6912,#6913));
#1340=EDGE_LOOP('',(#6914,#6915,#6916,#6917));
#1341=EDGE_LOOP('',(#6918,#6919,#6920,#6921));
#1342=EDGE_LOOP('',(#6922,#6923,#6924,#6925));
#1343=EDGE_LOOP('',(#6926,#6927,#6928,#6929));
#1344=EDGE_LOOP('',(#6930,#6931,#6932,#6933));
#1345=EDGE_LOOP('',(#6934,#6935,#6936,#6937));
#1346=EDGE_LOOP('',(#6938,#6939,#6940,#6941));
#1347=EDGE_LOOP('',(#6942,#6943,#6944,#6945));
#1348=EDGE_LOOP('',(#6946,#6947,#6948,#6949));
#1349=EDGE_LOOP('',(#6950,#6951,#6952,#6953));
#1350=EDGE_LOOP('',(#6954,#6955,#6956,#6957));
#1351=EDGE_LOOP('',(#6958,#6959,#6960,#6961));
#1352=EDGE_LOOP('',(#6962,#6963,#6964,#6965));
#1353=EDGE_LOOP('',(#6966,#6967,#6968,#6969));
#1354=EDGE_LOOP('',(#6970,#6971,#6972,#6973));
#1355=EDGE_LOOP('',(#6974,#6975,#6976,#6977));
#1356=EDGE_LOOP('',(#6978,#6979,#6980,#6981));
#1357=EDGE_LOOP('',(#6982,#6983,#6984,#6985));
#1358=EDGE_LOOP('',(#6986,#6987,#6988,#6989));
#1359=EDGE_LOOP('',(#6990,#6991,#6992,#6993));
#1360=EDGE_LOOP('',(#6994,#6995,#6996,#6997));
#1361=EDGE_LOOP('',(#6998,#6999,#7000,#7001));
#1362=EDGE_LOOP('',(#7002,#7003,#7004,#7005));
#1363=EDGE_LOOP('',(#7006,#7007,#7008,#7009));
#1364=EDGE_LOOP('',(#7010,#7011,#7012,#7013));
#1365=EDGE_LOOP('',(#7014,#7015,#7016,#7017));
#1366=EDGE_LOOP('',(#7018,#7019,#7020,#7021));
#1367=EDGE_LOOP('',(#7022,#7023,#7024,#7025));
#1368=EDGE_LOOP('',(#7026,#7027,#7028,#7029));
#1369=EDGE_LOOP('',(#7030,#7031,#7032,#7033,#7034,#7035,#7036,#7037));
#1370=EDGE_LOOP('',(#7038,#7039,#7040,#7041,#7042,#7043,#7044,#7045,#7046,
#7047,#7048,#7049));
#1371=EDGE_LOOP('',(#7050,#7051,#7052,#7053,#7054,#7055,#7056,#7057,#7058,
#7059,#7060,#7061));
#1372=EDGE_LOOP('',(#7062,#7063,#7064,#7065));
#1373=EDGE_LOOP('',(#7066,#7067,#7068,#7069,#7070,#7071,#7072,#7073,#7074,
#7075,#7076,#7077));
#1374=EDGE_LOOP('',(#7078,#7079,#7080,#7081,#7082,#7083,#7084,#7085,#7086,
#7087,#7088,#7089));
#1375=EDGE_LOOP('',(#7090,#7091,#7092,#7093));
#1376=EDGE_LOOP('',(#7094));
#1377=EDGE_LOOP('',(#7095));
#1378=EDGE_LOOP('',(#7096));
#1379=EDGE_LOOP('',(#7097));
#1380=EDGE_LOOP('',(#7098,#7099,#7100,#7101,#7102,#7103,#7104,#7105));
#1381=EDGE_LOOP('',(#7106,#7107,#7108,#7109));
#1382=EDGE_LOOP('',(#7110,#7111,#7112,#7113,#7114,#7115,#7116,#7117,#7118,
#7119,#7120,#7121));
#1383=EDGE_LOOP('',(#7122,#7123,#7124,#7125,#7126,#7127,#7128,#7129));
#1384=EDGE_LOOP('',(#7130,#7131,#7132,#7133,#7134,#7135,#7136,#7137));
#1385=EDGE_LOOP('',(#7138,#7139,#7140,#7141,#7142,#7143,#7144,#7145,#7146,
#7147,#7148,#7149));
#1386=EDGE_LOOP('',(#7150,#7151,#7152,#7153));
#1387=EDGE_LOOP('',(#7154,#7155,#7156,#7157,#7158,#7159,#7160,#7161,#7162,
#7163,#7164,#7165));
#1388=EDGE_LOOP('',(#7166,#7167,#7168,#7169));
#1389=EDGE_LOOP('',(#7170));
#1390=EDGE_LOOP('',(#7171));
#1391=EDGE_LOOP('',(#7172));
#1392=EDGE_LOOP('',(#7173));
#1393=EDGE_LOOP('',(#7174,#7175,#7176,#7177,#7178,#7179,#7180,#7181,#7182,
#7183,#7184,#7185));
#1394=EDGE_LOOP('',(#7186,#7187,#7188,#7189));
#1395=EDGE_LOOP('',(#7190,#7191,#7192,#7193));
#1396=EDGE_LOOP('',(#7194,#7195,#7196,#7197));
#1397=EDGE_LOOP('',(#7198,#7199,#7200,#7201));
#1398=EDGE_LOOP('',(#7202,#7203,#7204,#7205));
#1399=EDGE_LOOP('',(#7206,#7207,#7208,#7209));
#1400=EDGE_LOOP('',(#7210,#7211,#7212,#7213));
#1401=EDGE_LOOP('',(#7214,#7215,#7216,#7217));
#1402=EDGE_LOOP('',(#7218,#7219,#7220,#7221));
#1403=EDGE_LOOP('',(#7222,#7223,#7224,#7225));
#1404=EDGE_LOOP('',(#7226,#7227,#7228,#7229));
#1405=EDGE_LOOP('',(#7230,#7231,#7232,#7233));
#1406=EDGE_LOOP('',(#7234,#7235,#7236,#7237));
#1407=EDGE_LOOP('',(#7238,#7239,#7240,#7241));
#1408=EDGE_LOOP('',(#7242,#7243,#7244,#7245));
#1409=EDGE_LOOP('',(#7246,#7247,#7248,#7249));
#1410=EDGE_LOOP('',(#7250,#7251,#7252,#7253));
#1411=EDGE_LOOP('',(#7254,#7255,#7256,#7257));
#1412=EDGE_LOOP('',(#7258,#7259,#7260,#7261));
#1413=EDGE_LOOP('',(#7262,#7263,#7264,#7265,#7266,#7267,#7268,#7269,#7270,
#7271,#7272,#7273,#7274,#7275,#7276,#7277));
#1414=EDGE_LOOP('',(#7278,#7279,#7280,#7281,#7282,#7283,#7284,#7285,#7286,
#7287,#7288,#7289,#7290,#7291,#7292,#7293));
#1415=EDGE_LOOP('',(#7294,#7295,#7296,#7297,#7298,#7299,#7300,#7301,#7302,
#7303,#7304,#7305,#7306,#7307,#7308,#7309));
#1416=EDGE_LOOP('',(#7310,#7311,#7312,#7313,#7314,#7315,#7316,#7317,#7318,
#7319,#7320,#7321,#7322,#7323,#7324,#7325));
#1417=EDGE_LOOP('',(#7326,#7327,#7328,#7329));
#1418=EDGE_LOOP('',(#7330,#7331,#7332,#7333));
#1419=EDGE_LOOP('',(#7334,#7335,#7336,#7337));
#1420=EDGE_LOOP('',(#7338,#7339,#7340,#7341));
#1421=EDGE_LOOP('',(#7342,#7343,#7344,#7345,#7346,#7347));
#1422=EDGE_LOOP('',(#7348,#7349,#7350,#7351));
#1423=EDGE_LOOP('',(#7352,#7353,#7354,#7355));
#1424=EDGE_LOOP('',(#7356,#7357,#7358,#7359));
#1425=EDGE_LOOP('',(#7360,#7361,#7362,#7363));
#1426=EDGE_LOOP('',(#7364,#7365,#7366,#7367));
#1427=EDGE_LOOP('',(#7368));
#1428=EDGE_LOOP('',(#7369,#7370,#7371,#7372));
#1429=EDGE_LOOP('',(#7373));
#1430=EDGE_LOOP('',(#7374,#7375,#7376,#7377));
#1431=EDGE_LOOP('',(#7378,#7379,#7380,#7381,#7382,#7383));
#1432=EDGE_LOOP('',(#7384,#7385,#7386,#7387));
#1433=EDGE_LOOP('',(#7388,#7389,#7390,#7391));
#1434=EDGE_LOOP('',(#7392,#7393,#7394,#7395));
#1435=EDGE_LOOP('',(#7396,#7397,#7398,#7399));
#1436=EDGE_LOOP('',(#7400,#7401,#7402,#7403));
#1437=EDGE_LOOP('',(#7404));
#1438=EDGE_LOOP('',(#7405,#7406,#7407,#7408));
#1439=EDGE_LOOP('',(#7409));
#1440=EDGE_LOOP('',(#7410,#7411,#7412,#7413));
#1441=EDGE_LOOP('',(#7414,#7415,#7416,#7417));
#1442=EDGE_LOOP('',(#7418,#7419,#7420,#7421,#7422,#7423));
#1443=EDGE_LOOP('',(#7424,#7425,#7426,#7427));
#1444=EDGE_LOOP('',(#7428,#7429,#7430,#7431));
#1445=EDGE_LOOP('',(#7432,#7433,#7434,#7435));
#1446=EDGE_LOOP('',(#7436,#7437,#7438,#7439));
#1447=EDGE_LOOP('',(#7440,#7441,#7442,#7443));
#1448=EDGE_LOOP('',(#7444,#7445,#7446,#7447,#7448,#7449));
#1449=EDGE_LOOP('',(#7450,#7451,#7452,#7453));
#1450=EDGE_LOOP('',(#7454,#7455,#7456,#7457));
#1451=EDGE_LOOP('',(#7458,#7459,#7460,#7461));
#1452=EDGE_LOOP('',(#7462,#7463,#7464,#7465));
#1453=EDGE_LOOP('',(#7466,#7467,#7468,#7469));
#1454=EDGE_LOOP('',(#7470,#7471,#7472,#7473));
#1455=EDGE_LOOP('',(#7474,#7475,#7476,#7477));
#1456=EDGE_LOOP('',(#7478,#7479,#7480,#7481,#7482,#7483,#7484,#7485,#7486,
#7487,#7488,#7489));
#1457=EDGE_LOOP('',(#7490,#7491,#7492,#7493,#7494,#7495,#7496,#7497,#7498,
#7499,#7500,#7501));
#1458=EDGE_LOOP('',(#7502,#7503,#7504,#7505,#7506,#7507,#7508,#7509));
#1459=EDGE_LOOP('',(#7510,#7511,#7512,#7513,#7514,#7515,#7516,#7517));
#1460=EDGE_LOOP('',(#7518,#7519,#7520,#7521));
#1461=EDGE_LOOP('',(#7522,#7523,#7524,#7525));
#1462=EDGE_LOOP('',(#7526,#7527,#7528,#7529));
#1463=EDGE_LOOP('',(#7530,#7531,#7532,#7533));
#1464=EDGE_LOOP('',(#7534,#7535,#7536,#7537));
#1465=EDGE_LOOP('',(#7538,#7539,#7540,#7541));
#1466=EDGE_LOOP('',(#7542,#7543,#7544,#7545));
#1467=EDGE_LOOP('',(#7546,#7547,#7548,#7549));
#1468=EDGE_LOOP('',(#7550,#7551,#7552,#7553));
#1469=EDGE_LOOP('',(#7554,#7555,#7556,#7557));
#1470=EDGE_LOOP('',(#7558,#7559,#7560,#7561));
#1471=EDGE_LOOP('',(#7562,#7563,#7564,#7565));
#1472=EDGE_LOOP('',(#7566,#7567,#7568,#7569));
#1473=EDGE_LOOP('',(#7570,#7571,#7572,#7573));
#1474=EDGE_LOOP('',(#7574,#7575,#7576,#7577));
#1475=EDGE_LOOP('',(#7578,#7579,#7580,#7581));
#1476=EDGE_LOOP('',(#7582,#7583,#7584,#7585));
#1477=EDGE_LOOP('',(#7586,#7587,#7588,#7589));
#1478=EDGE_LOOP('',(#7590,#7591,#7592,#7593));
#1479=EDGE_LOOP('',(#7594,#7595,#7596,#7597));
#1480=EDGE_LOOP('',(#7598,#7599,#7600,#7601));
#1481=EDGE_LOOP('',(#7602,#7603,#7604,#7605));
#1482=EDGE_LOOP('',(#7606,#7607,#7608,#7609));
#1483=EDGE_LOOP('',(#7610,#7611,#7612,#7613));
#1484=EDGE_LOOP('',(#7614,#7615,#7616,#7617));
#1485=EDGE_LOOP('',(#7618,#7619,#7620,#7621));
#1486=EDGE_LOOP('',(#7622,#7623,#7624,#7625));
#1487=EDGE_LOOP('',(#7626,#7627,#7628,#7629));
#1488=EDGE_LOOP('',(#7630,#7631,#7632,#7633));
#1489=EDGE_LOOP('',(#7634,#7635,#7636,#7637));
#1490=EDGE_LOOP('',(#7638,#7639,#7640,#7641));
#1491=EDGE_LOOP('',(#7642,#7643,#7644,#7645));
#1492=EDGE_LOOP('',(#7646,#7647,#7648,#7649));
#1493=EDGE_LOOP('',(#7650,#7651,#7652,#7653));
#1494=EDGE_LOOP('',(#7654,#7655,#7656,#7657));
#1495=EDGE_LOOP('',(#7658,#7659,#7660,#7661));
#1496=EDGE_LOOP('',(#7662,#7663,#7664,#7665));
#1497=EDGE_LOOP('',(#7666,#7667,#7668,#7669));
#1498=EDGE_LOOP('',(#7670,#7671,#7672,#7673));
#1499=EDGE_LOOP('',(#7674,#7675,#7676,#7677));
#1500=EDGE_LOOP('',(#7678,#7679,#7680,#7681));
#1501=EDGE_LOOP('',(#7682,#7683,#7684,#7685));
#1502=EDGE_LOOP('',(#7686,#7687,#7688,#7689));
#1503=EDGE_LOOP('',(#7690,#7691,#7692,#7693));
#1504=EDGE_LOOP('',(#7694,#7695,#7696,#7697));
#1505=EDGE_LOOP('',(#7698,#7699,#7700,#7701));
#1506=EDGE_LOOP('',(#7702,#7703,#7704,#7705));
#1507=EDGE_LOOP('',(#7706,#7707,#7708,#7709));
#1508=EDGE_LOOP('',(#7710,#7711,#7712,#7713));
#1509=EDGE_LOOP('',(#7714,#7715,#7716,#7717));
#1510=EDGE_LOOP('',(#7718,#7719,#7720,#7721));
#1511=EDGE_LOOP('',(#7722,#7723,#7724,#7725));
#1512=EDGE_LOOP('',(#7726,#7727,#7728,#7729));
#1513=EDGE_LOOP('',(#7730,#7731,#7732,#7733));
#1514=EDGE_LOOP('',(#7734,#7735,#7736,#7737));
#1515=EDGE_LOOP('',(#7738,#7739,#7740,#7741));
#1516=EDGE_LOOP('',(#7742,#7743,#7744,#7745));
#1517=EDGE_LOOP('',(#7746,#7747,#7748,#7749));
#1518=EDGE_LOOP('',(#7750,#7751,#7752,#7753));
#1519=EDGE_LOOP('',(#7754,#7755,#7756,#7757));
#1520=EDGE_LOOP('',(#7758,#7759,#7760,#7761));
#1521=EDGE_LOOP('',(#7762,#7763,#7764,#7765));
#1522=EDGE_LOOP('',(#7766,#7767,#7768,#7769));
#1523=EDGE_LOOP('',(#7770,#7771,#7772,#7773));
#1524=EDGE_LOOP('',(#7774,#7775,#7776,#7777));
#1525=EDGE_LOOP('',(#7778,#7779,#7780,#7781));
#1526=EDGE_LOOP('',(#7782,#7783,#7784,#7785));
#1527=EDGE_LOOP('',(#7786,#7787,#7788,#7789));
#1528=EDGE_LOOP('',(#7790,#7791,#7792,#7793));
#1529=EDGE_LOOP('',(#7794,#7795,#7796,#7797));
#1530=EDGE_LOOP('',(#7798,#7799,#7800,#7801));
#1531=EDGE_LOOP('',(#7802,#7803,#7804,#7805));
#1532=EDGE_LOOP('',(#7806,#7807,#7808,#7809));
#1533=EDGE_LOOP('',(#7810,#7811,#7812,#7813));
#1534=EDGE_LOOP('',(#7814,#7815,#7816,#7817));
#1535=EDGE_LOOP('',(#7818,#7819,#7820,#7821));
#1536=EDGE_LOOP('',(#7822,#7823,#7824,#7825));
#1537=EDGE_LOOP('',(#7826,#7827,#7828,#7829));
#1538=EDGE_LOOP('',(#7830,#7831,#7832,#7833));
#1539=EDGE_LOOP('',(#7834,#7835,#7836,#7837));
#1540=EDGE_LOOP('',(#7838,#7839,#7840,#7841));
#1541=EDGE_LOOP('',(#7842,#7843,#7844,#7845));
#1542=EDGE_LOOP('',(#7846,#7847,#7848,#7849));
#1543=EDGE_LOOP('',(#7850,#7851,#7852,#7853));
#1544=EDGE_LOOP('',(#7854,#7855,#7856,#7857));
#1545=EDGE_LOOP('',(#7858,#7859,#7860,#7861));
#1546=EDGE_LOOP('',(#7862,#7863,#7864,#7865));
#1547=EDGE_LOOP('',(#7866,#7867,#7868,#7869));
#1548=EDGE_LOOP('',(#7870,#7871,#7872,#7873));
#1549=EDGE_LOOP('',(#7874,#7875,#7876,#7877));
#1550=EDGE_LOOP('',(#7878,#7879,#7880,#7881));
#1551=EDGE_LOOP('',(#7882,#7883,#7884,#7885));
#1552=EDGE_LOOP('',(#7886,#7887,#7888,#7889));
#1553=EDGE_LOOP('',(#7890,#7891,#7892,#7893));
#1554=EDGE_LOOP('',(#7894,#7895,#7896,#7897));
#1555=EDGE_LOOP('',(#7898,#7899,#7900,#7901));
#1556=EDGE_LOOP('',(#7902,#7903,#7904,#7905));
#1557=EDGE_LOOP('',(#7906,#7907,#7908,#7909));
#1558=EDGE_LOOP('',(#7910,#7911,#7912,#7913));
#1559=EDGE_LOOP('',(#7914,#7915,#7916,#7917));
#1560=EDGE_LOOP('',(#7918,#7919,#7920,#7921));
#1561=EDGE_LOOP('',(#7922,#7923,#7924,#7925));
#1562=EDGE_LOOP('',(#7926,#7927,#7928,#7929));
#1563=EDGE_LOOP('',(#7930,#7931,#7932,#7933));
#1564=EDGE_LOOP('',(#7934,#7935,#7936,#7937));
#1565=EDGE_LOOP('',(#7938,#7939,#7940,#7941,#7942,#7943,#7944,#7945));
#1566=EDGE_LOOP('',(#7946,#7947,#7948,#7949,#7950,#7951,#7952,#7953,#7954,
#7955,#7956,#7957));
#1567=EDGE_LOOP('',(#7958,#7959,#7960,#7961));
#1568=EDGE_LOOP('',(#7962,#7963,#7964,#7965));
#1569=EDGE_LOOP('',(#7966,#7967,#7968,#7969,#7970,#7971,#7972,#7973,#7974,
#7975,#7976,#7977));
#1570=EDGE_LOOP('',(#7978,#7979,#7980,#7981,#7982,#7983,#7984,#7985,#7986,
#7987,#7988,#7989));
#1571=EDGE_LOOP('',(#7990,#7991,#7992,#7993,#7994,#7995,#7996,#7997,#7998,
#7999,#8000,#8001));
#1572=EDGE_LOOP('',(#8002));
#1573=EDGE_LOOP('',(#8003));
#1574=EDGE_LOOP('',(#8004));
#1575=EDGE_LOOP('',(#8005));
#1576=EDGE_LOOP('',(#8006,#8007,#8008,#8009,#8010,#8011,#8012,#8013));
#1577=EDGE_LOOP('',(#8014,#8015,#8016,#8017));
#1578=EDGE_LOOP('',(#8018,#8019,#8020,#8021,#8022,#8023,#8024,#8025,#8026,
#8027,#8028,#8029));
#1579=EDGE_LOOP('',(#8030,#8031,#8032,#8033,#8034,#8035,#8036,#8037));
#1580=EDGE_LOOP('',(#8038,#8039,#8040,#8041,#8042,#8043,#8044,#8045));
#1581=EDGE_LOOP('',(#8046,#8047,#8048,#8049));
#1582=EDGE_LOOP('',(#8050,#8051,#8052,#8053));
#1583=EDGE_LOOP('',(#8054,#8055,#8056,#8057,#8058,#8059,#8060,#8061,#8062,
#8063,#8064,#8065));
#1584=EDGE_LOOP('',(#8066,#8067,#8068,#8069,#8070,#8071,#8072,#8073,#8074,
#8075,#8076,#8077));
#1585=EDGE_LOOP('',(#8078));
#1586=EDGE_LOOP('',(#8079));
#1587=EDGE_LOOP('',(#8080));
#1588=EDGE_LOOP('',(#8081));
#1589=EDGE_LOOP('',(#8082,#8083,#8084,#8085,#8086,#8087,#8088,#8089,#8090,
#8091,#8092,#8093));
#1590=EDGE_LOOP('',(#8094,#8095,#8096,#8097));
#1591=EDGE_LOOP('',(#8098,#8099,#8100,#8101));
#1592=EDGE_LOOP('',(#8102,#8103,#8104,#8105));
#1593=EDGE_LOOP('',(#8106,#8107,#8108,#8109));
#1594=EDGE_LOOP('',(#8110,#8111,#8112,#8113));
#1595=EDGE_LOOP('',(#8114,#8115,#8116,#8117));
#1596=EDGE_LOOP('',(#8118,#8119,#8120,#8121));
#1597=EDGE_LOOP('',(#8122,#8123,#8124,#8125));
#1598=EDGE_LOOP('',(#8126,#8127,#8128,#8129));
#1599=EDGE_LOOP('',(#8130,#8131,#8132,#8133));
#1600=EDGE_LOOP('',(#8134,#8135,#8136,#8137));
#1601=EDGE_LOOP('',(#8138,#8139,#8140,#8141));
#1602=EDGE_LOOP('',(#8142,#8143,#8144,#8145));
#1603=EDGE_LOOP('',(#8146,#8147,#8148,#8149));
#1604=EDGE_LOOP('',(#8150,#8151,#8152,#8153));
#1605=EDGE_LOOP('',(#8154,#8155,#8156,#8157));
#1606=EDGE_LOOP('',(#8158,#8159,#8160,#8161));
#1607=EDGE_LOOP('',(#8162,#8163,#8164,#8165));
#1608=EDGE_LOOP('',(#8166,#8167,#8168,#8169));
#1609=EDGE_LOOP('',(#8170,#8171,#8172,#8173,#8174,#8175,#8176,#8177,#8178,
#8179,#8180,#8181,#8182,#8183,#8184,#8185));
#1610=EDGE_LOOP('',(#8186,#8187,#8188,#8189,#8190,#8191,#8192,#8193,#8194,
#8195,#8196,#8197,#8198,#8199,#8200,#8201));
#1611=EDGE_LOOP('',(#8202,#8203,#8204,#8205,#8206,#8207,#8208,#8209,#8210,
#8211,#8212,#8213,#8214,#8215,#8216,#8217));
#1612=EDGE_LOOP('',(#8218,#8219,#8220,#8221,#8222,#8223,#8224,#8225,#8226,
#8227,#8228,#8229,#8230,#8231,#8232,#8233));
#1613=EDGE_LOOP('',(#8234,#8235,#8236,#8237));
#1614=EDGE_LOOP('',(#8238,#8239,#8240,#8241));
#1615=EDGE_LOOP('',(#8242,#8243,#8244,#8245));
#1616=EDGE_LOOP('',(#8246,#8247,#8248,#8249));
#1617=EDGE_LOOP('',(#8250,#8251,#8252,#8253,#8254,#8255));
#1618=EDGE_LOOP('',(#8256,#8257,#8258,#8259));
#1619=EDGE_LOOP('',(#8260,#8261,#8262,#8263));
#1620=EDGE_LOOP('',(#8264,#8265,#8266,#8267));
#1621=EDGE_LOOP('',(#8268,#8269,#8270,#8271));
#1622=EDGE_LOOP('',(#8272,#8273,#8274,#8275));
#1623=EDGE_LOOP('',(#8276));
#1624=EDGE_LOOP('',(#8277,#8278,#8279,#8280));
#1625=EDGE_LOOP('',(#8281));
#1626=EDGE_LOOP('',(#8282,#8283,#8284,#8285));
#1627=EDGE_LOOP('',(#8286,#8287,#8288,#8289,#8290,#8291));
#1628=EDGE_LOOP('',(#8292,#8293,#8294,#8295));
#1629=EDGE_LOOP('',(#8296,#8297,#8298,#8299));
#1630=EDGE_LOOP('',(#8300,#8301,#8302,#8303));
#1631=EDGE_LOOP('',(#8304,#8305,#8306,#8307));
#1632=EDGE_LOOP('',(#8308,#8309,#8310,#8311));
#1633=EDGE_LOOP('',(#8312));
#1634=EDGE_LOOP('',(#8313,#8314,#8315,#8316));
#1635=EDGE_LOOP('',(#8317));
#1636=EDGE_LOOP('',(#8318,#8319,#8320,#8321));
#1637=EDGE_LOOP('',(#8322,#8323,#8324,#8325));
#1638=EDGE_LOOP('',(#8326,#8327,#8328,#8329,#8330,#8331));
#1639=EDGE_LOOP('',(#8332,#8333,#8334,#8335));
#1640=EDGE_LOOP('',(#8336,#8337,#8338,#8339));
#1641=EDGE_LOOP('',(#8340,#8341,#8342,#8343));
#1642=EDGE_LOOP('',(#8344,#8345,#8346,#8347));
#1643=EDGE_LOOP('',(#8348,#8349,#8350,#8351));
#1644=EDGE_LOOP('',(#8352,#8353,#8354,#8355,#8356,#8357));
#1645=EDGE_LOOP('',(#8358,#8359,#8360,#8361));
#1646=EDGE_LOOP('',(#8362,#8363,#8364,#8365));
#1647=EDGE_LOOP('',(#8366,#8367,#8368,#8369));
#1648=EDGE_LOOP('',(#8370,#8371,#8372,#8373));
#1649=EDGE_LOOP('',(#8374,#8375,#8376,#8377));
#1650=EDGE_LOOP('',(#8378,#8379,#8380,#8381));
#1651=EDGE_LOOP('',(#8382,#8383,#8384,#8385));
#1652=EDGE_LOOP('',(#8386,#8387,#8388,#8389,#8390,#8391,#8392,#8393,#8394,
#8395,#8396,#8397));
#1653=EDGE_LOOP('',(#8398,#8399,#8400,#8401,#8402,#8403,#8404,#8405,#8406,
#8407,#8408,#8409));
#1654=EDGE_LOOP('',(#8410,#8411,#8412,#8413,#8414,#8415,#8416,#8417));
#1655=EDGE_LOOP('',(#8418,#8419,#8420,#8421,#8422,#8423,#8424,#8425));
#1656=EDGE_LOOP('',(#8426,#8427,#8428,#8429));
#1657=EDGE_LOOP('',(#8430,#8431,#8432,#8433));
#1658=EDGE_LOOP('',(#8434,#8435,#8436,#8437));
#1659=EDGE_LOOP('',(#8438,#8439,#8440,#8441));
#1660=EDGE_LOOP('',(#8442,#8443,#8444,#8445));
#1661=EDGE_LOOP('',(#8446,#8447,#8448,#8449));
#1662=EDGE_LOOP('',(#8450,#8451,#8452,#8453));
#1663=EDGE_LOOP('',(#8454,#8455,#8456,#8457));
#1664=EDGE_LOOP('',(#8458,#8459,#8460,#8461));
#1665=EDGE_LOOP('',(#8462,#8463,#8464,#8465));
#1666=EDGE_LOOP('',(#8466,#8467,#8468,#8469));
#1667=EDGE_LOOP('',(#8470,#8471,#8472,#8473));
#1668=EDGE_LOOP('',(#8474,#8475,#8476,#8477));
#1669=EDGE_LOOP('',(#8478,#8479,#8480,#8481));
#1670=EDGE_LOOP('',(#8482,#8483,#8484,#8485));
#1671=EDGE_LOOP('',(#8486,#8487,#8488,#8489));
#1672=EDGE_LOOP('',(#8490,#8491,#8492,#8493));
#1673=EDGE_LOOP('',(#8494,#8495,#8496,#8497));
#1674=EDGE_LOOP('',(#8498,#8499,#8500,#8501));
#1675=EDGE_LOOP('',(#8502,#8503,#8504,#8505));
#1676=EDGE_LOOP('',(#8506,#8507,#8508,#8509));
#1677=EDGE_LOOP('',(#8510,#8511,#8512,#8513));
#1678=EDGE_LOOP('',(#8514,#8515,#8516,#8517));
#1679=EDGE_LOOP('',(#8518,#8519,#8520,#8521));
#1680=EDGE_LOOP('',(#8522,#8523,#8524,#8525));
#1681=EDGE_LOOP('',(#8526,#8527,#8528,#8529));
#1682=EDGE_LOOP('',(#8530,#8531,#8532,#8533));
#1683=EDGE_LOOP('',(#8534,#8535,#8536,#8537));
#1684=EDGE_LOOP('',(#8538,#8539,#8540,#8541));
#1685=EDGE_LOOP('',(#8542,#8543,#8544,#8545));
#1686=EDGE_LOOP('',(#8546,#8547,#8548,#8549));
#1687=EDGE_LOOP('',(#8550,#8551,#8552,#8553));
#1688=EDGE_LOOP('',(#8554,#8555,#8556,#8557));
#1689=EDGE_LOOP('',(#8558,#8559,#8560,#8561));
#1690=EDGE_LOOP('',(#8562,#8563,#8564,#8565));
#1691=EDGE_LOOP('',(#8566,#8567,#8568,#8569));
#1692=EDGE_LOOP('',(#8570,#8571,#8572,#8573));
#1693=EDGE_LOOP('',(#8574,#8575,#8576,#8577));
#1694=EDGE_LOOP('',(#8578,#8579,#8580,#8581));
#1695=EDGE_LOOP('',(#8582,#8583,#8584,#8585));
#1696=EDGE_LOOP('',(#8586,#8587,#8588,#8589));
#1697=EDGE_LOOP('',(#8590,#8591,#8592,#8593));
#1698=EDGE_LOOP('',(#8594,#8595,#8596,#8597));
#1699=EDGE_LOOP('',(#8598,#8599,#8600,#8601));
#1700=EDGE_LOOP('',(#8602,#8603,#8604,#8605));
#1701=EDGE_LOOP('',(#8606,#8607,#8608,#8609));
#1702=EDGE_LOOP('',(#8610,#8611,#8612,#8613));
#1703=EDGE_LOOP('',(#8614,#8615,#8616,#8617));
#1704=EDGE_LOOP('',(#8618,#8619,#8620,#8621));
#1705=EDGE_LOOP('',(#8622,#8623,#8624,#8625));
#1706=EDGE_LOOP('',(#8626,#8627,#8628,#8629));
#1707=EDGE_LOOP('',(#8630,#8631,#8632,#8633));
#1708=EDGE_LOOP('',(#8634,#8635,#8636,#8637));
#1709=EDGE_LOOP('',(#8638,#8639,#8640,#8641));
#1710=EDGE_LOOP('',(#8642,#8643,#8644,#8645));
#1711=EDGE_LOOP('',(#8646,#8647,#8648,#8649));
#1712=EDGE_LOOP('',(#8650,#8651,#8652,#8653));
#1713=EDGE_LOOP('',(#8654,#8655,#8656,#8657));
#1714=EDGE_LOOP('',(#8658,#8659,#8660,#8661));
#1715=EDGE_LOOP('',(#8662,#8663,#8664,#8665));
#1716=EDGE_LOOP('',(#8666,#8667,#8668,#8669));
#1717=EDGE_LOOP('',(#8670,#8671,#8672,#8673));
#1718=EDGE_LOOP('',(#8674,#8675,#8676,#8677));
#1719=EDGE_LOOP('',(#8678,#8679,#8680,#8681));
#1720=EDGE_LOOP('',(#8682,#8683,#8684,#8685));
#1721=EDGE_LOOP('',(#8686,#8687,#8688,#8689));
#1722=EDGE_LOOP('',(#8690,#8691,#8692,#8693));
#1723=EDGE_LOOP('',(#8694,#8695,#8696,#8697));
#1724=EDGE_LOOP('',(#8698,#8699,#8700,#8701));
#1725=EDGE_LOOP('',(#8702,#8703,#8704,#8705));
#1726=EDGE_LOOP('',(#8706,#8707,#8708,#8709));
#1727=EDGE_LOOP('',(#8710,#8711,#8712,#8713));
#1728=EDGE_LOOP('',(#8714,#8715,#8716,#8717));
#1729=EDGE_LOOP('',(#8718,#8719,#8720,#8721));
#1730=EDGE_LOOP('',(#8722,#8723,#8724,#8725));
#1731=EDGE_LOOP('',(#8726,#8727,#8728,#8729));
#1732=EDGE_LOOP('',(#8730,#8731,#8732,#8733));
#1733=EDGE_LOOP('',(#8734,#8735,#8736,#8737));
#1734=EDGE_LOOP('',(#8738,#8739,#8740,#8741));
#1735=EDGE_LOOP('',(#8742,#8743,#8744,#8745));
#1736=EDGE_LOOP('',(#8746,#8747,#8748,#8749));
#1737=EDGE_LOOP('',(#8750,#8751,#8752,#8753));
#1738=EDGE_LOOP('',(#8754,#8755,#8756,#8757));
#1739=EDGE_LOOP('',(#8758,#8759,#8760,#8761));
#1740=EDGE_LOOP('',(#8762,#8763,#8764,#8765));
#1741=EDGE_LOOP('',(#8766,#8767,#8768,#8769));
#1742=EDGE_LOOP('',(#8770,#8771,#8772,#8773));
#1743=EDGE_LOOP('',(#8774,#8775,#8776,#8777,#8778,#8779,#8780,#8781));
#1744=EDGE_LOOP('',(#8782,#8783,#8784,#8785,#8786,#8787,#8788,#8789,#8790,
#8791,#8792,#8793));
#1745=EDGE_LOOP('',(#8794,#8795,#8796,#8797));
#1746=EDGE_LOOP('',(#8798,#8799,#8800,#8801,#8802,#8803,#8804,#8805,#8806,
#8807,#8808,#8809));
#1747=EDGE_LOOP('',(#8810,#8811,#8812,#8813,#8814,#8815,#8816,#8817,#8818,
#8819,#8820,#8821));
#1748=EDGE_LOOP('',(#8822,#8823,#8824,#8825));
#1749=EDGE_LOOP('',(#8826,#8827,#8828,#8829,#8830,#8831,#8832,#8833,#8834,
#8835,#8836,#8837));
#1750=EDGE_LOOP('',(#8838));
#1751=EDGE_LOOP('',(#8839));
#1752=EDGE_LOOP('',(#8840));
#1753=EDGE_LOOP('',(#8841));
#1754=EDGE_LOOP('',(#8842,#8843,#8844,#8845,#8846,#8847,#8848,#8849));
#1755=EDGE_LOOP('',(#8850,#8851,#8852,#8853));
#1756=EDGE_LOOP('',(#8854,#8855,#8856,#8857,#8858,#8859,#8860,#8861,#8862,
#8863,#8864,#8865));
#1757=EDGE_LOOP('',(#8866,#8867,#8868,#8869,#8870,#8871,#8872,#8873));
#1758=EDGE_LOOP('',(#8874,#8875,#8876,#8877,#8878,#8879,#8880,#8881));
#1759=EDGE_LOOP('',(#8882,#8883,#8884,#8885));
#1760=EDGE_LOOP('',(#8886,#8887,#8888,#8889,#8890,#8891,#8892,#8893,#8894,
#8895,#8896,#8897));
#1761=EDGE_LOOP('',(#8898,#8899,#8900,#8901,#8902,#8903,#8904,#8905,#8906,
#8907,#8908,#8909));
#1762=EDGE_LOOP('',(#8910,#8911,#8912,#8913));
#1763=EDGE_LOOP('',(#8914));
#1764=EDGE_LOOP('',(#8915));
#1765=EDGE_LOOP('',(#8916));
#1766=EDGE_LOOP('',(#8917));
#1767=EDGE_LOOP('',(#8918,#8919,#8920,#8921,#8922,#8923,#8924,#8925,#8926,
#8927,#8928,#8929));
#1768=EDGE_LOOP('',(#8930,#8931,#8932,#8933));
#1769=EDGE_LOOP('',(#8934,#8935,#8936,#8937));
#1770=EDGE_LOOP('',(#8938,#8939,#8940,#8941));
#1771=EDGE_LOOP('',(#8942,#8943,#8944,#8945));
#1772=EDGE_LOOP('',(#8946,#8947,#8948,#8949));
#1773=EDGE_LOOP('',(#8950,#8951,#8952,#8953));
#1774=EDGE_LOOP('',(#8954,#8955,#8956,#8957));
#1775=EDGE_LOOP('',(#8958,#8959,#8960,#8961));
#1776=EDGE_LOOP('',(#8962,#8963,#8964,#8965));
#1777=EDGE_LOOP('',(#8966,#8967,#8968,#8969));
#1778=EDGE_LOOP('',(#8970,#8971,#8972,#8973));
#1779=EDGE_LOOP('',(#8974,#8975,#8976,#8977));
#1780=EDGE_LOOP('',(#8978,#8979,#8980,#8981));
#1781=EDGE_LOOP('',(#8982,#8983,#8984,#8985));
#1782=EDGE_LOOP('',(#8986,#8987,#8988,#8989));
#1783=EDGE_LOOP('',(#8990,#8991,#8992,#8993));
#1784=EDGE_LOOP('',(#8994,#8995,#8996,#8997));
#1785=EDGE_LOOP('',(#8998,#8999,#9000,#9001));
#1786=EDGE_LOOP('',(#9002,#9003,#9004,#9005));
#1787=EDGE_LOOP('',(#9006,#9007,#9008,#9009,#9010,#9011,#9012,#9013,#9014,
#9015,#9016,#9017,#9018,#9019,#9020,#9021));
#1788=EDGE_LOOP('',(#9022,#9023,#9024,#9025,#9026,#9027,#9028,#9029,#9030,
#9031,#9032,#9033,#9034,#9035,#9036,#9037));
#1789=EDGE_LOOP('',(#9038,#9039,#9040,#9041,#9042,#9043,#9044,#9045,#9046,
#9047,#9048,#9049,#9050,#9051,#9052,#9053));
#1790=EDGE_LOOP('',(#9054,#9055,#9056,#9057,#9058,#9059,#9060,#9061,#9062,
#9063,#9064,#9065,#9066,#9067,#9068,#9069));
#1791=EDGE_LOOP('',(#9070,#9071,#9072,#9073));
#1792=EDGE_LOOP('',(#9074,#9075,#9076,#9077));
#1793=EDGE_LOOP('',(#9078,#9079,#9080,#9081));
#1794=EDGE_LOOP('',(#9082,#9083,#9084,#9085));
#1795=EDGE_LOOP('',(#9086,#9087,#9088,#9089,#9090,#9091));
#1796=EDGE_LOOP('',(#9092,#9093,#9094,#9095));
#1797=EDGE_LOOP('',(#9096,#9097,#9098,#9099));
#1798=EDGE_LOOP('',(#9100,#9101,#9102,#9103));
#1799=EDGE_LOOP('',(#9104,#9105,#9106,#9107));
#1800=EDGE_LOOP('',(#9108,#9109,#9110,#9111));
#1801=EDGE_LOOP('',(#9112));
#1802=EDGE_LOOP('',(#9113,#9114,#9115,#9116));
#1803=EDGE_LOOP('',(#9117));
#1804=EDGE_LOOP('',(#9118,#9119,#9120,#9121));
#1805=EDGE_LOOP('',(#9122,#9123,#9124,#9125,#9126,#9127));
#1806=EDGE_LOOP('',(#9128,#9129,#9130,#9131));
#1807=EDGE_LOOP('',(#9132,#9133,#9134,#9135));
#1808=EDGE_LOOP('',(#9136,#9137,#9138,#9139));
#1809=EDGE_LOOP('',(#9140,#9141,#9142,#9143));
#1810=EDGE_LOOP('',(#9144,#9145,#9146,#9147));
#1811=EDGE_LOOP('',(#9148));
#1812=EDGE_LOOP('',(#9149,#9150,#9151,#9152));
#1813=EDGE_LOOP('',(#9153));
#1814=EDGE_LOOP('',(#9154,#9155,#9156,#9157));
#1815=EDGE_LOOP('',(#9158,#9159,#9160,#9161));
#1816=EDGE_LOOP('',(#9162,#9163,#9164,#9165,#9166,#9167));
#1817=EDGE_LOOP('',(#9168,#9169,#9170,#9171));
#1818=EDGE_LOOP('',(#9172,#9173,#9174,#9175));
#1819=EDGE_LOOP('',(#9176,#9177,#9178,#9179));
#1820=EDGE_LOOP('',(#9180,#9181,#9182,#9183));
#1821=EDGE_LOOP('',(#9184,#9185,#9186,#9187));
#1822=EDGE_LOOP('',(#9188,#9189,#9190,#9191,#9192,#9193));
#1823=EDGE_LOOP('',(#9194,#9195,#9196,#9197));
#1824=EDGE_LOOP('',(#9198,#9199,#9200,#9201));
#1825=EDGE_LOOP('',(#9202,#9203,#9204,#9205));
#1826=EDGE_LOOP('',(#9206,#9207,#9208,#9209));
#1827=EDGE_LOOP('',(#9210,#9211,#9212,#9213));
#1828=EDGE_LOOP('',(#9214,#9215,#9216,#9217));
#1829=EDGE_LOOP('',(#9218,#9219,#9220,#9221));
#1830=EDGE_LOOP('',(#9222,#9223,#9224,#9225,#9226,#9227,#9228,#9229,#9230,
#9231,#9232,#9233));
#1831=EDGE_LOOP('',(#9234,#9235,#9236,#9237,#9238,#9239,#9240,#9241,#9242,
#9243,#9244,#9245));
#1832=EDGE_LOOP('',(#9246,#9247,#9248,#9249,#9250,#9251,#9252,#9253));
#1833=EDGE_LOOP('',(#9254,#9255,#9256,#9257,#9258,#9259,#9260,#9261));
#1834=EDGE_LOOP('',(#9262,#9263,#9264,#9265));
#1835=EDGE_LOOP('',(#9266,#9267,#9268,#9269));
#1836=EDGE_LOOP('',(#9270,#9271,#9272,#9273));
#1837=EDGE_LOOP('',(#9274,#9275,#9276,#9277));
#1838=EDGE_LOOP('',(#9278,#9279,#9280,#9281));
#1839=EDGE_LOOP('',(#9282,#9283,#9284,#9285));
#1840=EDGE_LOOP('',(#9286,#9287,#9288,#9289));
#1841=EDGE_LOOP('',(#9290));
#1842=EDGE_LOOP('',(#9291));
#1843=LINE('',#13481,#3042);
#1844=LINE('',#13487,#3043);
#1845=LINE('',#13493,#3044);
#1846=LINE('',#13499,#3045);
#1847=LINE('',#13504,#3046);
#1848=LINE('',#13506,#3047);
#1849=LINE('',#13508,#3048);
#1850=LINE('',#13509,#3049);
#1851=LINE('',#13512,#3050);
#1852=LINE('',#13514,#3051);
#1853=LINE('',#13515,#3052);
#1854=LINE('',#13518,#3053);
#1855=LINE('',#13520,#3054);
#1856=LINE('',#13521,#3055);
#1857=LINE('',#13523,#3056);
#1858=LINE('',#13524,#3057);
#1859=LINE('',#13531,#3058);
#1860=LINE('',#13533,#3059);
#1861=LINE('',#13535,#3060);
#1862=LINE('',#13536,#3061);
#1863=LINE('',#13539,#3062);
#1864=LINE('',#13541,#3063);
#1865=LINE('',#13542,#3064);
#1866=LINE('',#13545,#3065);
#1867=LINE('',#13547,#3066);
#1868=LINE('',#13548,#3067);
#1869=LINE('',#13550,#3068);
#1870=LINE('',#13551,#3069);
#1871=LINE('',#13558,#3070);
#1872=LINE('',#13560,#3071);
#1873=LINE('',#13562,#3072);
#1874=LINE('',#13563,#3073);
#1875=LINE('',#13566,#3074);
#1876=LINE('',#13568,#3075);
#1877=LINE('',#13569,#3076);
#1878=LINE('',#13572,#3077);
#1879=LINE('',#13574,#3078);
#1880=LINE('',#13575,#3079);
#1881=LINE('',#13577,#3080);
#1882=LINE('',#13578,#3081);
#1883=LINE('',#13586,#3082);
#1884=LINE('',#13588,#3083);
#1885=LINE('',#13590,#3084);
#1886=LINE('',#13591,#3085);
#1887=LINE('',#13594,#3086);
#1888=LINE('',#13596,#3087);
#1889=LINE('',#13597,#3088);
#1890=LINE('',#13601,#3089);
#1891=LINE('',#13602,#3090);
#1892=LINE('',#13603,#3091);
#1893=LINE('',#13607,#3092);
#1894=LINE('',#13609,#3093);
#1895=LINE('',#13611,#3094);
#1896=LINE('',#13612,#3095);
#1897=LINE('',#13615,#3096);
#1898=LINE('',#13617,#3097);
#1899=LINE('',#13618,#3098);
#1900=LINE('',#13622,#3099);
#1901=LINE('',#13624,#3100);
#1902=LINE('',#13626,#3101);
#1903=LINE('',#13627,#3102);
#1904=LINE('',#13631,#3103);
#1905=LINE('',#13633,#3104);
#1906=LINE('',#13635,#3105);
#1907=LINE('',#13636,#3106);
#1908=LINE('',#13640,#3107);
#1909=LINE('',#13642,#3108);
#1910=LINE('',#13644,#3109);
#1911=LINE('',#13645,#3110);
#1912=LINE('',#13647,#3111);
#1913=LINE('',#13648,#3112);
#1914=LINE('',#13653,#3113);
#1915=LINE('',#13659,#3114);
#1916=LINE('',#13665,#3115);
#1917=LINE('',#13671,#3116);
#1918=LINE('',#13676,#3117);
#1919=LINE('',#13678,#3118);
#1920=LINE('',#13680,#3119);
#1921=LINE('',#13681,#3120);
#1922=LINE('',#13684,#3121);
#1923=LINE('',#13686,#3122);
#1924=LINE('',#13687,#3123);
#1925=LINE('',#13690,#3124);
#1926=LINE('',#13692,#3125);
#1927=LINE('',#13693,#3126);
#1928=LINE('',#13696,#3127);
#1929=LINE('',#13698,#3128);
#1930=LINE('',#13699,#3129);
#1931=LINE('',#13702,#3130);
#1932=LINE('',#13704,#3131);
#1933=LINE('',#13705,#3132);
#1934=LINE('',#13708,#3133);
#1935=LINE('',#13710,#3134);
#1936=LINE('',#13711,#3135);
#1937=LINE('',#13714,#3136);
#1938=LINE('',#13716,#3137);
#1939=LINE('',#13717,#3138);
#1940=LINE('',#13720,#3139);
#1941=LINE('',#13722,#3140);
#1942=LINE('',#13723,#3141);
#1943=LINE('',#13726,#3142);
#1944=LINE('',#13728,#3143);
#1945=LINE('',#13729,#3144);
#1946=LINE('',#13732,#3145);
#1947=LINE('',#13734,#3146);
#1948=LINE('',#13735,#3147);
#1949=LINE('',#13738,#3148);
#1950=LINE('',#13740,#3149);
#1951=LINE('',#13741,#3150);
#1952=LINE('',#13743,#3151);
#1953=LINE('',#13744,#3152);
#1954=LINE('',#13748,#3153);
#1955=LINE('',#13750,#3154);
#1956=LINE('',#13752,#3155);
#1957=LINE('',#13753,#3156);
#1958=LINE('',#13756,#3157);
#1959=LINE('',#13758,#3158);
#1960=LINE('',#13759,#3159);
#1961=LINE('',#13762,#3160);
#1962=LINE('',#13764,#3161);
#1963=LINE('',#13765,#3162);
#1964=LINE('',#13767,#3163);
#1965=LINE('',#13768,#3164);
#1966=LINE('',#13772,#3165);
#1967=LINE('',#13774,#3166);
#1968=LINE('',#13776,#3167);
#1969=LINE('',#13777,#3168);
#1970=LINE('',#13780,#3169);
#1971=LINE('',#13782,#3170);
#1972=LINE('',#13783,#3171);
#1973=LINE('',#13786,#3172);
#1974=LINE('',#13788,#3173);
#1975=LINE('',#13789,#3174);
#1976=LINE('',#13792,#3175);
#1977=LINE('',#13794,#3176);
#1978=LINE('',#13795,#3177);
#1979=LINE('',#13798,#3178);
#1980=LINE('',#13800,#3179);
#1981=LINE('',#13801,#3180);
#1982=LINE('',#13804,#3181);
#1983=LINE('',#13806,#3182);
#1984=LINE('',#13807,#3183);
#1985=LINE('',#13810,#3184);
#1986=LINE('',#13812,#3185);
#1987=LINE('',#13813,#3186);
#1988=LINE('',#13816,#3187);
#1989=LINE('',#13818,#3188);
#1990=LINE('',#13819,#3189);
#1991=LINE('',#13822,#3190);
#1992=LINE('',#13824,#3191);
#1993=LINE('',#13825,#3192);
#1994=LINE('',#13828,#3193);
#1995=LINE('',#13830,#3194);
#1996=LINE('',#13831,#3195);
#1997=LINE('',#13834,#3196);
#1998=LINE('',#13836,#3197);
#1999=LINE('',#13837,#3198);
#2000=LINE('',#13839,#3199);
#2001=LINE('',#13840,#3200);
#2002=LINE('',#13843,#3201);
#2003=LINE('',#13845,#3202);
#2004=LINE('',#13846,#3203);
#2005=LINE('',#13849,#3204);
#2006=LINE('',#13851,#3205);
#2007=LINE('',#13852,#3206);
#2008=LINE('',#13855,#3207);
#2009=LINE('',#13857,#3208);
#2010=LINE('',#13858,#3209);
#2011=LINE('',#13861,#3210);
#2012=LINE('',#13863,#3211);
#2013=LINE('',#13864,#3212);
#2014=LINE('',#13866,#3213);
#2015=LINE('',#13867,#3214);
#2016=LINE('',#13870,#3215);
#2017=LINE('',#13872,#3216);
#2018=LINE('',#13873,#3217);
#2019=LINE('',#13876,#3218);
#2020=LINE('',#13878,#3219);
#2021=LINE('',#13879,#3220);
#2022=LINE('',#13882,#3221);
#2023=LINE('',#13884,#3222);
#2024=LINE('',#13885,#3223);
#2025=LINE('',#13888,#3224);
#2026=LINE('',#13890,#3225);
#2027=LINE('',#13891,#3226);
#2028=LINE('',#13894,#3227);
#2029=LINE('',#13896,#3228);
#2030=LINE('',#13897,#3229);
#2031=LINE('',#13900,#3230);
#2032=LINE('',#13902,#3231);
#2033=LINE('',#13903,#3232);
#2034=LINE('',#13906,#3233);
#2035=LINE('',#13908,#3234);
#2036=LINE('',#13909,#3235);
#2037=LINE('',#13912,#3236);
#2038=LINE('',#13914,#3237);
#2039=LINE('',#13915,#3238);
#2040=LINE('',#13918,#3239);
#2041=LINE('',#13920,#3240);
#2042=LINE('',#13921,#3241);
#2043=LINE('',#13924,#3242);
#2044=LINE('',#13926,#3243);
#2045=LINE('',#13927,#3244);
#2046=LINE('',#13929,#3245);
#2047=LINE('',#13930,#3246);
#2048=LINE('',#13934,#3247);
#2049=LINE('',#13936,#3248);
#2050=LINE('',#13938,#3249);
#2051=LINE('',#13939,#3250);
#2052=LINE('',#13942,#3251);
#2053=LINE('',#13944,#3252);
#2054=LINE('',#13945,#3253);
#2055=LINE('',#13948,#3254);
#2056=LINE('',#13950,#3255);
#2057=LINE('',#13951,#3256);
#2058=LINE('',#13953,#3257);
#2059=LINE('',#13954,#3258);
#2060=LINE('',#13958,#3259);
#2061=LINE('',#13960,#3260);
#2062=LINE('',#13962,#3261);
#2063=LINE('',#13963,#3262);
#2064=LINE('',#13966,#3263);
#2065=LINE('',#13968,#3264);
#2066=LINE('',#13969,#3265);
#2067=LINE('',#13972,#3266);
#2068=LINE('',#13974,#3267);
#2069=LINE('',#13975,#3268);
#2070=LINE('',#13978,#3269);
#2071=LINE('',#13980,#3270);
#2072=LINE('',#13981,#3271);
#2073=LINE('',#13984,#3272);
#2074=LINE('',#13986,#3273);
#2075=LINE('',#13987,#3274);
#2076=LINE('',#13989,#3275);
#2077=LINE('',#13990,#3276);
#2078=LINE('',#13993,#3277);
#2079=LINE('',#13995,#3278);
#2080=LINE('',#13996,#3279);
#2081=LINE('',#13999,#3280);
#2082=LINE('',#14001,#3281);
#2083=LINE('',#14002,#3282);
#2084=LINE('',#14005,#3283);
#2085=LINE('',#14007,#3284);
#2086=LINE('',#14008,#3285);
#2087=LINE('',#14010,#3286);
#2088=LINE('',#14011,#3287);
#2089=LINE('',#14014,#3288);
#2090=LINE('',#14016,#3289);
#2091=LINE('',#14017,#3290);
#2092=LINE('',#14020,#3291);
#2093=LINE('',#14022,#3292);
#2094=LINE('',#14023,#3293);
#2095=LINE('',#14026,#3294);
#2096=LINE('',#14028,#3295);
#2097=LINE('',#14029,#3296);
#2098=LINE('',#14032,#3297);
#2099=LINE('',#14034,#3298);
#2100=LINE('',#14035,#3299);
#2101=LINE('',#14037,#3300);
#2102=LINE('',#14038,#3301);
#2103=LINE('',#14042,#3302);
#2104=LINE('',#14044,#3303);
#2105=LINE('',#14046,#3304);
#2106=LINE('',#14047,#3305);
#2107=LINE('',#14050,#3306);
#2108=LINE('',#14052,#3307);
#2109=LINE('',#14053,#3308);
#2110=LINE('',#14056,#3309);
#2111=LINE('',#14058,#3310);
#2112=LINE('',#14059,#3311);
#2113=LINE('',#14061,#3312);
#2114=LINE('',#14062,#3313);
#2115=LINE('',#14069,#3314);
#2116=LINE('',#14071,#3315);
#2117=LINE('',#14073,#3316);
#2118=LINE('',#14074,#3317);
#2119=LINE('',#14077,#3318);
#2120=LINE('',#14079,#3319);
#2121=LINE('',#14080,#3320);
#2122=LINE('',#14083,#3321);
#2123=LINE('',#14085,#3322);
#2124=LINE('',#14086,#3323);
#2125=LINE('',#14088,#3324);
#2126=LINE('',#14089,#3325);
#2127=LINE('',#14096,#3326);
#2128=LINE('',#14098,#3327);
#2129=LINE('',#14100,#3328);
#2130=LINE('',#14101,#3329);
#2131=LINE('',#14104,#3330);
#2132=LINE('',#14106,#3331);
#2133=LINE('',#14107,#3332);
#2134=LINE('',#14110,#3333);
#2135=LINE('',#14112,#3334);
#2136=LINE('',#14113,#3335);
#2137=LINE('',#14115,#3336);
#2138=LINE('',#14116,#3337);
#2139=LINE('',#14123,#3338);
#2140=LINE('',#14125,#3339);
#2141=LINE('',#14127,#3340);
#2142=LINE('',#14128,#3341);
#2143=LINE('',#14131,#3342);
#2144=LINE('',#14133,#3343);
#2145=LINE('',#14134,#3344);
#2146=LINE('',#14137,#3345);
#2147=LINE('',#14139,#3346);
#2148=LINE('',#14140,#3347);
#2149=LINE('',#14142,#3348);
#2150=LINE('',#14143,#3349);
#2151=LINE('',#14152,#3350);
#2152=LINE('',#14154,#3351);
#2153=LINE('',#14156,#3352);
#2154=LINE('',#14157,#3353);
#2155=LINE('',#14161,#3354);
#2156=LINE('',#14163,#3355);
#2157=LINE('',#14165,#3356);
#2158=LINE('',#14169,#3357);
#2159=LINE('',#14172,#3358);
#2160=LINE('',#14174,#3359);
#2161=LINE('',#14180,#3360);
#2162=LINE('',#14182,#3361);
#2163=LINE('',#14184,#3362);
#2164=LINE('',#14191,#3363);
#2165=LINE('',#14193,#3364);
#2166=LINE('',#14195,#3365);
#2167=LINE('',#14199,#3366);
#2168=LINE('',#14203,#3367);
#2169=LINE('',#14205,#3368);
#2170=LINE('',#14207,#3369);
#2171=LINE('',#14213,#3370);
#2172=LINE('',#14215,#3371);
#2173=LINE('',#14217,#3372);
#2174=LINE('',#14224,#3373);
#2175=LINE('',#14226,#3374);
#2176=LINE('',#14232,#3375);
#2177=LINE('',#14234,#3376);
#2178=LINE('',#14236,#3377);
#2179=LINE('',#14242,#3378);
#2180=LINE('',#14243,#3379);
#2181=LINE('',#14247,#3380);
#2182=LINE('',#14250,#3381);
#2183=LINE('',#14254,#3382);
#2184=LINE('',#14256,#3383);
#2185=LINE('',#14262,#3384);
#2186=LINE('',#14264,#3385);
#2187=LINE('',#14266,#3386);
#2188=LINE('',#14272,#3387);
#2189=LINE('',#14274,#3388);
#2190=LINE('',#14276,#3389);
#2191=LINE('',#14280,#3390);
#2192=LINE('',#14283,#3391);
#2193=LINE('',#14285,#3392);
#2194=LINE('',#14286,#3393);
#2195=LINE('',#14288,#3394);
#2196=LINE('',#14289,#3395);
#2197=LINE('',#14291,#3396);
#2198=LINE('',#14292,#3397);
#2199=LINE('',#14296,#3398);
#2200=LINE('',#14298,#3399);
#2201=LINE('',#14300,#3400);
#2202=LINE('',#14301,#3401);
#2203=LINE('',#14305,#3402);
#2204=LINE('',#14306,#3403);
#2205=LINE('',#14308,#3404);
#2206=LINE('',#14311,#3405);
#2207=LINE('',#14313,#3406);
#2208=LINE('',#14315,#3407);
#2209=LINE('',#14317,#3408);
#2210=LINE('',#14319,#3409);
#2211=LINE('',#14323,#3410);
#2212=LINE('',#14324,#3411);
#2213=LINE('',#14329,#3412);
#2214=LINE('',#14331,#3413);
#2215=LINE('',#14335,#3414);
#2216=LINE('',#14337,#3415);
#2217=LINE('',#14339,#3416);
#2218=LINE('',#14341,#3417);
#2219=LINE('',#14343,#3418);
#2220=LINE('',#14345,#3419);
#2221=LINE('',#14349,#3420);
#2222=LINE('',#14350,#3421);
#2223=LINE('',#14357,#3422);
#2224=LINE('',#14359,#3423);
#2225=LINE('',#14361,#3424);
#2226=LINE('',#14362,#3425);
#2227=LINE('',#14364,#3426);
#2228=LINE('',#14366,#3427);
#2229=LINE('',#14370,#3428);
#2230=LINE('',#14372,#3429);
#2231=LINE('',#14374,#3430);
#2232=LINE('',#14376,#3431);
#2233=LINE('',#14382,#3432);
#2234=LINE('',#14383,#3433);
#2235=LINE('',#14385,#3434);
#2236=LINE('',#14388,#3435);
#2237=LINE('',#14390,#3436);
#2238=LINE('',#14392,#3437);
#2239=LINE('',#14396,#3438);
#2240=LINE('',#14398,#3439);
#2241=LINE('',#14400,#3440);
#2242=LINE('',#14401,#3441);
#2243=LINE('',#14403,#3442);
#2244=LINE('',#14404,#3443);
#2245=LINE('',#14418,#3444);
#2246=LINE('',#14420,#3445);
#2247=LINE('',#14422,#3446);
#2248=LINE('',#14423,#3447);
#2249=LINE('',#14426,#3448);
#2250=LINE('',#14428,#3449);
#2251=LINE('',#14429,#3450);
#2252=LINE('',#14432,#3451);
#2253=LINE('',#14434,#3452);
#2254=LINE('',#14435,#3453);
#2255=LINE('',#14437,#3454);
#2256=LINE('',#14438,#3455);
#2257=LINE('',#14445,#3456);
#2258=LINE('',#14447,#3457);
#2259=LINE('',#14449,#3458);
#2260=LINE('',#14450,#3459);
#2261=LINE('',#14453,#3460);
#2262=LINE('',#14455,#3461);
#2263=LINE('',#14456,#3462);
#2264=LINE('',#14459,#3463);
#2265=LINE('',#14461,#3464);
#2266=LINE('',#14462,#3465);
#2267=LINE('',#14464,#3466);
#2268=LINE('',#14465,#3467);
#2269=LINE('',#14472,#3468);
#2270=LINE('',#14474,#3469);
#2271=LINE('',#14476,#3470);
#2272=LINE('',#14477,#3471);
#2273=LINE('',#14480,#3472);
#2274=LINE('',#14482,#3473);
#2275=LINE('',#14483,#3474);
#2276=LINE('',#14486,#3475);
#2277=LINE('',#14488,#3476);
#2278=LINE('',#14489,#3477);
#2279=LINE('',#14491,#3478);
#2280=LINE('',#14492,#3479);
#2281=LINE('',#14499,#3480);
#2282=LINE('',#14501,#3481);
#2283=LINE('',#14503,#3482);
#2284=LINE('',#14504,#3483);
#2285=LINE('',#14507,#3484);
#2286=LINE('',#14509,#3485);
#2287=LINE('',#14510,#3486);
#2288=LINE('',#14513,#3487);
#2289=LINE('',#14515,#3488);
#2290=LINE('',#14516,#3489);
#2291=LINE('',#14518,#3490);
#2292=LINE('',#14519,#3491);
#2293=LINE('',#14527,#3492);
#2294=LINE('',#14529,#3493);
#2295=LINE('',#14531,#3494);
#2296=LINE('',#14532,#3495);
#2297=LINE('',#14535,#3496);
#2298=LINE('',#14537,#3497);
#2299=LINE('',#14538,#3498);
#2300=LINE('',#14542,#3499);
#2301=LINE('',#14543,#3500);
#2302=LINE('',#14544,#3501);
#2303=LINE('',#14548,#3502);
#2304=LINE('',#14550,#3503);
#2305=LINE('',#14552,#3504);
#2306=LINE('',#14553,#3505);
#2307=LINE('',#14556,#3506);
#2308=LINE('',#14558,#3507);
#2309=LINE('',#14559,#3508);
#2310=LINE('',#14563,#3509);
#2311=LINE('',#14565,#3510);
#2312=LINE('',#14567,#3511);
#2313=LINE('',#14568,#3512);
#2314=LINE('',#14572,#3513);
#2315=LINE('',#14574,#3514);
#2316=LINE('',#14576,#3515);
#2317=LINE('',#14577,#3516);
#2318=LINE('',#14581,#3517);
#2319=LINE('',#14583,#3518);
#2320=LINE('',#14585,#3519);
#2321=LINE('',#14586,#3520);
#2322=LINE('',#14588,#3521);
#2323=LINE('',#14589,#3522);
#2324=LINE('',#14594,#3523);
#2325=LINE('',#14600,#3524);
#2326=LINE('',#14606,#3525);
#2327=LINE('',#14612,#3526);
#2328=LINE('',#14617,#3527);
#2329=LINE('',#14619,#3528);
#2330=LINE('',#14621,#3529);
#2331=LINE('',#14622,#3530);
#2332=LINE('',#14625,#3531);
#2333=LINE('',#14627,#3532);
#2334=LINE('',#14628,#3533);
#2335=LINE('',#14631,#3534);
#2336=LINE('',#14633,#3535);
#2337=LINE('',#14634,#3536);
#2338=LINE('',#14636,#3537);
#2339=LINE('',#14637,#3538);
#2340=LINE('',#14641,#3539);
#2341=LINE('',#14643,#3540);
#2342=LINE('',#14645,#3541);
#2343=LINE('',#14646,#3542);
#2344=LINE('',#14649,#3543);
#2345=LINE('',#14651,#3544);
#2346=LINE('',#14652,#3545);
#2347=LINE('',#14655,#3546);
#2348=LINE('',#14657,#3547);
#2349=LINE('',#14658,#3548);
#2350=LINE('',#14660,#3549);
#2351=LINE('',#14661,#3550);
#2352=LINE('',#14665,#3551);
#2353=LINE('',#14667,#3552);
#2354=LINE('',#14669,#3553);
#2355=LINE('',#14670,#3554);
#2356=LINE('',#14673,#3555);
#2357=LINE('',#14675,#3556);
#2358=LINE('',#14676,#3557);
#2359=LINE('',#14679,#3558);
#2360=LINE('',#14681,#3559);
#2361=LINE('',#14682,#3560);
#2362=LINE('',#14685,#3561);
#2363=LINE('',#14687,#3562);
#2364=LINE('',#14688,#3563);
#2365=LINE('',#14691,#3564);
#2366=LINE('',#14693,#3565);
#2367=LINE('',#14694,#3566);
#2368=LINE('',#14696,#3567);
#2369=LINE('',#14697,#3568);
#2370=LINE('',#14700,#3569);
#2371=LINE('',#14702,#3570);
#2372=LINE('',#14703,#3571);
#2373=LINE('',#14706,#3572);
#2374=LINE('',#14708,#3573);
#2375=LINE('',#14709,#3574);
#2376=LINE('',#14712,#3575);
#2377=LINE('',#14714,#3576);
#2378=LINE('',#14715,#3577);
#2379=LINE('',#14717,#3578);
#2380=LINE('',#14718,#3579);
#2381=LINE('',#14721,#3580);
#2382=LINE('',#14723,#3581);
#2383=LINE('',#14724,#3582);
#2384=LINE('',#14727,#3583);
#2385=LINE('',#14729,#3584);
#2386=LINE('',#14730,#3585);
#2387=LINE('',#14733,#3586);
#2388=LINE('',#14735,#3587);
#2389=LINE('',#14736,#3588);
#2390=LINE('',#14739,#3589);
#2391=LINE('',#14741,#3590);
#2392=LINE('',#14742,#3591);
#2393=LINE('',#14744,#3592);
#2394=LINE('',#14745,#3593);
#2395=LINE('',#14749,#3594);
#2396=LINE('',#14751,#3595);
#2397=LINE('',#14753,#3596);
#2398=LINE('',#14754,#3597);
#2399=LINE('',#14757,#3598);
#2400=LINE('',#14759,#3599);
#2401=LINE('',#14760,#3600);
#2402=LINE('',#14763,#3601);
#2403=LINE('',#14765,#3602);
#2404=LINE('',#14766,#3603);
#2405=LINE('',#14769,#3604);
#2406=LINE('',#14771,#3605);
#2407=LINE('',#14772,#3606);
#2408=LINE('',#14775,#3607);
#2409=LINE('',#14777,#3608);
#2410=LINE('',#14778,#3609);
#2411=LINE('',#14781,#3610);
#2412=LINE('',#14783,#3611);
#2413=LINE('',#14784,#3612);
#2414=LINE('',#14787,#3613);
#2415=LINE('',#14789,#3614);
#2416=LINE('',#14790,#3615);
#2417=LINE('',#14793,#3616);
#2418=LINE('',#14795,#3617);
#2419=LINE('',#14796,#3618);
#2420=LINE('',#14799,#3619);
#2421=LINE('',#14801,#3620);
#2422=LINE('',#14802,#3621);
#2423=LINE('',#14805,#3622);
#2424=LINE('',#14807,#3623);
#2425=LINE('',#14808,#3624);
#2426=LINE('',#14811,#3625);
#2427=LINE('',#14813,#3626);
#2428=LINE('',#14814,#3627);
#2429=LINE('',#14816,#3628);
#2430=LINE('',#14817,#3629);
#2431=LINE('',#14821,#3630);
#2432=LINE('',#14823,#3631);
#2433=LINE('',#14825,#3632);
#2434=LINE('',#14826,#3633);
#2435=LINE('',#14829,#3634);
#2436=LINE('',#14831,#3635);
#2437=LINE('',#14832,#3636);
#2438=LINE('',#14835,#3637);
#2439=LINE('',#14837,#3638);
#2440=LINE('',#14838,#3639);
#2441=LINE('',#14841,#3640);
#2442=LINE('',#14843,#3641);
#2443=LINE('',#14844,#3642);
#2444=LINE('',#14847,#3643);
#2445=LINE('',#14849,#3644);
#2446=LINE('',#14850,#3645);
#2447=LINE('',#14853,#3646);
#2448=LINE('',#14855,#3647);
#2449=LINE('',#14856,#3648);
#2450=LINE('',#14859,#3649);
#2451=LINE('',#14861,#3650);
#2452=LINE('',#14862,#3651);
#2453=LINE('',#14865,#3652);
#2454=LINE('',#14867,#3653);
#2455=LINE('',#14868,#3654);
#2456=LINE('',#14871,#3655);
#2457=LINE('',#14873,#3656);
#2458=LINE('',#14874,#3657);
#2459=LINE('',#14877,#3658);
#2460=LINE('',#14879,#3659);
#2461=LINE('',#14880,#3660);
#2462=LINE('',#14883,#3661);
#2463=LINE('',#14885,#3662);
#2464=LINE('',#14886,#3663);
#2465=LINE('',#14888,#3664);
#2466=LINE('',#14889,#3665);
#2467=LINE('',#14892,#3666);
#2468=LINE('',#14894,#3667);
#2469=LINE('',#14895,#3668);
#2470=LINE('',#14898,#3669);
#2471=LINE('',#14900,#3670);
#2472=LINE('',#14901,#3671);
#2473=LINE('',#14904,#3672);
#2474=LINE('',#14906,#3673);
#2475=LINE('',#14907,#3674);
#2476=LINE('',#14910,#3675);
#2477=LINE('',#14912,#3676);
#2478=LINE('',#14913,#3677);
#2479=LINE('',#14915,#3678);
#2480=LINE('',#14916,#3679);
#2481=LINE('',#14919,#3680);
#2482=LINE('',#14921,#3681);
#2483=LINE('',#14922,#3682);
#2484=LINE('',#14925,#3683);
#2485=LINE('',#14927,#3684);
#2486=LINE('',#14928,#3685);
#2487=LINE('',#14931,#3686);
#2488=LINE('',#14933,#3687);
#2489=LINE('',#14934,#3688);
#2490=LINE('',#14937,#3689);
#2491=LINE('',#14939,#3690);
#2492=LINE('',#14940,#3691);
#2493=LINE('',#14943,#3692);
#2494=LINE('',#14945,#3693);
#2495=LINE('',#14946,#3694);
#2496=LINE('',#14949,#3695);
#2497=LINE('',#14951,#3696);
#2498=LINE('',#14952,#3697);
#2499=LINE('',#14955,#3698);
#2500=LINE('',#14957,#3699);
#2501=LINE('',#14958,#3700);
#2502=LINE('',#14961,#3701);
#2503=LINE('',#14963,#3702);
#2504=LINE('',#14964,#3703);
#2505=LINE('',#14967,#3704);
#2506=LINE('',#14969,#3705);
#2507=LINE('',#14970,#3706);
#2508=LINE('',#14973,#3707);
#2509=LINE('',#14975,#3708);
#2510=LINE('',#14976,#3709);
#2511=LINE('',#14978,#3710);
#2512=LINE('',#14979,#3711);
#2513=LINE('',#14983,#3712);
#2514=LINE('',#14985,#3713);
#2515=LINE('',#14987,#3714);
#2516=LINE('',#14988,#3715);
#2517=LINE('',#14991,#3716);
#2518=LINE('',#14993,#3717);
#2519=LINE('',#14994,#3718);
#2520=LINE('',#14997,#3719);
#2521=LINE('',#14999,#3720);
#2522=LINE('',#15000,#3721);
#2523=LINE('',#15002,#3722);
#2524=LINE('',#15003,#3723);
#2525=LINE('',#15010,#3724);
#2526=LINE('',#15012,#3725);
#2527=LINE('',#15014,#3726);
#2528=LINE('',#15015,#3727);
#2529=LINE('',#15018,#3728);
#2530=LINE('',#15020,#3729);
#2531=LINE('',#15021,#3730);
#2532=LINE('',#15024,#3731);
#2533=LINE('',#15026,#3732);
#2534=LINE('',#15027,#3733);
#2535=LINE('',#15029,#3734);
#2536=LINE('',#15030,#3735);
#2537=LINE('',#15037,#3736);
#2538=LINE('',#15039,#3737);
#2539=LINE('',#15041,#3738);
#2540=LINE('',#15042,#3739);
#2541=LINE('',#15045,#3740);
#2542=LINE('',#15047,#3741);
#2543=LINE('',#15048,#3742);
#2544=LINE('',#15051,#3743);
#2545=LINE('',#15053,#3744);
#2546=LINE('',#15054,#3745);
#2547=LINE('',#15056,#3746);
#2548=LINE('',#15057,#3747);
#2549=LINE('',#15064,#3748);
#2550=LINE('',#15066,#3749);
#2551=LINE('',#15068,#3750);
#2552=LINE('',#15069,#3751);
#2553=LINE('',#15072,#3752);
#2554=LINE('',#15074,#3753);
#2555=LINE('',#15075,#3754);
#2556=LINE('',#15078,#3755);
#2557=LINE('',#15080,#3756);
#2558=LINE('',#15081,#3757);
#2559=LINE('',#15083,#3758);
#2560=LINE('',#15084,#3759);
#2561=LINE('',#15093,#3760);
#2562=LINE('',#15095,#3761);
#2563=LINE('',#15097,#3762);
#2564=LINE('',#15098,#3763);
#2565=LINE('',#15102,#3764);
#2566=LINE('',#15104,#3765);
#2567=LINE('',#15106,#3766);
#2568=LINE('',#15110,#3767);
#2569=LINE('',#15113,#3768);
#2570=LINE('',#15115,#3769);
#2571=LINE('',#15121,#3770);
#2572=LINE('',#15123,#3771);
#2573=LINE('',#15125,#3772);
#2574=LINE('',#15132,#3773);
#2575=LINE('',#15134,#3774);
#2576=LINE('',#15136,#3775);
#2577=LINE('',#15140,#3776);
#2578=LINE('',#15144,#3777);
#2579=LINE('',#15146,#3778);
#2580=LINE('',#15148,#3779);
#2581=LINE('',#15154,#3780);
#2582=LINE('',#15156,#3781);
#2583=LINE('',#15158,#3782);
#2584=LINE('',#15165,#3783);
#2585=LINE('',#15167,#3784);
#2586=LINE('',#15173,#3785);
#2587=LINE('',#15175,#3786);
#2588=LINE('',#15177,#3787);
#2589=LINE('',#15183,#3788);
#2590=LINE('',#15184,#3789);
#2591=LINE('',#15188,#3790);
#2592=LINE('',#15191,#3791);
#2593=LINE('',#15195,#3792);
#2594=LINE('',#15197,#3793);
#2595=LINE('',#15203,#3794);
#2596=LINE('',#15205,#3795);
#2597=LINE('',#15207,#3796);
#2598=LINE('',#15213,#3797);
#2599=LINE('',#15215,#3798);
#2600=LINE('',#15217,#3799);
#2601=LINE('',#15221,#3800);
#2602=LINE('',#15224,#3801);
#2603=LINE('',#15226,#3802);
#2604=LINE('',#15227,#3803);
#2605=LINE('',#15229,#3804);
#2606=LINE('',#15230,#3805);
#2607=LINE('',#15232,#3806);
#2608=LINE('',#15233,#3807);
#2609=LINE('',#15237,#3808);
#2610=LINE('',#15239,#3809);
#2611=LINE('',#15241,#3810);
#2612=LINE('',#15242,#3811);
#2613=LINE('',#15246,#3812);
#2614=LINE('',#15247,#3813);
#2615=LINE('',#15249,#3814);
#2616=LINE('',#15252,#3815);
#2617=LINE('',#15254,#3816);
#2618=LINE('',#15256,#3817);
#2619=LINE('',#15258,#3818);
#2620=LINE('',#15260,#3819);
#2621=LINE('',#15264,#3820);
#2622=LINE('',#15265,#3821);
#2623=LINE('',#15270,#3822);
#2624=LINE('',#15272,#3823);
#2625=LINE('',#15276,#3824);
#2626=LINE('',#15278,#3825);
#2627=LINE('',#15280,#3826);
#2628=LINE('',#15282,#3827);
#2629=LINE('',#15284,#3828);
#2630=LINE('',#15286,#3829);
#2631=LINE('',#15290,#3830);
#2632=LINE('',#15291,#3831);
#2633=LINE('',#15298,#3832);
#2634=LINE('',#15300,#3833);
#2635=LINE('',#15302,#3834);
#2636=LINE('',#15303,#3835);
#2637=LINE('',#15305,#3836);
#2638=LINE('',#15307,#3837);
#2639=LINE('',#15311,#3838);
#2640=LINE('',#15313,#3839);
#2641=LINE('',#15315,#3840);
#2642=LINE('',#15317,#3841);
#2643=LINE('',#15323,#3842);
#2644=LINE('',#15324,#3843);
#2645=LINE('',#15326,#3844);
#2646=LINE('',#15329,#3845);
#2647=LINE('',#15331,#3846);
#2648=LINE('',#15333,#3847);
#2649=LINE('',#15337,#3848);
#2650=LINE('',#15339,#3849);
#2651=LINE('',#15341,#3850);
#2652=LINE('',#15342,#3851);
#2653=LINE('',#15344,#3852);
#2654=LINE('',#15345,#3853);
#2655=LINE('',#15359,#3854);
#2656=LINE('',#15361,#3855);
#2657=LINE('',#15363,#3856);
#2658=LINE('',#15364,#3857);
#2659=LINE('',#15367,#3858);
#2660=LINE('',#15369,#3859);
#2661=LINE('',#15370,#3860);
#2662=LINE('',#15373,#3861);
#2663=LINE('',#15375,#3862);
#2664=LINE('',#15376,#3863);
#2665=LINE('',#15378,#3864);
#2666=LINE('',#15379,#3865);
#2667=LINE('',#15387,#3866);
#2668=LINE('',#15389,#3867);
#2669=LINE('',#15391,#3868);
#2670=LINE('',#15392,#3869);
#2671=LINE('',#15395,#3870);
#2672=LINE('',#15397,#3871);
#2673=LINE('',#15398,#3872);
#2674=LINE('',#15402,#3873);
#2675=LINE('',#15403,#3874);
#2676=LINE('',#15404,#3875);
#2677=LINE('',#15408,#3876);
#2678=LINE('',#15410,#3877);
#2679=LINE('',#15412,#3878);
#2680=LINE('',#15413,#3879);
#2681=LINE('',#15416,#3880);
#2682=LINE('',#15418,#3881);
#2683=LINE('',#15419,#3882);
#2684=LINE('',#15423,#3883);
#2685=LINE('',#15425,#3884);
#2686=LINE('',#15427,#3885);
#2687=LINE('',#15428,#3886);
#2688=LINE('',#15432,#3887);
#2689=LINE('',#15434,#3888);
#2690=LINE('',#15436,#3889);
#2691=LINE('',#15437,#3890);
#2692=LINE('',#15441,#3891);
#2693=LINE('',#15443,#3892);
#2694=LINE('',#15445,#3893);
#2695=LINE('',#15446,#3894);
#2696=LINE('',#15448,#3895);
#2697=LINE('',#15449,#3896);
#2698=LINE('',#15454,#3897);
#2699=LINE('',#15460,#3898);
#2700=LINE('',#15466,#3899);
#2701=LINE('',#15472,#3900);
#2702=LINE('',#15477,#3901);
#2703=LINE('',#15479,#3902);
#2704=LINE('',#15481,#3903);
#2705=LINE('',#15482,#3904);
#2706=LINE('',#15485,#3905);
#2707=LINE('',#15487,#3906);
#2708=LINE('',#15488,#3907);
#2709=LINE('',#15491,#3908);
#2710=LINE('',#15493,#3909);
#2711=LINE('',#15494,#3910);
#2712=LINE('',#15496,#3911);
#2713=LINE('',#15497,#3912);
#2714=LINE('',#15501,#3913);
#2715=LINE('',#15503,#3914);
#2716=LINE('',#15505,#3915);
#2717=LINE('',#15506,#3916);
#2718=LINE('',#15509,#3917);
#2719=LINE('',#15511,#3918);
#2720=LINE('',#15512,#3919);
#2721=LINE('',#15515,#3920);
#2722=LINE('',#15517,#3921);
#2723=LINE('',#15518,#3922);
#2724=LINE('',#15521,#3923);
#2725=LINE('',#15523,#3924);
#2726=LINE('',#15524,#3925);
#2727=LINE('',#15527,#3926);
#2728=LINE('',#15529,#3927);
#2729=LINE('',#15530,#3928);
#2730=LINE('',#15533,#3929);
#2731=LINE('',#15535,#3930);
#2732=LINE('',#15536,#3931);
#2733=LINE('',#15539,#3932);
#2734=LINE('',#15541,#3933);
#2735=LINE('',#15542,#3934);
#2736=LINE('',#15545,#3935);
#2737=LINE('',#15547,#3936);
#2738=LINE('',#15548,#3937);
#2739=LINE('',#15551,#3938);
#2740=LINE('',#15553,#3939);
#2741=LINE('',#15554,#3940);
#2742=LINE('',#15557,#3941);
#2743=LINE('',#15559,#3942);
#2744=LINE('',#15560,#3943);
#2745=LINE('',#15563,#3944);
#2746=LINE('',#15565,#3945);
#2747=LINE('',#15566,#3946);
#2748=LINE('',#15568,#3947);
#2749=LINE('',#15569,#3948);
#2750=LINE('',#15573,#3949);
#2751=LINE('',#15575,#3950);
#2752=LINE('',#15577,#3951);
#2753=LINE('',#15578,#3952);
#2754=LINE('',#15581,#3953);
#2755=LINE('',#15583,#3954);
#2756=LINE('',#15584,#3955);
#2757=LINE('',#15587,#3956);
#2758=LINE('',#15589,#3957);
#2759=LINE('',#15590,#3958);
#2760=LINE('',#15593,#3959);
#2761=LINE('',#15595,#3960);
#2762=LINE('',#15596,#3961);
#2763=LINE('',#15599,#3962);
#2764=LINE('',#15601,#3963);
#2765=LINE('',#15602,#3964);
#2766=LINE('',#15605,#3965);
#2767=LINE('',#15607,#3966);
#2768=LINE('',#15608,#3967);
#2769=LINE('',#15611,#3968);
#2770=LINE('',#15613,#3969);
#2771=LINE('',#15614,#3970);
#2772=LINE('',#15617,#3971);
#2773=LINE('',#15619,#3972);
#2774=LINE('',#15620,#3973);
#2775=LINE('',#15623,#3974);
#2776=LINE('',#15625,#3975);
#2777=LINE('',#15626,#3976);
#2778=LINE('',#15629,#3977);
#2779=LINE('',#15631,#3978);
#2780=LINE('',#15632,#3979);
#2781=LINE('',#15635,#3980);
#2782=LINE('',#15637,#3981);
#2783=LINE('',#15638,#3982);
#2784=LINE('',#15640,#3983);
#2785=LINE('',#15641,#3984);
#2786=LINE('',#15645,#3985);
#2787=LINE('',#15647,#3986);
#2788=LINE('',#15649,#3987);
#2789=LINE('',#15650,#3988);
#2790=LINE('',#15653,#3989);
#2791=LINE('',#15655,#3990);
#2792=LINE('',#15656,#3991);
#2793=LINE('',#15659,#3992);
#2794=LINE('',#15661,#3993);
#2795=LINE('',#15662,#3994);
#2796=LINE('',#15665,#3995);
#2797=LINE('',#15667,#3996);
#2798=LINE('',#15668,#3997);
#2799=LINE('',#15671,#3998);
#2800=LINE('',#15673,#3999);
#2801=LINE('',#15674,#4000);
#2802=LINE('',#15676,#4001);
#2803=LINE('',#15677,#4002);
#2804=LINE('',#15680,#4003);
#2805=LINE('',#15682,#4004);
#2806=LINE('',#15683,#4005);
#2807=LINE('',#15686,#4006);
#2808=LINE('',#15688,#4007);
#2809=LINE('',#15689,#4008);
#2810=LINE('',#15692,#4009);
#2811=LINE('',#15694,#4010);
#2812=LINE('',#15695,#4011);
#2813=LINE('',#15697,#4012);
#2814=LINE('',#15698,#4013);
#2815=LINE('',#15701,#4014);
#2816=LINE('',#15703,#4015);
#2817=LINE('',#15704,#4016);
#2818=LINE('',#15707,#4017);
#2819=LINE('',#15709,#4018);
#2820=LINE('',#15710,#4019);
#2821=LINE('',#15713,#4020);
#2822=LINE('',#15715,#4021);
#2823=LINE('',#15716,#4022);
#2824=LINE('',#15719,#4023);
#2825=LINE('',#15721,#4024);
#2826=LINE('',#15722,#4025);
#2827=LINE('',#15724,#4026);
#2828=LINE('',#15725,#4027);
#2829=LINE('',#15729,#4028);
#2830=LINE('',#15731,#4029);
#2831=LINE('',#15733,#4030);
#2832=LINE('',#15734,#4031);
#2833=LINE('',#15737,#4032);
#2834=LINE('',#15739,#4033);
#2835=LINE('',#15740,#4034);
#2836=LINE('',#15743,#4035);
#2837=LINE('',#15745,#4036);
#2838=LINE('',#15746,#4037);
#2839=LINE('',#15748,#4038);
#2840=LINE('',#15749,#4039);
#2841=LINE('',#15752,#4040);
#2842=LINE('',#15754,#4041);
#2843=LINE('',#15755,#4042);
#2844=LINE('',#15758,#4043);
#2845=LINE('',#15760,#4044);
#2846=LINE('',#15761,#4045);
#2847=LINE('',#15764,#4046);
#2848=LINE('',#15766,#4047);
#2849=LINE('',#15767,#4048);
#2850=LINE('',#15770,#4049);
#2851=LINE('',#15772,#4050);
#2852=LINE('',#15773,#4051);
#2853=LINE('',#15775,#4052);
#2854=LINE('',#15776,#4053);
#2855=LINE('',#15779,#4054);
#2856=LINE('',#15781,#4055);
#2857=LINE('',#15782,#4056);
#2858=LINE('',#15785,#4057);
#2859=LINE('',#15787,#4058);
#2860=LINE('',#15788,#4059);
#2861=LINE('',#15791,#4060);
#2862=LINE('',#15793,#4061);
#2863=LINE('',#15794,#4062);
#2864=LINE('',#15797,#4063);
#2865=LINE('',#15799,#4064);
#2866=LINE('',#15800,#4065);
#2867=LINE('',#15803,#4066);
#2868=LINE('',#15805,#4067);
#2869=LINE('',#15806,#4068);
#2870=LINE('',#15809,#4069);
#2871=LINE('',#15811,#4070);
#2872=LINE('',#15812,#4071);
#2873=LINE('',#15815,#4072);
#2874=LINE('',#15817,#4073);
#2875=LINE('',#15818,#4074);
#2876=LINE('',#15821,#4075);
#2877=LINE('',#15823,#4076);
#2878=LINE('',#15824,#4077);
#2879=LINE('',#15827,#4078);
#2880=LINE('',#15829,#4079);
#2881=LINE('',#15830,#4080);
#2882=LINE('',#15833,#4081);
#2883=LINE('',#15835,#4082);
#2884=LINE('',#15836,#4083);
#2885=LINE('',#15838,#4084);
#2886=LINE('',#15839,#4085);
#2887=LINE('',#15843,#4086);
#2888=LINE('',#15845,#4087);
#2889=LINE('',#15847,#4088);
#2890=LINE('',#15848,#4089);
#2891=LINE('',#15851,#4090);
#2892=LINE('',#15853,#4091);
#2893=LINE('',#15854,#4092);
#2894=LINE('',#15857,#4093);
#2895=LINE('',#15859,#4094);
#2896=LINE('',#15860,#4095);
#2897=LINE('',#15862,#4096);
#2898=LINE('',#15863,#4097);
#2899=LINE('',#15870,#4098);
#2900=LINE('',#15872,#4099);
#2901=LINE('',#15874,#4100);
#2902=LINE('',#15875,#4101);
#2903=LINE('',#15878,#4102);
#2904=LINE('',#15880,#4103);
#2905=LINE('',#15881,#4104);
#2906=LINE('',#15884,#4105);
#2907=LINE('',#15886,#4106);
#2908=LINE('',#15887,#4107);
#2909=LINE('',#15889,#4108);
#2910=LINE('',#15890,#4109);
#2911=LINE('',#15897,#4110);
#2912=LINE('',#15899,#4111);
#2913=LINE('',#15901,#4112);
#2914=LINE('',#15902,#4113);
#2915=LINE('',#15905,#4114);
#2916=LINE('',#15907,#4115);
#2917=LINE('',#15908,#4116);
#2918=LINE('',#15911,#4117);
#2919=LINE('',#15913,#4118);
#2920=LINE('',#15914,#4119);
#2921=LINE('',#15916,#4120);
#2922=LINE('',#15917,#4121);
#2923=LINE('',#15924,#4122);
#2924=LINE('',#15926,#4123);
#2925=LINE('',#15928,#4124);
#2926=LINE('',#15929,#4125);
#2927=LINE('',#15932,#4126);
#2928=LINE('',#15934,#4127);
#2929=LINE('',#15935,#4128);
#2930=LINE('',#15938,#4129);
#2931=LINE('',#15940,#4130);
#2932=LINE('',#15941,#4131);
#2933=LINE('',#15943,#4132);
#2934=LINE('',#15944,#4133);
#2935=LINE('',#15953,#4134);
#2936=LINE('',#15955,#4135);
#2937=LINE('',#15957,#4136);
#2938=LINE('',#15958,#4137);
#2939=LINE('',#15962,#4138);
#2940=LINE('',#15964,#4139);
#2941=LINE('',#15966,#4140);
#2942=LINE('',#15970,#4141);
#2943=LINE('',#15973,#4142);
#2944=LINE('',#15975,#4143);
#2945=LINE('',#15981,#4144);
#2946=LINE('',#15983,#4145);
#2947=LINE('',#15985,#4146);
#2948=LINE('',#15992,#4147);
#2949=LINE('',#15994,#4148);
#2950=LINE('',#15996,#4149);
#2951=LINE('',#16000,#4150);
#2952=LINE('',#16004,#4151);
#2953=LINE('',#16006,#4152);
#2954=LINE('',#16008,#4153);
#2955=LINE('',#16014,#4154);
#2956=LINE('',#16016,#4155);
#2957=LINE('',#16018,#4156);
#2958=LINE('',#16025,#4157);
#2959=LINE('',#16027,#4158);
#2960=LINE('',#16033,#4159);
#2961=LINE('',#16035,#4160);
#2962=LINE('',#16037,#4161);
#2963=LINE('',#16043,#4162);
#2964=LINE('',#16044,#4163);
#2965=LINE('',#16048,#4164);
#2966=LINE('',#16051,#4165);
#2967=LINE('',#16055,#4166);
#2968=LINE('',#16057,#4167);
#2969=LINE('',#16063,#4168);
#2970=LINE('',#16065,#4169);
#2971=LINE('',#16067,#4170);
#2972=LINE('',#16073,#4171);
#2973=LINE('',#16075,#4172);
#2974=LINE('',#16077,#4173);
#2975=LINE('',#16081,#4174);
#2976=LINE('',#16084,#4175);
#2977=LINE('',#16086,#4176);
#2978=LINE('',#16087,#4177);
#2979=LINE('',#16089,#4178);
#2980=LINE('',#16090,#4179);
#2981=LINE('',#16092,#4180);
#2982=LINE('',#16093,#4181);
#2983=LINE('',#16097,#4182);
#2984=LINE('',#16099,#4183);
#2985=LINE('',#16101,#4184);
#2986=LINE('',#16102,#4185);
#2987=LINE('',#16106,#4186);
#2988=LINE('',#16107,#4187);
#2989=LINE('',#16109,#4188);
#2990=LINE('',#16112,#4189);
#2991=LINE('',#16114,#4190);
#2992=LINE('',#16116,#4191);
#2993=LINE('',#16118,#4192);
#2994=LINE('',#16120,#4193);
#2995=LINE('',#16124,#4194);
#2996=LINE('',#16125,#4195);
#2997=LINE('',#16130,#4196);
#2998=LINE('',#16132,#4197);
#2999=LINE('',#16136,#4198);
#3000=LINE('',#16138,#4199);
#3001=LINE('',#16140,#4200);
#3002=LINE('',#16142,#4201);
#3003=LINE('',#16144,#4202);
#3004=LINE('',#16146,#4203);
#3005=LINE('',#16150,#4204);
#3006=LINE('',#16151,#4205);
#3007=LINE('',#16158,#4206);
#3008=LINE('',#16160,#4207);
#3009=LINE('',#16162,#4208);
#3010=LINE('',#16163,#4209);
#3011=LINE('',#16165,#4210);
#3012=LINE('',#16167,#4211);
#3013=LINE('',#16171,#4212);
#3014=LINE('',#16173,#4213);
#3015=LINE('',#16175,#4214);
#3016=LINE('',#16177,#4215);
#3017=LINE('',#16183,#4216);
#3018=LINE('',#16184,#4217);
#3019=LINE('',#16186,#4218);
#3020=LINE('',#16189,#4219);
#3021=LINE('',#16191,#4220);
#3022=LINE('',#16193,#4221);
#3023=LINE('',#16197,#4222);
#3024=LINE('',#16199,#4223);
#3025=LINE('',#16201,#4224);
#3026=LINE('',#16202,#4225);
#3027=LINE('',#16204,#4226);
#3028=LINE('',#16205,#4227);
#3029=LINE('',#16219,#4228);
#3030=LINE('',#16221,#4229);
#3031=LINE('',#16223,#4230);
#3032=LINE('',#16224,#4231);
#3033=LINE('',#16227,#4232);
#3034=LINE('',#16229,#4233);
#3035=LINE('',#16230,#4234);
#3036=LINE('',#16233,#4235);
#3037=LINE('',#16235,#4236);
#3038=LINE('',#16236,#4237);
#3039=LINE('',#16238,#4238);
#3040=LINE('',#16239,#4239);
#3041=LINE('',#16247,#4240);
#3042=VECTOR('',#10873,2.2);
#3043=VECTOR('',#10880,2.2);
#3044=VECTOR('',#10887,2.2);
#3045=VECTOR('',#10894,2.2);
#3046=VECTOR('',#10899,10.);
#3047=VECTOR('',#10900,10.);
#3048=VECTOR('',#10901,10.);
#3049=VECTOR('',#10902,10.);
#3050=VECTOR('',#10905,10.);
#3051=VECTOR('',#10906,10.);
#3052=VECTOR('',#10907,10.);
#3053=VECTOR('',#10910,10.);
#3054=VECTOR('',#10911,10.);
#3055=VECTOR('',#10912,10.);
#3056=VECTOR('',#10915,10.);
#3057=VECTOR('',#10916,10.);
#3058=VECTOR('',#10925,10.);
#3059=VECTOR('',#10926,10.);
#3060=VECTOR('',#10927,10.);
#3061=VECTOR('',#10928,10.);
#3062=VECTOR('',#10931,10.);
#3063=VECTOR('',#10932,10.);
#3064=VECTOR('',#10933,10.);
#3065=VECTOR('',#10936,10.);
#3066=VECTOR('',#10937,10.);
#3067=VECTOR('',#10938,10.);
#3068=VECTOR('',#10941,10.);
#3069=VECTOR('',#10942,10.);
#3070=VECTOR('',#10951,10.);
#3071=VECTOR('',#10952,10.);
#3072=VECTOR('',#10953,10.);
#3073=VECTOR('',#10954,10.);
#3074=VECTOR('',#10957,10.);
#3075=VECTOR('',#10958,10.);
#3076=VECTOR('',#10959,10.);
#3077=VECTOR('',#10962,10.);
#3078=VECTOR('',#10963,10.);
#3079=VECTOR('',#10964,10.);
#3080=VECTOR('',#10967,10.);
#3081=VECTOR('',#10968,10.);
#3082=VECTOR('',#10979,10.);
#3083=VECTOR('',#10980,10.);
#3084=VECTOR('',#10981,10.);
#3085=VECTOR('',#10982,10.);
#3086=VECTOR('',#10985,10.);
#3087=VECTOR('',#10986,10.);
#3088=VECTOR('',#10987,10.);
#3089=VECTOR('',#10990,10.);
#3090=VECTOR('',#10991,10.);
#3091=VECTOR('',#10992,10.);
#3092=VECTOR('',#10995,10.);
#3093=VECTOR('',#10996,10.);
#3094=VECTOR('',#10997,10.);
#3095=VECTOR('',#10998,10.);
#3096=VECTOR('',#11001,10.);
#3097=VECTOR('',#11002,10.);
#3098=VECTOR('',#11003,10.);
#3099=VECTOR('',#11006,10.);
#3100=VECTOR('',#11007,10.);
#3101=VECTOR('',#11008,10.);
#3102=VECTOR('',#11009,10.);
#3103=VECTOR('',#11012,10.);
#3104=VECTOR('',#11013,10.);
#3105=VECTOR('',#11014,10.);
#3106=VECTOR('',#11015,10.);
#3107=VECTOR('',#11018,10.);
#3108=VECTOR('',#11019,10.);
#3109=VECTOR('',#11020,10.);
#3110=VECTOR('',#11021,10.);
#3111=VECTOR('',#11024,10.);
#3112=VECTOR('',#11025,10.);
#3113=VECTOR('',#11030,1.1);
#3114=VECTOR('',#11037,1.1);
#3115=VECTOR('',#11044,1.1);
#3116=VECTOR('',#11051,1.1);
#3117=VECTOR('',#11056,10.);
#3118=VECTOR('',#11057,10.);
#3119=VECTOR('',#11058,10.);
#3120=VECTOR('',#11059,10.);
#3121=VECTOR('',#11062,10.);
#3122=VECTOR('',#11063,10.);
#3123=VECTOR('',#11064,10.);
#3124=VECTOR('',#11067,10.);
#3125=VECTOR('',#11068,10.);
#3126=VECTOR('',#11069,10.);
#3127=VECTOR('',#11072,10.);
#3128=VECTOR('',#11073,10.);
#3129=VECTOR('',#11074,10.);
#3130=VECTOR('',#11077,10.);
#3131=VECTOR('',#11078,10.);
#3132=VECTOR('',#11079,10.);
#3133=VECTOR('',#11082,10.);
#3134=VECTOR('',#11083,10.);
#3135=VECTOR('',#11084,10.);
#3136=VECTOR('',#11087,10.);
#3137=VECTOR('',#11088,10.);
#3138=VECTOR('',#11089,10.);
#3139=VECTOR('',#11092,10.);
#3140=VECTOR('',#11093,10.);
#3141=VECTOR('',#11094,10.);
#3142=VECTOR('',#11097,10.);
#3143=VECTOR('',#11098,10.);
#3144=VECTOR('',#11099,10.);
#3145=VECTOR('',#11102,10.);
#3146=VECTOR('',#11103,10.);
#3147=VECTOR('',#11104,10.);
#3148=VECTOR('',#11107,10.);
#3149=VECTOR('',#11108,10.);
#3150=VECTOR('',#11109,10.);
#3151=VECTOR('',#11112,10.);
#3152=VECTOR('',#11113,10.);
#3153=VECTOR('',#11116,10.);
#3154=VECTOR('',#11117,10.);
#3155=VECTOR('',#11118,10.);
#3156=VECTOR('',#11119,10.);
#3157=VECTOR('',#11122,10.);
#3158=VECTOR('',#11123,10.);
#3159=VECTOR('',#11124,10.);
#3160=VECTOR('',#11127,10.);
#3161=VECTOR('',#11128,10.);
#3162=VECTOR('',#11129,10.);
#3163=VECTOR('',#11132,10.);
#3164=VECTOR('',#11133,10.);
#3165=VECTOR('',#11136,10.);
#3166=VECTOR('',#11137,10.);
#3167=VECTOR('',#11138,10.);
#3168=VECTOR('',#11139,10.);
#3169=VECTOR('',#11142,10.);
#3170=VECTOR('',#11143,10.);
#3171=VECTOR('',#11144,10.);
#3172=VECTOR('',#11147,10.);
#3173=VECTOR('',#11148,10.);
#3174=VECTOR('',#11149,10.);
#3175=VECTOR('',#11152,10.);
#3176=VECTOR('',#11153,10.);
#3177=VECTOR('',#11154,10.);
#3178=VECTOR('',#11157,10.);
#3179=VECTOR('',#11158,10.);
#3180=VECTOR('',#11159,10.);
#3181=VECTOR('',#11162,10.);
#3182=VECTOR('',#11163,10.);
#3183=VECTOR('',#11164,10.);
#3184=VECTOR('',#11167,10.);
#3185=VECTOR('',#11168,10.);
#3186=VECTOR('',#11169,10.);
#3187=VECTOR('',#11172,10.);
#3188=VECTOR('',#11173,10.);
#3189=VECTOR('',#11174,10.);
#3190=VECTOR('',#11177,10.);
#3191=VECTOR('',#11178,10.);
#3192=VECTOR('',#11179,10.);
#3193=VECTOR('',#11182,10.);
#3194=VECTOR('',#11183,10.);
#3195=VECTOR('',#11184,10.);
#3196=VECTOR('',#11187,10.);
#3197=VECTOR('',#11188,10.);
#3198=VECTOR('',#11189,10.);
#3199=VECTOR('',#11192,10.);
#3200=VECTOR('',#11193,10.);
#3201=VECTOR('',#11196,10.);
#3202=VECTOR('',#11197,10.);
#3203=VECTOR('',#11198,10.);
#3204=VECTOR('',#11201,10.);
#3205=VECTOR('',#11202,10.);
#3206=VECTOR('',#11203,10.);
#3207=VECTOR('',#11206,10.);
#3208=VECTOR('',#11207,10.);
#3209=VECTOR('',#11208,10.);
#3210=VECTOR('',#11211,10.);
#3211=VECTOR('',#11212,10.);
#3212=VECTOR('',#11213,10.);
#3213=VECTOR('',#11216,10.);
#3214=VECTOR('',#11217,10.);
#3215=VECTOR('',#11220,10.);
#3216=VECTOR('',#11221,10.);
#3217=VECTOR('',#11222,10.);
#3218=VECTOR('',#11225,10.);
#3219=VECTOR('',#11226,10.);
#3220=VECTOR('',#11227,10.);
#3221=VECTOR('',#11230,10.);
#3222=VECTOR('',#11231,10.);
#3223=VECTOR('',#11232,10.);
#3224=VECTOR('',#11235,10.);
#3225=VECTOR('',#11236,10.);
#3226=VECTOR('',#11237,10.);
#3227=VECTOR('',#11240,10.);
#3228=VECTOR('',#11241,10.);
#3229=VECTOR('',#11242,10.);
#3230=VECTOR('',#11245,10.);
#3231=VECTOR('',#11246,10.);
#3232=VECTOR('',#11247,10.);
#3233=VECTOR('',#11250,10.);
#3234=VECTOR('',#11251,10.);
#3235=VECTOR('',#11252,10.);
#3236=VECTOR('',#11255,10.);
#3237=VECTOR('',#11256,10.);
#3238=VECTOR('',#11257,10.);
#3239=VECTOR('',#11260,10.);
#3240=VECTOR('',#11261,10.);
#3241=VECTOR('',#11262,10.);
#3242=VECTOR('',#11265,10.);
#3243=VECTOR('',#11266,10.);
#3244=VECTOR('',#11267,10.);
#3245=VECTOR('',#11270,10.);
#3246=VECTOR('',#11271,10.);
#3247=VECTOR('',#11274,10.);
#3248=VECTOR('',#11275,10.);
#3249=VECTOR('',#11276,10.);
#3250=VECTOR('',#11277,10.);
#3251=VECTOR('',#11280,10.);
#3252=VECTOR('',#11281,10.);
#3253=VECTOR('',#11282,10.);
#3254=VECTOR('',#11285,10.);
#3255=VECTOR('',#11286,10.);
#3256=VECTOR('',#11287,10.);
#3257=VECTOR('',#11290,10.);
#3258=VECTOR('',#11291,10.);
#3259=VECTOR('',#11294,10.);
#3260=VECTOR('',#11295,10.);
#3261=VECTOR('',#11296,10.);
#3262=VECTOR('',#11297,10.);
#3263=VECTOR('',#11300,10.);
#3264=VECTOR('',#11301,10.);
#3265=VECTOR('',#11302,10.);
#3266=VECTOR('',#11305,10.);
#3267=VECTOR('',#11306,10.);
#3268=VECTOR('',#11307,10.);
#3269=VECTOR('',#11310,10.);
#3270=VECTOR('',#11311,10.);
#3271=VECTOR('',#11312,10.);
#3272=VECTOR('',#11315,10.);
#3273=VECTOR('',#11316,10.);
#3274=VECTOR('',#11317,10.);
#3275=VECTOR('',#11320,10.);
#3276=VECTOR('',#11321,10.);
#3277=VECTOR('',#11324,10.);
#3278=VECTOR('',#11325,10.);
#3279=VECTOR('',#11326,10.);
#3280=VECTOR('',#11329,10.);
#3281=VECTOR('',#11330,10.);
#3282=VECTOR('',#11331,10.);
#3283=VECTOR('',#11334,10.);
#3284=VECTOR('',#11335,10.);
#3285=VECTOR('',#11336,10.);
#3286=VECTOR('',#11339,10.);
#3287=VECTOR('',#11340,10.);
#3288=VECTOR('',#11343,10.);
#3289=VECTOR('',#11344,10.);
#3290=VECTOR('',#11345,10.);
#3291=VECTOR('',#11348,10.);
#3292=VECTOR('',#11349,10.);
#3293=VECTOR('',#11350,10.);
#3294=VECTOR('',#11353,10.);
#3295=VECTOR('',#11354,10.);
#3296=VECTOR('',#11355,10.);
#3297=VECTOR('',#11358,10.);
#3298=VECTOR('',#11359,10.);
#3299=VECTOR('',#11360,10.);
#3300=VECTOR('',#11363,10.);
#3301=VECTOR('',#11364,10.);
#3302=VECTOR('',#11367,10.);
#3303=VECTOR('',#11368,10.);
#3304=VECTOR('',#11369,10.);
#3305=VECTOR('',#11370,10.);
#3306=VECTOR('',#11373,10.);
#3307=VECTOR('',#11374,10.);
#3308=VECTOR('',#11375,10.);
#3309=VECTOR('',#11378,10.);
#3310=VECTOR('',#11379,10.);
#3311=VECTOR('',#11380,10.);
#3312=VECTOR('',#11383,10.);
#3313=VECTOR('',#11384,10.);
#3314=VECTOR('',#11393,10.);
#3315=VECTOR('',#11394,10.);
#3316=VECTOR('',#11395,10.);
#3317=VECTOR('',#11396,10.);
#3318=VECTOR('',#11399,10.);
#3319=VECTOR('',#11400,10.);
#3320=VECTOR('',#11401,10.);
#3321=VECTOR('',#11404,10.);
#3322=VECTOR('',#11405,10.);
#3323=VECTOR('',#11406,10.);
#3324=VECTOR('',#11409,10.);
#3325=VECTOR('',#11410,10.);
#3326=VECTOR('',#11419,10.);
#3327=VECTOR('',#11420,10.);
#3328=VECTOR('',#11421,10.);
#3329=VECTOR('',#11422,10.);
#3330=VECTOR('',#11425,10.);
#3331=VECTOR('',#11426,10.);
#3332=VECTOR('',#11427,10.);
#3333=VECTOR('',#11430,10.);
#3334=VECTOR('',#11431,10.);
#3335=VECTOR('',#11432,10.);
#3336=VECTOR('',#11435,10.);
#3337=VECTOR('',#11436,10.);
#3338=VECTOR('',#11445,10.);
#3339=VECTOR('',#11446,10.);
#3340=VECTOR('',#11447,10.);
#3341=VECTOR('',#11448,10.);
#3342=VECTOR('',#11451,10.);
#3343=VECTOR('',#11452,10.);
#3344=VECTOR('',#11453,10.);
#3345=VECTOR('',#11456,10.);
#3346=VECTOR('',#11457,10.);
#3347=VECTOR('',#11458,10.);
#3348=VECTOR('',#11461,10.);
#3349=VECTOR('',#11462,10.);
#3350=VECTOR('',#11475,1000.);
#3351=VECTOR('',#11476,1000.);
#3352=VECTOR('',#11477,1000.);
#3353=VECTOR('',#11478,1000.);
#3354=VECTOR('',#11481,1000.);
#3355=VECTOR('',#11482,1000.);
#3356=VECTOR('',#11483,1000.);
#3357=VECTOR('',#11486,1000.);
#3358=VECTOR('',#11489,1000.);
#3359=VECTOR('',#11490,1000.);
#3360=VECTOR('',#11495,1000.);
#3361=VECTOR('',#11496,1000.);
#3362=VECTOR('',#11497,1000.);
#3363=VECTOR('',#11504,1000.);
#3364=VECTOR('',#11505,1000.);
#3365=VECTOR('',#11506,1000.);
#3366=VECTOR('',#11509,1000.);
#3367=VECTOR('',#11512,1000.);
#3368=VECTOR('',#11513,1000.);
#3369=VECTOR('',#11514,1000.);
#3370=VECTOR('',#11519,1000.);
#3371=VECTOR('',#11520,1000.);
#3372=VECTOR('',#11521,1000.);
#3373=VECTOR('',#11528,1000.);
#3374=VECTOR('',#11529,1000.);
#3375=VECTOR('',#11534,1000.);
#3376=VECTOR('',#11535,1000.);
#3377=VECTOR('',#11536,1000.);
#3378=VECTOR('',#11541,1000.);
#3379=VECTOR('',#11542,1000.);
#3380=VECTOR('',#11545,1000.);
#3381=VECTOR('',#11548,1000.);
#3382=VECTOR('',#11551,1000.);
#3383=VECTOR('',#11552,1000.);
#3384=VECTOR('',#11557,1000.);
#3385=VECTOR('',#11558,1000.);
#3386=VECTOR('',#11559,1000.);
#3387=VECTOR('',#11564,1000.);
#3388=VECTOR('',#11565,1000.);
#3389=VECTOR('',#11566,1000.);
#3390=VECTOR('',#11569,1000.);
#3391=VECTOR('',#11572,1000.);
#3392=VECTOR('',#11575,1000.);
#3393=VECTOR('',#11576,1000.);
#3394=VECTOR('',#11579,1000.);
#3395=VECTOR('',#11580,1000.);
#3396=VECTOR('',#11583,1000.);
#3397=VECTOR('',#11584,1000.);
#3398=VECTOR('',#11587,1000.);
#3399=VECTOR('',#11588,1000.);
#3400=VECTOR('',#11589,1000.);
#3401=VECTOR('',#11590,1000.);
#3402=VECTOR('',#11595,1000.);
#3403=VECTOR('',#11596,1000.);
#3404=VECTOR('',#11597,1000.);
#3405=VECTOR('',#11602,1000.);
#3406=VECTOR('',#11605,1000.);
#3407=VECTOR('',#11608,1000.);
#3408=VECTOR('',#11611,1000.);
#3409=VECTOR('',#11614,1000.);
#3410=VECTOR('',#11619,1000.);
#3411=VECTOR('',#11620,1000.);
#3412=VECTOR('',#11627,1000.);
#3413=VECTOR('',#11628,1000.);
#3414=VECTOR('',#11633,1000.);
#3415=VECTOR('',#11636,1000.);
#3416=VECTOR('',#11639,1000.);
#3417=VECTOR('',#11642,1000.);
#3418=VECTOR('',#11645,1000.);
#3419=VECTOR('',#11648,1000.);
#3420=VECTOR('',#11653,1000.);
#3421=VECTOR('',#11654,1000.);
#3422=VECTOR('',#11661,1000.);
#3423=VECTOR('',#11662,1000.);
#3424=VECTOR('',#11663,1000.);
#3425=VECTOR('',#11664,1000.);
#3426=VECTOR('',#11667,1000.);
#3427=VECTOR('',#11668,1000.);
#3428=VECTOR('',#11673,1000.);
#3429=VECTOR('',#11676,1000.);
#3430=VECTOR('',#11679,1000.);
#3431=VECTOR('',#11682,1000.);
#3432=VECTOR('',#11691,1000.);
#3433=VECTOR('',#11692,1000.);
#3434=VECTOR('',#11693,1000.);
#3435=VECTOR('',#11698,1000.);
#3436=VECTOR('',#11701,1000.);
#3437=VECTOR('',#11704,1000.);
#3438=VECTOR('',#11711,0.799999999999997);
#3439=VECTOR('',#11714,0.799999999999997);
#3440=VECTOR('',#11717,1000.);
#3441=VECTOR('',#11718,1000.);
#3442=VECTOR('',#11721,1000.);
#3443=VECTOR('',#11722,1000.);
#3444=VECTOR('',#11745,10.);
#3445=VECTOR('',#11746,10.);
#3446=VECTOR('',#11747,10.);
#3447=VECTOR('',#11748,10.);
#3448=VECTOR('',#11751,10.);
#3449=VECTOR('',#11752,10.);
#3450=VECTOR('',#11753,10.);
#3451=VECTOR('',#11756,10.);
#3452=VECTOR('',#11757,10.);
#3453=VECTOR('',#11758,10.);
#3454=VECTOR('',#11761,10.);
#3455=VECTOR('',#11762,10.);
#3456=VECTOR('',#11771,10.);
#3457=VECTOR('',#11772,10.);
#3458=VECTOR('',#11773,10.);
#3459=VECTOR('',#11774,10.);
#3460=VECTOR('',#11777,10.);
#3461=VECTOR('',#11778,10.);
#3462=VECTOR('',#11779,10.);
#3463=VECTOR('',#11782,10.);
#3464=VECTOR('',#11783,10.);
#3465=VECTOR('',#11784,10.);
#3466=VECTOR('',#11787,10.);
#3467=VECTOR('',#11788,10.);
#3468=VECTOR('',#11797,10.);
#3469=VECTOR('',#11798,10.);
#3470=VECTOR('',#11799,10.);
#3471=VECTOR('',#11800,10.);
#3472=VECTOR('',#11803,10.);
#3473=VECTOR('',#11804,10.);
#3474=VECTOR('',#11805,10.);
#3475=VECTOR('',#11808,10.);
#3476=VECTOR('',#11809,10.);
#3477=VECTOR('',#11810,10.);
#3478=VECTOR('',#11813,10.);
#3479=VECTOR('',#11814,10.);
#3480=VECTOR('',#11823,10.);
#3481=VECTOR('',#11824,10.);
#3482=VECTOR('',#11825,10.);
#3483=VECTOR('',#11826,10.);
#3484=VECTOR('',#11829,10.);
#3485=VECTOR('',#11830,10.);
#3486=VECTOR('',#11831,10.);
#3487=VECTOR('',#11834,10.);
#3488=VECTOR('',#11835,10.);
#3489=VECTOR('',#11836,10.);
#3490=VECTOR('',#11839,10.);
#3491=VECTOR('',#11840,10.);
#3492=VECTOR('',#11851,10.);
#3493=VECTOR('',#11852,10.);
#3494=VECTOR('',#11853,10.);
#3495=VECTOR('',#11854,10.);
#3496=VECTOR('',#11857,10.);
#3497=VECTOR('',#11858,10.);
#3498=VECTOR('',#11859,10.);
#3499=VECTOR('',#11862,10.);
#3500=VECTOR('',#11863,10.);
#3501=VECTOR('',#11864,10.);
#3502=VECTOR('',#11867,10.);
#3503=VECTOR('',#11868,10.);
#3504=VECTOR('',#11869,10.);
#3505=VECTOR('',#11870,10.);
#3506=VECTOR('',#11873,10.);
#3507=VECTOR('',#11874,10.);
#3508=VECTOR('',#11875,10.);
#3509=VECTOR('',#11878,10.);
#3510=VECTOR('',#11879,10.);
#3511=VECTOR('',#11880,10.);
#3512=VECTOR('',#11881,10.);
#3513=VECTOR('',#11884,10.);
#3514=VECTOR('',#11885,10.);
#3515=VECTOR('',#11886,10.);
#3516=VECTOR('',#11887,10.);
#3517=VECTOR('',#11890,10.);
#3518=VECTOR('',#11891,10.);
#3519=VECTOR('',#11892,10.);
#3520=VECTOR('',#11893,10.);
#3521=VECTOR('',#11896,10.);
#3522=VECTOR('',#11897,10.);
#3523=VECTOR('',#11902,1.1);
#3524=VECTOR('',#11909,1.1);
#3525=VECTOR('',#11916,1.1);
#3526=VECTOR('',#11923,1.1);
#3527=VECTOR('',#11928,10.);
#3528=VECTOR('',#11929,10.);
#3529=VECTOR('',#11930,10.);
#3530=VECTOR('',#11931,10.);
#3531=VECTOR('',#11934,10.);
#3532=VECTOR('',#11935,10.);
#3533=VECTOR('',#11936,10.);
#3534=VECTOR('',#11939,10.);
#3535=VECTOR('',#11940,10.);
#3536=VECTOR('',#11941,10.);
#3537=VECTOR('',#11944,10.);
#3538=VECTOR('',#11945,10.);
#3539=VECTOR('',#11948,10.);
#3540=VECTOR('',#11949,10.);
#3541=VECTOR('',#11950,10.);
#3542=VECTOR('',#11951,10.);
#3543=VECTOR('',#11954,10.);
#3544=VECTOR('',#11955,10.);
#3545=VECTOR('',#11956,10.);
#3546=VECTOR('',#11959,10.);
#3547=VECTOR('',#11960,10.);
#3548=VECTOR('',#11961,10.);
#3549=VECTOR('',#11964,10.);
#3550=VECTOR('',#11965,10.);
#3551=VECTOR('',#11968,10.);
#3552=VECTOR('',#11969,10.);
#3553=VECTOR('',#11970,10.);
#3554=VECTOR('',#11971,10.);
#3555=VECTOR('',#11974,10.);
#3556=VECTOR('',#11975,10.);
#3557=VECTOR('',#11976,10.);
#3558=VECTOR('',#11979,10.);
#3559=VECTOR('',#11980,10.);
#3560=VECTOR('',#11981,10.);
#3561=VECTOR('',#11984,10.);
#3562=VECTOR('',#11985,10.);
#3563=VECTOR('',#11986,10.);
#3564=VECTOR('',#11989,10.);
#3565=VECTOR('',#11990,10.);
#3566=VECTOR('',#11991,10.);
#3567=VECTOR('',#11994,10.);
#3568=VECTOR('',#11995,10.);
#3569=VECTOR('',#11998,10.);
#3570=VECTOR('',#11999,10.);
#3571=VECTOR('',#12000,10.);
#3572=VECTOR('',#12003,10.);
#3573=VECTOR('',#12004,10.);
#3574=VECTOR('',#12005,10.);
#3575=VECTOR('',#12008,10.);
#3576=VECTOR('',#12009,10.);
#3577=VECTOR('',#12010,10.);
#3578=VECTOR('',#12013,10.);
#3579=VECTOR('',#12014,10.);
#3580=VECTOR('',#12017,10.);
#3581=VECTOR('',#12018,10.);
#3582=VECTOR('',#12019,10.);
#3583=VECTOR('',#12022,10.);
#3584=VECTOR('',#12023,10.);
#3585=VECTOR('',#12024,10.);
#3586=VECTOR('',#12027,10.);
#3587=VECTOR('',#12028,10.);
#3588=VECTOR('',#12029,10.);
#3589=VECTOR('',#12032,10.);
#3590=VECTOR('',#12033,10.);
#3591=VECTOR('',#12034,10.);
#3592=VECTOR('',#12037,10.);
#3593=VECTOR('',#12038,10.);
#3594=VECTOR('',#12041,10.);
#3595=VECTOR('',#12042,10.);
#3596=VECTOR('',#12043,10.);
#3597=VECTOR('',#12044,10.);
#3598=VECTOR('',#12047,10.);
#3599=VECTOR('',#12048,10.);
#3600=VECTOR('',#12049,10.);
#3601=VECTOR('',#12052,10.);
#3602=VECTOR('',#12053,10.);
#3603=VECTOR('',#12054,10.);
#3604=VECTOR('',#12057,10.);
#3605=VECTOR('',#12058,10.);
#3606=VECTOR('',#12059,10.);
#3607=VECTOR('',#12062,10.);
#3608=VECTOR('',#12063,10.);
#3609=VECTOR('',#12064,10.);
#3610=VECTOR('',#12067,10.);
#3611=VECTOR('',#12068,10.);
#3612=VECTOR('',#12069,10.);
#3613=VECTOR('',#12072,10.);
#3614=VECTOR('',#12073,10.);
#3615=VECTOR('',#12074,10.);
#3616=VECTOR('',#12077,10.);
#3617=VECTOR('',#12078,10.);
#3618=VECTOR('',#12079,10.);
#3619=VECTOR('',#12082,10.);
#3620=VECTOR('',#12083,10.);
#3621=VECTOR('',#12084,10.);
#3622=VECTOR('',#12087,10.);
#3623=VECTOR('',#12088,10.);
#3624=VECTOR('',#12089,10.);
#3625=VECTOR('',#12092,10.);
#3626=VECTOR('',#12093,10.);
#3627=VECTOR('',#12094,10.);
#3628=VECTOR('',#12097,10.);
#3629=VECTOR('',#12098,10.);
#3630=VECTOR('',#12101,10.);
#3631=VECTOR('',#12102,10.);
#3632=VECTOR('',#12103,10.);
#3633=VECTOR('',#12104,10.);
#3634=VECTOR('',#12107,10.);
#3635=VECTOR('',#12108,10.);
#3636=VECTOR('',#12109,10.);
#3637=VECTOR('',#12112,10.);
#3638=VECTOR('',#12113,10.);
#3639=VECTOR('',#12114,10.);
#3640=VECTOR('',#12117,10.);
#3641=VECTOR('',#12118,10.);
#3642=VECTOR('',#12119,10.);
#3643=VECTOR('',#12122,10.);
#3644=VECTOR('',#12123,10.);
#3645=VECTOR('',#12124,10.);
#3646=VECTOR('',#12127,10.);
#3647=VECTOR('',#12128,10.);
#3648=VECTOR('',#12129,10.);
#3649=VECTOR('',#12132,10.);
#3650=VECTOR('',#12133,10.);
#3651=VECTOR('',#12134,10.);
#3652=VECTOR('',#12137,10.);
#3653=VECTOR('',#12138,10.);
#3654=VECTOR('',#12139,10.);
#3655=VECTOR('',#12142,10.);
#3656=VECTOR('',#12143,10.);
#3657=VECTOR('',#12144,10.);
#3658=VECTOR('',#12147,10.);
#3659=VECTOR('',#12148,10.);
#3660=VECTOR('',#12149,10.);
#3661=VECTOR('',#12152,10.);
#3662=VECTOR('',#12153,10.);
#3663=VECTOR('',#12154,10.);
#3664=VECTOR('',#12157,10.);
#3665=VECTOR('',#12158,10.);
#3666=VECTOR('',#12161,10.);
#3667=VECTOR('',#12162,10.);
#3668=VECTOR('',#12163,10.);
#3669=VECTOR('',#12166,10.);
#3670=VECTOR('',#12167,10.);
#3671=VECTOR('',#12168,10.);
#3672=VECTOR('',#12171,10.);
#3673=VECTOR('',#12172,10.);
#3674=VECTOR('',#12173,10.);
#3675=VECTOR('',#12176,10.);
#3676=VECTOR('',#12177,10.);
#3677=VECTOR('',#12178,10.);
#3678=VECTOR('',#12181,10.);
#3679=VECTOR('',#12182,10.);
#3680=VECTOR('',#12185,10.);
#3681=VECTOR('',#12186,10.);
#3682=VECTOR('',#12187,10.);
#3683=VECTOR('',#12190,10.);
#3684=VECTOR('',#12191,10.);
#3685=VECTOR('',#12192,10.);
#3686=VECTOR('',#12195,10.);
#3687=VECTOR('',#12196,10.);
#3688=VECTOR('',#12197,10.);
#3689=VECTOR('',#12200,10.);
#3690=VECTOR('',#12201,10.);
#3691=VECTOR('',#12202,10.);
#3692=VECTOR('',#12205,10.);
#3693=VECTOR('',#12206,10.);
#3694=VECTOR('',#12207,10.);
#3695=VECTOR('',#12210,10.);
#3696=VECTOR('',#12211,10.);
#3697=VECTOR('',#12212,10.);
#3698=VECTOR('',#12215,10.);
#3699=VECTOR('',#12216,10.);
#3700=VECTOR('',#12217,10.);
#3701=VECTOR('',#12220,10.);
#3702=VECTOR('',#12221,10.);
#3703=VECTOR('',#12222,10.);
#3704=VECTOR('',#12225,10.);
#3705=VECTOR('',#12226,10.);
#3706=VECTOR('',#12227,10.);
#3707=VECTOR('',#12230,10.);
#3708=VECTOR('',#12231,10.);
#3709=VECTOR('',#12232,10.);
#3710=VECTOR('',#12235,10.);
#3711=VECTOR('',#12236,10.);
#3712=VECTOR('',#12239,10.);
#3713=VECTOR('',#12240,10.);
#3714=VECTOR('',#12241,10.);
#3715=VECTOR('',#12242,10.);
#3716=VECTOR('',#12245,10.);
#3717=VECTOR('',#12246,10.);
#3718=VECTOR('',#12247,10.);
#3719=VECTOR('',#12250,10.);
#3720=VECTOR('',#12251,10.);
#3721=VECTOR('',#12252,10.);
#3722=VECTOR('',#12255,10.);
#3723=VECTOR('',#12256,10.);
#3724=VECTOR('',#12265,10.);
#3725=VECTOR('',#12266,10.);
#3726=VECTOR('',#12267,10.);
#3727=VECTOR('',#12268,10.);
#3728=VECTOR('',#12271,10.);
#3729=VECTOR('',#12272,10.);
#3730=VECTOR('',#12273,10.);
#3731=VECTOR('',#12276,10.);
#3732=VECTOR('',#12277,10.);
#3733=VECTOR('',#12278,10.);
#3734=VECTOR('',#12281,10.);
#3735=VECTOR('',#12282,10.);
#3736=VECTOR('',#12291,10.);
#3737=VECTOR('',#12292,10.);
#3738=VECTOR('',#12293,10.);
#3739=VECTOR('',#12294,10.);
#3740=VECTOR('',#12297,10.);
#3741=VECTOR('',#12298,10.);
#3742=VECTOR('',#12299,10.);
#3743=VECTOR('',#12302,10.);
#3744=VECTOR('',#12303,10.);
#3745=VECTOR('',#12304,10.);
#3746=VECTOR('',#12307,10.);
#3747=VECTOR('',#12308,10.);
#3748=VECTOR('',#12317,10.);
#3749=VECTOR('',#12318,10.);
#3750=VECTOR('',#12319,10.);
#3751=VECTOR('',#12320,10.);
#3752=VECTOR('',#12323,10.);
#3753=VECTOR('',#12324,10.);
#3754=VECTOR('',#12325,10.);
#3755=VECTOR('',#12328,10.);
#3756=VECTOR('',#12329,10.);
#3757=VECTOR('',#12330,10.);
#3758=VECTOR('',#12333,10.);
#3759=VECTOR('',#12334,10.);
#3760=VECTOR('',#12347,1000.);
#3761=VECTOR('',#12348,1000.);
#3762=VECTOR('',#12349,1000.);
#3763=VECTOR('',#12350,1000.);
#3764=VECTOR('',#12353,1000.);
#3765=VECTOR('',#12354,1000.);
#3766=VECTOR('',#12355,1000.);
#3767=VECTOR('',#12358,1000.);
#3768=VECTOR('',#12361,1000.);
#3769=VECTOR('',#12362,1000.);
#3770=VECTOR('',#12367,1000.);
#3771=VECTOR('',#12368,1000.);
#3772=VECTOR('',#12369,1000.);
#3773=VECTOR('',#12376,1000.);
#3774=VECTOR('',#12377,1000.);
#3775=VECTOR('',#12378,1000.);
#3776=VECTOR('',#12381,1000.);
#3777=VECTOR('',#12384,1000.);
#3778=VECTOR('',#12385,1000.);
#3779=VECTOR('',#12386,1000.);
#3780=VECTOR('',#12391,1000.);
#3781=VECTOR('',#12392,1000.);
#3782=VECTOR('',#12393,1000.);
#3783=VECTOR('',#12400,1000.);
#3784=VECTOR('',#12401,1000.);
#3785=VECTOR('',#12406,1000.);
#3786=VECTOR('',#12407,1000.);
#3787=VECTOR('',#12408,1000.);
#3788=VECTOR('',#12413,1000.);
#3789=VECTOR('',#12414,1000.);
#3790=VECTOR('',#12417,1000.);
#3791=VECTOR('',#12420,1000.);
#3792=VECTOR('',#12423,1000.);
#3793=VECTOR('',#12424,1000.);
#3794=VECTOR('',#12429,1000.);
#3795=VECTOR('',#12430,1000.);
#3796=VECTOR('',#12431,1000.);
#3797=VECTOR('',#12436,1000.);
#3798=VECTOR('',#12437,1000.);
#3799=VECTOR('',#12438,1000.);
#3800=VECTOR('',#12441,1000.);
#3801=VECTOR('',#12444,1000.);
#3802=VECTOR('',#12447,1000.);
#3803=VECTOR('',#12448,1000.);
#3804=VECTOR('',#12451,1000.);
#3805=VECTOR('',#12452,1000.);
#3806=VECTOR('',#12455,1000.);
#3807=VECTOR('',#12456,1000.);
#3808=VECTOR('',#12459,1000.);
#3809=VECTOR('',#12460,1000.);
#3810=VECTOR('',#12461,1000.);
#3811=VECTOR('',#12462,1000.);
#3812=VECTOR('',#12467,1000.);
#3813=VECTOR('',#12468,1000.);
#3814=VECTOR('',#12469,1000.);
#3815=VECTOR('',#12474,1000.);
#3816=VECTOR('',#12477,1000.);
#3817=VECTOR('',#12480,1000.);
#3818=VECTOR('',#12483,1000.);
#3819=VECTOR('',#12486,1000.);
#3820=VECTOR('',#12491,1000.);
#3821=VECTOR('',#12492,1000.);
#3822=VECTOR('',#12499,1000.);
#3823=VECTOR('',#12500,1000.);
#3824=VECTOR('',#12505,1000.);
#3825=VECTOR('',#12508,1000.);
#3826=VECTOR('',#12511,1000.);
#3827=VECTOR('',#12514,1000.);
#3828=VECTOR('',#12517,1000.);
#3829=VECTOR('',#12520,1000.);
#3830=VECTOR('',#12525,1000.);
#3831=VECTOR('',#12526,1000.);
#3832=VECTOR('',#12533,1000.);
#3833=VECTOR('',#12534,1000.);
#3834=VECTOR('',#12535,1000.);
#3835=VECTOR('',#12536,1000.);
#3836=VECTOR('',#12539,1000.);
#3837=VECTOR('',#12540,1000.);
#3838=VECTOR('',#12545,1000.);
#3839=VECTOR('',#12548,1000.);
#3840=VECTOR('',#12551,1000.);
#3841=VECTOR('',#12554,1000.);
#3842=VECTOR('',#12563,1000.);
#3843=VECTOR('',#12564,1000.);
#3844=VECTOR('',#12565,1000.);
#3845=VECTOR('',#12570,1000.);
#3846=VECTOR('',#12573,1000.);
#3847=VECTOR('',#12576,1000.);
#3848=VECTOR('',#12583,0.799999999999997);
#3849=VECTOR('',#12586,0.799999999999997);
#3850=VECTOR('',#12589,1000.);
#3851=VECTOR('',#12590,1000.);
#3852=VECTOR('',#12593,1000.);
#3853=VECTOR('',#12594,1000.);
#3854=VECTOR('',#12617,10.);
#3855=VECTOR('',#12618,10.);
#3856=VECTOR('',#12619,10.);
#3857=VECTOR('',#12620,10.);
#3858=VECTOR('',#12623,10.);
#3859=VECTOR('',#12624,10.);
#3860=VECTOR('',#12625,10.);
#3861=VECTOR('',#12628,10.);
#3862=VECTOR('',#12629,10.);
#3863=VECTOR('',#12630,10.);
#3864=VECTOR('',#12633,10.);
#3865=VECTOR('',#12634,10.);
#3866=VECTOR('',#12645,10.);
#3867=VECTOR('',#12646,10.);
#3868=VECTOR('',#12647,10.);
#3869=VECTOR('',#12648,10.);
#3870=VECTOR('',#12651,10.);
#3871=VECTOR('',#12652,10.);
#3872=VECTOR('',#12653,10.);
#3873=VECTOR('',#12656,10.);
#3874=VECTOR('',#12657,10.);
#3875=VECTOR('',#12658,10.);
#3876=VECTOR('',#12661,10.);
#3877=VECTOR('',#12662,10.);
#3878=VECTOR('',#12663,10.);
#3879=VECTOR('',#12664,10.);
#3880=VECTOR('',#12667,10.);
#3881=VECTOR('',#12668,10.);
#3882=VECTOR('',#12669,10.);
#3883=VECTOR('',#12672,10.);
#3884=VECTOR('',#12673,10.);
#3885=VECTOR('',#12674,10.);
#3886=VECTOR('',#12675,10.);
#3887=VECTOR('',#12678,10.);
#3888=VECTOR('',#12679,10.);
#3889=VECTOR('',#12680,10.);
#3890=VECTOR('',#12681,10.);
#3891=VECTOR('',#12684,10.);
#3892=VECTOR('',#12685,10.);
#3893=VECTOR('',#12686,10.);
#3894=VECTOR('',#12687,10.);
#3895=VECTOR('',#12690,10.);
#3896=VECTOR('',#12691,10.);
#3897=VECTOR('',#12696,1.1);
#3898=VECTOR('',#12703,1.1);
#3899=VECTOR('',#12710,1.1);
#3900=VECTOR('',#12717,1.1);
#3901=VECTOR('',#12722,10.);
#3902=VECTOR('',#12723,10.);
#3903=VECTOR('',#12724,10.);
#3904=VECTOR('',#12725,10.);
#3905=VECTOR('',#12728,10.);
#3906=VECTOR('',#12729,10.);
#3907=VECTOR('',#12730,10.);
#3908=VECTOR('',#12733,10.);
#3909=VECTOR('',#12734,10.);
#3910=VECTOR('',#12735,10.);
#3911=VECTOR('',#12738,10.);
#3912=VECTOR('',#12739,10.);
#3913=VECTOR('',#12742,10.);
#3914=VECTOR('',#12743,10.);
#3915=VECTOR('',#12744,10.);
#3916=VECTOR('',#12745,10.);
#3917=VECTOR('',#12748,10.);
#3918=VECTOR('',#12749,10.);
#3919=VECTOR('',#12750,10.);
#3920=VECTOR('',#12753,10.);
#3921=VECTOR('',#12754,10.);
#3922=VECTOR('',#12755,10.);
#3923=VECTOR('',#12758,10.);
#3924=VECTOR('',#12759,10.);
#3925=VECTOR('',#12760,10.);
#3926=VECTOR('',#12763,10.);
#3927=VECTOR('',#12764,10.);
#3928=VECTOR('',#12765,10.);
#3929=VECTOR('',#12768,10.);
#3930=VECTOR('',#12769,10.);
#3931=VECTOR('',#12770,10.);
#3932=VECTOR('',#12773,10.);
#3933=VECTOR('',#12774,10.);
#3934=VECTOR('',#12775,10.);
#3935=VECTOR('',#12778,10.);
#3936=VECTOR('',#12779,10.);
#3937=VECTOR('',#12780,10.);
#3938=VECTOR('',#12783,10.);
#3939=VECTOR('',#12784,10.);
#3940=VECTOR('',#12785,10.);
#3941=VECTOR('',#12788,10.);
#3942=VECTOR('',#12789,10.);
#3943=VECTOR('',#12790,10.);
#3944=VECTOR('',#12793,10.);
#3945=VECTOR('',#12794,10.);
#3946=VECTOR('',#12795,10.);
#3947=VECTOR('',#12798,10.);
#3948=VECTOR('',#12799,10.);
#3949=VECTOR('',#12802,10.);
#3950=VECTOR('',#12803,10.);
#3951=VECTOR('',#12804,10.);
#3952=VECTOR('',#12805,10.);
#3953=VECTOR('',#12808,10.);
#3954=VECTOR('',#12809,10.);
#3955=VECTOR('',#12810,10.);
#3956=VECTOR('',#12813,10.);
#3957=VECTOR('',#12814,10.);
#3958=VECTOR('',#12815,10.);
#3959=VECTOR('',#12818,10.);
#3960=VECTOR('',#12819,10.);
#3961=VECTOR('',#12820,10.);
#3962=VECTOR('',#12823,10.);
#3963=VECTOR('',#12824,10.);
#3964=VECTOR('',#12825,10.);
#3965=VECTOR('',#12828,10.);
#3966=VECTOR('',#12829,10.);
#3967=VECTOR('',#12830,10.);
#3968=VECTOR('',#12833,10.);
#3969=VECTOR('',#12834,10.);
#3970=VECTOR('',#12835,10.);
#3971=VECTOR('',#12838,10.);
#3972=VECTOR('',#12839,10.);
#3973=VECTOR('',#12840,10.);
#3974=VECTOR('',#12843,10.);
#3975=VECTOR('',#12844,10.);
#3976=VECTOR('',#12845,10.);
#3977=VECTOR('',#12848,10.);
#3978=VECTOR('',#12849,10.);
#3979=VECTOR('',#12850,10.);
#3980=VECTOR('',#12853,10.);
#3981=VECTOR('',#12854,10.);
#3982=VECTOR('',#12855,10.);
#3983=VECTOR('',#12858,10.);
#3984=VECTOR('',#12859,10.);
#3985=VECTOR('',#12862,10.);
#3986=VECTOR('',#12863,10.);
#3987=VECTOR('',#12864,10.);
#3988=VECTOR('',#12865,10.);
#3989=VECTOR('',#12868,10.);
#3990=VECTOR('',#12869,10.);
#3991=VECTOR('',#12870,10.);
#3992=VECTOR('',#12873,10.);
#3993=VECTOR('',#12874,10.);
#3994=VECTOR('',#12875,10.);
#3995=VECTOR('',#12878,10.);
#3996=VECTOR('',#12879,10.);
#3997=VECTOR('',#12880,10.);
#3998=VECTOR('',#12883,10.);
#3999=VECTOR('',#12884,10.);
#4000=VECTOR('',#12885,10.);
#4001=VECTOR('',#12888,10.);
#4002=VECTOR('',#12889,10.);
#4003=VECTOR('',#12892,10.);
#4004=VECTOR('',#12893,10.);
#4005=VECTOR('',#12894,10.);
#4006=VECTOR('',#12897,10.);
#4007=VECTOR('',#12898,10.);
#4008=VECTOR('',#12899,10.);
#4009=VECTOR('',#12902,10.);
#4010=VECTOR('',#12903,10.);
#4011=VECTOR('',#12904,10.);
#4012=VECTOR('',#12907,10.);
#4013=VECTOR('',#12908,10.);
#4014=VECTOR('',#12911,10.);
#4015=VECTOR('',#12912,10.);
#4016=VECTOR('',#12913,10.);
#4017=VECTOR('',#12916,10.);
#4018=VECTOR('',#12917,10.);
#4019=VECTOR('',#12918,10.);
#4020=VECTOR('',#12921,10.);
#4021=VECTOR('',#12922,10.);
#4022=VECTOR('',#12923,10.);
#4023=VECTOR('',#12926,10.);
#4024=VECTOR('',#12927,10.);
#4025=VECTOR('',#12928,10.);
#4026=VECTOR('',#12931,10.);
#4027=VECTOR('',#12932,10.);
#4028=VECTOR('',#12935,10.);
#4029=VECTOR('',#12936,10.);
#4030=VECTOR('',#12937,10.);
#4031=VECTOR('',#12938,10.);
#4032=VECTOR('',#12941,10.);
#4033=VECTOR('',#12942,10.);
#4034=VECTOR('',#12943,10.);
#4035=VECTOR('',#12946,10.);
#4036=VECTOR('',#12947,10.);
#4037=VECTOR('',#12948,10.);
#4038=VECTOR('',#12951,10.);
#4039=VECTOR('',#12952,10.);
#4040=VECTOR('',#12955,10.);
#4041=VECTOR('',#12956,10.);
#4042=VECTOR('',#12957,10.);
#4043=VECTOR('',#12960,10.);
#4044=VECTOR('',#12961,10.);
#4045=VECTOR('',#12962,10.);
#4046=VECTOR('',#12965,10.);
#4047=VECTOR('',#12966,10.);
#4048=VECTOR('',#12967,10.);
#4049=VECTOR('',#12970,10.);
#4050=VECTOR('',#12971,10.);
#4051=VECTOR('',#12972,10.);
#4052=VECTOR('',#12975,10.);
#4053=VECTOR('',#12976,10.);
#4054=VECTOR('',#12979,10.);
#4055=VECTOR('',#12980,10.);
#4056=VECTOR('',#12981,10.);
#4057=VECTOR('',#12984,10.);
#4058=VECTOR('',#12985,10.);
#4059=VECTOR('',#12986,10.);
#4060=VECTOR('',#12989,10.);
#4061=VECTOR('',#12990,10.);
#4062=VECTOR('',#12991,10.);
#4063=VECTOR('',#12994,10.);
#4064=VECTOR('',#12995,10.);
#4065=VECTOR('',#12996,10.);
#4066=VECTOR('',#12999,10.);
#4067=VECTOR('',#13000,10.);
#4068=VECTOR('',#13001,10.);
#4069=VECTOR('',#13004,10.);
#4070=VECTOR('',#13005,10.);
#4071=VECTOR('',#13006,10.);
#4072=VECTOR('',#13009,10.);
#4073=VECTOR('',#13010,10.);
#4074=VECTOR('',#13011,10.);
#4075=VECTOR('',#13014,10.);
#4076=VECTOR('',#13015,10.);
#4077=VECTOR('',#13016,10.);
#4078=VECTOR('',#13019,10.);
#4079=VECTOR('',#13020,10.);
#4080=VECTOR('',#13021,10.);
#4081=VECTOR('',#13024,10.);
#4082=VECTOR('',#13025,10.);
#4083=VECTOR('',#13026,10.);
#4084=VECTOR('',#13029,10.);
#4085=VECTOR('',#13030,10.);
#4086=VECTOR('',#13033,10.);
#4087=VECTOR('',#13034,10.);
#4088=VECTOR('',#13035,10.);
#4089=VECTOR('',#13036,10.);
#4090=VECTOR('',#13039,10.);
#4091=VECTOR('',#13040,10.);
#4092=VECTOR('',#13041,10.);
#4093=VECTOR('',#13044,10.);
#4094=VECTOR('',#13045,10.);
#4095=VECTOR('',#13046,10.);
#4096=VECTOR('',#13049,10.);
#4097=VECTOR('',#13050,10.);
#4098=VECTOR('',#13059,10.);
#4099=VECTOR('',#13060,10.);
#4100=VECTOR('',#13061,10.);
#4101=VECTOR('',#13062,10.);
#4102=VECTOR('',#13065,10.);
#4103=VECTOR('',#13066,10.);
#4104=VECTOR('',#13067,10.);
#4105=VECTOR('',#13070,10.);
#4106=VECTOR('',#13071,10.);
#4107=VECTOR('',#13072,10.);
#4108=VECTOR('',#13075,10.);
#4109=VECTOR('',#13076,10.);
#4110=VECTOR('',#13085,10.);
#4111=VECTOR('',#13086,10.);
#4112=VECTOR('',#13087,10.);
#4113=VECTOR('',#13088,10.);
#4114=VECTOR('',#13091,10.);
#4115=VECTOR('',#13092,10.);
#4116=VECTOR('',#13093,10.);
#4117=VECTOR('',#13096,10.);
#4118=VECTOR('',#13097,10.);
#4119=VECTOR('',#13098,10.);
#4120=VECTOR('',#13101,10.);
#4121=VECTOR('',#13102,10.);
#4122=VECTOR('',#13111,10.);
#4123=VECTOR('',#13112,10.);
#4124=VECTOR('',#13113,10.);
#4125=VECTOR('',#13114,10.);
#4126=VECTOR('',#13117,10.);
#4127=VECTOR('',#13118,10.);
#4128=VECTOR('',#13119,10.);
#4129=VECTOR('',#13122,10.);
#4130=VECTOR('',#13123,10.);
#4131=VECTOR('',#13124,10.);
#4132=VECTOR('',#13127,10.);
#4133=VECTOR('',#13128,10.);
#4134=VECTOR('',#13141,1000.);
#4135=VECTOR('',#13142,1000.);
#4136=VECTOR('',#13143,1000.);
#4137=VECTOR('',#13144,1000.);
#4138=VECTOR('',#13147,1000.);
#4139=VECTOR('',#13148,1000.);
#4140=VECTOR('',#13149,1000.);
#4141=VECTOR('',#13152,1000.);
#4142=VECTOR('',#13155,1000.);
#4143=VECTOR('',#13156,1000.);
#4144=VECTOR('',#13161,1000.);
#4145=VECTOR('',#13162,1000.);
#4146=VECTOR('',#13163,1000.);
#4147=VECTOR('',#13170,1000.);
#4148=VECTOR('',#13171,1000.);
#4149=VECTOR('',#13172,1000.);
#4150=VECTOR('',#13175,1000.);
#4151=VECTOR('',#13178,1000.);
#4152=VECTOR('',#13179,1000.);
#4153=VECTOR('',#13180,1000.);
#4154=VECTOR('',#13185,1000.);
#4155=VECTOR('',#13186,1000.);
#4156=VECTOR('',#13187,1000.);
#4157=VECTOR('',#13194,1000.);
#4158=VECTOR('',#13195,1000.);
#4159=VECTOR('',#13200,1000.);
#4160=VECTOR('',#13201,1000.);
#4161=VECTOR('',#13202,1000.);
#4162=VECTOR('',#13207,1000.);
#4163=VECTOR('',#13208,1000.);
#4164=VECTOR('',#13211,1000.);
#4165=VECTOR('',#13214,1000.);
#4166=VECTOR('',#13217,1000.);
#4167=VECTOR('',#13218,1000.);
#4168=VECTOR('',#13223,1000.);
#4169=VECTOR('',#13224,1000.);
#4170=VECTOR('',#13225,1000.);
#4171=VECTOR('',#13230,1000.);
#4172=VECTOR('',#13231,1000.);
#4173=VECTOR('',#13232,1000.);
#4174=VECTOR('',#13235,1000.);
#4175=VECTOR('',#13238,1000.);
#4176=VECTOR('',#13241,1000.);
#4177=VECTOR('',#13242,1000.);
#4178=VECTOR('',#13245,1000.);
#4179=VECTOR('',#13246,1000.);
#4180=VECTOR('',#13249,1000.);
#4181=VECTOR('',#13250,1000.);
#4182=VECTOR('',#13253,1000.);
#4183=VECTOR('',#13254,1000.);
#4184=VECTOR('',#13255,1000.);
#4185=VECTOR('',#13256,1000.);
#4186=VECTOR('',#13261,1000.);
#4187=VECTOR('',#13262,1000.);
#4188=VECTOR('',#13263,1000.);
#4189=VECTOR('',#13268,1000.);
#4190=VECTOR('',#13271,1000.);
#4191=VECTOR('',#13274,1000.);
#4192=VECTOR('',#13277,1000.);
#4193=VECTOR('',#13280,1000.);
#4194=VECTOR('',#13285,1000.);
#4195=VECTOR('',#13286,1000.);
#4196=VECTOR('',#13293,1000.);
#4197=VECTOR('',#13294,1000.);
#4198=VECTOR('',#13299,1000.);
#4199=VECTOR('',#13302,1000.);
#4200=VECTOR('',#13305,1000.);
#4201=VECTOR('',#13308,1000.);
#4202=VECTOR('',#13311,1000.);
#4203=VECTOR('',#13314,1000.);
#4204=VECTOR('',#13319,1000.);
#4205=VECTOR('',#13320,1000.);
#4206=VECTOR('',#13327,1000.);
#4207=VECTOR('',#13328,1000.);
#4208=VECTOR('',#13329,1000.);
#4209=VECTOR('',#13330,1000.);
#4210=VECTOR('',#13333,1000.);
#4211=VECTOR('',#13334,1000.);
#4212=VECTOR('',#13339,1000.);
#4213=VECTOR('',#13342,1000.);
#4214=VECTOR('',#13345,1000.);
#4215=VECTOR('',#13348,1000.);
#4216=VECTOR('',#13357,1000.);
#4217=VECTOR('',#13358,1000.);
#4218=VECTOR('',#13359,1000.);
#4219=VECTOR('',#13364,1000.);
#4220=VECTOR('',#13367,1000.);
#4221=VECTOR('',#13370,1000.);
#4222=VECTOR('',#13377,0.799999999999997);
#4223=VECTOR('',#13380,0.799999999999997);
#4224=VECTOR('',#13383,1000.);
#4225=VECTOR('',#13384,1000.);
#4226=VECTOR('',#13387,1000.);
#4227=VECTOR('',#13388,1000.);
#4228=VECTOR('',#13411,10.);
#4229=VECTOR('',#13412,10.);
#4230=VECTOR('',#13413,10.);
#4231=VECTOR('',#13414,10.);
#4232=VECTOR('',#13417,10.);
#4233=VECTOR('',#13418,10.);
#4234=VECTOR('',#13419,10.);
#4235=VECTOR('',#13422,10.);
#4236=VECTOR('',#13423,10.);
#4237=VECTOR('',#13424,10.);
#4238=VECTOR('',#13427,10.);
#4239=VECTOR('',#13428,10.);
#4240=VECTOR('',#13439,0.0625);
#4241=CIRCLE('',#10161,2.2);
#4242=CIRCLE('',#10162,2.2);
#4243=CIRCLE('',#10164,2.2);
#4244=CIRCLE('',#10165,2.2);
#4245=CIRCLE('',#10167,2.2);
#4246=CIRCLE('',#10168,2.2);
#4247=CIRCLE('',#10170,2.2);
#4248=CIRCLE('',#10171,2.2);
#4249=CIRCLE('',#10204,1.1);
#4250=CIRCLE('',#10205,1.1);
#4251=CIRCLE('',#10207,1.1);
#4252=CIRCLE('',#10208,1.1);
#4253=CIRCLE('',#10210,1.1);
#4254=CIRCLE('',#10211,1.1);
#4255=CIRCLE('',#10213,1.1);
#4256=CIRCLE('',#10214,1.1);
#4257=CIRCLE('',#10310,2.55);
#4258=CIRCLE('',#10311,2.55);
#4259=CIRCLE('',#10312,3.5);
#4260=CIRCLE('',#10313,0.25);
#4261=CIRCLE('',#10314,0.25);
#4262=CIRCLE('',#10315,3.5);
#4263=CIRCLE('',#10317,2.55);
#4264=CIRCLE('',#10318,2.55);
#4265=CIRCLE('',#10319,3.5);
#4266=CIRCLE('',#10320,0.25);
#4267=CIRCLE('',#10321,0.25);
#4268=CIRCLE('',#10322,3.5);
#4269=CIRCLE('',#10324,3.5);
#4270=CIRCLE('',#10325,0.25);
#4271=CIRCLE('',#10326,0.25);
#4272=CIRCLE('',#10327,3.5);
#4273=CIRCLE('',#10328,2.55);
#4274=CIRCLE('',#10329,2.55);
#4275=CIRCLE('',#10331,3.5);
#4276=CIRCLE('',#10332,0.25);
#4277=CIRCLE('',#10333,0.25);
#4278=CIRCLE('',#10334,3.5);
#4279=CIRCLE('',#10335,2.55);
#4280=CIRCLE('',#10336,2.55);
#4281=CIRCLE('',#10342,2.88131604625348);
#4282=CIRCLE('',#10343,2.88131604625348);
#4283=CIRCLE('',#10349,0.799999999999998);
#4284=CIRCLE('',#10351,0.799999999999997);
#4285=CIRCLE('',#10354,2.88131604625348);
#4286=CIRCLE('',#10355,2.88131604625348);
#4287=CIRCLE('',#10361,0.799999999999996);
#4288=CIRCLE('',#10363,0.799999999999997);
#4289=CIRCLE('',#10367,2.88131604625348);
#4290=CIRCLE('',#10368,2.88131604625348);
#4291=CIRCLE('',#10375,2.88131604625348);
#4292=CIRCLE('',#10376,2.88131604625348);
#4293=CIRCLE('',#10435,1.1);
#4294=CIRCLE('',#10436,1.1);
#4295=CIRCLE('',#10438,1.1);
#4296=CIRCLE('',#10439,1.1);
#4297=CIRCLE('',#10441,1.1);
#4298=CIRCLE('',#10442,1.1);
#4299=CIRCLE('',#10444,1.1);
#4300=CIRCLE('',#10445,1.1);
#4301=CIRCLE('',#10541,2.55);
#4302=CIRCLE('',#10542,2.55);
#4303=CIRCLE('',#10543,3.5);
#4304=CIRCLE('',#10544,0.25);
#4305=CIRCLE('',#10545,0.25);
#4306=CIRCLE('',#10546,3.5);
#4307=CIRCLE('',#10548,2.55);
#4308=CIRCLE('',#10549,2.55);
#4309=CIRCLE('',#10550,3.5);
#4310=CIRCLE('',#10551,0.25);
#4311=CIRCLE('',#10552,0.25);
#4312=CIRCLE('',#10553,3.5);
#4313=CIRCLE('',#10555,3.5);
#4314=CIRCLE('',#10556,0.25);
#4315=CIRCLE('',#10557,0.25);
#4316=CIRCLE('',#10558,3.5);
#4317=CIRCLE('',#10559,2.55);
#4318=CIRCLE('',#10560,2.55);
#4319=CIRCLE('',#10562,3.5);
#4320=CIRCLE('',#10563,0.25);
#4321=CIRCLE('',#10564,0.25);
#4322=CIRCLE('',#10565,3.5);
#4323=CIRCLE('',#10566,2.55);
#4324=CIRCLE('',#10567,2.55);
#4325=CIRCLE('',#10573,2.88131604625348);
#4326=CIRCLE('',#10574,2.88131604625348);
#4327=CIRCLE('',#10580,0.799999999999998);
#4328=CIRCLE('',#10582,0.799999999999997);
#4329=CIRCLE('',#10585,2.88131604625348);
#4330=CIRCLE('',#10586,2.88131604625348);
#4331=CIRCLE('',#10592,0.799999999999996);
#4332=CIRCLE('',#10594,0.799999999999997);
#4333=CIRCLE('',#10598,2.88131604625348);
#4334=CIRCLE('',#10599,2.88131604625348);
#4335=CIRCLE('',#10606,2.88131604625348);
#4336=CIRCLE('',#10607,2.88131604625348);
#4337=CIRCLE('',#10645,1.1);
#4338=CIRCLE('',#10646,1.1);
#4339=CIRCLE('',#10648,1.1);
#4340=CIRCLE('',#10649,1.1);
#4341=CIRCLE('',#10651,1.1);
#4342=CIRCLE('',#10652,1.1);
#4343=CIRCLE('',#10654,1.1);
#4344=CIRCLE('',#10655,1.1);
#4345=CIRCLE('',#10751,2.55);
#4346=CIRCLE('',#10752,2.55);
#4347=CIRCLE('',#10753,3.5);
#4348=CIRCLE('',#10754,0.25);
#4349=CIRCLE('',#10755,0.25);
#4350=CIRCLE('',#10756,3.5);
#4351=CIRCLE('',#10758,2.55);
#4352=CIRCLE('',#10759,2.55);
#4353=CIRCLE('',#10760,3.5);
#4354=CIRCLE('',#10761,0.25);
#4355=CIRCLE('',#10762,0.25);
#4356=CIRCLE('',#10763,3.5);
#4357=CIRCLE('',#10765,3.5);
#4358=CIRCLE('',#10766,0.25);
#4359=CIRCLE('',#10767,0.25);
#4360=CIRCLE('',#10768,3.5);
#4361=CIRCLE('',#10769,2.55);
#4362=CIRCLE('',#10770,2.55);
#4363=CIRCLE('',#10772,3.5);
#4364=CIRCLE('',#10773,0.25);
#4365=CIRCLE('',#10774,0.25);
#4366=CIRCLE('',#10775,3.5);
#4367=CIRCLE('',#10776,2.55);
#4368=CIRCLE('',#10777,2.55);
#4369=CIRCLE('',#10783,2.88131604625348);
#4370=CIRCLE('',#10784,2.88131604625348);
#4371=CIRCLE('',#10790,0.799999999999998);
#4372=CIRCLE('',#10792,0.799999999999997);
#4373=CIRCLE('',#10795,2.88131604625348);
#4374=CIRCLE('',#10796,2.88131604625348);
#4375=CIRCLE('',#10802,0.799999999999996);
#4376=CIRCLE('',#10804,0.799999999999997);
#4377=CIRCLE('',#10808,2.88131604625348);
#4378=CIRCLE('',#10809,2.88131604625348);
#4379=CIRCLE('',#10816,2.88131604625348);
#4380=CIRCLE('',#10817,2.88131604625348);
#4381=CIRCLE('',#10845,0.0625);
#4382=CIRCLE('',#10846,0.0625);
#4383=VERTEX_POINT('',#13478);
#4384=VERTEX_POINT('',#13480);
#4385=VERTEX_POINT('',#13484);
#4386=VERTEX_POINT('',#13486);
#4387=VERTEX_POINT('',#13490);
#4388=VERTEX_POINT('',#13492);
#4389=VERTEX_POINT('',#13496);
#4390=VERTEX_POINT('',#13498);
#4391=VERTEX_POINT('',#13502);
#4392=VERTEX_POINT('',#13503);
#4393=VERTEX_POINT('',#13505);
#4394=VERTEX_POINT('',#13507);
#4395=VERTEX_POINT('',#13511);
#4396=VERTEX_POINT('',#13513);
#4397=VERTEX_POINT('',#13517);
#4398=VERTEX_POINT('',#13519);
#4399=VERTEX_POINT('',#13529);
#4400=VERTEX_POINT('',#13530);
#4401=VERTEX_POINT('',#13532);
#4402=VERTEX_POINT('',#13534);
#4403=VERTEX_POINT('',#13538);
#4404=VERTEX_POINT('',#13540);
#4405=VERTEX_POINT('',#13544);
#4406=VERTEX_POINT('',#13546);
#4407=VERTEX_POINT('',#13556);
#4408=VERTEX_POINT('',#13557);
#4409=VERTEX_POINT('',#13559);
#4410=VERTEX_POINT('',#13561);
#4411=VERTEX_POINT('',#13565);
#4412=VERTEX_POINT('',#13567);
#4413=VERTEX_POINT('',#13571);
#4414=VERTEX_POINT('',#13573);
#4415=VERTEX_POINT('',#13584);
#4416=VERTEX_POINT('',#13585);
#4417=VERTEX_POINT('',#13587);
#4418=VERTEX_POINT('',#13589);
#4419=VERTEX_POINT('',#13593);
#4420=VERTEX_POINT('',#13595);
#4421=VERTEX_POINT('',#13599);
#4422=VERTEX_POINT('',#13600);
#4423=VERTEX_POINT('',#13605);
#4424=VERTEX_POINT('',#13606);
#4425=VERTEX_POINT('',#13608);
#4426=VERTEX_POINT('',#13610);
#4427=VERTEX_POINT('',#13614);
#4428=VERTEX_POINT('',#13616);
#4429=VERTEX_POINT('',#13620);
#4430=VERTEX_POINT('',#13621);
#4431=VERTEX_POINT('',#13623);
#4432=VERTEX_POINT('',#13625);
#4433=VERTEX_POINT('',#13629);
#4434=VERTEX_POINT('',#13630);
#4435=VERTEX_POINT('',#13632);
#4436=VERTEX_POINT('',#13634);
#4437=VERTEX_POINT('',#13638);
#4438=VERTEX_POINT('',#13639);
#4439=VERTEX_POINT('',#13641);
#4440=VERTEX_POINT('',#13643);
#4441=VERTEX_POINT('',#13650);
#4442=VERTEX_POINT('',#13652);
#4443=VERTEX_POINT('',#13656);
#4444=VERTEX_POINT('',#13658);
#4445=VERTEX_POINT('',#13662);
#4446=VERTEX_POINT('',#13664);
#4447=VERTEX_POINT('',#13668);
#4448=VERTEX_POINT('',#13670);
#4449=VERTEX_POINT('',#13674);
#4450=VERTEX_POINT('',#13675);
#4451=VERTEX_POINT('',#13677);
#4452=VERTEX_POINT('',#13679);
#4453=VERTEX_POINT('',#13683);
#4454=VERTEX_POINT('',#13685);
#4455=VERTEX_POINT('',#13689);
#4456=VERTEX_POINT('',#13691);
#4457=VERTEX_POINT('',#13695);
#4458=VERTEX_POINT('',#13697);
#4459=VERTEX_POINT('',#13701);
#4460=VERTEX_POINT('',#13703);
#4461=VERTEX_POINT('',#13707);
#4462=VERTEX_POINT('',#13709);
#4463=VERTEX_POINT('',#13713);
#4464=VERTEX_POINT('',#13715);
#4465=VERTEX_POINT('',#13719);
#4466=VERTEX_POINT('',#13721);
#4467=VERTEX_POINT('',#13725);
#4468=VERTEX_POINT('',#13727);
#4469=VERTEX_POINT('',#13731);
#4470=VERTEX_POINT('',#13733);
#4471=VERTEX_POINT('',#13737);
#4472=VERTEX_POINT('',#13739);
#4473=VERTEX_POINT('',#13746);
#4474=VERTEX_POINT('',#13747);
#4475=VERTEX_POINT('',#13749);
#4476=VERTEX_POINT('',#13751);
#4477=VERTEX_POINT('',#13755);
#4478=VERTEX_POINT('',#13757);
#4479=VERTEX_POINT('',#13761);
#4480=VERTEX_POINT('',#13763);
#4481=VERTEX_POINT('',#13770);
#4482=VERTEX_POINT('',#13771);
#4483=VERTEX_POINT('',#13773);
#4484=VERTEX_POINT('',#13775);
#4485=VERTEX_POINT('',#13779);
#4486=VERTEX_POINT('',#13781);
#4487=VERTEX_POINT('',#13785);
#4488=VERTEX_POINT('',#13787);
#4489=VERTEX_POINT('',#13791);
#4490=VERTEX_POINT('',#13793);
#4491=VERTEX_POINT('',#13797);
#4492=VERTEX_POINT('',#13799);
#4493=VERTEX_POINT('',#13803);
#4494=VERTEX_POINT('',#13805);
#4495=VERTEX_POINT('',#13809);
#4496=VERTEX_POINT('',#13811);
#4497=VERTEX_POINT('',#13815);
#4498=VERTEX_POINT('',#13817);
#4499=VERTEX_POINT('',#13821);
#4500=VERTEX_POINT('',#13823);
#4501=VERTEX_POINT('',#13827);
#4502=VERTEX_POINT('',#13829);
#4503=VERTEX_POINT('',#13833);
#4504=VERTEX_POINT('',#13835);
#4505=VERTEX_POINT('',#13842);
#4506=VERTEX_POINT('',#13844);
#4507=VERTEX_POINT('',#13848);
#4508=VERTEX_POINT('',#13850);
#4509=VERTEX_POINT('',#13854);
#4510=VERTEX_POINT('',#13856);
#4511=VERTEX_POINT('',#13860);
#4512=VERTEX_POINT('',#13862);
#4513=VERTEX_POINT('',#13869);
#4514=VERTEX_POINT('',#13871);
#4515=VERTEX_POINT('',#13875);
#4516=VERTEX_POINT('',#13877);
#4517=VERTEX_POINT('',#13881);
#4518=VERTEX_POINT('',#13883);
#4519=VERTEX_POINT('',#13887);
#4520=VERTEX_POINT('',#13889);
#4521=VERTEX_POINT('',#13893);
#4522=VERTEX_POINT('',#13895);
#4523=VERTEX_POINT('',#13899);
#4524=VERTEX_POINT('',#13901);
#4525=VERTEX_POINT('',#13905);
#4526=VERTEX_POINT('',#13907);
#4527=VERTEX_POINT('',#13911);
#4528=VERTEX_POINT('',#13913);
#4529=VERTEX_POINT('',#13917);
#4530=VERTEX_POINT('',#13919);
#4531=VERTEX_POINT('',#13923);
#4532=VERTEX_POINT('',#13925);
#4533=VERTEX_POINT('',#13932);
#4534=VERTEX_POINT('',#13933);
#4535=VERTEX_POINT('',#13935);
#4536=VERTEX_POINT('',#13937);
#4537=VERTEX_POINT('',#13941);
#4538=VERTEX_POINT('',#13943);
#4539=VERTEX_POINT('',#13947);
#4540=VERTEX_POINT('',#13949);
#4541=VERTEX_POINT('',#13956);
#4542=VERTEX_POINT('',#13957);
#4543=VERTEX_POINT('',#13959);
#4544=VERTEX_POINT('',#13961);
#4545=VERTEX_POINT('',#13965);
#4546=VERTEX_POINT('',#13967);
#4547=VERTEX_POINT('',#13971);
#4548=VERTEX_POINT('',#13973);
#4549=VERTEX_POINT('',#13977);
#4550=VERTEX_POINT('',#13979);
#4551=VERTEX_POINT('',#13983);
#4552=VERTEX_POINT('',#13985);
#4553=VERTEX_POINT('',#13992);
#4554=VERTEX_POINT('',#13994);
#4555=VERTEX_POINT('',#13998);
#4556=VERTEX_POINT('',#14000);
#4557=VERTEX_POINT('',#14004);
#4558=VERTEX_POINT('',#14006);
#4559=VERTEX_POINT('',#14013);
#4560=VERTEX_POINT('',#14015);
#4561=VERTEX_POINT('',#14019);
#4562=VERTEX_POINT('',#14021);
#4563=VERTEX_POINT('',#14025);
#4564=VERTEX_POINT('',#14027);
#4565=VERTEX_POINT('',#14031);
#4566=VERTEX_POINT('',#14033);
#4567=VERTEX_POINT('',#14040);
#4568=VERTEX_POINT('',#14041);
#4569=VERTEX_POINT('',#14043);
#4570=VERTEX_POINT('',#14045);
#4571=VERTEX_POINT('',#14049);
#4572=VERTEX_POINT('',#14051);
#4573=VERTEX_POINT('',#14055);
#4574=VERTEX_POINT('',#14057);
#4575=VERTEX_POINT('',#14067);
#4576=VERTEX_POINT('',#14068);
#4577=VERTEX_POINT('',#14070);
#4578=VERTEX_POINT('',#14072);
#4579=VERTEX_POINT('',#14076);
#4580=VERTEX_POINT('',#14078);
#4581=VERTEX_POINT('',#14082);
#4582=VERTEX_POINT('',#14084);
#4583=VERTEX_POINT('',#14094);
#4584=VERTEX_POINT('',#14095);
#4585=VERTEX_POINT('',#14097);
#4586=VERTEX_POINT('',#14099);
#4587=VERTEX_POINT('',#14103);
#4588=VERTEX_POINT('',#14105);
#4589=VERTEX_POINT('',#14109);
#4590=VERTEX_POINT('',#14111);
#4591=VERTEX_POINT('',#14121);
#4592=VERTEX_POINT('',#14122);
#4593=VERTEX_POINT('',#14124);
#4594=VERTEX_POINT('',#14126);
#4595=VERTEX_POINT('',#14130);
#4596=VERTEX_POINT('',#14132);
#4597=VERTEX_POINT('',#14136);
#4598=VERTEX_POINT('',#14138);
#4599=VERTEX_POINT('',#14150);
#4600=VERTEX_POINT('',#14151);
#4601=VERTEX_POINT('',#14153);
#4602=VERTEX_POINT('',#14155);
#4603=VERTEX_POINT('',#14159);
#4604=VERTEX_POINT('',#14160);
#4605=VERTEX_POINT('',#14162);
#4606=VERTEX_POINT('',#14164);
#4607=VERTEX_POINT('',#14166);
#4608=VERTEX_POINT('',#14168);
#4609=VERTEX_POINT('',#14171);
#4610=VERTEX_POINT('',#14173);
#4611=VERTEX_POINT('',#14175);
#4612=VERTEX_POINT('',#14177);
#4613=VERTEX_POINT('',#14179);
#4614=VERTEX_POINT('',#14181);
#4615=VERTEX_POINT('',#14183);
#4616=VERTEX_POINT('',#14185);
#4617=VERTEX_POINT('',#14189);
#4618=VERTEX_POINT('',#14190);
#4619=VERTEX_POINT('',#14192);
#4620=VERTEX_POINT('',#14194);
#4621=VERTEX_POINT('',#14196);
#4622=VERTEX_POINT('',#14198);
#4623=VERTEX_POINT('',#14200);
#4624=VERTEX_POINT('',#14202);
#4625=VERTEX_POINT('',#14204);
#4626=VERTEX_POINT('',#14206);
#4627=VERTEX_POINT('',#14208);
#4628=VERTEX_POINT('',#14210);
#4629=VERTEX_POINT('',#14212);
#4630=VERTEX_POINT('',#14214);
#4631=VERTEX_POINT('',#14216);
#4632=VERTEX_POINT('',#14218);
#4633=VERTEX_POINT('',#14222);
#4634=VERTEX_POINT('',#14223);
#4635=VERTEX_POINT('',#14225);
#4636=VERTEX_POINT('',#14227);
#4637=VERTEX_POINT('',#14229);
#4638=VERTEX_POINT('',#14231);
#4639=VERTEX_POINT('',#14233);
#4640=VERTEX_POINT('',#14235);
#4641=VERTEX_POINT('',#14237);
#4642=VERTEX_POINT('',#14239);
#4643=VERTEX_POINT('',#14241);
#4644=VERTEX_POINT('',#14244);
#4645=VERTEX_POINT('',#14246);
#4646=VERTEX_POINT('',#14248);
#4647=VERTEX_POINT('',#14252);
#4648=VERTEX_POINT('',#14253);
#4649=VERTEX_POINT('',#14255);
#4650=VERTEX_POINT('',#14257);
#4651=VERTEX_POINT('',#14259);
#4652=VERTEX_POINT('',#14261);
#4653=VERTEX_POINT('',#14263);
#4654=VERTEX_POINT('',#14265);
#4655=VERTEX_POINT('',#14267);
#4656=VERTEX_POINT('',#14269);
#4657=VERTEX_POINT('',#14271);
#4658=VERTEX_POINT('',#14273);
#4659=VERTEX_POINT('',#14275);
#4660=VERTEX_POINT('',#14277);
#4661=VERTEX_POINT('',#14279);
#4662=VERTEX_POINT('',#14281);
#4663=VERTEX_POINT('',#14294);
#4664=VERTEX_POINT('',#14295);
#4665=VERTEX_POINT('',#14297);
#4666=VERTEX_POINT('',#14299);
#4667=VERTEX_POINT('',#14303);
#4668=VERTEX_POINT('',#14307);
#4669=VERTEX_POINT('',#14320);
#4670=VERTEX_POINT('',#14325);
#4671=VERTEX_POINT('',#14330);
#4672=VERTEX_POINT('',#14333);
#4673=VERTEX_POINT('',#14346);
#4674=VERTEX_POINT('',#14351);
#4675=VERTEX_POINT('',#14355);
#4676=VERTEX_POINT('',#14356);
#4677=VERTEX_POINT('',#14358);
#4678=VERTEX_POINT('',#14360);
#4679=VERTEX_POINT('',#14365);
#4680=VERTEX_POINT('',#14368);
#4681=VERTEX_POINT('',#14380);
#4682=VERTEX_POINT('',#14384);
#4683=VERTEX_POINT('',#14416);
#4684=VERTEX_POINT('',#14417);
#4685=VERTEX_POINT('',#14419);
#4686=VERTEX_POINT('',#14421);
#4687=VERTEX_POINT('',#14425);
#4688=VERTEX_POINT('',#14427);
#4689=VERTEX_POINT('',#14431);
#4690=VERTEX_POINT('',#14433);
#4691=VERTEX_POINT('',#14443);
#4692=VERTEX_POINT('',#14444);
#4693=VERTEX_POINT('',#14446);
#4694=VERTEX_POINT('',#14448);
#4695=VERTEX_POINT('',#14452);
#4696=VERTEX_POINT('',#14454);
#4697=VERTEX_POINT('',#14458);
#4698=VERTEX_POINT('',#14460);
#4699=VERTEX_POINT('',#14470);
#4700=VERTEX_POINT('',#14471);
#4701=VERTEX_POINT('',#14473);
#4702=VERTEX_POINT('',#14475);
#4703=VERTEX_POINT('',#14479);
#4704=VERTEX_POINT('',#14481);
#4705=VERTEX_POINT('',#14485);
#4706=VERTEX_POINT('',#14487);
#4707=VERTEX_POINT('',#14497);
#4708=VERTEX_POINT('',#14498);
#4709=VERTEX_POINT('',#14500);
#4710=VERTEX_POINT('',#14502);
#4711=VERTEX_POINT('',#14506);
#4712=VERTEX_POINT('',#14508);
#4713=VERTEX_POINT('',#14512);
#4714=VERTEX_POINT('',#14514);
#4715=VERTEX_POINT('',#14525);
#4716=VERTEX_POINT('',#14526);
#4717=VERTEX_POINT('',#14528);
#4718=VERTEX_POINT('',#14530);
#4719=VERTEX_POINT('',#14534);
#4720=VERTEX_POINT('',#14536);
#4721=VERTEX_POINT('',#14540);
#4722=VERTEX_POINT('',#14541);
#4723=VERTEX_POINT('',#14546);
#4724=VERTEX_POINT('',#14547);
#4725=VERTEX_POINT('',#14549);
#4726=VERTEX_POINT('',#14551);
#4727=VERTEX_POINT('',#14555);
#4728=VERTEX_POINT('',#14557);
#4729=VERTEX_POINT('',#14561);
#4730=VERTEX_POINT('',#14562);
#4731=VERTEX_POINT('',#14564);
#4732=VERTEX_POINT('',#14566);
#4733=VERTEX_POINT('',#14570);
#4734=VERTEX_POINT('',#14571);
#4735=VERTEX_POINT('',#14573);
#4736=VERTEX_POINT('',#14575);
#4737=VERTEX_POINT('',#14579);
#4738=VERTEX_POINT('',#14580);
#4739=VERTEX_POINT('',#14582);
#4740=VERTEX_POINT('',#14584);
#4741=VERTEX_POINT('',#14591);
#4742=VERTEX_POINT('',#14593);
#4743=VERTEX_POINT('',#14597);
#4744=VERTEX_POINT('',#14599);
#4745=VERTEX_POINT('',#14603);
#4746=VERTEX_POINT('',#14605);
#4747=VERTEX_POINT('',#14609);
#4748=VERTEX_POINT('',#14611);
#4749=VERTEX_POINT('',#14615);
#4750=VERTEX_POINT('',#14616);
#4751=VERTEX_POINT('',#14618);
#4752=VERTEX_POINT('',#14620);
#4753=VERTEX_POINT('',#14624);
#4754=VERTEX_POINT('',#14626);
#4755=VERTEX_POINT('',#14630);
#4756=VERTEX_POINT('',#14632);
#4757=VERTEX_POINT('',#14639);
#4758=VERTEX_POINT('',#14640);
#4759=VERTEX_POINT('',#14642);
#4760=VERTEX_POINT('',#14644);
#4761=VERTEX_POINT('',#14648);
#4762=VERTEX_POINT('',#14650);
#4763=VERTEX_POINT('',#14654);
#4764=VERTEX_POINT('',#14656);
#4765=VERTEX_POINT('',#14663);
#4766=VERTEX_POINT('',#14664);
#4767=VERTEX_POINT('',#14666);
#4768=VERTEX_POINT('',#14668);
#4769=VERTEX_POINT('',#14672);
#4770=VERTEX_POINT('',#14674);
#4771=VERTEX_POINT('',#14678);
#4772=VERTEX_POINT('',#14680);
#4773=VERTEX_POINT('',#14684);
#4774=VERTEX_POINT('',#14686);
#4775=VERTEX_POINT('',#14690);
#4776=VERTEX_POINT('',#14692);
#4777=VERTEX_POINT('',#14699);
#4778=VERTEX_POINT('',#14701);
#4779=VERTEX_POINT('',#14705);
#4780=VERTEX_POINT('',#14707);
#4781=VERTEX_POINT('',#14711);
#4782=VERTEX_POINT('',#14713);
#4783=VERTEX_POINT('',#14720);
#4784=VERTEX_POINT('',#14722);
#4785=VERTEX_POINT('',#14726);
#4786=VERTEX_POINT('',#14728);
#4787=VERTEX_POINT('',#14732);
#4788=VERTEX_POINT('',#14734);
#4789=VERTEX_POINT('',#14738);
#4790=VERTEX_POINT('',#14740);
#4791=VERTEX_POINT('',#14747);
#4792=VERTEX_POINT('',#14748);
#4793=VERTEX_POINT('',#14750);
#4794=VERTEX_POINT('',#14752);
#4795=VERTEX_POINT('',#14756);
#4796=VERTEX_POINT('',#14758);
#4797=VERTEX_POINT('',#14762);
#4798=VERTEX_POINT('',#14764);
#4799=VERTEX_POINT('',#14768);
#4800=VERTEX_POINT('',#14770);
#4801=VERTEX_POINT('',#14774);
#4802=VERTEX_POINT('',#14776);
#4803=VERTEX_POINT('',#14780);
#4804=VERTEX_POINT('',#14782);
#4805=VERTEX_POINT('',#14786);
#4806=VERTEX_POINT('',#14788);
#4807=VERTEX_POINT('',#14792);
#4808=VERTEX_POINT('',#14794);
#4809=VERTEX_POINT('',#14798);
#4810=VERTEX_POINT('',#14800);
#4811=VERTEX_POINT('',#14804);
#4812=VERTEX_POINT('',#14806);
#4813=VERTEX_POINT('',#14810);
#4814=VERTEX_POINT('',#14812);
#4815=VERTEX_POINT('',#14819);
#4816=VERTEX_POINT('',#14820);
#4817=VERTEX_POINT('',#14822);
#4818=VERTEX_POINT('',#14824);
#4819=VERTEX_POINT('',#14828);
#4820=VERTEX_POINT('',#14830);
#4821=VERTEX_POINT('',#14834);
#4822=VERTEX_POINT('',#14836);
#4823=VERTEX_POINT('',#14840);
#4824=VERTEX_POINT('',#14842);
#4825=VERTEX_POINT('',#14846);
#4826=VERTEX_POINT('',#14848);
#4827=VERTEX_POINT('',#14852);
#4828=VERTEX_POINT('',#14854);
#4829=VERTEX_POINT('',#14858);
#4830=VERTEX_POINT('',#14860);
#4831=VERTEX_POINT('',#14864);
#4832=VERTEX_POINT('',#14866);
#4833=VERTEX_POINT('',#14870);
#4834=VERTEX_POINT('',#14872);
#4835=VERTEX_POINT('',#14876);
#4836=VERTEX_POINT('',#14878);
#4837=VERTEX_POINT('',#14882);
#4838=VERTEX_POINT('',#14884);
#4839=VERTEX_POINT('',#14891);
#4840=VERTEX_POINT('',#14893);
#4841=VERTEX_POINT('',#14897);
#4842=VERTEX_POINT('',#14899);
#4843=VERTEX_POINT('',#14903);
#4844=VERTEX_POINT('',#14905);
#4845=VERTEX_POINT('',#14909);
#4846=VERTEX_POINT('',#14911);
#4847=VERTEX_POINT('',#14918);
#4848=VERTEX_POINT('',#14920);
#4849=VERTEX_POINT('',#14924);
#4850=VERTEX_POINT('',#14926);
#4851=VERTEX_POINT('',#14930);
#4852=VERTEX_POINT('',#14932);
#4853=VERTEX_POINT('',#14936);
#4854=VERTEX_POINT('',#14938);
#4855=VERTEX_POINT('',#14942);
#4856=VERTEX_POINT('',#14944);
#4857=VERTEX_POINT('',#14948);
#4858=VERTEX_POINT('',#14950);
#4859=VERTEX_POINT('',#14954);
#4860=VERTEX_POINT('',#14956);
#4861=VERTEX_POINT('',#14960);
#4862=VERTEX_POINT('',#14962);
#4863=VERTEX_POINT('',#14966);
#4864=VERTEX_POINT('',#14968);
#4865=VERTEX_POINT('',#14972);
#4866=VERTEX_POINT('',#14974);
#4867=VERTEX_POINT('',#14981);
#4868=VERTEX_POINT('',#14982);
#4869=VERTEX_POINT('',#14984);
#4870=VERTEX_POINT('',#14986);
#4871=VERTEX_POINT('',#14990);
#4872=VERTEX_POINT('',#14992);
#4873=VERTEX_POINT('',#14996);
#4874=VERTEX_POINT('',#14998);
#4875=VERTEX_POINT('',#15008);
#4876=VERTEX_POINT('',#15009);
#4877=VERTEX_POINT('',#15011);
#4878=VERTEX_POINT('',#15013);
#4879=VERTEX_POINT('',#15017);
#4880=VERTEX_POINT('',#15019);
#4881=VERTEX_POINT('',#15023);
#4882=VERTEX_POINT('',#15025);
#4883=VERTEX_POINT('',#15035);
#4884=VERTEX_POINT('',#15036);
#4885=VERTEX_POINT('',#15038);
#4886=VERTEX_POINT('',#15040);
#4887=VERTEX_POINT('',#15044);
#4888=VERTEX_POINT('',#15046);
#4889=VERTEX_POINT('',#15050);
#4890=VERTEX_POINT('',#15052);
#4891=VERTEX_POINT('',#15062);
#4892=VERTEX_POINT('',#15063);
#4893=VERTEX_POINT('',#15065);
#4894=VERTEX_POINT('',#15067);
#4895=VERTEX_POINT('',#15071);
#4896=VERTEX_POINT('',#15073);
#4897=VERTEX_POINT('',#15077);
#4898=VERTEX_POINT('',#15079);
#4899=VERTEX_POINT('',#15091);
#4900=VERTEX_POINT('',#15092);
#4901=VERTEX_POINT('',#15094);
#4902=VERTEX_POINT('',#15096);
#4903=VERTEX_POINT('',#15100);
#4904=VERTEX_POINT('',#15101);
#4905=VERTEX_POINT('',#15103);
#4906=VERTEX_POINT('',#15105);
#4907=VERTEX_POINT('',#15107);
#4908=VERTEX_POINT('',#15109);
#4909=VERTEX_POINT('',#15112);
#4910=VERTEX_POINT('',#15114);
#4911=VERTEX_POINT('',#15116);
#4912=VERTEX_POINT('',#15118);
#4913=VERTEX_POINT('',#15120);
#4914=VERTEX_POINT('',#15122);
#4915=VERTEX_POINT('',#15124);
#4916=VERTEX_POINT('',#15126);
#4917=VERTEX_POINT('',#15130);
#4918=VERTEX_POINT('',#15131);
#4919=VERTEX_POINT('',#15133);
#4920=VERTEX_POINT('',#15135);
#4921=VERTEX_POINT('',#15137);
#4922=VERTEX_POINT('',#15139);
#4923=VERTEX_POINT('',#15141);
#4924=VERTEX_POINT('',#15143);
#4925=VERTEX_POINT('',#15145);
#4926=VERTEX_POINT('',#15147);
#4927=VERTEX_POINT('',#15149);
#4928=VERTEX_POINT('',#15151);
#4929=VERTEX_POINT('',#15153);
#4930=VERTEX_POINT('',#15155);
#4931=VERTEX_POINT('',#15157);
#4932=VERTEX_POINT('',#15159);
#4933=VERTEX_POINT('',#15163);
#4934=VERTEX_POINT('',#15164);
#4935=VERTEX_POINT('',#15166);
#4936=VERTEX_POINT('',#15168);
#4937=VERTEX_POINT('',#15170);
#4938=VERTEX_POINT('',#15172);
#4939=VERTEX_POINT('',#15174);
#4940=VERTEX_POINT('',#15176);
#4941=VERTEX_POINT('',#15178);
#4942=VERTEX_POINT('',#15180);
#4943=VERTEX_POINT('',#15182);
#4944=VERTEX_POINT('',#15185);
#4945=VERTEX_POINT('',#15187);
#4946=VERTEX_POINT('',#15189);
#4947=VERTEX_POINT('',#15193);
#4948=VERTEX_POINT('',#15194);
#4949=VERTEX_POINT('',#15196);
#4950=VERTEX_POINT('',#15198);
#4951=VERTEX_POINT('',#15200);
#4952=VERTEX_POINT('',#15202);
#4953=VERTEX_POINT('',#15204);
#4954=VERTEX_POINT('',#15206);
#4955=VERTEX_POINT('',#15208);
#4956=VERTEX_POINT('',#15210);
#4957=VERTEX_POINT('',#15212);
#4958=VERTEX_POINT('',#15214);
#4959=VERTEX_POINT('',#15216);
#4960=VERTEX_POINT('',#15218);
#4961=VERTEX_POINT('',#15220);
#4962=VERTEX_POINT('',#15222);
#4963=VERTEX_POINT('',#15235);
#4964=VERTEX_POINT('',#15236);
#4965=VERTEX_POINT('',#15238);
#4966=VERTEX_POINT('',#15240);
#4967=VERTEX_POINT('',#15244);
#4968=VERTEX_POINT('',#15248);
#4969=VERTEX_POINT('',#15261);
#4970=VERTEX_POINT('',#15266);
#4971=VERTEX_POINT('',#15271);
#4972=VERTEX_POINT('',#15274);
#4973=VERTEX_POINT('',#15287);
#4974=VERTEX_POINT('',#15292);
#4975=VERTEX_POINT('',#15296);
#4976=VERTEX_POINT('',#15297);
#4977=VERTEX_POINT('',#15299);
#4978=VERTEX_POINT('',#15301);
#4979=VERTEX_POINT('',#15306);
#4980=VERTEX_POINT('',#15309);
#4981=VERTEX_POINT('',#15321);
#4982=VERTEX_POINT('',#15325);
#4983=VERTEX_POINT('',#15357);
#4984=VERTEX_POINT('',#15358);
#4985=VERTEX_POINT('',#15360);
#4986=VERTEX_POINT('',#15362);
#4987=VERTEX_POINT('',#15366);
#4988=VERTEX_POINT('',#15368);
#4989=VERTEX_POINT('',#15372);
#4990=VERTEX_POINT('',#15374);
#4991=VERTEX_POINT('',#15385);
#4992=VERTEX_POINT('',#15386);
#4993=VERTEX_POINT('',#15388);
#4994=VERTEX_POINT('',#15390);
#4995=VERTEX_POINT('',#15394);
#4996=VERTEX_POINT('',#15396);
#4997=VERTEX_POINT('',#15400);
#4998=VERTEX_POINT('',#15401);
#4999=VERTEX_POINT('',#15406);
#5000=VERTEX_POINT('',#15407);
#5001=VERTEX_POINT('',#15409);
#5002=VERTEX_POINT('',#15411);
#5003=VERTEX_POINT('',#15415);
#5004=VERTEX_POINT('',#15417);
#5005=VERTEX_POINT('',#15421);
#5006=VERTEX_POINT('',#15422);
#5007=VERTEX_POINT('',#15424);
#5008=VERTEX_POINT('',#15426);
#5009=VERTEX_POINT('',#15430);
#5010=VERTEX_POINT('',#15431);
#5011=VERTEX_POINT('',#15433);
#5012=VERTEX_POINT('',#15435);
#5013=VERTEX_POINT('',#15439);
#5014=VERTEX_POINT('',#15440);
#5015=VERTEX_POINT('',#15442);
#5016=VERTEX_POINT('',#15444);
#5017=VERTEX_POINT('',#15451);
#5018=VERTEX_POINT('',#15453);
#5019=VERTEX_POINT('',#15457);
#5020=VERTEX_POINT('',#15459);
#5021=VERTEX_POINT('',#15463);
#5022=VERTEX_POINT('',#15465);
#5023=VERTEX_POINT('',#15469);
#5024=VERTEX_POINT('',#15471);
#5025=VERTEX_POINT('',#15475);
#5026=VERTEX_POINT('',#15476);
#5027=VERTEX_POINT('',#15478);
#5028=VERTEX_POINT('',#15480);
#5029=VERTEX_POINT('',#15484);
#5030=VERTEX_POINT('',#15486);
#5031=VERTEX_POINT('',#15490);
#5032=VERTEX_POINT('',#15492);
#5033=VERTEX_POINT('',#15499);
#5034=VERTEX_POINT('',#15500);
#5035=VERTEX_POINT('',#15502);
#5036=VERTEX_POINT('',#15504);
#5037=VERTEX_POINT('',#15508);
#5038=VERTEX_POINT('',#15510);
#5039=VERTEX_POINT('',#15514);
#5040=VERTEX_POINT('',#15516);
#5041=VERTEX_POINT('',#15520);
#5042=VERTEX_POINT('',#15522);
#5043=VERTEX_POINT('',#15526);
#5044=VERTEX_POINT('',#15528);
#5045=VERTEX_POINT('',#15532);
#5046=VERTEX_POINT('',#15534);
#5047=VERTEX_POINT('',#15538);
#5048=VERTEX_POINT('',#15540);
#5049=VERTEX_POINT('',#15544);
#5050=VERTEX_POINT('',#15546);
#5051=VERTEX_POINT('',#15550);
#5052=VERTEX_POINT('',#15552);
#5053=VERTEX_POINT('',#15556);
#5054=VERTEX_POINT('',#15558);
#5055=VERTEX_POINT('',#15562);
#5056=VERTEX_POINT('',#15564);
#5057=VERTEX_POINT('',#15571);
#5058=VERTEX_POINT('',#15572);
#5059=VERTEX_POINT('',#15574);
#5060=VERTEX_POINT('',#15576);
#5061=VERTEX_POINT('',#15580);
#5062=VERTEX_POINT('',#15582);
#5063=VERTEX_POINT('',#15586);
#5064=VERTEX_POINT('',#15588);
#5065=VERTEX_POINT('',#15592);
#5066=VERTEX_POINT('',#15594);
#5067=VERTEX_POINT('',#15598);
#5068=VERTEX_POINT('',#15600);
#5069=VERTEX_POINT('',#15604);
#5070=VERTEX_POINT('',#15606);
#5071=VERTEX_POINT('',#15610);
#5072=VERTEX_POINT('',#15612);
#5073=VERTEX_POINT('',#15616);
#5074=VERTEX_POINT('',#15618);
#5075=VERTEX_POINT('',#15622);
#5076=VERTEX_POINT('',#15624);
#5077=VERTEX_POINT('',#15628);
#5078=VERTEX_POINT('',#15630);
#5079=VERTEX_POINT('',#15634);
#5080=VERTEX_POINT('',#15636);
#5081=VERTEX_POINT('',#15643);
#5082=VERTEX_POINT('',#15644);
#5083=VERTEX_POINT('',#15646);
#5084=VERTEX_POINT('',#15648);
#5085=VERTEX_POINT('',#15652);
#5086=VERTEX_POINT('',#15654);
#5087=VERTEX_POINT('',#15658);
#5088=VERTEX_POINT('',#15660);
#5089=VERTEX_POINT('',#15664);
#5090=VERTEX_POINT('',#15666);
#5091=VERTEX_POINT('',#15670);
#5092=VERTEX_POINT('',#15672);
#5093=VERTEX_POINT('',#15679);
#5094=VERTEX_POINT('',#15681);
#5095=VERTEX_POINT('',#15685);
#5096=VERTEX_POINT('',#15687);
#5097=VERTEX_POINT('',#15691);
#5098=VERTEX_POINT('',#15693);
#5099=VERTEX_POINT('',#15700);
#5100=VERTEX_POINT('',#15702);
#5101=VERTEX_POINT('',#15706);
#5102=VERTEX_POINT('',#15708);
#5103=VERTEX_POINT('',#15712);
#5104=VERTEX_POINT('',#15714);
#5105=VERTEX_POINT('',#15718);
#5106=VERTEX_POINT('',#15720);
#5107=VERTEX_POINT('',#15727);
#5108=VERTEX_POINT('',#15728);
#5109=VERTEX_POINT('',#15730);
#5110=VERTEX_POINT('',#15732);
#5111=VERTEX_POINT('',#15736);
#5112=VERTEX_POINT('',#15738);
#5113=VERTEX_POINT('',#15742);
#5114=VERTEX_POINT('',#15744);
#5115=VERTEX_POINT('',#15751);
#5116=VERTEX_POINT('',#15753);
#5117=VERTEX_POINT('',#15757);
#5118=VERTEX_POINT('',#15759);
#5119=VERTEX_POINT('',#15763);
#5120=VERTEX_POINT('',#15765);
#5121=VERTEX_POINT('',#15769);
#5122=VERTEX_POINT('',#15771);
#5123=VERTEX_POINT('',#15778);
#5124=VERTEX_POINT('',#15780);
#5125=VERTEX_POINT('',#15784);
#5126=VERTEX_POINT('',#15786);
#5127=VERTEX_POINT('',#15790);
#5128=VERTEX_POINT('',#15792);
#5129=VERTEX_POINT('',#15796);
#5130=VERTEX_POINT('',#15798);
#5131=VERTEX_POINT('',#15802);
#5132=VERTEX_POINT('',#15804);
#5133=VERTEX_POINT('',#15808);
#5134=VERTEX_POINT('',#15810);
#5135=VERTEX_POINT('',#15814);
#5136=VERTEX_POINT('',#15816);
#5137=VERTEX_POINT('',#15820);
#5138=VERTEX_POINT('',#15822);
#5139=VERTEX_POINT('',#15826);
#5140=VERTEX_POINT('',#15828);
#5141=VERTEX_POINT('',#15832);
#5142=VERTEX_POINT('',#15834);
#5143=VERTEX_POINT('',#15841);
#5144=VERTEX_POINT('',#15842);
#5145=VERTEX_POINT('',#15844);
#5146=VERTEX_POINT('',#15846);
#5147=VERTEX_POINT('',#15850);
#5148=VERTEX_POINT('',#15852);
#5149=VERTEX_POINT('',#15856);
#5150=VERTEX_POINT('',#15858);
#5151=VERTEX_POINT('',#15868);
#5152=VERTEX_POINT('',#15869);
#5153=VERTEX_POINT('',#15871);
#5154=VERTEX_POINT('',#15873);
#5155=VERTEX_POINT('',#15877);
#5156=VERTEX_POINT('',#15879);
#5157=VERTEX_POINT('',#15883);
#5158=VERTEX_POINT('',#15885);
#5159=VERTEX_POINT('',#15895);
#5160=VERTEX_POINT('',#15896);
#5161=VERTEX_POINT('',#15898);
#5162=VERTEX_POINT('',#15900);
#5163=VERTEX_POINT('',#15904);
#5164=VERTEX_POINT('',#15906);
#5165=VERTEX_POINT('',#15910);
#5166=VERTEX_POINT('',#15912);
#5167=VERTEX_POINT('',#15922);
#5168=VERTEX_POINT('',#15923);
#5169=VERTEX_POINT('',#15925);
#5170=VERTEX_POINT('',#15927);
#5171=VERTEX_POINT('',#15931);
#5172=VERTEX_POINT('',#15933);
#5173=VERTEX_POINT('',#15937);
#5174=VERTEX_POINT('',#15939);
#5175=VERTEX_POINT('',#15951);
#5176=VERTEX_POINT('',#15952);
#5177=VERTEX_POINT('',#15954);
#5178=VERTEX_POINT('',#15956);
#5179=VERTEX_POINT('',#15960);
#5180=VERTEX_POINT('',#15961);
#5181=VERTEX_POINT('',#15963);
#5182=VERTEX_POINT('',#15965);
#5183=VERTEX_POINT('',#15967);
#5184=VERTEX_POINT('',#15969);
#5185=VERTEX_POINT('',#15972);
#5186=VERTEX_POINT('',#15974);
#5187=VERTEX_POINT('',#15976);
#5188=VERTEX_POINT('',#15978);
#5189=VERTEX_POINT('',#15980);
#5190=VERTEX_POINT('',#15982);
#5191=VERTEX_POINT('',#15984);
#5192=VERTEX_POINT('',#15986);
#5193=VERTEX_POINT('',#15990);
#5194=VERTEX_POINT('',#15991);
#5195=VERTEX_POINT('',#15993);
#5196=VERTEX_POINT('',#15995);
#5197=VERTEX_POINT('',#15997);
#5198=VERTEX_POINT('',#15999);
#5199=VERTEX_POINT('',#16001);
#5200=VERTEX_POINT('',#16003);
#5201=VERTEX_POINT('',#16005);
#5202=VERTEX_POINT('',#16007);
#5203=VERTEX_POINT('',#16009);
#5204=VERTEX_POINT('',#16011);
#5205=VERTEX_POINT('',#16013);
#5206=VERTEX_POINT('',#16015);
#5207=VERTEX_POINT('',#16017);
#5208=VERTEX_POINT('',#16019);
#5209=VERTEX_POINT('',#16023);
#5210=VERTEX_POINT('',#16024);
#5211=VERTEX_POINT('',#16026);
#5212=VERTEX_POINT('',#16028);
#5213=VERTEX_POINT('',#16030);
#5214=VERTEX_POINT('',#16032);
#5215=VERTEX_POINT('',#16034);
#5216=VERTEX_POINT('',#16036);
#5217=VERTEX_POINT('',#16038);
#5218=VERTEX_POINT('',#16040);
#5219=VERTEX_POINT('',#16042);
#5220=VERTEX_POINT('',#16045);
#5221=VERTEX_POINT('',#16047);
#5222=VERTEX_POINT('',#16049);
#5223=VERTEX_POINT('',#16053);
#5224=VERTEX_POINT('',#16054);
#5225=VERTEX_POINT('',#16056);
#5226=VERTEX_POINT('',#16058);
#5227=VERTEX_POINT('',#16060);
#5228=VERTEX_POINT('',#16062);
#5229=VERTEX_POINT('',#16064);
#5230=VERTEX_POINT('',#16066);
#5231=VERTEX_POINT('',#16068);
#5232=VERTEX_POINT('',#16070);
#5233=VERTEX_POINT('',#16072);
#5234=VERTEX_POINT('',#16074);
#5235=VERTEX_POINT('',#16076);
#5236=VERTEX_POINT('',#16078);
#5237=VERTEX_POINT('',#16080);
#5238=VERTEX_POINT('',#16082);
#5239=VERTEX_POINT('',#16095);
#5240=VERTEX_POINT('',#16096);
#5241=VERTEX_POINT('',#16098);
#5242=VERTEX_POINT('',#16100);
#5243=VERTEX_POINT('',#16104);
#5244=VERTEX_POINT('',#16108);
#5245=VERTEX_POINT('',#16121);
#5246=VERTEX_POINT('',#16126);
#5247=VERTEX_POINT('',#16131);
#5248=VERTEX_POINT('',#16134);
#5249=VERTEX_POINT('',#16147);
#5250=VERTEX_POINT('',#16152);
#5251=VERTEX_POINT('',#16156);
#5252=VERTEX_POINT('',#16157);
#5253=VERTEX_POINT('',#16159);
#5254=VERTEX_POINT('',#16161);
#5255=VERTEX_POINT('',#16166);
#5256=VERTEX_POINT('',#16169);
#5257=VERTEX_POINT('',#16181);
#5258=VERTEX_POINT('',#16185);
#5259=VERTEX_POINT('',#16217);
#5260=VERTEX_POINT('',#16218);
#5261=VERTEX_POINT('',#16220);
#5262=VERTEX_POINT('',#16222);
#5263=VERTEX_POINT('',#16226);
#5264=VERTEX_POINT('',#16228);
#5265=VERTEX_POINT('',#16232);
#5266=VERTEX_POINT('',#16234);
#5267=VERTEX_POINT('',#16244);
#5268=VERTEX_POINT('',#16246);
#5269=EDGE_CURVE('',#4383,#4383,#4241,.T.);
#5270=EDGE_CURVE('',#4383,#4384,#1843,.T.);
#5271=EDGE_CURVE('',#4384,#4384,#4242,.T.);
#5272=EDGE_CURVE('',#4385,#4385,#4243,.T.);
#5273=EDGE_CURVE('',#4385,#4386,#1844,.T.);
#5274=EDGE_CURVE('',#4386,#4386,#4244,.T.);
#5275=EDGE_CURVE('',#4387,#4387,#4245,.T.);
#5276=EDGE_CURVE('',#4387,#4388,#1845,.T.);
#5277=EDGE_CURVE('',#4388,#4388,#4246,.T.);
#5278=EDGE_CURVE('',#4389,#4389,#4247,.T.);
#5279=EDGE_CURVE('',#4389,#4390,#1846,.T.);
#5280=EDGE_CURVE('',#4390,#4390,#4248,.T.);
#5281=EDGE_CURVE('',#4391,#4392,#1847,.T.);
#5282=EDGE_CURVE('',#4392,#4393,#1848,.T.);
#5283=EDGE_CURVE('',#4394,#4393,#1849,.T.);
#5284=EDGE_CURVE('',#4391,#4394,#1850,.T.);
#5285=EDGE_CURVE('',#4395,#4391,#1851,.T.);
#5286=EDGE_CURVE('',#4396,#4394,#1852,.T.);
#5287=EDGE_CURVE('',#4395,#4396,#1853,.T.);
#5288=EDGE_CURVE('',#4397,#4395,#1854,.T.);
#5289=EDGE_CURVE('',#4398,#4396,#1855,.T.);
#5290=EDGE_CURVE('',#4397,#4398,#1856,.T.);
#5291=EDGE_CURVE('',#4392,#4397,#1857,.T.);
#5292=EDGE_CURVE('',#4393,#4398,#1858,.T.);
#5293=EDGE_CURVE('',#4399,#4400,#1859,.T.);
#5294=EDGE_CURVE('',#4400,#4401,#1860,.T.);
#5295=EDGE_CURVE('',#4402,#4401,#1861,.T.);
#5296=EDGE_CURVE('',#4399,#4402,#1862,.T.);
#5297=EDGE_CURVE('',#4403,#4399,#1863,.T.);
#5298=EDGE_CURVE('',#4404,#4402,#1864,.T.);
#5299=EDGE_CURVE('',#4403,#4404,#1865,.T.);
#5300=EDGE_CURVE('',#4405,#4403,#1866,.T.);
#5301=EDGE_CURVE('',#4406,#4404,#1867,.T.);
#5302=EDGE_CURVE('',#4405,#4406,#1868,.T.);
#5303=EDGE_CURVE('',#4400,#4405,#1869,.T.);
#5304=EDGE_CURVE('',#4401,#4406,#1870,.T.);
#5305=EDGE_CURVE('',#4407,#4408,#1871,.T.);
#5306=EDGE_CURVE('',#4408,#4409,#1872,.T.);
#5307=EDGE_CURVE('',#4410,#4409,#1873,.T.);
#5308=EDGE_CURVE('',#4407,#4410,#1874,.T.);
#5309=EDGE_CURVE('',#4411,#4407,#1875,.T.);
#5310=EDGE_CURVE('',#4412,#4410,#1876,.T.);
#5311=EDGE_CURVE('',#4411,#4412,#1877,.T.);
#5312=EDGE_CURVE('',#4413,#4411,#1878,.T.);
#5313=EDGE_CURVE('',#4414,#4412,#1879,.T.);
#5314=EDGE_CURVE('',#4413,#4414,#1880,.T.);
#5315=EDGE_CURVE('',#4408,#4413,#1881,.T.);
#5316=EDGE_CURVE('',#4409,#4414,#1882,.T.);
#5317=EDGE_CURVE('',#4415,#4416,#1883,.T.);
#5318=EDGE_CURVE('',#4417,#4415,#1884,.T.);
#5319=EDGE_CURVE('',#4418,#4417,#1885,.T.);
#5320=EDGE_CURVE('',#4416,#4418,#1886,.T.);
#5321=EDGE_CURVE('',#4418,#4419,#1887,.T.);
#5322=EDGE_CURVE('',#4420,#4417,#1888,.T.);
#5323=EDGE_CURVE('',#4419,#4420,#1889,.T.);
#5324=EDGE_CURVE('',#4421,#4422,#1890,.T.);
#5325=EDGE_CURVE('',#4419,#4421,#1891,.T.);
#5326=EDGE_CURVE('',#4422,#4420,#1892,.T.);
#5327=EDGE_CURVE('',#4423,#4424,#1893,.T.);
#5328=EDGE_CURVE('',#4423,#4425,#1894,.T.);
#5329=EDGE_CURVE('',#4426,#4425,#1895,.T.);
#5330=EDGE_CURVE('',#4424,#4426,#1896,.T.);
#5331=EDGE_CURVE('',#4427,#4422,#1897,.T.);
#5332=EDGE_CURVE('',#4428,#4427,#1898,.T.);
#5333=EDGE_CURVE('',#4428,#4421,#1899,.T.);
#5334=EDGE_CURVE('',#4429,#4430,#1900,.T.);
#5335=EDGE_CURVE('',#4431,#4429,#1901,.T.);
#5336=EDGE_CURVE('',#4432,#4431,#1902,.T.);
#5337=EDGE_CURVE('',#4432,#4430,#1903,.T.);
#5338=EDGE_CURVE('',#4433,#4434,#1904,.T.);
#5339=EDGE_CURVE('',#4433,#4435,#1905,.T.);
#5340=EDGE_CURVE('',#4435,#4436,#1906,.T.);
#5341=EDGE_CURVE('',#4434,#4436,#1907,.T.);
#5342=EDGE_CURVE('',#4437,#4438,#1908,.T.);
#5343=EDGE_CURVE('',#4438,#4439,#1909,.T.);
#5344=EDGE_CURVE('',#4440,#4439,#1910,.T.);
#5345=EDGE_CURVE('',#4437,#4440,#1911,.T.);
#5346=EDGE_CURVE('',#4435,#4432,#1912,.T.);
#5347=EDGE_CURVE('',#4436,#4431,#1913,.T.);
#5348=EDGE_CURVE('',#4441,#4441,#4249,.T.);
#5349=EDGE_CURVE('',#4441,#4442,#1914,.T.);
#5350=EDGE_CURVE('',#4442,#4442,#4250,.T.);
#5351=EDGE_CURVE('',#4443,#4443,#4251,.T.);
#5352=EDGE_CURVE('',#4443,#4444,#1915,.T.);
#5353=EDGE_CURVE('',#4444,#4444,#4252,.T.);
#5354=EDGE_CURVE('',#4445,#4445,#4253,.T.);
#5355=EDGE_CURVE('',#4445,#4446,#1916,.T.);
#5356=EDGE_CURVE('',#4446,#4446,#4254,.T.);
#5357=EDGE_CURVE('',#4447,#4447,#4255,.T.);
#5358=EDGE_CURVE('',#4447,#4448,#1917,.T.);
#5359=EDGE_CURVE('',#4448,#4448,#4256,.T.);
#5360=EDGE_CURVE('',#4449,#4450,#1918,.T.);
#5361=EDGE_CURVE('',#4450,#4451,#1919,.T.);
#5362=EDGE_CURVE('',#4452,#4451,#1920,.T.);
#5363=EDGE_CURVE('',#4449,#4452,#1921,.T.);
#5364=EDGE_CURVE('',#4453,#4449,#1922,.T.);
#5365=EDGE_CURVE('',#4454,#4452,#1923,.T.);
#5366=EDGE_CURVE('',#4453,#4454,#1924,.T.);
#5367=EDGE_CURVE('',#4455,#4453,#1925,.T.);
#5368=EDGE_CURVE('',#4456,#4454,#1926,.T.);
#5369=EDGE_CURVE('',#4455,#4456,#1927,.T.);
#5370=EDGE_CURVE('',#4457,#4455,#1928,.T.);
#5371=EDGE_CURVE('',#4458,#4456,#1929,.T.);
#5372=EDGE_CURVE('',#4457,#4458,#1930,.T.);
#5373=EDGE_CURVE('',#4459,#4457,#1931,.T.);
#5374=EDGE_CURVE('',#4460,#4458,#1932,.T.);
#5375=EDGE_CURVE('',#4459,#4460,#1933,.T.);
#5376=EDGE_CURVE('',#4461,#4459,#1934,.T.);
#5377=EDGE_CURVE('',#4462,#4460,#1935,.T.);
#5378=EDGE_CURVE('',#4461,#4462,#1936,.T.);
#5379=EDGE_CURVE('',#4463,#4461,#1937,.T.);
#5380=EDGE_CURVE('',#4464,#4462,#1938,.T.);
#5381=EDGE_CURVE('',#4463,#4464,#1939,.T.);
#5382=EDGE_CURVE('',#4465,#4463,#1940,.T.);
#5383=EDGE_CURVE('',#4466,#4464,#1941,.T.);
#5384=EDGE_CURVE('',#4465,#4466,#1942,.T.);
#5385=EDGE_CURVE('',#4467,#4465,#1943,.T.);
#5386=EDGE_CURVE('',#4468,#4466,#1944,.T.);
#5387=EDGE_CURVE('',#4467,#4468,#1945,.T.);
#5388=EDGE_CURVE('',#4469,#4467,#1946,.T.);
#5389=EDGE_CURVE('',#4470,#4468,#1947,.T.);
#5390=EDGE_CURVE('',#4469,#4470,#1948,.T.);
#5391=EDGE_CURVE('',#4471,#4469,#1949,.T.);
#5392=EDGE_CURVE('',#4472,#4470,#1950,.T.);
#5393=EDGE_CURVE('',#4471,#4472,#1951,.T.);
#5394=EDGE_CURVE('',#4450,#4471,#1952,.T.);
#5395=EDGE_CURVE('',#4451,#4472,#1953,.T.);
#5396=EDGE_CURVE('',#4473,#4474,#1954,.T.);
#5397=EDGE_CURVE('',#4474,#4475,#1955,.T.);
#5398=EDGE_CURVE('',#4476,#4475,#1956,.T.);
#5399=EDGE_CURVE('',#4473,#4476,#1957,.T.);
#5400=EDGE_CURVE('',#4477,#4473,#1958,.T.);
#5401=EDGE_CURVE('',#4478,#4476,#1959,.T.);
#5402=EDGE_CURVE('',#4477,#4478,#1960,.T.);
#5403=EDGE_CURVE('',#4479,#4477,#1961,.T.);
#5404=EDGE_CURVE('',#4480,#4478,#1962,.T.);
#5405=EDGE_CURVE('',#4479,#4480,#1963,.T.);
#5406=EDGE_CURVE('',#4474,#4479,#1964,.T.);
#5407=EDGE_CURVE('',#4475,#4480,#1965,.T.);
#5408=EDGE_CURVE('',#4481,#4482,#1966,.T.);
#5409=EDGE_CURVE('',#4482,#4483,#1967,.T.);
#5410=EDGE_CURVE('',#4484,#4483,#1968,.T.);
#5411=EDGE_CURVE('',#4481,#4484,#1969,.T.);
#5412=EDGE_CURVE('',#4485,#4481,#1970,.T.);
#5413=EDGE_CURVE('',#4486,#4484,#1971,.T.);
#5414=EDGE_CURVE('',#4485,#4486,#1972,.T.);
#5415=EDGE_CURVE('',#4487,#4485,#1973,.T.);
#5416=EDGE_CURVE('',#4488,#4486,#1974,.T.);
#5417=EDGE_CURVE('',#4487,#4488,#1975,.T.);
#5418=EDGE_CURVE('',#4489,#4487,#1976,.T.);
#5419=EDGE_CURVE('',#4490,#4488,#1977,.T.);
#5420=EDGE_CURVE('',#4489,#4490,#1978,.T.);
#5421=EDGE_CURVE('',#4491,#4489,#1979,.T.);
#5422=EDGE_CURVE('',#4492,#4490,#1980,.T.);
#5423=EDGE_CURVE('',#4491,#4492,#1981,.T.);
#5424=EDGE_CURVE('',#4493,#4491,#1982,.T.);
#5425=EDGE_CURVE('',#4494,#4492,#1983,.T.);
#5426=EDGE_CURVE('',#4493,#4494,#1984,.T.);
#5427=EDGE_CURVE('',#4495,#4493,#1985,.T.);
#5428=EDGE_CURVE('',#4496,#4494,#1986,.T.);
#5429=EDGE_CURVE('',#4495,#4496,#1987,.T.);
#5430=EDGE_CURVE('',#4497,#4495,#1988,.T.);
#5431=EDGE_CURVE('',#4498,#4496,#1989,.T.);
#5432=EDGE_CURVE('',#4497,#4498,#1990,.T.);
#5433=EDGE_CURVE('',#4499,#4497,#1991,.T.);
#5434=EDGE_CURVE('',#4500,#4498,#1992,.T.);
#5435=EDGE_CURVE('',#4499,#4500,#1993,.T.);
#5436=EDGE_CURVE('',#4501,#4499,#1994,.T.);
#5437=EDGE_CURVE('',#4502,#4500,#1995,.T.);
#5438=EDGE_CURVE('',#4501,#4502,#1996,.T.);
#5439=EDGE_CURVE('',#4503,#4501,#1997,.T.);
#5440=EDGE_CURVE('',#4504,#4502,#1998,.T.);
#5441=EDGE_CURVE('',#4503,#4504,#1999,.T.);
#5442=EDGE_CURVE('',#4482,#4503,#2000,.T.);
#5443=EDGE_CURVE('',#4483,#4504,#2001,.T.);
#5444=EDGE_CURVE('',#4505,#4434,#2002,.T.);
#5445=EDGE_CURVE('',#4506,#4505,#2003,.T.);
#5446=EDGE_CURVE('',#4506,#4433,#2004,.T.);
#5447=EDGE_CURVE('',#4507,#4506,#2005,.T.);
#5448=EDGE_CURVE('',#4508,#4505,#2006,.T.);
#5449=EDGE_CURVE('',#4507,#4508,#2007,.T.);
#5450=EDGE_CURVE('',#4509,#4507,#2008,.T.);
#5451=EDGE_CURVE('',#4510,#4508,#2009,.T.);
#5452=EDGE_CURVE('',#4509,#4510,#2010,.T.);
#5453=EDGE_CURVE('',#4511,#4509,#2011,.T.);
#5454=EDGE_CURVE('',#4512,#4510,#2012,.T.);
#5455=EDGE_CURVE('',#4511,#4512,#2013,.T.);
#5456=EDGE_CURVE('',#4430,#4511,#2014,.T.);
#5457=EDGE_CURVE('',#4429,#4512,#2015,.T.);
#5458=EDGE_CURVE('',#4513,#4437,#2016,.T.);
#5459=EDGE_CURVE('',#4514,#4440,#2017,.T.);
#5460=EDGE_CURVE('',#4513,#4514,#2018,.T.);
#5461=EDGE_CURVE('',#4515,#4513,#2019,.T.);
#5462=EDGE_CURVE('',#4516,#4514,#2020,.T.);
#5463=EDGE_CURVE('',#4515,#4516,#2021,.T.);
#5464=EDGE_CURVE('',#4517,#4515,#2022,.T.);
#5465=EDGE_CURVE('',#4518,#4516,#2023,.T.);
#5466=EDGE_CURVE('',#4517,#4518,#2024,.T.);
#5467=EDGE_CURVE('',#4519,#4517,#2025,.T.);
#5468=EDGE_CURVE('',#4520,#4518,#2026,.T.);
#5469=EDGE_CURVE('',#4519,#4520,#2027,.T.);
#5470=EDGE_CURVE('',#4521,#4519,#2028,.T.);
#5471=EDGE_CURVE('',#4522,#4520,#2029,.T.);
#5472=EDGE_CURVE('',#4521,#4522,#2030,.T.);
#5473=EDGE_CURVE('',#4523,#4521,#2031,.T.);
#5474=EDGE_CURVE('',#4524,#4522,#2032,.T.);
#5475=EDGE_CURVE('',#4523,#4524,#2033,.T.);
#5476=EDGE_CURVE('',#4525,#4523,#2034,.T.);
#5477=EDGE_CURVE('',#4526,#4524,#2035,.T.);
#5478=EDGE_CURVE('',#4525,#4526,#2036,.T.);
#5479=EDGE_CURVE('',#4527,#4525,#2037,.T.);
#5480=EDGE_CURVE('',#4528,#4526,#2038,.T.);
#5481=EDGE_CURVE('',#4527,#4528,#2039,.T.);
#5482=EDGE_CURVE('',#4529,#4527,#2040,.T.);
#5483=EDGE_CURVE('',#4530,#4528,#2041,.T.);
#5484=EDGE_CURVE('',#4529,#4530,#2042,.T.);
#5485=EDGE_CURVE('',#4531,#4529,#2043,.T.);
#5486=EDGE_CURVE('',#4532,#4530,#2044,.T.);
#5487=EDGE_CURVE('',#4531,#4532,#2045,.T.);
#5488=EDGE_CURVE('',#4438,#4531,#2046,.T.);
#5489=EDGE_CURVE('',#4439,#4532,#2047,.T.);
#5490=EDGE_CURVE('',#4533,#4534,#2048,.T.);
#5491=EDGE_CURVE('',#4534,#4535,#2049,.T.);
#5492=EDGE_CURVE('',#4536,#4535,#2050,.T.);
#5493=EDGE_CURVE('',#4533,#4536,#2051,.T.);
#5494=EDGE_CURVE('',#4537,#4533,#2052,.T.);
#5495=EDGE_CURVE('',#4538,#4536,#2053,.T.);
#5496=EDGE_CURVE('',#4537,#4538,#2054,.T.);
#5497=EDGE_CURVE('',#4539,#4537,#2055,.T.);
#5498=EDGE_CURVE('',#4540,#4538,#2056,.T.);
#5499=EDGE_CURVE('',#4539,#4540,#2057,.T.);
#5500=EDGE_CURVE('',#4534,#4539,#2058,.T.);
#5501=EDGE_CURVE('',#4535,#4540,#2059,.T.);
#5502=EDGE_CURVE('',#4541,#4542,#2060,.T.);
#5503=EDGE_CURVE('',#4542,#4543,#2061,.T.);
#5504=EDGE_CURVE('',#4544,#4543,#2062,.T.);
#5505=EDGE_CURVE('',#4541,#4544,#2063,.T.);
#5506=EDGE_CURVE('',#4545,#4541,#2064,.T.);
#5507=EDGE_CURVE('',#4546,#4544,#2065,.T.);
#5508=EDGE_CURVE('',#4545,#4546,#2066,.T.);
#5509=EDGE_CURVE('',#4547,#4545,#2067,.T.);
#5510=EDGE_CURVE('',#4548,#4546,#2068,.T.);
#5511=EDGE_CURVE('',#4547,#4548,#2069,.T.);
#5512=EDGE_CURVE('',#4549,#4547,#2070,.T.);
#5513=EDGE_CURVE('',#4550,#4548,#2071,.T.);
#5514=EDGE_CURVE('',#4549,#4550,#2072,.T.);
#5515=EDGE_CURVE('',#4551,#4549,#2073,.T.);
#5516=EDGE_CURVE('',#4552,#4550,#2074,.T.);
#5517=EDGE_CURVE('',#4551,#4552,#2075,.T.);
#5518=EDGE_CURVE('',#4551,#4423,#2076,.T.);
#5519=EDGE_CURVE('',#4425,#4552,#2077,.T.);
#5520=EDGE_CURVE('',#4553,#4428,#2078,.T.);
#5521=EDGE_CURVE('',#4554,#4427,#2079,.T.);
#5522=EDGE_CURVE('',#4553,#4554,#2080,.T.);
#5523=EDGE_CURVE('',#4555,#4553,#2081,.T.);
#5524=EDGE_CURVE('',#4556,#4554,#2082,.T.);
#5525=EDGE_CURVE('',#4555,#4556,#2083,.T.);
#5526=EDGE_CURVE('',#4557,#4555,#2084,.T.);
#5527=EDGE_CURVE('',#4558,#4556,#2085,.T.);
#5528=EDGE_CURVE('',#4557,#4558,#2086,.T.);
#5529=EDGE_CURVE('',#4416,#4557,#2087,.T.);
#5530=EDGE_CURVE('',#4415,#4558,#2088,.T.);
#5531=EDGE_CURVE('',#4559,#4424,#2089,.T.);
#5532=EDGE_CURVE('',#4560,#4426,#2090,.T.);
#5533=EDGE_CURVE('',#4559,#4560,#2091,.T.);
#5534=EDGE_CURVE('',#4561,#4559,#2092,.T.);
#5535=EDGE_CURVE('',#4562,#4560,#2093,.T.);
#5536=EDGE_CURVE('',#4561,#4562,#2094,.T.);
#5537=EDGE_CURVE('',#4563,#4561,#2095,.T.);
#5538=EDGE_CURVE('',#4564,#4562,#2096,.T.);
#5539=EDGE_CURVE('',#4563,#4564,#2097,.T.);
#5540=EDGE_CURVE('',#4565,#4563,#2098,.T.);
#5541=EDGE_CURVE('',#4566,#4564,#2099,.T.);
#5542=EDGE_CURVE('',#4565,#4566,#2100,.T.);
#5543=EDGE_CURVE('',#4542,#4565,#2101,.T.);
#5544=EDGE_CURVE('',#4543,#4566,#2102,.T.);
#5545=EDGE_CURVE('',#4567,#4568,#2103,.T.);
#5546=EDGE_CURVE('',#4568,#4569,#2104,.T.);
#5547=EDGE_CURVE('',#4570,#4569,#2105,.T.);
#5548=EDGE_CURVE('',#4567,#4570,#2106,.T.);
#5549=EDGE_CURVE('',#4571,#4567,#2107,.T.);
#5550=EDGE_CURVE('',#4572,#4570,#2108,.T.);
#5551=EDGE_CURVE('',#4571,#4572,#2109,.T.);
#5552=EDGE_CURVE('',#4573,#4571,#2110,.T.);
#5553=EDGE_CURVE('',#4574,#4572,#2111,.T.);
#5554=EDGE_CURVE('',#4573,#4574,#2112,.T.);
#5555=EDGE_CURVE('',#4568,#4573,#2113,.T.);
#5556=EDGE_CURVE('',#4569,#4574,#2114,.T.);
#5557=EDGE_CURVE('',#4575,#4576,#2115,.T.);
#5558=EDGE_CURVE('',#4576,#4577,#2116,.T.);
#5559=EDGE_CURVE('',#4578,#4577,#2117,.T.);
#5560=EDGE_CURVE('',#4575,#4578,#2118,.T.);
#5561=EDGE_CURVE('',#4579,#4575,#2119,.T.);
#5562=EDGE_CURVE('',#4580,#4578,#2120,.T.);
#5563=EDGE_CURVE('',#4579,#4580,#2121,.T.);
#5564=EDGE_CURVE('',#4581,#4579,#2122,.T.);
#5565=EDGE_CURVE('',#4582,#4580,#2123,.T.);
#5566=EDGE_CURVE('',#4581,#4582,#2124,.T.);
#5567=EDGE_CURVE('',#4576,#4581,#2125,.T.);
#5568=EDGE_CURVE('',#4577,#4582,#2126,.T.);
#5569=EDGE_CURVE('',#4583,#4584,#2127,.T.);
#5570=EDGE_CURVE('',#4584,#4585,#2128,.T.);
#5571=EDGE_CURVE('',#4586,#4585,#2129,.T.);
#5572=EDGE_CURVE('',#4583,#4586,#2130,.T.);
#5573=EDGE_CURVE('',#4587,#4583,#2131,.T.);
#5574=EDGE_CURVE('',#4588,#4586,#2132,.T.);
#5575=EDGE_CURVE('',#4587,#4588,#2133,.T.);
#5576=EDGE_CURVE('',#4589,#4587,#2134,.T.);
#5577=EDGE_CURVE('',#4590,#4588,#2135,.T.);
#5578=EDGE_CURVE('',#4589,#4590,#2136,.T.);
#5579=EDGE_CURVE('',#4584,#4589,#2137,.T.);
#5580=EDGE_CURVE('',#4585,#4590,#2138,.T.);
#5581=EDGE_CURVE('',#4591,#4592,#2139,.T.);
#5582=EDGE_CURVE('',#4592,#4593,#2140,.T.);
#5583=EDGE_CURVE('',#4594,#4593,#2141,.T.);
#5584=EDGE_CURVE('',#4591,#4594,#2142,.T.);
#5585=EDGE_CURVE('',#4595,#4591,#2143,.T.);
#5586=EDGE_CURVE('',#4596,#4594,#2144,.T.);
#5587=EDGE_CURVE('',#4595,#4596,#2145,.T.);
#5588=EDGE_CURVE('',#4597,#4595,#2146,.T.);
#5589=EDGE_CURVE('',#4598,#4596,#2147,.T.);
#5590=EDGE_CURVE('',#4597,#4598,#2148,.T.);
#5591=EDGE_CURVE('',#4592,#4597,#2149,.T.);
#5592=EDGE_CURVE('',#4593,#4598,#2150,.T.);
#5593=EDGE_CURVE('',#4599,#4600,#2151,.T.);
#5594=EDGE_CURVE('',#4601,#4599,#2152,.T.);
#5595=EDGE_CURVE('',#4601,#4602,#2153,.T.);
#5596=EDGE_CURVE('',#4602,#4600,#2154,.T.);
#5597=EDGE_CURVE('',#4603,#4604,#2155,.T.);
#5598=EDGE_CURVE('',#4603,#4605,#2156,.T.);
#5599=EDGE_CURVE('',#4606,#4605,#2157,.T.);
#5600=EDGE_CURVE('',#4607,#4606,#4257,.T.);
#5601=EDGE_CURVE('',#4607,#4608,#2158,.T.);
#5602=EDGE_CURVE('',#4608,#4601,#4258,.T.);
#5603=EDGE_CURVE('',#4599,#4609,#2159,.T.);
#5604=EDGE_CURVE('',#4609,#4610,#2160,.T.);
#5605=EDGE_CURVE('',#4610,#4611,#4259,.T.);
#5606=EDGE_CURVE('',#4611,#4612,#4260,.T.);
#5607=EDGE_CURVE('',#4612,#4613,#2161,.T.);
#5608=EDGE_CURVE('',#4613,#4614,#2162,.T.);
#5609=EDGE_CURVE('',#4615,#4614,#2163,.T.);
#5610=EDGE_CURVE('',#4616,#4615,#4261,.T.);
#5611=EDGE_CURVE('',#4604,#4616,#4262,.T.);
#5612=EDGE_CURVE('',#4617,#4618,#2164,.T.);
#5613=EDGE_CURVE('',#4617,#4619,#2165,.T.);
#5614=EDGE_CURVE('',#4620,#4619,#2166,.T.);
#5615=EDGE_CURVE('',#4621,#4620,#4263,.T.);
#5616=EDGE_CURVE('',#4622,#4621,#2167,.T.);
#5617=EDGE_CURVE('',#4622,#4623,#4264,.T.);
#5618=EDGE_CURVE('',#4623,#4624,#2168,.T.);
#5619=EDGE_CURVE('',#4624,#4625,#2169,.T.);
#5620=EDGE_CURVE('',#4625,#4626,#2170,.T.);
#5621=EDGE_CURVE('',#4626,#4627,#4265,.T.);
#5622=EDGE_CURVE('',#4627,#4628,#4266,.T.);
#5623=EDGE_CURVE('',#4628,#4629,#2171,.T.);
#5624=EDGE_CURVE('',#4630,#4629,#2172,.T.);
#5625=EDGE_CURVE('',#4631,#4630,#2173,.T.);
#5626=EDGE_CURVE('',#4632,#4631,#4267,.T.);
#5627=EDGE_CURVE('',#4618,#4632,#4268,.T.);
#5628=EDGE_CURVE('',#4633,#4634,#2174,.T.);
#5629=EDGE_CURVE('',#4633,#4635,#2175,.T.);
#5630=EDGE_CURVE('',#4635,#4636,#4269,.T.);
#5631=EDGE_CURVE('',#4636,#4637,#4270,.T.);
#5632=EDGE_CURVE('',#4637,#4638,#2176,.T.);
#5633=EDGE_CURVE('',#4639,#4638,#2177,.T.);
#5634=EDGE_CURVE('',#4640,#4639,#2178,.T.);
#5635=EDGE_CURVE('',#4641,#4640,#4271,.T.);
#5636=EDGE_CURVE('',#4642,#4641,#4272,.T.);
#5637=EDGE_CURVE('',#4643,#4642,#2179,.T.);
#5638=EDGE_CURVE('',#4600,#4643,#2180,.T.);
#5639=EDGE_CURVE('',#4644,#4602,#4273,.T.);
#5640=EDGE_CURVE('',#4645,#4644,#2181,.T.);
#5641=EDGE_CURVE('',#4645,#4646,#4274,.T.);
#5642=EDGE_CURVE('',#4646,#4634,#2182,.T.);
#5643=EDGE_CURVE('',#4647,#4648,#2183,.T.);
#5644=EDGE_CURVE('',#4647,#4649,#2184,.T.);
#5645=EDGE_CURVE('',#4649,#4650,#4275,.T.);
#5646=EDGE_CURVE('',#4650,#4651,#4276,.T.);
#5647=EDGE_CURVE('',#4651,#4652,#2185,.T.);
#5648=EDGE_CURVE('',#4652,#4653,#2186,.T.);
#5649=EDGE_CURVE('',#4654,#4653,#2187,.T.);
#5650=EDGE_CURVE('',#4655,#4654,#4277,.T.);
#5651=EDGE_CURVE('',#4656,#4655,#4278,.T.);
#5652=EDGE_CURVE('',#4657,#4656,#2188,.T.);
#5653=EDGE_CURVE('',#4658,#4657,#2189,.T.);
#5654=EDGE_CURVE('',#4659,#4658,#2190,.T.);
#5655=EDGE_CURVE('',#4660,#4659,#4279,.T.);
#5656=EDGE_CURVE('',#4660,#4661,#2191,.T.);
#5657=EDGE_CURVE('',#4661,#4662,#4280,.T.);
#5658=EDGE_CURVE('',#4662,#4648,#2192,.T.);
#5659=EDGE_CURVE('',#4648,#4619,#2193,.T.);
#5660=EDGE_CURVE('',#4620,#4662,#2194,.T.);
#5661=EDGE_CURVE('',#4634,#4605,#2195,.T.);
#5662=EDGE_CURVE('',#4606,#4646,#2196,.T.);
#5663=EDGE_CURVE('',#4624,#4658,#2197,.T.);
#5664=EDGE_CURVE('',#4623,#4659,#2198,.T.);
#5665=EDGE_CURVE('',#4663,#4664,#2199,.T.);
#5666=EDGE_CURVE('',#4664,#4665,#2200,.T.);
#5667=EDGE_CURVE('',#4666,#4665,#2201,.T.);
#5668=EDGE_CURVE('',#4663,#4666,#2202,.T.);
#5669=EDGE_CURVE('',#4665,#4667,#4281,.T.);
#5670=EDGE_CURVE('',#4643,#4667,#2203,.T.);
#5671=EDGE_CURVE('',#4609,#4643,#2204,.T.);
#5672=EDGE_CURVE('',#4668,#4609,#2205,.T.);
#5673=EDGE_CURVE('',#4666,#4668,#4282,.T.);
#5674=EDGE_CURVE('',#4610,#4642,#2206,.T.);
#5675=EDGE_CURVE('',#4611,#4641,#2207,.T.);
#5676=EDGE_CURVE('',#4612,#4640,#2208,.T.);
#5677=EDGE_CURVE('',#4613,#4639,#2209,.T.);
#5678=EDGE_CURVE('',#4614,#4638,#2210,.T.);
#5679=EDGE_CURVE('',#4669,#4669,#4283,.T.);
#5680=EDGE_CURVE('',#4608,#4644,#2211,.T.);
#5681=EDGE_CURVE('',#4607,#4645,#2212,.T.);
#5682=EDGE_CURVE('',#4670,#4670,#4284,.T.);
#5683=EDGE_CURVE('',#4617,#4647,#2213,.T.);
#5684=EDGE_CURVE('',#4647,#4671,#2214,.T.);
#5685=EDGE_CURVE('',#4671,#4664,#4285,.T.);
#5686=EDGE_CURVE('',#4672,#4663,#4286,.T.);
#5687=EDGE_CURVE('',#4672,#4617,#2215,.T.);
#5688=EDGE_CURVE('',#4618,#4649,#2216,.T.);
#5689=EDGE_CURVE('',#4632,#4650,#2217,.T.);
#5690=EDGE_CURVE('',#4631,#4651,#2218,.T.);
#5691=EDGE_CURVE('',#4630,#4652,#2219,.T.);
#5692=EDGE_CURVE('',#4629,#4653,#2220,.T.);
#5693=EDGE_CURVE('',#4673,#4673,#4287,.T.);
#5694=EDGE_CURVE('',#4622,#4660,#2221,.T.);
#5695=EDGE_CURVE('',#4621,#4661,#2222,.T.);
#5696=EDGE_CURVE('',#4674,#4674,#4288,.T.);
#5697=EDGE_CURVE('',#4675,#4676,#2223,.T.);
#5698=EDGE_CURVE('',#4676,#4677,#2224,.T.);
#5699=EDGE_CURVE('',#4678,#4677,#2225,.T.);
#5700=EDGE_CURVE('',#4675,#4678,#2226,.T.);
#5701=EDGE_CURVE('',#4603,#4633,#2227,.T.);
#5702=EDGE_CURVE('',#4633,#4679,#2228,.T.);
#5703=EDGE_CURVE('',#4679,#4676,#4289,.T.);
#5704=EDGE_CURVE('',#4680,#4675,#4290,.T.);
#5705=EDGE_CURVE('',#4680,#4603,#2229,.T.);
#5706=EDGE_CURVE('',#4604,#4635,#2230,.T.);
#5707=EDGE_CURVE('',#4616,#4636,#2231,.T.);
#5708=EDGE_CURVE('',#4615,#4637,#2232,.T.);
#5709=EDGE_CURVE('',#4677,#4681,#4291,.T.);
#5710=EDGE_CURVE('',#4657,#4681,#2233,.T.);
#5711=EDGE_CURVE('',#4625,#4657,#2234,.T.);
#5712=EDGE_CURVE('',#4682,#4625,#2235,.T.);
#5713=EDGE_CURVE('',#4678,#4682,#4292,.T.);
#5714=EDGE_CURVE('',#4626,#4656,#2236,.T.);
#5715=EDGE_CURVE('',#4627,#4655,#2237,.T.);
#5716=EDGE_CURVE('',#4628,#4654,#2238,.T.);
#5717=EDGE_CURVE('',#4673,#4674,#2239,.T.);
#5718=EDGE_CURVE('',#4670,#4669,#2240,.T.);
#5719=EDGE_CURVE('',#4667,#4679,#2241,.T.);
#5720=EDGE_CURVE('',#4668,#4680,#2242,.T.);
#5721=EDGE_CURVE('',#4682,#4672,#2243,.T.);
#5722=EDGE_CURVE('',#4681,#4671,#2244,.T.);
#5723=EDGE_CURVE('',#4683,#4684,#2245,.T.);
#5724=EDGE_CURVE('',#4684,#4685,#2246,.T.);
#5725=EDGE_CURVE('',#4686,#4685,#2247,.T.);
#5726=EDGE_CURVE('',#4683,#4686,#2248,.T.);
#5727=EDGE_CURVE('',#4687,#4683,#2249,.T.);
#5728=EDGE_CURVE('',#4688,#4686,#2250,.T.);
#5729=EDGE_CURVE('',#4687,#4688,#2251,.T.);
#5730=EDGE_CURVE('',#4689,#4687,#2252,.T.);
#5731=EDGE_CURVE('',#4690,#4688,#2253,.T.);
#5732=EDGE_CURVE('',#4689,#4690,#2254,.T.);
#5733=EDGE_CURVE('',#4684,#4689,#2255,.T.);
#5734=EDGE_CURVE('',#4685,#4690,#2256,.T.);
#5735=EDGE_CURVE('',#4691,#4692,#2257,.T.);
#5736=EDGE_CURVE('',#4692,#4693,#2258,.T.);
#5737=EDGE_CURVE('',#4694,#4693,#2259,.T.);
#5738=EDGE_CURVE('',#4691,#4694,#2260,.T.);
#5739=EDGE_CURVE('',#4695,#4691,#2261,.T.);
#5740=EDGE_CURVE('',#4696,#4694,#2262,.T.);
#5741=EDGE_CURVE('',#4695,#4696,#2263,.T.);
#5742=EDGE_CURVE('',#4697,#4695,#2264,.T.);
#5743=EDGE_CURVE('',#4698,#4696,#2265,.T.);
#5744=EDGE_CURVE('',#4697,#4698,#2266,.T.);
#5745=EDGE_CURVE('',#4692,#4697,#2267,.T.);
#5746=EDGE_CURVE('',#4693,#4698,#2268,.T.);
#5747=EDGE_CURVE('',#4699,#4700,#2269,.T.);
#5748=EDGE_CURVE('',#4700,#4701,#2270,.T.);
#5749=EDGE_CURVE('',#4702,#4701,#2271,.T.);
#5750=EDGE_CURVE('',#4699,#4702,#2272,.T.);
#5751=EDGE_CURVE('',#4703,#4699,#2273,.T.);
#5752=EDGE_CURVE('',#4704,#4702,#2274,.T.);
#5753=EDGE_CURVE('',#4703,#4704,#2275,.T.);
#5754=EDGE_CURVE('',#4705,#4703,#2276,.T.);
#5755=EDGE_CURVE('',#4706,#4704,#2277,.T.);
#5756=EDGE_CURVE('',#4705,#4706,#2278,.T.);
#5757=EDGE_CURVE('',#4700,#4705,#2279,.T.);
#5758=EDGE_CURVE('',#4701,#4706,#2280,.T.);
#5759=EDGE_CURVE('',#4707,#4708,#2281,.T.);
#5760=EDGE_CURVE('',#4708,#4709,#2282,.T.);
#5761=EDGE_CURVE('',#4710,#4709,#2283,.T.);
#5762=EDGE_CURVE('',#4707,#4710,#2284,.T.);
#5763=EDGE_CURVE('',#4711,#4707,#2285,.T.);
#5764=EDGE_CURVE('',#4712,#4710,#2286,.T.);
#5765=EDGE_CURVE('',#4711,#4712,#2287,.T.);
#5766=EDGE_CURVE('',#4713,#4711,#2288,.T.);
#5767=EDGE_CURVE('',#4714,#4712,#2289,.T.);
#5768=EDGE_CURVE('',#4713,#4714,#2290,.T.);
#5769=EDGE_CURVE('',#4708,#4713,#2291,.T.);
#5770=EDGE_CURVE('',#4709,#4714,#2292,.T.);
#5771=EDGE_CURVE('',#4715,#4716,#2293,.T.);
#5772=EDGE_CURVE('',#4717,#4715,#2294,.T.);
#5773=EDGE_CURVE('',#4718,#4717,#2295,.T.);
#5774=EDGE_CURVE('',#4716,#4718,#2296,.T.);
#5775=EDGE_CURVE('',#4718,#4719,#2297,.T.);
#5776=EDGE_CURVE('',#4720,#4717,#2298,.T.);
#5777=EDGE_CURVE('',#4719,#4720,#2299,.T.);
#5778=EDGE_CURVE('',#4721,#4722,#2300,.T.);
#5779=EDGE_CURVE('',#4719,#4721,#2301,.T.);
#5780=EDGE_CURVE('',#4722,#4720,#2302,.T.);
#5781=EDGE_CURVE('',#4723,#4724,#2303,.T.);
#5782=EDGE_CURVE('',#4723,#4725,#2304,.T.);
#5783=EDGE_CURVE('',#4726,#4725,#2305,.T.);
#5784=EDGE_CURVE('',#4724,#4726,#2306,.T.);
#5785=EDGE_CURVE('',#4727,#4722,#2307,.T.);
#5786=EDGE_CURVE('',#4728,#4727,#2308,.T.);
#5787=EDGE_CURVE('',#4728,#4721,#2309,.T.);
#5788=EDGE_CURVE('',#4729,#4730,#2310,.T.);
#5789=EDGE_CURVE('',#4731,#4729,#2311,.T.);
#5790=EDGE_CURVE('',#4732,#4731,#2312,.T.);
#5791=EDGE_CURVE('',#4732,#4730,#2313,.T.);
#5792=EDGE_CURVE('',#4733,#4734,#2314,.T.);
#5793=EDGE_CURVE('',#4733,#4735,#2315,.T.);
#5794=EDGE_CURVE('',#4735,#4736,#2316,.T.);
#5795=EDGE_CURVE('',#4734,#4736,#2317,.T.);
#5796=EDGE_CURVE('',#4737,#4738,#2318,.T.);
#5797=EDGE_CURVE('',#4738,#4739,#2319,.T.);
#5798=EDGE_CURVE('',#4740,#4739,#2320,.T.);
#5799=EDGE_CURVE('',#4737,#4740,#2321,.T.);
#5800=EDGE_CURVE('',#4735,#4732,#2322,.T.);
#5801=EDGE_CURVE('',#4736,#4731,#2323,.T.);
#5802=EDGE_CURVE('',#4741,#4741,#4293,.T.);
#5803=EDGE_CURVE('',#4741,#4742,#2324,.T.);
#5804=EDGE_CURVE('',#4742,#4742,#4294,.T.);
#5805=EDGE_CURVE('',#4743,#4743,#4295,.T.);
#5806=EDGE_CURVE('',#4743,#4744,#2325,.T.);
#5807=EDGE_CURVE('',#4744,#4744,#4296,.T.);
#5808=EDGE_CURVE('',#4745,#4745,#4297,.T.);
#5809=EDGE_CURVE('',#4745,#4746,#2326,.T.);
#5810=EDGE_CURVE('',#4746,#4746,#4298,.T.);
#5811=EDGE_CURVE('',#4747,#4747,#4299,.T.);
#5812=EDGE_CURVE('',#4747,#4748,#2327,.T.);
#5813=EDGE_CURVE('',#4748,#4748,#4300,.T.);
#5814=EDGE_CURVE('',#4749,#4750,#2328,.T.);
#5815=EDGE_CURVE('',#4750,#4751,#2329,.T.);
#5816=EDGE_CURVE('',#4752,#4751,#2330,.T.);
#5817=EDGE_CURVE('',#4749,#4752,#2331,.T.);
#5818=EDGE_CURVE('',#4753,#4749,#2332,.T.);
#5819=EDGE_CURVE('',#4754,#4752,#2333,.T.);
#5820=EDGE_CURVE('',#4753,#4754,#2334,.T.);
#5821=EDGE_CURVE('',#4755,#4753,#2335,.T.);
#5822=EDGE_CURVE('',#4756,#4754,#2336,.T.);
#5823=EDGE_CURVE('',#4755,#4756,#2337,.T.);
#5824=EDGE_CURVE('',#4750,#4755,#2338,.T.);
#5825=EDGE_CURVE('',#4751,#4756,#2339,.T.);
#5826=EDGE_CURVE('',#4757,#4758,#2340,.T.);
#5827=EDGE_CURVE('',#4758,#4759,#2341,.T.);
#5828=EDGE_CURVE('',#4760,#4759,#2342,.T.);
#5829=EDGE_CURVE('',#4757,#4760,#2343,.T.);
#5830=EDGE_CURVE('',#4761,#4757,#2344,.T.);
#5831=EDGE_CURVE('',#4762,#4760,#2345,.T.);
#5832=EDGE_CURVE('',#4761,#4762,#2346,.T.);
#5833=EDGE_CURVE('',#4763,#4761,#2347,.T.);
#5834=EDGE_CURVE('',#4764,#4762,#2348,.T.);
#5835=EDGE_CURVE('',#4763,#4764,#2349,.T.);
#5836=EDGE_CURVE('',#4758,#4763,#2350,.T.);
#5837=EDGE_CURVE('',#4759,#4764,#2351,.T.);
#5838=EDGE_CURVE('',#4765,#4766,#2352,.T.);
#5839=EDGE_CURVE('',#4766,#4767,#2353,.T.);
#5840=EDGE_CURVE('',#4768,#4767,#2354,.T.);
#5841=EDGE_CURVE('',#4765,#4768,#2355,.T.);
#5842=EDGE_CURVE('',#4769,#4765,#2356,.T.);
#5843=EDGE_CURVE('',#4770,#4768,#2357,.T.);
#5844=EDGE_CURVE('',#4769,#4770,#2358,.T.);
#5845=EDGE_CURVE('',#4771,#4769,#2359,.T.);
#5846=EDGE_CURVE('',#4772,#4770,#2360,.T.);
#5847=EDGE_CURVE('',#4771,#4772,#2361,.T.);
#5848=EDGE_CURVE('',#4773,#4771,#2362,.T.);
#5849=EDGE_CURVE('',#4774,#4772,#2363,.T.);
#5850=EDGE_CURVE('',#4773,#4774,#2364,.T.);
#5851=EDGE_CURVE('',#4775,#4773,#2365,.T.);
#5852=EDGE_CURVE('',#4776,#4774,#2366,.T.);
#5853=EDGE_CURVE('',#4775,#4776,#2367,.T.);
#5854=EDGE_CURVE('',#4775,#4723,#2368,.T.);
#5855=EDGE_CURVE('',#4725,#4776,#2369,.T.);
#5856=EDGE_CURVE('',#4777,#4728,#2370,.T.);
#5857=EDGE_CURVE('',#4778,#4727,#2371,.T.);
#5858=EDGE_CURVE('',#4777,#4778,#2372,.T.);
#5859=EDGE_CURVE('',#4779,#4777,#2373,.T.);
#5860=EDGE_CURVE('',#4780,#4778,#2374,.T.);
#5861=EDGE_CURVE('',#4779,#4780,#2375,.T.);
#5862=EDGE_CURVE('',#4781,#4779,#2376,.T.);
#5863=EDGE_CURVE('',#4782,#4780,#2377,.T.);
#5864=EDGE_CURVE('',#4781,#4782,#2378,.T.);
#5865=EDGE_CURVE('',#4716,#4781,#2379,.T.);
#5866=EDGE_CURVE('',#4715,#4782,#2380,.T.);
#5867=EDGE_CURVE('',#4783,#4724,#2381,.T.);
#5868=EDGE_CURVE('',#4784,#4726,#2382,.T.);
#5869=EDGE_CURVE('',#4783,#4784,#2383,.T.);
#5870=EDGE_CURVE('',#4785,#4783,#2384,.T.);
#5871=EDGE_CURVE('',#4786,#4784,#2385,.T.);
#5872=EDGE_CURVE('',#4785,#4786,#2386,.T.);
#5873=EDGE_CURVE('',#4787,#4785,#2387,.T.);
#5874=EDGE_CURVE('',#4788,#4786,#2388,.T.);
#5875=EDGE_CURVE('',#4787,#4788,#2389,.T.);
#5876=EDGE_CURVE('',#4789,#4787,#2390,.T.);
#5877=EDGE_CURVE('',#4790,#4788,#2391,.T.);
#5878=EDGE_CURVE('',#4789,#4790,#2392,.T.);
#5879=EDGE_CURVE('',#4766,#4789,#2393,.T.);
#5880=EDGE_CURVE('',#4767,#4790,#2394,.T.);
#5881=EDGE_CURVE('',#4791,#4792,#2395,.T.);
#5882=EDGE_CURVE('',#4792,#4793,#2396,.T.);
#5883=EDGE_CURVE('',#4794,#4793,#2397,.T.);
#5884=EDGE_CURVE('',#4791,#4794,#2398,.T.);
#5885=EDGE_CURVE('',#4795,#4791,#2399,.T.);
#5886=EDGE_CURVE('',#4796,#4794,#2400,.T.);
#5887=EDGE_CURVE('',#4795,#4796,#2401,.T.);
#5888=EDGE_CURVE('',#4797,#4795,#2402,.T.);
#5889=EDGE_CURVE('',#4798,#4796,#2403,.T.);
#5890=EDGE_CURVE('',#4797,#4798,#2404,.T.);
#5891=EDGE_CURVE('',#4799,#4797,#2405,.T.);
#5892=EDGE_CURVE('',#4800,#4798,#2406,.T.);
#5893=EDGE_CURVE('',#4799,#4800,#2407,.T.);
#5894=EDGE_CURVE('',#4801,#4799,#2408,.T.);
#5895=EDGE_CURVE('',#4802,#4800,#2409,.T.);
#5896=EDGE_CURVE('',#4801,#4802,#2410,.T.);
#5897=EDGE_CURVE('',#4803,#4801,#2411,.T.);
#5898=EDGE_CURVE('',#4804,#4802,#2412,.T.);
#5899=EDGE_CURVE('',#4803,#4804,#2413,.T.);
#5900=EDGE_CURVE('',#4805,#4803,#2414,.T.);
#5901=EDGE_CURVE('',#4806,#4804,#2415,.T.);
#5902=EDGE_CURVE('',#4805,#4806,#2416,.T.);
#5903=EDGE_CURVE('',#4807,#4805,#2417,.T.);
#5904=EDGE_CURVE('',#4808,#4806,#2418,.T.);
#5905=EDGE_CURVE('',#4807,#4808,#2419,.T.);
#5906=EDGE_CURVE('',#4809,#4807,#2420,.T.);
#5907=EDGE_CURVE('',#4810,#4808,#2421,.T.);
#5908=EDGE_CURVE('',#4809,#4810,#2422,.T.);
#5909=EDGE_CURVE('',#4811,#4809,#2423,.T.);
#5910=EDGE_CURVE('',#4812,#4810,#2424,.T.);
#5911=EDGE_CURVE('',#4811,#4812,#2425,.T.);
#5912=EDGE_CURVE('',#4813,#4811,#2426,.T.);
#5913=EDGE_CURVE('',#4814,#4812,#2427,.T.);
#5914=EDGE_CURVE('',#4813,#4814,#2428,.T.);
#5915=EDGE_CURVE('',#4792,#4813,#2429,.T.);
#5916=EDGE_CURVE('',#4793,#4814,#2430,.T.);
#5917=EDGE_CURVE('',#4815,#4816,#2431,.T.);
#5918=EDGE_CURVE('',#4816,#4817,#2432,.T.);
#5919=EDGE_CURVE('',#4818,#4817,#2433,.T.);
#5920=EDGE_CURVE('',#4815,#4818,#2434,.T.);
#5921=EDGE_CURVE('',#4819,#4815,#2435,.T.);
#5922=EDGE_CURVE('',#4820,#4818,#2436,.T.);
#5923=EDGE_CURVE('',#4819,#4820,#2437,.T.);
#5924=EDGE_CURVE('',#4821,#4819,#2438,.T.);
#5925=EDGE_CURVE('',#4822,#4820,#2439,.T.);
#5926=EDGE_CURVE('',#4821,#4822,#2440,.T.);
#5927=EDGE_CURVE('',#4823,#4821,#2441,.T.);
#5928=EDGE_CURVE('',#4824,#4822,#2442,.T.);
#5929=EDGE_CURVE('',#4823,#4824,#2443,.T.);
#5930=EDGE_CURVE('',#4825,#4823,#2444,.T.);
#5931=EDGE_CURVE('',#4826,#4824,#2445,.T.);
#5932=EDGE_CURVE('',#4825,#4826,#2446,.T.);
#5933=EDGE_CURVE('',#4827,#4825,#2447,.T.);
#5934=EDGE_CURVE('',#4828,#4826,#2448,.T.);
#5935=EDGE_CURVE('',#4827,#4828,#2449,.T.);
#5936=EDGE_CURVE('',#4829,#4827,#2450,.T.);
#5937=EDGE_CURVE('',#4830,#4828,#2451,.T.);
#5938=EDGE_CURVE('',#4829,#4830,#2452,.T.);
#5939=EDGE_CURVE('',#4831,#4829,#2453,.T.);
#5940=EDGE_CURVE('',#4832,#4830,#2454,.T.);
#5941=EDGE_CURVE('',#4831,#4832,#2455,.T.);
#5942=EDGE_CURVE('',#4833,#4831,#2456,.T.);
#5943=EDGE_CURVE('',#4834,#4832,#2457,.T.);
#5944=EDGE_CURVE('',#4833,#4834,#2458,.T.);
#5945=EDGE_CURVE('',#4835,#4833,#2459,.T.);
#5946=EDGE_CURVE('',#4836,#4834,#2460,.T.);
#5947=EDGE_CURVE('',#4835,#4836,#2461,.T.);
#5948=EDGE_CURVE('',#4837,#4835,#2462,.T.);
#5949=EDGE_CURVE('',#4838,#4836,#2463,.T.);
#5950=EDGE_CURVE('',#4837,#4838,#2464,.T.);
#5951=EDGE_CURVE('',#4816,#4837,#2465,.T.);
#5952=EDGE_CURVE('',#4817,#4838,#2466,.T.);
#5953=EDGE_CURVE('',#4839,#4734,#2467,.T.);
#5954=EDGE_CURVE('',#4840,#4839,#2468,.T.);
#5955=EDGE_CURVE('',#4840,#4733,#2469,.T.);
#5956=EDGE_CURVE('',#4841,#4840,#2470,.T.);
#5957=EDGE_CURVE('',#4842,#4839,#2471,.T.);
#5958=EDGE_CURVE('',#4841,#4842,#2472,.T.);
#5959=EDGE_CURVE('',#4843,#4841,#2473,.T.);
#5960=EDGE_CURVE('',#4844,#4842,#2474,.T.);
#5961=EDGE_CURVE('',#4843,#4844,#2475,.T.);
#5962=EDGE_CURVE('',#4845,#4843,#2476,.T.);
#5963=EDGE_CURVE('',#4846,#4844,#2477,.T.);
#5964=EDGE_CURVE('',#4845,#4846,#2478,.T.);
#5965=EDGE_CURVE('',#4730,#4845,#2479,.T.);
#5966=EDGE_CURVE('',#4729,#4846,#2480,.T.);
#5967=EDGE_CURVE('',#4847,#4737,#2481,.T.);
#5968=EDGE_CURVE('',#4848,#4740,#2482,.T.);
#5969=EDGE_CURVE('',#4847,#4848,#2483,.T.);
#5970=EDGE_CURVE('',#4849,#4847,#2484,.T.);
#5971=EDGE_CURVE('',#4850,#4848,#2485,.T.);
#5972=EDGE_CURVE('',#4849,#4850,#2486,.T.);
#5973=EDGE_CURVE('',#4851,#4849,#2487,.T.);
#5974=EDGE_CURVE('',#4852,#4850,#2488,.T.);
#5975=EDGE_CURVE('',#4851,#4852,#2489,.T.);
#5976=EDGE_CURVE('',#4853,#4851,#2490,.T.);
#5977=EDGE_CURVE('',#4854,#4852,#2491,.T.);
#5978=EDGE_CURVE('',#4853,#4854,#2492,.T.);
#5979=EDGE_CURVE('',#4855,#4853,#2493,.T.);
#5980=EDGE_CURVE('',#4856,#4854,#2494,.T.);
#5981=EDGE_CURVE('',#4855,#4856,#2495,.T.);
#5982=EDGE_CURVE('',#4857,#4855,#2496,.T.);
#5983=EDGE_CURVE('',#4858,#4856,#2497,.T.);
#5984=EDGE_CURVE('',#4857,#4858,#2498,.T.);
#5985=EDGE_CURVE('',#4859,#4857,#2499,.T.);
#5986=EDGE_CURVE('',#4860,#4858,#2500,.T.);
#5987=EDGE_CURVE('',#4859,#4860,#2501,.T.);
#5988=EDGE_CURVE('',#4861,#4859,#2502,.T.);
#5989=EDGE_CURVE('',#4862,#4860,#2503,.T.);
#5990=EDGE_CURVE('',#4861,#4862,#2504,.T.);
#5991=EDGE_CURVE('',#4863,#4861,#2505,.T.);
#5992=EDGE_CURVE('',#4864,#4862,#2506,.T.);
#5993=EDGE_CURVE('',#4863,#4864,#2507,.T.);
#5994=EDGE_CURVE('',#4865,#4863,#2508,.T.);
#5995=EDGE_CURVE('',#4866,#4864,#2509,.T.);
#5996=EDGE_CURVE('',#4865,#4866,#2510,.T.);
#5997=EDGE_CURVE('',#4738,#4865,#2511,.T.);
#5998=EDGE_CURVE('',#4739,#4866,#2512,.T.);
#5999=EDGE_CURVE('',#4867,#4868,#2513,.T.);
#6000=EDGE_CURVE('',#4868,#4869,#2514,.T.);
#6001=EDGE_CURVE('',#4870,#4869,#2515,.T.);
#6002=EDGE_CURVE('',#4867,#4870,#2516,.T.);
#6003=EDGE_CURVE('',#4871,#4867,#2517,.T.);
#6004=EDGE_CURVE('',#4872,#4870,#2518,.T.);
#6005=EDGE_CURVE('',#4871,#4872,#2519,.T.);
#6006=EDGE_CURVE('',#4873,#4871,#2520,.T.);
#6007=EDGE_CURVE('',#4874,#4872,#2521,.T.);
#6008=EDGE_CURVE('',#4873,#4874,#2522,.T.);
#6009=EDGE_CURVE('',#4868,#4873,#2523,.T.);
#6010=EDGE_CURVE('',#4869,#4874,#2524,.T.);
#6011=EDGE_CURVE('',#4875,#4876,#2525,.T.);
#6012=EDGE_CURVE('',#4876,#4877,#2526,.T.);
#6013=EDGE_CURVE('',#4878,#4877,#2527,.T.);
#6014=EDGE_CURVE('',#4875,#4878,#2528,.T.);
#6015=EDGE_CURVE('',#4879,#4875,#2529,.T.);
#6016=EDGE_CURVE('',#4880,#4878,#2530,.T.);
#6017=EDGE_CURVE('',#4879,#4880,#2531,.T.);
#6018=EDGE_CURVE('',#4881,#4879,#2532,.T.);
#6019=EDGE_CURVE('',#4882,#4880,#2533,.T.);
#6020=EDGE_CURVE('',#4881,#4882,#2534,.T.);
#6021=EDGE_CURVE('',#4876,#4881,#2535,.T.);
#6022=EDGE_CURVE('',#4877,#4882,#2536,.T.);
#6023=EDGE_CURVE('',#4883,#4884,#2537,.T.);
#6024=EDGE_CURVE('',#4884,#4885,#2538,.T.);
#6025=EDGE_CURVE('',#4886,#4885,#2539,.T.);
#6026=EDGE_CURVE('',#4883,#4886,#2540,.T.);
#6027=EDGE_CURVE('',#4887,#4883,#2541,.T.);
#6028=EDGE_CURVE('',#4888,#4886,#2542,.T.);
#6029=EDGE_CURVE('',#4887,#4888,#2543,.T.);
#6030=EDGE_CURVE('',#4889,#4887,#2544,.T.);
#6031=EDGE_CURVE('',#4890,#4888,#2545,.T.);
#6032=EDGE_CURVE('',#4889,#4890,#2546,.T.);
#6033=EDGE_CURVE('',#4884,#4889,#2547,.T.);
#6034=EDGE_CURVE('',#4885,#4890,#2548,.T.);
#6035=EDGE_CURVE('',#4891,#4892,#2549,.T.);
#6036=EDGE_CURVE('',#4892,#4893,#2550,.T.);
#6037=EDGE_CURVE('',#4894,#4893,#2551,.T.);
#6038=EDGE_CURVE('',#4891,#4894,#2552,.T.);
#6039=EDGE_CURVE('',#4895,#4891,#2553,.T.);
#6040=EDGE_CURVE('',#4896,#4894,#2554,.T.);
#6041=EDGE_CURVE('',#4895,#4896,#2555,.T.);
#6042=EDGE_CURVE('',#4897,#4895,#2556,.T.);
#6043=EDGE_CURVE('',#4898,#4896,#2557,.T.);
#6044=EDGE_CURVE('',#4897,#4898,#2558,.T.);
#6045=EDGE_CURVE('',#4892,#4897,#2559,.T.);
#6046=EDGE_CURVE('',#4893,#4898,#2560,.T.);
#6047=EDGE_CURVE('',#4899,#4900,#2561,.T.);
#6048=EDGE_CURVE('',#4901,#4899,#2562,.T.);
#6049=EDGE_CURVE('',#4901,#4902,#2563,.T.);
#6050=EDGE_CURVE('',#4902,#4900,#2564,.T.);
#6051=EDGE_CURVE('',#4903,#4904,#2565,.T.);
#6052=EDGE_CURVE('',#4903,#4905,#2566,.T.);
#6053=EDGE_CURVE('',#4906,#4905,#2567,.T.);
#6054=EDGE_CURVE('',#4907,#4906,#4301,.T.);
#6055=EDGE_CURVE('',#4907,#4908,#2568,.T.);
#6056=EDGE_CURVE('',#4908,#4901,#4302,.T.);
#6057=EDGE_CURVE('',#4899,#4909,#2569,.T.);
#6058=EDGE_CURVE('',#4909,#4910,#2570,.T.);
#6059=EDGE_CURVE('',#4910,#4911,#4303,.T.);
#6060=EDGE_CURVE('',#4911,#4912,#4304,.T.);
#6061=EDGE_CURVE('',#4912,#4913,#2571,.T.);
#6062=EDGE_CURVE('',#4913,#4914,#2572,.T.);
#6063=EDGE_CURVE('',#4915,#4914,#2573,.T.);
#6064=EDGE_CURVE('',#4916,#4915,#4305,.T.);
#6065=EDGE_CURVE('',#4904,#4916,#4306,.T.);
#6066=EDGE_CURVE('',#4917,#4918,#2574,.T.);
#6067=EDGE_CURVE('',#4917,#4919,#2575,.T.);
#6068=EDGE_CURVE('',#4920,#4919,#2576,.T.);
#6069=EDGE_CURVE('',#4921,#4920,#4307,.T.);
#6070=EDGE_CURVE('',#4922,#4921,#2577,.T.);
#6071=EDGE_CURVE('',#4922,#4923,#4308,.T.);
#6072=EDGE_CURVE('',#4923,#4924,#2578,.T.);
#6073=EDGE_CURVE('',#4924,#4925,#2579,.T.);
#6074=EDGE_CURVE('',#4925,#4926,#2580,.T.);
#6075=EDGE_CURVE('',#4926,#4927,#4309,.T.);
#6076=EDGE_CURVE('',#4927,#4928,#4310,.T.);
#6077=EDGE_CURVE('',#4928,#4929,#2581,.T.);
#6078=EDGE_CURVE('',#4930,#4929,#2582,.T.);
#6079=EDGE_CURVE('',#4931,#4930,#2583,.T.);
#6080=EDGE_CURVE('',#4932,#4931,#4311,.T.);
#6081=EDGE_CURVE('',#4918,#4932,#4312,.T.);
#6082=EDGE_CURVE('',#4933,#4934,#2584,.T.);
#6083=EDGE_CURVE('',#4933,#4935,#2585,.T.);
#6084=EDGE_CURVE('',#4935,#4936,#4313,.T.);
#6085=EDGE_CURVE('',#4936,#4937,#4314,.T.);
#6086=EDGE_CURVE('',#4937,#4938,#2586,.T.);
#6087=EDGE_CURVE('',#4939,#4938,#2587,.T.);
#6088=EDGE_CURVE('',#4940,#4939,#2588,.T.);
#6089=EDGE_CURVE('',#4941,#4940,#4315,.T.);
#6090=EDGE_CURVE('',#4942,#4941,#4316,.T.);
#6091=EDGE_CURVE('',#4943,#4942,#2589,.T.);
#6092=EDGE_CURVE('',#4900,#4943,#2590,.T.);
#6093=EDGE_CURVE('',#4944,#4902,#4317,.T.);
#6094=EDGE_CURVE('',#4945,#4944,#2591,.T.);
#6095=EDGE_CURVE('',#4945,#4946,#4318,.T.);
#6096=EDGE_CURVE('',#4946,#4934,#2592,.T.);
#6097=EDGE_CURVE('',#4947,#4948,#2593,.T.);
#6098=EDGE_CURVE('',#4947,#4949,#2594,.T.);
#6099=EDGE_CURVE('',#4949,#4950,#4319,.T.);
#6100=EDGE_CURVE('',#4950,#4951,#4320,.T.);
#6101=EDGE_CURVE('',#4951,#4952,#2595,.T.);
#6102=EDGE_CURVE('',#4952,#4953,#2596,.T.);
#6103=EDGE_CURVE('',#4954,#4953,#2597,.T.);
#6104=EDGE_CURVE('',#4955,#4954,#4321,.T.);
#6105=EDGE_CURVE('',#4956,#4955,#4322,.T.);
#6106=EDGE_CURVE('',#4957,#4956,#2598,.T.);
#6107=EDGE_CURVE('',#4958,#4957,#2599,.T.);
#6108=EDGE_CURVE('',#4959,#4958,#2600,.T.);
#6109=EDGE_CURVE('',#4960,#4959,#4323,.T.);
#6110=EDGE_CURVE('',#4960,#4961,#2601,.T.);
#6111=EDGE_CURVE('',#4961,#4962,#4324,.T.);
#6112=EDGE_CURVE('',#4962,#4948,#2602,.T.);
#6113=EDGE_CURVE('',#4948,#4919,#2603,.T.);
#6114=EDGE_CURVE('',#4920,#4962,#2604,.T.);
#6115=EDGE_CURVE('',#4934,#4905,#2605,.T.);
#6116=EDGE_CURVE('',#4906,#4946,#2606,.T.);
#6117=EDGE_CURVE('',#4924,#4958,#2607,.T.);
#6118=EDGE_CURVE('',#4923,#4959,#2608,.T.);
#6119=EDGE_CURVE('',#4963,#4964,#2609,.T.);
#6120=EDGE_CURVE('',#4964,#4965,#2610,.T.);
#6121=EDGE_CURVE('',#4966,#4965,#2611,.T.);
#6122=EDGE_CURVE('',#4963,#4966,#2612,.T.);
#6123=EDGE_CURVE('',#4965,#4967,#4325,.T.);
#6124=EDGE_CURVE('',#4943,#4967,#2613,.T.);
#6125=EDGE_CURVE('',#4909,#4943,#2614,.T.);
#6126=EDGE_CURVE('',#4968,#4909,#2615,.T.);
#6127=EDGE_CURVE('',#4966,#4968,#4326,.T.);
#6128=EDGE_CURVE('',#4910,#4942,#2616,.T.);
#6129=EDGE_CURVE('',#4911,#4941,#2617,.T.);
#6130=EDGE_CURVE('',#4912,#4940,#2618,.T.);
#6131=EDGE_CURVE('',#4913,#4939,#2619,.T.);
#6132=EDGE_CURVE('',#4914,#4938,#2620,.T.);
#6133=EDGE_CURVE('',#4969,#4969,#4327,.T.);
#6134=EDGE_CURVE('',#4908,#4944,#2621,.T.);
#6135=EDGE_CURVE('',#4907,#4945,#2622,.T.);
#6136=EDGE_CURVE('',#4970,#4970,#4328,.T.);
#6137=EDGE_CURVE('',#4917,#4947,#2623,.T.);
#6138=EDGE_CURVE('',#4947,#4971,#2624,.T.);
#6139=EDGE_CURVE('',#4971,#4964,#4329,.T.);
#6140=EDGE_CURVE('',#4972,#4963,#4330,.T.);
#6141=EDGE_CURVE('',#4972,#4917,#2625,.T.);
#6142=EDGE_CURVE('',#4918,#4949,#2626,.T.);
#6143=EDGE_CURVE('',#4932,#4950,#2627,.T.);
#6144=EDGE_CURVE('',#4931,#4951,#2628,.T.);
#6145=EDGE_CURVE('',#4930,#4952,#2629,.T.);
#6146=EDGE_CURVE('',#4929,#4953,#2630,.T.);
#6147=EDGE_CURVE('',#4973,#4973,#4331,.T.);
#6148=EDGE_CURVE('',#4922,#4960,#2631,.T.);
#6149=EDGE_CURVE('',#4921,#4961,#2632,.T.);
#6150=EDGE_CURVE('',#4974,#4974,#4332,.T.);
#6151=EDGE_CURVE('',#4975,#4976,#2633,.T.);
#6152=EDGE_CURVE('',#4976,#4977,#2634,.T.);
#6153=EDGE_CURVE('',#4978,#4977,#2635,.T.);
#6154=EDGE_CURVE('',#4975,#4978,#2636,.T.);
#6155=EDGE_CURVE('',#4903,#4933,#2637,.T.);
#6156=EDGE_CURVE('',#4933,#4979,#2638,.T.);
#6157=EDGE_CURVE('',#4979,#4976,#4333,.T.);
#6158=EDGE_CURVE('',#4980,#4975,#4334,.T.);
#6159=EDGE_CURVE('',#4980,#4903,#2639,.T.);
#6160=EDGE_CURVE('',#4904,#4935,#2640,.T.);
#6161=EDGE_CURVE('',#4916,#4936,#2641,.T.);
#6162=EDGE_CURVE('',#4915,#4937,#2642,.T.);
#6163=EDGE_CURVE('',#4977,#4981,#4335,.T.);
#6164=EDGE_CURVE('',#4957,#4981,#2643,.T.);
#6165=EDGE_CURVE('',#4925,#4957,#2644,.T.);
#6166=EDGE_CURVE('',#4982,#4925,#2645,.T.);
#6167=EDGE_CURVE('',#4978,#4982,#4336,.T.);
#6168=EDGE_CURVE('',#4926,#4956,#2646,.T.);
#6169=EDGE_CURVE('',#4927,#4955,#2647,.T.);
#6170=EDGE_CURVE('',#4928,#4954,#2648,.T.);
#6171=EDGE_CURVE('',#4973,#4974,#2649,.T.);
#6172=EDGE_CURVE('',#4970,#4969,#2650,.T.);
#6173=EDGE_CURVE('',#4967,#4979,#2651,.T.);
#6174=EDGE_CURVE('',#4968,#4980,#2652,.T.);
#6175=EDGE_CURVE('',#4982,#4972,#2653,.T.);
#6176=EDGE_CURVE('',#4981,#4971,#2654,.T.);
#6177=EDGE_CURVE('',#4983,#4984,#2655,.T.);
#6178=EDGE_CURVE('',#4984,#4985,#2656,.T.);
#6179=EDGE_CURVE('',#4986,#4985,#2657,.T.);
#6180=EDGE_CURVE('',#4983,#4986,#2658,.T.);
#6181=EDGE_CURVE('',#4987,#4983,#2659,.T.);
#6182=EDGE_CURVE('',#4988,#4986,#2660,.T.);
#6183=EDGE_CURVE('',#4987,#4988,#2661,.T.);
#6184=EDGE_CURVE('',#4989,#4987,#2662,.T.);
#6185=EDGE_CURVE('',#4990,#4988,#2663,.T.);
#6186=EDGE_CURVE('',#4989,#4990,#2664,.T.);
#6187=EDGE_CURVE('',#4984,#4989,#2665,.T.);
#6188=EDGE_CURVE('',#4985,#4990,#2666,.T.);
#6189=EDGE_CURVE('',#4991,#4992,#2667,.T.);
#6190=EDGE_CURVE('',#4993,#4991,#2668,.T.);
#6191=EDGE_CURVE('',#4994,#4993,#2669,.T.);
#6192=EDGE_CURVE('',#4992,#4994,#2670,.T.);
#6193=EDGE_CURVE('',#4994,#4995,#2671,.T.);
#6194=EDGE_CURVE('',#4996,#4993,#2672,.T.);
#6195=EDGE_CURVE('',#4995,#4996,#2673,.T.);
#6196=EDGE_CURVE('',#4997,#4998,#2674,.T.);
#6197=EDGE_CURVE('',#4995,#4997,#2675,.T.);
#6198=EDGE_CURVE('',#4998,#4996,#2676,.T.);
#6199=EDGE_CURVE('',#4999,#5000,#2677,.T.);
#6200=EDGE_CURVE('',#4999,#5001,#2678,.T.);
#6201=EDGE_CURVE('',#5002,#5001,#2679,.T.);
#6202=EDGE_CURVE('',#5000,#5002,#2680,.T.);
#6203=EDGE_CURVE('',#5003,#4998,#2681,.T.);
#6204=EDGE_CURVE('',#5004,#5003,#2682,.T.);
#6205=EDGE_CURVE('',#5004,#4997,#2683,.T.);
#6206=EDGE_CURVE('',#5005,#5006,#2684,.T.);
#6207=EDGE_CURVE('',#5007,#5005,#2685,.T.);
#6208=EDGE_CURVE('',#5008,#5007,#2686,.T.);
#6209=EDGE_CURVE('',#5008,#5006,#2687,.T.);
#6210=EDGE_CURVE('',#5009,#5010,#2688,.T.);
#6211=EDGE_CURVE('',#5009,#5011,#2689,.T.);
#6212=EDGE_CURVE('',#5011,#5012,#2690,.T.);
#6213=EDGE_CURVE('',#5010,#5012,#2691,.T.);
#6214=EDGE_CURVE('',#5013,#5014,#2692,.T.);
#6215=EDGE_CURVE('',#5014,#5015,#2693,.T.);
#6216=EDGE_CURVE('',#5016,#5015,#2694,.T.);
#6217=EDGE_CURVE('',#5013,#5016,#2695,.T.);
#6218=EDGE_CURVE('',#5011,#5008,#2696,.T.);
#6219=EDGE_CURVE('',#5012,#5007,#2697,.T.);
#6220=EDGE_CURVE('',#5017,#5017,#4337,.T.);
#6221=EDGE_CURVE('',#5017,#5018,#2698,.T.);
#6222=EDGE_CURVE('',#5018,#5018,#4338,.T.);
#6223=EDGE_CURVE('',#5019,#5019,#4339,.T.);
#6224=EDGE_CURVE('',#5019,#5020,#2699,.T.);
#6225=EDGE_CURVE('',#5020,#5020,#4340,.T.);
#6226=EDGE_CURVE('',#5021,#5021,#4341,.T.);
#6227=EDGE_CURVE('',#5021,#5022,#2700,.T.);
#6228=EDGE_CURVE('',#5022,#5022,#4342,.T.);
#6229=EDGE_CURVE('',#5023,#5023,#4343,.T.);
#6230=EDGE_CURVE('',#5023,#5024,#2701,.T.);
#6231=EDGE_CURVE('',#5024,#5024,#4344,.T.);
#6232=EDGE_CURVE('',#5025,#5026,#2702,.T.);
#6233=EDGE_CURVE('',#5026,#5027,#2703,.T.);
#6234=EDGE_CURVE('',#5028,#5027,#2704,.T.);
#6235=EDGE_CURVE('',#5025,#5028,#2705,.T.);
#6236=EDGE_CURVE('',#5029,#5025,#2706,.T.);
#6237=EDGE_CURVE('',#5030,#5028,#2707,.T.);
#6238=EDGE_CURVE('',#5029,#5030,#2708,.T.);
#6239=EDGE_CURVE('',#5031,#5029,#2709,.T.);
#6240=EDGE_CURVE('',#5032,#5030,#2710,.T.);
#6241=EDGE_CURVE('',#5031,#5032,#2711,.T.);
#6242=EDGE_CURVE('',#5026,#5031,#2712,.T.);
#6243=EDGE_CURVE('',#5027,#5032,#2713,.T.);
#6244=EDGE_CURVE('',#5033,#5034,#2714,.T.);
#6245=EDGE_CURVE('',#5034,#5035,#2715,.T.);
#6246=EDGE_CURVE('',#5036,#5035,#2716,.T.);
#6247=EDGE_CURVE('',#5033,#5036,#2717,.T.);
#6248=EDGE_CURVE('',#5037,#5033,#2718,.T.);
#6249=EDGE_CURVE('',#5038,#5036,#2719,.T.);
#6250=EDGE_CURVE('',#5037,#5038,#2720,.T.);
#6251=EDGE_CURVE('',#5039,#5037,#2721,.T.);
#6252=EDGE_CURVE('',#5040,#5038,#2722,.T.);
#6253=EDGE_CURVE('',#5039,#5040,#2723,.T.);
#6254=EDGE_CURVE('',#5041,#5039,#2724,.T.);
#6255=EDGE_CURVE('',#5042,#5040,#2725,.T.);
#6256=EDGE_CURVE('',#5041,#5042,#2726,.T.);
#6257=EDGE_CURVE('',#5043,#5041,#2727,.T.);
#6258=EDGE_CURVE('',#5044,#5042,#2728,.T.);
#6259=EDGE_CURVE('',#5043,#5044,#2729,.T.);
#6260=EDGE_CURVE('',#5045,#5043,#2730,.T.);
#6261=EDGE_CURVE('',#5046,#5044,#2731,.T.);
#6262=EDGE_CURVE('',#5045,#5046,#2732,.T.);
#6263=EDGE_CURVE('',#5047,#5045,#2733,.T.);
#6264=EDGE_CURVE('',#5048,#5046,#2734,.T.);
#6265=EDGE_CURVE('',#5047,#5048,#2735,.T.);
#6266=EDGE_CURVE('',#5049,#5047,#2736,.T.);
#6267=EDGE_CURVE('',#5050,#5048,#2737,.T.);
#6268=EDGE_CURVE('',#5049,#5050,#2738,.T.);
#6269=EDGE_CURVE('',#5051,#5049,#2739,.T.);
#6270=EDGE_CURVE('',#5052,#5050,#2740,.T.);
#6271=EDGE_CURVE('',#5051,#5052,#2741,.T.);
#6272=EDGE_CURVE('',#5053,#5051,#2742,.T.);
#6273=EDGE_CURVE('',#5054,#5052,#2743,.T.);
#6274=EDGE_CURVE('',#5053,#5054,#2744,.T.);
#6275=EDGE_CURVE('',#5055,#5053,#2745,.T.);
#6276=EDGE_CURVE('',#5056,#5054,#2746,.T.);
#6277=EDGE_CURVE('',#5055,#5056,#2747,.T.);
#6278=EDGE_CURVE('',#5034,#5055,#2748,.T.);
#6279=EDGE_CURVE('',#5035,#5056,#2749,.T.);
#6280=EDGE_CURVE('',#5057,#5058,#2750,.T.);
#6281=EDGE_CURVE('',#5058,#5059,#2751,.T.);
#6282=EDGE_CURVE('',#5060,#5059,#2752,.T.);
#6283=EDGE_CURVE('',#5057,#5060,#2753,.T.);
#6284=EDGE_CURVE('',#5061,#5057,#2754,.T.);
#6285=EDGE_CURVE('',#5062,#5060,#2755,.T.);
#6286=EDGE_CURVE('',#5061,#5062,#2756,.T.);
#6287=EDGE_CURVE('',#5063,#5061,#2757,.T.);
#6288=EDGE_CURVE('',#5064,#5062,#2758,.T.);
#6289=EDGE_CURVE('',#5063,#5064,#2759,.T.);
#6290=EDGE_CURVE('',#5065,#5063,#2760,.T.);
#6291=EDGE_CURVE('',#5066,#5064,#2761,.T.);
#6292=EDGE_CURVE('',#5065,#5066,#2762,.T.);
#6293=EDGE_CURVE('',#5067,#5065,#2763,.T.);
#6294=EDGE_CURVE('',#5068,#5066,#2764,.T.);
#6295=EDGE_CURVE('',#5067,#5068,#2765,.T.);
#6296=EDGE_CURVE('',#5069,#5067,#2766,.T.);
#6297=EDGE_CURVE('',#5070,#5068,#2767,.T.);
#6298=EDGE_CURVE('',#5069,#5070,#2768,.T.);
#6299=EDGE_CURVE('',#5071,#5069,#2769,.T.);
#6300=EDGE_CURVE('',#5072,#5070,#2770,.T.);
#6301=EDGE_CURVE('',#5071,#5072,#2771,.T.);
#6302=EDGE_CURVE('',#5073,#5071,#2772,.T.);
#6303=EDGE_CURVE('',#5074,#5072,#2773,.T.);
#6304=EDGE_CURVE('',#5073,#5074,#2774,.T.);
#6305=EDGE_CURVE('',#5075,#5073,#2775,.T.);
#6306=EDGE_CURVE('',#5076,#5074,#2776,.T.);
#6307=EDGE_CURVE('',#5075,#5076,#2777,.T.);
#6308=EDGE_CURVE('',#5077,#5075,#2778,.T.);
#6309=EDGE_CURVE('',#5078,#5076,#2779,.T.);
#6310=EDGE_CURVE('',#5077,#5078,#2780,.T.);
#6311=EDGE_CURVE('',#5079,#5077,#2781,.T.);
#6312=EDGE_CURVE('',#5080,#5078,#2782,.T.);
#6313=EDGE_CURVE('',#5079,#5080,#2783,.T.);
#6314=EDGE_CURVE('',#5058,#5079,#2784,.T.);
#6315=EDGE_CURVE('',#5059,#5080,#2785,.T.);
#6316=EDGE_CURVE('',#5081,#5082,#2786,.T.);
#6317=EDGE_CURVE('',#5082,#5083,#2787,.T.);
#6318=EDGE_CURVE('',#5084,#5083,#2788,.T.);
#6319=EDGE_CURVE('',#5081,#5084,#2789,.T.);
#6320=EDGE_CURVE('',#5085,#5081,#2790,.T.);
#6321=EDGE_CURVE('',#5086,#5084,#2791,.T.);
#6322=EDGE_CURVE('',#5085,#5086,#2792,.T.);
#6323=EDGE_CURVE('',#5087,#5085,#2793,.T.);
#6324=EDGE_CURVE('',#5088,#5086,#2794,.T.);
#6325=EDGE_CURVE('',#5087,#5088,#2795,.T.);
#6326=EDGE_CURVE('',#5089,#5087,#2796,.T.);
#6327=EDGE_CURVE('',#5090,#5088,#2797,.T.);
#6328=EDGE_CURVE('',#5089,#5090,#2798,.T.);
#6329=EDGE_CURVE('',#5091,#5089,#2799,.T.);
#6330=EDGE_CURVE('',#5092,#5090,#2800,.T.);
#6331=EDGE_CURVE('',#5091,#5092,#2801,.T.);
#6332=EDGE_CURVE('',#5091,#4999,#2802,.T.);
#6333=EDGE_CURVE('',#5001,#5092,#2803,.T.);
#6334=EDGE_CURVE('',#5093,#5004,#2804,.T.);
#6335=EDGE_CURVE('',#5094,#5003,#2805,.T.);
#6336=EDGE_CURVE('',#5093,#5094,#2806,.T.);
#6337=EDGE_CURVE('',#5095,#5093,#2807,.T.);
#6338=EDGE_CURVE('',#5096,#5094,#2808,.T.);
#6339=EDGE_CURVE('',#5095,#5096,#2809,.T.);
#6340=EDGE_CURVE('',#5097,#5095,#2810,.T.);
#6341=EDGE_CURVE('',#5098,#5096,#2811,.T.);
#6342=EDGE_CURVE('',#5097,#5098,#2812,.T.);
#6343=EDGE_CURVE('',#4992,#5097,#2813,.T.);
#6344=EDGE_CURVE('',#4991,#5098,#2814,.T.);
#6345=EDGE_CURVE('',#5099,#5000,#2815,.T.);
#6346=EDGE_CURVE('',#5100,#5002,#2816,.T.);
#6347=EDGE_CURVE('',#5099,#5100,#2817,.T.);
#6348=EDGE_CURVE('',#5101,#5099,#2818,.T.);
#6349=EDGE_CURVE('',#5102,#5100,#2819,.T.);
#6350=EDGE_CURVE('',#5101,#5102,#2820,.T.);
#6351=EDGE_CURVE('',#5103,#5101,#2821,.T.);
#6352=EDGE_CURVE('',#5104,#5102,#2822,.T.);
#6353=EDGE_CURVE('',#5103,#5104,#2823,.T.);
#6354=EDGE_CURVE('',#5105,#5103,#2824,.T.);
#6355=EDGE_CURVE('',#5106,#5104,#2825,.T.);
#6356=EDGE_CURVE('',#5105,#5106,#2826,.T.);
#6357=EDGE_CURVE('',#5082,#5105,#2827,.T.);
#6358=EDGE_CURVE('',#5083,#5106,#2828,.T.);
#6359=EDGE_CURVE('',#5107,#5108,#2829,.T.);
#6360=EDGE_CURVE('',#5108,#5109,#2830,.T.);
#6361=EDGE_CURVE('',#5110,#5109,#2831,.T.);
#6362=EDGE_CURVE('',#5107,#5110,#2832,.T.);
#6363=EDGE_CURVE('',#5111,#5107,#2833,.T.);
#6364=EDGE_CURVE('',#5112,#5110,#2834,.T.);
#6365=EDGE_CURVE('',#5111,#5112,#2835,.T.);
#6366=EDGE_CURVE('',#5113,#5111,#2836,.T.);
#6367=EDGE_CURVE('',#5114,#5112,#2837,.T.);
#6368=EDGE_CURVE('',#5113,#5114,#2838,.T.);
#6369=EDGE_CURVE('',#5108,#5113,#2839,.T.);
#6370=EDGE_CURVE('',#5109,#5114,#2840,.T.);
#6371=EDGE_CURVE('',#5115,#5010,#2841,.T.);
#6372=EDGE_CURVE('',#5116,#5115,#2842,.T.);
#6373=EDGE_CURVE('',#5116,#5009,#2843,.T.);
#6374=EDGE_CURVE('',#5117,#5116,#2844,.T.);
#6375=EDGE_CURVE('',#5118,#5115,#2845,.T.);
#6376=EDGE_CURVE('',#5117,#5118,#2846,.T.);
#6377=EDGE_CURVE('',#5119,#5117,#2847,.T.);
#6378=EDGE_CURVE('',#5120,#5118,#2848,.T.);
#6379=EDGE_CURVE('',#5119,#5120,#2849,.T.);
#6380=EDGE_CURVE('',#5121,#5119,#2850,.T.);
#6381=EDGE_CURVE('',#5122,#5120,#2851,.T.);
#6382=EDGE_CURVE('',#5121,#5122,#2852,.T.);
#6383=EDGE_CURVE('',#5006,#5121,#2853,.T.);
#6384=EDGE_CURVE('',#5005,#5122,#2854,.T.);
#6385=EDGE_CURVE('',#5123,#5013,#2855,.T.);
#6386=EDGE_CURVE('',#5124,#5016,#2856,.T.);
#6387=EDGE_CURVE('',#5123,#5124,#2857,.T.);
#6388=EDGE_CURVE('',#5125,#5123,#2858,.T.);
#6389=EDGE_CURVE('',#5126,#5124,#2859,.T.);
#6390=EDGE_CURVE('',#5125,#5126,#2860,.T.);
#6391=EDGE_CURVE('',#5127,#5125,#2861,.T.);
#6392=EDGE_CURVE('',#5128,#5126,#2862,.T.);
#6393=EDGE_CURVE('',#5127,#5128,#2863,.T.);
#6394=EDGE_CURVE('',#5129,#5127,#2864,.T.);
#6395=EDGE_CURVE('',#5130,#5128,#2865,.T.);
#6396=EDGE_CURVE('',#5129,#5130,#2866,.T.);
#6397=EDGE_CURVE('',#5131,#5129,#2867,.T.);
#6398=EDGE_CURVE('',#5132,#5130,#2868,.T.);
#6399=EDGE_CURVE('',#5131,#5132,#2869,.T.);
#6400=EDGE_CURVE('',#5133,#5131,#2870,.T.);
#6401=EDGE_CURVE('',#5134,#5132,#2871,.T.);
#6402=EDGE_CURVE('',#5133,#5134,#2872,.T.);
#6403=EDGE_CURVE('',#5135,#5133,#2873,.T.);
#6404=EDGE_CURVE('',#5136,#5134,#2874,.T.);
#6405=EDGE_CURVE('',#5135,#5136,#2875,.T.);
#6406=EDGE_CURVE('',#5137,#5135,#2876,.T.);
#6407=EDGE_CURVE('',#5138,#5136,#2877,.T.);
#6408=EDGE_CURVE('',#5137,#5138,#2878,.T.);
#6409=EDGE_CURVE('',#5139,#5137,#2879,.T.);
#6410=EDGE_CURVE('',#5140,#5138,#2880,.T.);
#6411=EDGE_CURVE('',#5139,#5140,#2881,.T.);
#6412=EDGE_CURVE('',#5141,#5139,#2882,.T.);
#6413=EDGE_CURVE('',#5142,#5140,#2883,.T.);
#6414=EDGE_CURVE('',#5141,#5142,#2884,.T.);
#6415=EDGE_CURVE('',#5014,#5141,#2885,.T.);
#6416=EDGE_CURVE('',#5015,#5142,#2886,.T.);
#6417=EDGE_CURVE('',#5143,#5144,#2887,.T.);
#6418=EDGE_CURVE('',#5144,#5145,#2888,.T.);
#6419=EDGE_CURVE('',#5146,#5145,#2889,.T.);
#6420=EDGE_CURVE('',#5143,#5146,#2890,.T.);
#6421=EDGE_CURVE('',#5147,#5143,#2891,.T.);
#6422=EDGE_CURVE('',#5148,#5146,#2892,.T.);
#6423=EDGE_CURVE('',#5147,#5148,#2893,.T.);
#6424=EDGE_CURVE('',#5149,#5147,#2894,.T.);
#6425=EDGE_CURVE('',#5150,#5148,#2895,.T.);
#6426=EDGE_CURVE('',#5149,#5150,#2896,.T.);
#6427=EDGE_CURVE('',#5144,#5149,#2897,.T.);
#6428=EDGE_CURVE('',#5145,#5150,#2898,.T.);
#6429=EDGE_CURVE('',#5151,#5152,#2899,.T.);
#6430=EDGE_CURVE('',#5152,#5153,#2900,.T.);
#6431=EDGE_CURVE('',#5154,#5153,#2901,.T.);
#6432=EDGE_CURVE('',#5151,#5154,#2902,.T.);
#6433=EDGE_CURVE('',#5155,#5151,#2903,.T.);
#6434=EDGE_CURVE('',#5156,#5154,#2904,.T.);
#6435=EDGE_CURVE('',#5155,#5156,#2905,.T.);
#6436=EDGE_CURVE('',#5157,#5155,#2906,.T.);
#6437=EDGE_CURVE('',#5158,#5156,#2907,.T.);
#6438=EDGE_CURVE('',#5157,#5158,#2908,.T.);
#6439=EDGE_CURVE('',#5152,#5157,#2909,.T.);
#6440=EDGE_CURVE('',#5153,#5158,#2910,.T.);
#6441=EDGE_CURVE('',#5159,#5160,#2911,.T.);
#6442=EDGE_CURVE('',#5160,#5161,#2912,.T.);
#6443=EDGE_CURVE('',#5162,#5161,#2913,.T.);
#6444=EDGE_CURVE('',#5159,#5162,#2914,.T.);
#6445=EDGE_CURVE('',#5163,#5159,#2915,.T.);
#6446=EDGE_CURVE('',#5164,#5162,#2916,.T.);
#6447=EDGE_CURVE('',#5163,#5164,#2917,.T.);
#6448=EDGE_CURVE('',#5165,#5163,#2918,.T.);
#6449=EDGE_CURVE('',#5166,#5164,#2919,.T.);
#6450=EDGE_CURVE('',#5165,#5166,#2920,.T.);
#6451=EDGE_CURVE('',#5160,#5165,#2921,.T.);
#6452=EDGE_CURVE('',#5161,#5166,#2922,.T.);
#6453=EDGE_CURVE('',#5167,#5168,#2923,.T.);
#6454=EDGE_CURVE('',#5168,#5169,#2924,.T.);
#6455=EDGE_CURVE('',#5170,#5169,#2925,.T.);
#6456=EDGE_CURVE('',#5167,#5170,#2926,.T.);
#6457=EDGE_CURVE('',#5171,#5167,#2927,.T.);
#6458=EDGE_CURVE('',#5172,#5170,#2928,.T.);
#6459=EDGE_CURVE('',#5171,#5172,#2929,.T.);
#6460=EDGE_CURVE('',#5173,#5171,#2930,.T.);
#6461=EDGE_CURVE('',#5174,#5172,#2931,.T.);
#6462=EDGE_CURVE('',#5173,#5174,#2932,.T.);
#6463=EDGE_CURVE('',#5168,#5173,#2933,.T.);
#6464=EDGE_CURVE('',#5169,#5174,#2934,.T.);
#6465=EDGE_CURVE('',#5175,#5176,#2935,.T.);
#6466=EDGE_CURVE('',#5177,#5175,#2936,.T.);
#6467=EDGE_CURVE('',#5177,#5178,#2937,.T.);
#6468=EDGE_CURVE('',#5178,#5176,#2938,.T.);
#6469=EDGE_CURVE('',#5179,#5180,#2939,.T.);
#6470=EDGE_CURVE('',#5179,#5181,#2940,.T.);
#6471=EDGE_CURVE('',#5182,#5181,#2941,.T.);
#6472=EDGE_CURVE('',#5183,#5182,#4345,.T.);
#6473=EDGE_CURVE('',#5183,#5184,#2942,.T.);
#6474=EDGE_CURVE('',#5184,#5177,#4346,.T.);
#6475=EDGE_CURVE('',#5175,#5185,#2943,.T.);
#6476=EDGE_CURVE('',#5185,#5186,#2944,.T.);
#6477=EDGE_CURVE('',#5186,#5187,#4347,.T.);
#6478=EDGE_CURVE('',#5187,#5188,#4348,.T.);
#6479=EDGE_CURVE('',#5188,#5189,#2945,.T.);
#6480=EDGE_CURVE('',#5189,#5190,#2946,.T.);
#6481=EDGE_CURVE('',#5191,#5190,#2947,.T.);
#6482=EDGE_CURVE('',#5192,#5191,#4349,.T.);
#6483=EDGE_CURVE('',#5180,#5192,#4350,.T.);
#6484=EDGE_CURVE('',#5193,#5194,#2948,.T.);
#6485=EDGE_CURVE('',#5193,#5195,#2949,.T.);
#6486=EDGE_CURVE('',#5196,#5195,#2950,.T.);
#6487=EDGE_CURVE('',#5197,#5196,#4351,.T.);
#6488=EDGE_CURVE('',#5198,#5197,#2951,.T.);
#6489=EDGE_CURVE('',#5198,#5199,#4352,.T.);
#6490=EDGE_CURVE('',#5199,#5200,#2952,.T.);
#6491=EDGE_CURVE('',#5200,#5201,#2953,.T.);
#6492=EDGE_CURVE('',#5201,#5202,#2954,.T.);
#6493=EDGE_CURVE('',#5202,#5203,#4353,.T.);
#6494=EDGE_CURVE('',#5203,#5204,#4354,.T.);
#6495=EDGE_CURVE('',#5204,#5205,#2955,.T.);
#6496=EDGE_CURVE('',#5206,#5205,#2956,.T.);
#6497=EDGE_CURVE('',#5207,#5206,#2957,.T.);
#6498=EDGE_CURVE('',#5208,#5207,#4355,.T.);
#6499=EDGE_CURVE('',#5194,#5208,#4356,.T.);
#6500=EDGE_CURVE('',#5209,#5210,#2958,.T.);
#6501=EDGE_CURVE('',#5209,#5211,#2959,.T.);
#6502=EDGE_CURVE('',#5211,#5212,#4357,.T.);
#6503=EDGE_CURVE('',#5212,#5213,#4358,.T.);
#6504=EDGE_CURVE('',#5213,#5214,#2960,.T.);
#6505=EDGE_CURVE('',#5215,#5214,#2961,.T.);
#6506=EDGE_CURVE('',#5216,#5215,#2962,.T.);
#6507=EDGE_CURVE('',#5217,#5216,#4359,.T.);
#6508=EDGE_CURVE('',#5218,#5217,#4360,.T.);
#6509=EDGE_CURVE('',#5219,#5218,#2963,.T.);
#6510=EDGE_CURVE('',#5176,#5219,#2964,.T.);
#6511=EDGE_CURVE('',#5220,#5178,#4361,.T.);
#6512=EDGE_CURVE('',#5221,#5220,#2965,.T.);
#6513=EDGE_CURVE('',#5221,#5222,#4362,.T.);
#6514=EDGE_CURVE('',#5222,#5210,#2966,.T.);
#6515=EDGE_CURVE('',#5223,#5224,#2967,.T.);
#6516=EDGE_CURVE('',#5223,#5225,#2968,.T.);
#6517=EDGE_CURVE('',#5225,#5226,#4363,.T.);
#6518=EDGE_CURVE('',#5226,#5227,#4364,.T.);
#6519=EDGE_CURVE('',#5227,#5228,#2969,.T.);
#6520=EDGE_CURVE('',#5228,#5229,#2970,.T.);
#6521=EDGE_CURVE('',#5230,#5229,#2971,.T.);
#6522=EDGE_CURVE('',#5231,#5230,#4365,.T.);
#6523=EDGE_CURVE('',#5232,#5231,#4366,.T.);
#6524=EDGE_CURVE('',#5233,#5232,#2972,.T.);
#6525=EDGE_CURVE('',#5234,#5233,#2973,.T.);
#6526=EDGE_CURVE('',#5235,#5234,#2974,.T.);
#6527=EDGE_CURVE('',#5236,#5235,#4367,.T.);
#6528=EDGE_CURVE('',#5236,#5237,#2975,.T.);
#6529=EDGE_CURVE('',#5237,#5238,#4368,.T.);
#6530=EDGE_CURVE('',#5238,#5224,#2976,.T.);
#6531=EDGE_CURVE('',#5224,#5195,#2977,.T.);
#6532=EDGE_CURVE('',#5196,#5238,#2978,.T.);
#6533=EDGE_CURVE('',#5210,#5181,#2979,.T.);
#6534=EDGE_CURVE('',#5182,#5222,#2980,.T.);
#6535=EDGE_CURVE('',#5200,#5234,#2981,.T.);
#6536=EDGE_CURVE('',#5199,#5235,#2982,.T.);
#6537=EDGE_CURVE('',#5239,#5240,#2983,.T.);
#6538=EDGE_CURVE('',#5240,#5241,#2984,.T.);
#6539=EDGE_CURVE('',#5242,#5241,#2985,.T.);
#6540=EDGE_CURVE('',#5239,#5242,#2986,.T.);
#6541=EDGE_CURVE('',#5241,#5243,#4369,.T.);
#6542=EDGE_CURVE('',#5219,#5243,#2987,.T.);
#6543=EDGE_CURVE('',#5185,#5219,#2988,.T.);
#6544=EDGE_CURVE('',#5244,#5185,#2989,.T.);
#6545=EDGE_CURVE('',#5242,#5244,#4370,.T.);
#6546=EDGE_CURVE('',#5186,#5218,#2990,.T.);
#6547=EDGE_CURVE('',#5187,#5217,#2991,.T.);
#6548=EDGE_CURVE('',#5188,#5216,#2992,.T.);
#6549=EDGE_CURVE('',#5189,#5215,#2993,.T.);
#6550=EDGE_CURVE('',#5190,#5214,#2994,.T.);
#6551=EDGE_CURVE('',#5245,#5245,#4371,.T.);
#6552=EDGE_CURVE('',#5184,#5220,#2995,.T.);
#6553=EDGE_CURVE('',#5183,#5221,#2996,.T.);
#6554=EDGE_CURVE('',#5246,#5246,#4372,.T.);
#6555=EDGE_CURVE('',#5193,#5223,#2997,.T.);
#6556=EDGE_CURVE('',#5223,#5247,#2998,.T.);
#6557=EDGE_CURVE('',#5247,#5240,#4373,.T.);
#6558=EDGE_CURVE('',#5248,#5239,#4374,.T.);
#6559=EDGE_CURVE('',#5248,#5193,#2999,.T.);
#6560=EDGE_CURVE('',#5194,#5225,#3000,.T.);
#6561=EDGE_CURVE('',#5208,#5226,#3001,.T.);
#6562=EDGE_CURVE('',#5207,#5227,#3002,.T.);
#6563=EDGE_CURVE('',#5206,#5228,#3003,.T.);
#6564=EDGE_CURVE('',#5205,#5229,#3004,.T.);
#6565=EDGE_CURVE('',#5249,#5249,#4375,.T.);
#6566=EDGE_CURVE('',#5198,#5236,#3005,.T.);
#6567=EDGE_CURVE('',#5197,#5237,#3006,.T.);
#6568=EDGE_CURVE('',#5250,#5250,#4376,.T.);
#6569=EDGE_CURVE('',#5251,#5252,#3007,.T.);
#6570=EDGE_CURVE('',#5252,#5253,#3008,.T.);
#6571=EDGE_CURVE('',#5254,#5253,#3009,.T.);
#6572=EDGE_CURVE('',#5251,#5254,#3010,.T.);
#6573=EDGE_CURVE('',#5179,#5209,#3011,.T.);
#6574=EDGE_CURVE('',#5209,#5255,#3012,.T.);
#6575=EDGE_CURVE('',#5255,#5252,#4377,.T.);
#6576=EDGE_CURVE('',#5256,#5251,#4378,.T.);
#6577=EDGE_CURVE('',#5256,#5179,#3013,.T.);
#6578=EDGE_CURVE('',#5180,#5211,#3014,.T.);
#6579=EDGE_CURVE('',#5192,#5212,#3015,.T.);
#6580=EDGE_CURVE('',#5191,#5213,#3016,.T.);
#6581=EDGE_CURVE('',#5253,#5257,#4379,.T.);
#6582=EDGE_CURVE('',#5233,#5257,#3017,.T.);
#6583=EDGE_CURVE('',#5201,#5233,#3018,.T.);
#6584=EDGE_CURVE('',#5258,#5201,#3019,.T.);
#6585=EDGE_CURVE('',#5254,#5258,#4380,.T.);
#6586=EDGE_CURVE('',#5202,#5232,#3020,.T.);
#6587=EDGE_CURVE('',#5203,#5231,#3021,.T.);
#6588=EDGE_CURVE('',#5204,#5230,#3022,.T.);
#6589=EDGE_CURVE('',#5249,#5250,#3023,.T.);
#6590=EDGE_CURVE('',#5246,#5245,#3024,.T.);
#6591=EDGE_CURVE('',#5243,#5255,#3025,.T.);
#6592=EDGE_CURVE('',#5244,#5256,#3026,.T.);
#6593=EDGE_CURVE('',#5258,#5248,#3027,.T.);
#6594=EDGE_CURVE('',#5257,#5247,#3028,.T.);
#6595=EDGE_CURVE('',#5259,#5260,#3029,.T.);
#6596=EDGE_CURVE('',#5260,#5261,#3030,.T.);
#6597=EDGE_CURVE('',#5262,#5261,#3031,.T.);
#6598=EDGE_CURVE('',#5259,#5262,#3032,.T.);
#6599=EDGE_CURVE('',#5263,#5259,#3033,.T.);
#6600=EDGE_CURVE('',#5264,#5262,#3034,.T.);
#6601=EDGE_CURVE('',#5263,#5264,#3035,.T.);
#6602=EDGE_CURVE('',#5265,#5263,#3036,.T.);
#6603=EDGE_CURVE('',#5266,#5264,#3037,.T.);
#6604=EDGE_CURVE('',#5265,#5266,#3038,.T.);
#6605=EDGE_CURVE('',#5260,#5265,#3039,.T.);
#6606=EDGE_CURVE('',#5261,#5266,#3040,.T.);
#6607=EDGE_CURVE('',#5267,#5267,#4381,.T.);
#6608=EDGE_CURVE('',#5267,#5268,#3041,.T.);
#6609=EDGE_CURVE('',#5268,#5268,#4382,.T.);
#6610=ORIENTED_EDGE('',*,*,#5269,.F.);
#6611=ORIENTED_EDGE('',*,*,#5270,.T.);
#6612=ORIENTED_EDGE('',*,*,#5271,.F.);
#6613=ORIENTED_EDGE('',*,*,#5270,.F.);
#6614=ORIENTED_EDGE('',*,*,#5272,.F.);
#6615=ORIENTED_EDGE('',*,*,#5273,.T.);
#6616=ORIENTED_EDGE('',*,*,#5274,.F.);
#6617=ORIENTED_EDGE('',*,*,#5273,.F.);
#6618=ORIENTED_EDGE('',*,*,#5275,.F.);
#6619=ORIENTED_EDGE('',*,*,#5276,.T.);
#6620=ORIENTED_EDGE('',*,*,#5277,.F.);
#6621=ORIENTED_EDGE('',*,*,#5276,.F.);
#6622=ORIENTED_EDGE('',*,*,#5278,.F.);
#6623=ORIENTED_EDGE('',*,*,#5279,.T.);
#6624=ORIENTED_EDGE('',*,*,#5280,.F.);
#6625=ORIENTED_EDGE('',*,*,#5279,.F.);
#6626=ORIENTED_EDGE('',*,*,#5281,.T.);
#6627=ORIENTED_EDGE('',*,*,#5282,.T.);
#6628=ORIENTED_EDGE('',*,*,#5283,.F.);
#6629=ORIENTED_EDGE('',*,*,#5284,.F.);
#6630=ORIENTED_EDGE('',*,*,#5285,.T.);
#6631=ORIENTED_EDGE('',*,*,#5284,.T.);
#6632=ORIENTED_EDGE('',*,*,#5286,.F.);
#6633=ORIENTED_EDGE('',*,*,#5287,.F.);
#6634=ORIENTED_EDGE('',*,*,#5288,.T.);
#6635=ORIENTED_EDGE('',*,*,#5287,.T.);
#6636=ORIENTED_EDGE('',*,*,#5289,.F.);
#6637=ORIENTED_EDGE('',*,*,#5290,.F.);
#6638=ORIENTED_EDGE('',*,*,#5291,.T.);
#6639=ORIENTED_EDGE('',*,*,#5290,.T.);
#6640=ORIENTED_EDGE('',*,*,#5292,.F.);
#6641=ORIENTED_EDGE('',*,*,#5282,.F.);
#6642=ORIENTED_EDGE('',*,*,#5292,.T.);
#6643=ORIENTED_EDGE('',*,*,#5289,.T.);
#6644=ORIENTED_EDGE('',*,*,#5286,.T.);
#6645=ORIENTED_EDGE('',*,*,#5283,.T.);
#6646=ORIENTED_EDGE('',*,*,#5271,.T.);
#6647=ORIENTED_EDGE('',*,*,#5274,.T.);
#6648=ORIENTED_EDGE('',*,*,#5277,.T.);
#6649=ORIENTED_EDGE('',*,*,#5280,.T.);
#6650=ORIENTED_EDGE('',*,*,#5291,.F.);
#6651=ORIENTED_EDGE('',*,*,#5281,.F.);
#6652=ORIENTED_EDGE('',*,*,#5285,.F.);
#6653=ORIENTED_EDGE('',*,*,#5288,.F.);
#6654=ORIENTED_EDGE('',*,*,#5269,.T.);
#6655=ORIENTED_EDGE('',*,*,#5272,.T.);
#6656=ORIENTED_EDGE('',*,*,#5275,.T.);
#6657=ORIENTED_EDGE('',*,*,#5278,.T.);
#6658=ORIENTED_EDGE('',*,*,#5293,.T.);
#6659=ORIENTED_EDGE('',*,*,#5294,.T.);
#6660=ORIENTED_EDGE('',*,*,#5295,.F.);
#6661=ORIENTED_EDGE('',*,*,#5296,.F.);
#6662=ORIENTED_EDGE('',*,*,#5297,.T.);
#6663=ORIENTED_EDGE('',*,*,#5296,.T.);
#6664=ORIENTED_EDGE('',*,*,#5298,.F.);
#6665=ORIENTED_EDGE('',*,*,#5299,.F.);
#6666=ORIENTED_EDGE('',*,*,#5300,.T.);
#6667=ORIENTED_EDGE('',*,*,#5299,.T.);
#6668=ORIENTED_EDGE('',*,*,#5301,.F.);
#6669=ORIENTED_EDGE('',*,*,#5302,.F.);
#6670=ORIENTED_EDGE('',*,*,#5303,.T.);
#6671=ORIENTED_EDGE('',*,*,#5302,.T.);
#6672=ORIENTED_EDGE('',*,*,#5304,.F.);
#6673=ORIENTED_EDGE('',*,*,#5294,.F.);
#6674=ORIENTED_EDGE('',*,*,#5304,.T.);
#6675=ORIENTED_EDGE('',*,*,#5301,.T.);
#6676=ORIENTED_EDGE('',*,*,#5298,.T.);
#6677=ORIENTED_EDGE('',*,*,#5295,.T.);
#6678=ORIENTED_EDGE('',*,*,#5303,.F.);
#6679=ORIENTED_EDGE('',*,*,#5293,.F.);
#6680=ORIENTED_EDGE('',*,*,#5297,.F.);
#6681=ORIENTED_EDGE('',*,*,#5300,.F.);
#6682=ORIENTED_EDGE('',*,*,#5305,.T.);
#6683=ORIENTED_EDGE('',*,*,#5306,.T.);
#6684=ORIENTED_EDGE('',*,*,#5307,.F.);
#6685=ORIENTED_EDGE('',*,*,#5308,.F.);
#6686=ORIENTED_EDGE('',*,*,#5309,.T.);
#6687=ORIENTED_EDGE('',*,*,#5308,.T.);
#6688=ORIENTED_EDGE('',*,*,#5310,.F.);
#6689=ORIENTED_EDGE('',*,*,#5311,.F.);
#6690=ORIENTED_EDGE('',*,*,#5312,.T.);
#6691=ORIENTED_EDGE('',*,*,#5311,.T.);
#6692=ORIENTED_EDGE('',*,*,#5313,.F.);
#6693=ORIENTED_EDGE('',*,*,#5314,.F.);
#6694=ORIENTED_EDGE('',*,*,#5315,.T.);
#6695=ORIENTED_EDGE('',*,*,#5314,.T.);
#6696=ORIENTED_EDGE('',*,*,#5316,.F.);
#6697=ORIENTED_EDGE('',*,*,#5306,.F.);
#6698=ORIENTED_EDGE('',*,*,#5316,.T.);
#6699=ORIENTED_EDGE('',*,*,#5313,.T.);
#6700=ORIENTED_EDGE('',*,*,#5310,.T.);
#6701=ORIENTED_EDGE('',*,*,#5307,.T.);
#6702=ORIENTED_EDGE('',*,*,#5315,.F.);
#6703=ORIENTED_EDGE('',*,*,#5305,.F.);
#6704=ORIENTED_EDGE('',*,*,#5309,.F.);
#6705=ORIENTED_EDGE('',*,*,#5312,.F.);
#6706=ORIENTED_EDGE('',*,*,#5317,.F.);
#6707=ORIENTED_EDGE('',*,*,#5318,.F.);
#6708=ORIENTED_EDGE('',*,*,#5319,.F.);
#6709=ORIENTED_EDGE('',*,*,#5320,.F.);
#6710=ORIENTED_EDGE('',*,*,#5321,.F.);
#6711=ORIENTED_EDGE('',*,*,#5319,.T.);
#6712=ORIENTED_EDGE('',*,*,#5322,.F.);
#6713=ORIENTED_EDGE('',*,*,#5323,.F.);
#6714=ORIENTED_EDGE('',*,*,#5324,.F.);
#6715=ORIENTED_EDGE('',*,*,#5325,.F.);
#6716=ORIENTED_EDGE('',*,*,#5323,.T.);
#6717=ORIENTED_EDGE('',*,*,#5326,.F.);
#6718=ORIENTED_EDGE('',*,*,#5327,.F.);
#6719=ORIENTED_EDGE('',*,*,#5328,.T.);
#6720=ORIENTED_EDGE('',*,*,#5329,.F.);
#6721=ORIENTED_EDGE('',*,*,#5330,.F.);
#6722=ORIENTED_EDGE('',*,*,#5324,.T.);
#6723=ORIENTED_EDGE('',*,*,#5331,.F.);
#6724=ORIENTED_EDGE('',*,*,#5332,.F.);
#6725=ORIENTED_EDGE('',*,*,#5333,.T.);
#6726=ORIENTED_EDGE('',*,*,#5334,.F.);
#6727=ORIENTED_EDGE('',*,*,#5335,.F.);
#6728=ORIENTED_EDGE('',*,*,#5336,.F.);
#6729=ORIENTED_EDGE('',*,*,#5337,.T.);
#6730=ORIENTED_EDGE('',*,*,#5338,.F.);
#6731=ORIENTED_EDGE('',*,*,#5339,.T.);
#6732=ORIENTED_EDGE('',*,*,#5340,.T.);
#6733=ORIENTED_EDGE('',*,*,#5341,.F.);
#6734=ORIENTED_EDGE('',*,*,#5342,.T.);
#6735=ORIENTED_EDGE('',*,*,#5343,.T.);
#6736=ORIENTED_EDGE('',*,*,#5344,.F.);
#6737=ORIENTED_EDGE('',*,*,#5345,.F.);
#6738=ORIENTED_EDGE('',*,*,#5346,.T.);
#6739=ORIENTED_EDGE('',*,*,#5336,.T.);
#6740=ORIENTED_EDGE('',*,*,#5347,.F.);
#6741=ORIENTED_EDGE('',*,*,#5340,.F.);
#6742=ORIENTED_EDGE('',*,*,#5348,.F.);
#6743=ORIENTED_EDGE('',*,*,#5349,.T.);
#6744=ORIENTED_EDGE('',*,*,#5350,.F.);
#6745=ORIENTED_EDGE('',*,*,#5349,.F.);
#6746=ORIENTED_EDGE('',*,*,#5351,.F.);
#6747=ORIENTED_EDGE('',*,*,#5352,.T.);
#6748=ORIENTED_EDGE('',*,*,#5353,.F.);
#6749=ORIENTED_EDGE('',*,*,#5352,.F.);
#6750=ORIENTED_EDGE('',*,*,#5354,.F.);
#6751=ORIENTED_EDGE('',*,*,#5355,.T.);
#6752=ORIENTED_EDGE('',*,*,#5356,.F.);
#6753=ORIENTED_EDGE('',*,*,#5355,.F.);
#6754=ORIENTED_EDGE('',*,*,#5357,.F.);
#6755=ORIENTED_EDGE('',*,*,#5358,.T.);
#6756=ORIENTED_EDGE('',*,*,#5359,.F.);
#6757=ORIENTED_EDGE('',*,*,#5358,.F.);
#6758=ORIENTED_EDGE('',*,*,#5360,.T.);
#6759=ORIENTED_EDGE('',*,*,#5361,.T.);
#6760=ORIENTED_EDGE('',*,*,#5362,.F.);
#6761=ORIENTED_EDGE('',*,*,#5363,.F.);
#6762=ORIENTED_EDGE('',*,*,#5364,.T.);
#6763=ORIENTED_EDGE('',*,*,#5363,.T.);
#6764=ORIENTED_EDGE('',*,*,#5365,.F.);
#6765=ORIENTED_EDGE('',*,*,#5366,.F.);
#6766=ORIENTED_EDGE('',*,*,#5367,.T.);
#6767=ORIENTED_EDGE('',*,*,#5366,.T.);
#6768=ORIENTED_EDGE('',*,*,#5368,.F.);
#6769=ORIENTED_EDGE('',*,*,#5369,.F.);
#6770=ORIENTED_EDGE('',*,*,#5370,.T.);
#6771=ORIENTED_EDGE('',*,*,#5369,.T.);
#6772=ORIENTED_EDGE('',*,*,#5371,.F.);
#6773=ORIENTED_EDGE('',*,*,#5372,.F.);
#6774=ORIENTED_EDGE('',*,*,#5373,.T.);
#6775=ORIENTED_EDGE('',*,*,#5372,.T.);
#6776=ORIENTED_EDGE('',*,*,#5374,.F.);
#6777=ORIENTED_EDGE('',*,*,#5375,.F.);
#6778=ORIENTED_EDGE('',*,*,#5376,.T.);
#6779=ORIENTED_EDGE('',*,*,#5375,.T.);
#6780=ORIENTED_EDGE('',*,*,#5377,.F.);
#6781=ORIENTED_EDGE('',*,*,#5378,.F.);
#6782=ORIENTED_EDGE('',*,*,#5379,.T.);
#6783=ORIENTED_EDGE('',*,*,#5378,.T.);
#6784=ORIENTED_EDGE('',*,*,#5380,.F.);
#6785=ORIENTED_EDGE('',*,*,#5381,.F.);
#6786=ORIENTED_EDGE('',*,*,#5382,.T.);
#6787=ORIENTED_EDGE('',*,*,#5381,.T.);
#6788=ORIENTED_EDGE('',*,*,#5383,.F.);
#6789=ORIENTED_EDGE('',*,*,#5384,.F.);
#6790=ORIENTED_EDGE('',*,*,#5385,.T.);
#6791=ORIENTED_EDGE('',*,*,#5384,.T.);
#6792=ORIENTED_EDGE('',*,*,#5386,.F.);
#6793=ORIENTED_EDGE('',*,*,#5387,.F.);
#6794=ORIENTED_EDGE('',*,*,#5388,.T.);
#6795=ORIENTED_EDGE('',*,*,#5387,.T.);
#6796=ORIENTED_EDGE('',*,*,#5389,.F.);
#6797=ORIENTED_EDGE('',*,*,#5390,.F.);
#6798=ORIENTED_EDGE('',*,*,#5391,.T.);
#6799=ORIENTED_EDGE('',*,*,#5390,.T.);
#6800=ORIENTED_EDGE('',*,*,#5392,.F.);
#6801=ORIENTED_EDGE('',*,*,#5393,.F.);
#6802=ORIENTED_EDGE('',*,*,#5394,.T.);
#6803=ORIENTED_EDGE('',*,*,#5393,.T.);
#6804=ORIENTED_EDGE('',*,*,#5395,.F.);
#6805=ORIENTED_EDGE('',*,*,#5361,.F.);
#6806=ORIENTED_EDGE('',*,*,#5396,.T.);
#6807=ORIENTED_EDGE('',*,*,#5397,.T.);
#6808=ORIENTED_EDGE('',*,*,#5398,.F.);
#6809=ORIENTED_EDGE('',*,*,#5399,.F.);
#6810=ORIENTED_EDGE('',*,*,#5400,.T.);
#6811=ORIENTED_EDGE('',*,*,#5399,.T.);
#6812=ORIENTED_EDGE('',*,*,#5401,.F.);
#6813=ORIENTED_EDGE('',*,*,#5402,.F.);
#6814=ORIENTED_EDGE('',*,*,#5403,.T.);
#6815=ORIENTED_EDGE('',*,*,#5402,.T.);
#6816=ORIENTED_EDGE('',*,*,#5404,.F.);
#6817=ORIENTED_EDGE('',*,*,#5405,.F.);
#6818=ORIENTED_EDGE('',*,*,#5406,.T.);
#6819=ORIENTED_EDGE('',*,*,#5405,.T.);
#6820=ORIENTED_EDGE('',*,*,#5407,.F.);
#6821=ORIENTED_EDGE('',*,*,#5397,.F.);
#6822=ORIENTED_EDGE('',*,*,#5408,.T.);
#6823=ORIENTED_EDGE('',*,*,#5409,.T.);
#6824=ORIENTED_EDGE('',*,*,#5410,.F.);
#6825=ORIENTED_EDGE('',*,*,#5411,.F.);
#6826=ORIENTED_EDGE('',*,*,#5412,.T.);
#6827=ORIENTED_EDGE('',*,*,#5411,.T.);
#6828=ORIENTED_EDGE('',*,*,#5413,.F.);
#6829=ORIENTED_EDGE('',*,*,#5414,.F.);
#6830=ORIENTED_EDGE('',*,*,#5415,.T.);
#6831=ORIENTED_EDGE('',*,*,#5414,.T.);
#6832=ORIENTED_EDGE('',*,*,#5416,.F.);
#6833=ORIENTED_EDGE('',*,*,#5417,.F.);
#6834=ORIENTED_EDGE('',*,*,#5418,.T.);
#6835=ORIENTED_EDGE('',*,*,#5417,.T.);
#6836=ORIENTED_EDGE('',*,*,#5419,.F.);
#6837=ORIENTED_EDGE('',*,*,#5420,.F.);
#6838=ORIENTED_EDGE('',*,*,#5421,.T.);
#6839=ORIENTED_EDGE('',*,*,#5420,.T.);
#6840=ORIENTED_EDGE('',*,*,#5422,.F.);
#6841=ORIENTED_EDGE('',*,*,#5423,.F.);
#6842=ORIENTED_EDGE('',*,*,#5424,.T.);
#6843=ORIENTED_EDGE('',*,*,#5423,.T.);
#6844=ORIENTED_EDGE('',*,*,#5425,.F.);
#6845=ORIENTED_EDGE('',*,*,#5426,.F.);
#6846=ORIENTED_EDGE('',*,*,#5427,.T.);
#6847=ORIENTED_EDGE('',*,*,#5426,.T.);
#6848=ORIENTED_EDGE('',*,*,#5428,.F.);
#6849=ORIENTED_EDGE('',*,*,#5429,.F.);
#6850=ORIENTED_EDGE('',*,*,#5430,.T.);
#6851=ORIENTED_EDGE('',*,*,#5429,.T.);
#6852=ORIENTED_EDGE('',*,*,#5431,.F.);
#6853=ORIENTED_EDGE('',*,*,#5432,.F.);
#6854=ORIENTED_EDGE('',*,*,#5433,.T.);
#6855=ORIENTED_EDGE('',*,*,#5432,.T.);
#6856=ORIENTED_EDGE('',*,*,#5434,.F.);
#6857=ORIENTED_EDGE('',*,*,#5435,.F.);
#6858=ORIENTED_EDGE('',*,*,#5436,.T.);
#6859=ORIENTED_EDGE('',*,*,#5435,.T.);
#6860=ORIENTED_EDGE('',*,*,#5437,.F.);
#6861=ORIENTED_EDGE('',*,*,#5438,.F.);
#6862=ORIENTED_EDGE('',*,*,#5439,.T.);
#6863=ORIENTED_EDGE('',*,*,#5438,.T.);
#6864=ORIENTED_EDGE('',*,*,#5440,.F.);
#6865=ORIENTED_EDGE('',*,*,#5441,.F.);
#6866=ORIENTED_EDGE('',*,*,#5442,.T.);
#6867=ORIENTED_EDGE('',*,*,#5441,.T.);
#6868=ORIENTED_EDGE('',*,*,#5443,.F.);
#6869=ORIENTED_EDGE('',*,*,#5409,.F.);
#6870=ORIENTED_EDGE('',*,*,#5338,.T.);
#6871=ORIENTED_EDGE('',*,*,#5444,.F.);
#6872=ORIENTED_EDGE('',*,*,#5445,.F.);
#6873=ORIENTED_EDGE('',*,*,#5446,.T.);
#6874=ORIENTED_EDGE('',*,*,#5447,.T.);
#6875=ORIENTED_EDGE('',*,*,#5445,.T.);
#6876=ORIENTED_EDGE('',*,*,#5448,.F.);
#6877=ORIENTED_EDGE('',*,*,#5449,.F.);
#6878=ORIENTED_EDGE('',*,*,#5450,.T.);
#6879=ORIENTED_EDGE('',*,*,#5449,.T.);
#6880=ORIENTED_EDGE('',*,*,#5451,.F.);
#6881=ORIENTED_EDGE('',*,*,#5452,.F.);
#6882=ORIENTED_EDGE('',*,*,#5453,.T.);
#6883=ORIENTED_EDGE('',*,*,#5452,.T.);
#6884=ORIENTED_EDGE('',*,*,#5454,.F.);
#6885=ORIENTED_EDGE('',*,*,#5455,.F.);
#6886=ORIENTED_EDGE('',*,*,#5334,.T.);
#6887=ORIENTED_EDGE('',*,*,#5456,.T.);
#6888=ORIENTED_EDGE('',*,*,#5455,.T.);
#6889=ORIENTED_EDGE('',*,*,#5457,.F.);
#6890=ORIENTED_EDGE('',*,*,#5458,.T.);
#6891=ORIENTED_EDGE('',*,*,#5345,.T.);
#6892=ORIENTED_EDGE('',*,*,#5459,.F.);
#6893=ORIENTED_EDGE('',*,*,#5460,.F.);
#6894=ORIENTED_EDGE('',*,*,#5461,.T.);
#6895=ORIENTED_EDGE('',*,*,#5460,.T.);
#6896=ORIENTED_EDGE('',*,*,#5462,.F.);
#6897=ORIENTED_EDGE('',*,*,#5463,.F.);
#6898=ORIENTED_EDGE('',*,*,#5464,.T.);
#6899=ORIENTED_EDGE('',*,*,#5463,.T.);
#6900=ORIENTED_EDGE('',*,*,#5465,.F.);
#6901=ORIENTED_EDGE('',*,*,#5466,.F.);
#6902=ORIENTED_EDGE('',*,*,#5467,.T.);
#6903=ORIENTED_EDGE('',*,*,#5466,.T.);
#6904=ORIENTED_EDGE('',*,*,#5468,.F.);
#6905=ORIENTED_EDGE('',*,*,#5469,.F.);
#6906=ORIENTED_EDGE('',*,*,#5470,.T.);
#6907=ORIENTED_EDGE('',*,*,#5469,.T.);
#6908=ORIENTED_EDGE('',*,*,#5471,.F.);
#6909=ORIENTED_EDGE('',*,*,#5472,.F.);
#6910=ORIENTED_EDGE('',*,*,#5473,.T.);
#6911=ORIENTED_EDGE('',*,*,#5472,.T.);
#6912=ORIENTED_EDGE('',*,*,#5474,.F.);
#6913=ORIENTED_EDGE('',*,*,#5475,.F.);
#6914=ORIENTED_EDGE('',*,*,#5476,.T.);
#6915=ORIENTED_EDGE('',*,*,#5475,.T.);
#6916=ORIENTED_EDGE('',*,*,#5477,.F.);
#6917=ORIENTED_EDGE('',*,*,#5478,.F.);
#6918=ORIENTED_EDGE('',*,*,#5479,.T.);
#6919=ORIENTED_EDGE('',*,*,#5478,.T.);
#6920=ORIENTED_EDGE('',*,*,#5480,.F.);
#6921=ORIENTED_EDGE('',*,*,#5481,.F.);
#6922=ORIENTED_EDGE('',*,*,#5482,.T.);
#6923=ORIENTED_EDGE('',*,*,#5481,.T.);
#6924=ORIENTED_EDGE('',*,*,#5483,.F.);
#6925=ORIENTED_EDGE('',*,*,#5484,.F.);
#6926=ORIENTED_EDGE('',*,*,#5485,.T.);
#6927=ORIENTED_EDGE('',*,*,#5484,.T.);
#6928=ORIENTED_EDGE('',*,*,#5486,.F.);
#6929=ORIENTED_EDGE('',*,*,#5487,.F.);
#6930=ORIENTED_EDGE('',*,*,#5488,.T.);
#6931=ORIENTED_EDGE('',*,*,#5487,.T.);
#6932=ORIENTED_EDGE('',*,*,#5489,.F.);
#6933=ORIENTED_EDGE('',*,*,#5343,.F.);
#6934=ORIENTED_EDGE('',*,*,#5490,.T.);
#6935=ORIENTED_EDGE('',*,*,#5491,.T.);
#6936=ORIENTED_EDGE('',*,*,#5492,.F.);
#6937=ORIENTED_EDGE('',*,*,#5493,.F.);
#6938=ORIENTED_EDGE('',*,*,#5494,.T.);
#6939=ORIENTED_EDGE('',*,*,#5493,.T.);
#6940=ORIENTED_EDGE('',*,*,#5495,.F.);
#6941=ORIENTED_EDGE('',*,*,#5496,.F.);
#6942=ORIENTED_EDGE('',*,*,#5497,.T.);
#6943=ORIENTED_EDGE('',*,*,#5496,.T.);
#6944=ORIENTED_EDGE('',*,*,#5498,.F.);
#6945=ORIENTED_EDGE('',*,*,#5499,.F.);
#6946=ORIENTED_EDGE('',*,*,#5500,.T.);
#6947=ORIENTED_EDGE('',*,*,#5499,.T.);
#6948=ORIENTED_EDGE('',*,*,#5501,.F.);
#6949=ORIENTED_EDGE('',*,*,#5491,.F.);
#6950=ORIENTED_EDGE('',*,*,#5502,.T.);
#6951=ORIENTED_EDGE('',*,*,#5503,.T.);
#6952=ORIENTED_EDGE('',*,*,#5504,.F.);
#6953=ORIENTED_EDGE('',*,*,#5505,.F.);
#6954=ORIENTED_EDGE('',*,*,#5506,.T.);
#6955=ORIENTED_EDGE('',*,*,#5505,.T.);
#6956=ORIENTED_EDGE('',*,*,#5507,.F.);
#6957=ORIENTED_EDGE('',*,*,#5508,.F.);
#6958=ORIENTED_EDGE('',*,*,#5509,.T.);
#6959=ORIENTED_EDGE('',*,*,#5508,.T.);
#6960=ORIENTED_EDGE('',*,*,#5510,.F.);
#6961=ORIENTED_EDGE('',*,*,#5511,.F.);
#6962=ORIENTED_EDGE('',*,*,#5512,.T.);
#6963=ORIENTED_EDGE('',*,*,#5511,.T.);
#6964=ORIENTED_EDGE('',*,*,#5513,.F.);
#6965=ORIENTED_EDGE('',*,*,#5514,.F.);
#6966=ORIENTED_EDGE('',*,*,#5515,.T.);
#6967=ORIENTED_EDGE('',*,*,#5514,.T.);
#6968=ORIENTED_EDGE('',*,*,#5516,.F.);
#6969=ORIENTED_EDGE('',*,*,#5517,.F.);
#6970=ORIENTED_EDGE('',*,*,#5518,.F.);
#6971=ORIENTED_EDGE('',*,*,#5517,.T.);
#6972=ORIENTED_EDGE('',*,*,#5519,.F.);
#6973=ORIENTED_EDGE('',*,*,#5328,.F.);
#6974=ORIENTED_EDGE('',*,*,#5520,.T.);
#6975=ORIENTED_EDGE('',*,*,#5332,.T.);
#6976=ORIENTED_EDGE('',*,*,#5521,.F.);
#6977=ORIENTED_EDGE('',*,*,#5522,.F.);
#6978=ORIENTED_EDGE('',*,*,#5523,.T.);
#6979=ORIENTED_EDGE('',*,*,#5522,.T.);
#6980=ORIENTED_EDGE('',*,*,#5524,.F.);
#6981=ORIENTED_EDGE('',*,*,#5525,.F.);
#6982=ORIENTED_EDGE('',*,*,#5526,.T.);
#6983=ORIENTED_EDGE('',*,*,#5525,.T.);
#6984=ORIENTED_EDGE('',*,*,#5527,.F.);
#6985=ORIENTED_EDGE('',*,*,#5528,.F.);
#6986=ORIENTED_EDGE('',*,*,#5317,.T.);
#6987=ORIENTED_EDGE('',*,*,#5529,.T.);
#6988=ORIENTED_EDGE('',*,*,#5528,.T.);
#6989=ORIENTED_EDGE('',*,*,#5530,.F.);
#6990=ORIENTED_EDGE('',*,*,#5531,.T.);
#6991=ORIENTED_EDGE('',*,*,#5330,.T.);
#6992=ORIENTED_EDGE('',*,*,#5532,.F.);
#6993=ORIENTED_EDGE('',*,*,#5533,.F.);
#6994=ORIENTED_EDGE('',*,*,#5534,.T.);
#6995=ORIENTED_EDGE('',*,*,#5533,.T.);
#6996=ORIENTED_EDGE('',*,*,#5535,.F.);
#6997=ORIENTED_EDGE('',*,*,#5536,.F.);
#6998=ORIENTED_EDGE('',*,*,#5537,.T.);
#6999=ORIENTED_EDGE('',*,*,#5536,.T.);
#7000=ORIENTED_EDGE('',*,*,#5538,.F.);
#7001=ORIENTED_EDGE('',*,*,#5539,.F.);
#7002=ORIENTED_EDGE('',*,*,#5540,.T.);
#7003=ORIENTED_EDGE('',*,*,#5539,.T.);
#7004=ORIENTED_EDGE('',*,*,#5541,.F.);
#7005=ORIENTED_EDGE('',*,*,#5542,.F.);
#7006=ORIENTED_EDGE('',*,*,#5543,.T.);
#7007=ORIENTED_EDGE('',*,*,#5542,.T.);
#7008=ORIENTED_EDGE('',*,*,#5544,.F.);
#7009=ORIENTED_EDGE('',*,*,#5503,.F.);
#7010=ORIENTED_EDGE('',*,*,#5545,.T.);
#7011=ORIENTED_EDGE('',*,*,#5546,.T.);
#7012=ORIENTED_EDGE('',*,*,#5547,.F.);
#7013=ORIENTED_EDGE('',*,*,#5548,.F.);
#7014=ORIENTED_EDGE('',*,*,#5549,.T.);
#7015=ORIENTED_EDGE('',*,*,#5548,.T.);
#7016=ORIENTED_EDGE('',*,*,#5550,.F.);
#7017=ORIENTED_EDGE('',*,*,#5551,.F.);
#7018=ORIENTED_EDGE('',*,*,#5552,.T.);
#7019=ORIENTED_EDGE('',*,*,#5551,.T.);
#7020=ORIENTED_EDGE('',*,*,#5553,.F.);
#7021=ORIENTED_EDGE('',*,*,#5554,.F.);
#7022=ORIENTED_EDGE('',*,*,#5555,.T.);
#7023=ORIENTED_EDGE('',*,*,#5554,.T.);
#7024=ORIENTED_EDGE('',*,*,#5556,.F.);
#7025=ORIENTED_EDGE('',*,*,#5546,.F.);
#7026=ORIENTED_EDGE('',*,*,#5556,.T.);
#7027=ORIENTED_EDGE('',*,*,#5553,.T.);
#7028=ORIENTED_EDGE('',*,*,#5550,.T.);
#7029=ORIENTED_EDGE('',*,*,#5547,.T.);
#7030=ORIENTED_EDGE('',*,*,#5530,.T.);
#7031=ORIENTED_EDGE('',*,*,#5527,.T.);
#7032=ORIENTED_EDGE('',*,*,#5524,.T.);
#7033=ORIENTED_EDGE('',*,*,#5521,.T.);
#7034=ORIENTED_EDGE('',*,*,#5331,.T.);
#7035=ORIENTED_EDGE('',*,*,#5326,.T.);
#7036=ORIENTED_EDGE('',*,*,#5322,.T.);
#7037=ORIENTED_EDGE('',*,*,#5318,.T.);
#7038=ORIENTED_EDGE('',*,*,#5532,.T.);
#7039=ORIENTED_EDGE('',*,*,#5329,.T.);
#7040=ORIENTED_EDGE('',*,*,#5519,.T.);
#7041=ORIENTED_EDGE('',*,*,#5516,.T.);
#7042=ORIENTED_EDGE('',*,*,#5513,.T.);
#7043=ORIENTED_EDGE('',*,*,#5510,.T.);
#7044=ORIENTED_EDGE('',*,*,#5507,.T.);
#7045=ORIENTED_EDGE('',*,*,#5504,.T.);
#7046=ORIENTED_EDGE('',*,*,#5544,.T.);
#7047=ORIENTED_EDGE('',*,*,#5541,.T.);
#7048=ORIENTED_EDGE('',*,*,#5538,.T.);
#7049=ORIENTED_EDGE('',*,*,#5535,.T.);
#7050=ORIENTED_EDGE('',*,*,#5395,.T.);
#7051=ORIENTED_EDGE('',*,*,#5392,.T.);
#7052=ORIENTED_EDGE('',*,*,#5389,.T.);
#7053=ORIENTED_EDGE('',*,*,#5386,.T.);
#7054=ORIENTED_EDGE('',*,*,#5383,.T.);
#7055=ORIENTED_EDGE('',*,*,#5380,.T.);
#7056=ORIENTED_EDGE('',*,*,#5377,.T.);
#7057=ORIENTED_EDGE('',*,*,#5374,.T.);
#7058=ORIENTED_EDGE('',*,*,#5371,.T.);
#7059=ORIENTED_EDGE('',*,*,#5368,.T.);
#7060=ORIENTED_EDGE('',*,*,#5365,.T.);
#7061=ORIENTED_EDGE('',*,*,#5362,.T.);
#7062=ORIENTED_EDGE('',*,*,#5407,.T.);
#7063=ORIENTED_EDGE('',*,*,#5404,.T.);
#7064=ORIENTED_EDGE('',*,*,#5401,.T.);
#7065=ORIENTED_EDGE('',*,*,#5398,.T.);
#7066=ORIENTED_EDGE('',*,*,#5443,.T.);
#7067=ORIENTED_EDGE('',*,*,#5440,.T.);
#7068=ORIENTED_EDGE('',*,*,#5437,.T.);
#7069=ORIENTED_EDGE('',*,*,#5434,.T.);
#7070=ORIENTED_EDGE('',*,*,#5431,.T.);
#7071=ORIENTED_EDGE('',*,*,#5428,.T.);
#7072=ORIENTED_EDGE('',*,*,#5425,.T.);
#7073=ORIENTED_EDGE('',*,*,#5422,.T.);
#7074=ORIENTED_EDGE('',*,*,#5419,.T.);
#7075=ORIENTED_EDGE('',*,*,#5416,.T.);
#7076=ORIENTED_EDGE('',*,*,#5413,.T.);
#7077=ORIENTED_EDGE('',*,*,#5410,.T.);
#7078=ORIENTED_EDGE('',*,*,#5459,.T.);
#7079=ORIENTED_EDGE('',*,*,#5344,.T.);
#7080=ORIENTED_EDGE('',*,*,#5489,.T.);
#7081=ORIENTED_EDGE('',*,*,#5486,.T.);
#7082=ORIENTED_EDGE('',*,*,#5483,.T.);
#7083=ORIENTED_EDGE('',*,*,#5480,.T.);
#7084=ORIENTED_EDGE('',*,*,#5477,.T.);
#7085=ORIENTED_EDGE('',*,*,#5474,.T.);
#7086=ORIENTED_EDGE('',*,*,#5471,.T.);
#7087=ORIENTED_EDGE('',*,*,#5468,.T.);
#7088=ORIENTED_EDGE('',*,*,#5465,.T.);
#7089=ORIENTED_EDGE('',*,*,#5462,.T.);
#7090=ORIENTED_EDGE('',*,*,#5501,.T.);
#7091=ORIENTED_EDGE('',*,*,#5498,.T.);
#7092=ORIENTED_EDGE('',*,*,#5495,.T.);
#7093=ORIENTED_EDGE('',*,*,#5492,.T.);
#7094=ORIENTED_EDGE('',*,*,#5359,.T.);
#7095=ORIENTED_EDGE('',*,*,#5356,.T.);
#7096=ORIENTED_EDGE('',*,*,#5353,.T.);
#7097=ORIENTED_EDGE('',*,*,#5350,.T.);
#7098=ORIENTED_EDGE('',*,*,#5457,.T.);
#7099=ORIENTED_EDGE('',*,*,#5454,.T.);
#7100=ORIENTED_EDGE('',*,*,#5451,.T.);
#7101=ORIENTED_EDGE('',*,*,#5448,.T.);
#7102=ORIENTED_EDGE('',*,*,#5444,.T.);
#7103=ORIENTED_EDGE('',*,*,#5341,.T.);
#7104=ORIENTED_EDGE('',*,*,#5347,.T.);
#7105=ORIENTED_EDGE('',*,*,#5335,.T.);
#7106=ORIENTED_EDGE('',*,*,#5555,.F.);
#7107=ORIENTED_EDGE('',*,*,#5545,.F.);
#7108=ORIENTED_EDGE('',*,*,#5549,.F.);
#7109=ORIENTED_EDGE('',*,*,#5552,.F.);
#7110=ORIENTED_EDGE('',*,*,#5531,.F.);
#7111=ORIENTED_EDGE('',*,*,#5534,.F.);
#7112=ORIENTED_EDGE('',*,*,#5537,.F.);
#7113=ORIENTED_EDGE('',*,*,#5540,.F.);
#7114=ORIENTED_EDGE('',*,*,#5543,.F.);
#7115=ORIENTED_EDGE('',*,*,#5502,.F.);
#7116=ORIENTED_EDGE('',*,*,#5506,.F.);
#7117=ORIENTED_EDGE('',*,*,#5509,.F.);
#7118=ORIENTED_EDGE('',*,*,#5512,.F.);
#7119=ORIENTED_EDGE('',*,*,#5515,.F.);
#7120=ORIENTED_EDGE('',*,*,#5518,.T.);
#7121=ORIENTED_EDGE('',*,*,#5327,.T.);
#7122=ORIENTED_EDGE('',*,*,#5320,.T.);
#7123=ORIENTED_EDGE('',*,*,#5321,.T.);
#7124=ORIENTED_EDGE('',*,*,#5325,.T.);
#7125=ORIENTED_EDGE('',*,*,#5333,.F.);
#7126=ORIENTED_EDGE('',*,*,#5520,.F.);
#7127=ORIENTED_EDGE('',*,*,#5523,.F.);
#7128=ORIENTED_EDGE('',*,*,#5526,.F.);
#7129=ORIENTED_EDGE('',*,*,#5529,.F.);
#7130=ORIENTED_EDGE('',*,*,#5337,.F.);
#7131=ORIENTED_EDGE('',*,*,#5346,.F.);
#7132=ORIENTED_EDGE('',*,*,#5339,.F.);
#7133=ORIENTED_EDGE('',*,*,#5446,.F.);
#7134=ORIENTED_EDGE('',*,*,#5447,.F.);
#7135=ORIENTED_EDGE('',*,*,#5450,.F.);
#7136=ORIENTED_EDGE('',*,*,#5453,.F.);
#7137=ORIENTED_EDGE('',*,*,#5456,.F.);
#7138=ORIENTED_EDGE('',*,*,#5394,.F.);
#7139=ORIENTED_EDGE('',*,*,#5360,.F.);
#7140=ORIENTED_EDGE('',*,*,#5364,.F.);
#7141=ORIENTED_EDGE('',*,*,#5367,.F.);
#7142=ORIENTED_EDGE('',*,*,#5370,.F.);
#7143=ORIENTED_EDGE('',*,*,#5373,.F.);
#7144=ORIENTED_EDGE('',*,*,#5376,.F.);
#7145=ORIENTED_EDGE('',*,*,#5379,.F.);
#7146=ORIENTED_EDGE('',*,*,#5382,.F.);
#7147=ORIENTED_EDGE('',*,*,#5385,.F.);
#7148=ORIENTED_EDGE('',*,*,#5388,.F.);
#7149=ORIENTED_EDGE('',*,*,#5391,.F.);
#7150=ORIENTED_EDGE('',*,*,#5406,.F.);
#7151=ORIENTED_EDGE('',*,*,#5396,.F.);
#7152=ORIENTED_EDGE('',*,*,#5400,.F.);
#7153=ORIENTED_EDGE('',*,*,#5403,.F.);
#7154=ORIENTED_EDGE('',*,*,#5442,.F.);
#7155=ORIENTED_EDGE('',*,*,#5408,.F.);
#7156=ORIENTED_EDGE('',*,*,#5412,.F.);
#7157=ORIENTED_EDGE('',*,*,#5415,.F.);
#7158=ORIENTED_EDGE('',*,*,#5418,.F.);
#7159=ORIENTED_EDGE('',*,*,#5421,.F.);
#7160=ORIENTED_EDGE('',*,*,#5424,.F.);
#7161=ORIENTED_EDGE('',*,*,#5427,.F.);
#7162=ORIENTED_EDGE('',*,*,#5430,.F.);
#7163=ORIENTED_EDGE('',*,*,#5433,.F.);
#7164=ORIENTED_EDGE('',*,*,#5436,.F.);
#7165=ORIENTED_EDGE('',*,*,#5439,.F.);
#7166=ORIENTED_EDGE('',*,*,#5500,.F.);
#7167=ORIENTED_EDGE('',*,*,#5490,.F.);
#7168=ORIENTED_EDGE('',*,*,#5494,.F.);
#7169=ORIENTED_EDGE('',*,*,#5497,.F.);
#7170=ORIENTED_EDGE('',*,*,#5357,.T.);
#7171=ORIENTED_EDGE('',*,*,#5354,.T.);
#7172=ORIENTED_EDGE('',*,*,#5351,.T.);
#7173=ORIENTED_EDGE('',*,*,#5348,.T.);
#7174=ORIENTED_EDGE('',*,*,#5458,.F.);
#7175=ORIENTED_EDGE('',*,*,#5461,.F.);
#7176=ORIENTED_EDGE('',*,*,#5464,.F.);
#7177=ORIENTED_EDGE('',*,*,#5467,.F.);
#7178=ORIENTED_EDGE('',*,*,#5470,.F.);
#7179=ORIENTED_EDGE('',*,*,#5473,.F.);
#7180=ORIENTED_EDGE('',*,*,#5476,.F.);
#7181=ORIENTED_EDGE('',*,*,#5479,.F.);
#7182=ORIENTED_EDGE('',*,*,#5482,.F.);
#7183=ORIENTED_EDGE('',*,*,#5485,.F.);
#7184=ORIENTED_EDGE('',*,*,#5488,.F.);
#7185=ORIENTED_EDGE('',*,*,#5342,.F.);
#7186=ORIENTED_EDGE('',*,*,#5557,.T.);
#7187=ORIENTED_EDGE('',*,*,#5558,.T.);
#7188=ORIENTED_EDGE('',*,*,#5559,.F.);
#7189=ORIENTED_EDGE('',*,*,#5560,.F.);
#7190=ORIENTED_EDGE('',*,*,#5561,.T.);
#7191=ORIENTED_EDGE('',*,*,#5560,.T.);
#7192=ORIENTED_EDGE('',*,*,#5562,.F.);
#7193=ORIENTED_EDGE('',*,*,#5563,.F.);
#7194=ORIENTED_EDGE('',*,*,#5564,.T.);
#7195=ORIENTED_EDGE('',*,*,#5563,.T.);
#7196=ORIENTED_EDGE('',*,*,#5565,.F.);
#7197=ORIENTED_EDGE('',*,*,#5566,.F.);
#7198=ORIENTED_EDGE('',*,*,#5567,.T.);
#7199=ORIENTED_EDGE('',*,*,#5566,.T.);
#7200=ORIENTED_EDGE('',*,*,#5568,.F.);
#7201=ORIENTED_EDGE('',*,*,#5558,.F.);
#7202=ORIENTED_EDGE('',*,*,#5568,.T.);
#7203=ORIENTED_EDGE('',*,*,#5565,.T.);
#7204=ORIENTED_EDGE('',*,*,#5562,.T.);
#7205=ORIENTED_EDGE('',*,*,#5559,.T.);
#7206=ORIENTED_EDGE('',*,*,#5567,.F.);
#7207=ORIENTED_EDGE('',*,*,#5557,.F.);
#7208=ORIENTED_EDGE('',*,*,#5561,.F.);
#7209=ORIENTED_EDGE('',*,*,#5564,.F.);
#7210=ORIENTED_EDGE('',*,*,#5569,.T.);
#7211=ORIENTED_EDGE('',*,*,#5570,.T.);
#7212=ORIENTED_EDGE('',*,*,#5571,.F.);
#7213=ORIENTED_EDGE('',*,*,#5572,.F.);
#7214=ORIENTED_EDGE('',*,*,#5573,.T.);
#7215=ORIENTED_EDGE('',*,*,#5572,.T.);
#7216=ORIENTED_EDGE('',*,*,#5574,.F.);
#7217=ORIENTED_EDGE('',*,*,#5575,.F.);
#7218=ORIENTED_EDGE('',*,*,#5576,.T.);
#7219=ORIENTED_EDGE('',*,*,#5575,.T.);
#7220=ORIENTED_EDGE('',*,*,#5577,.F.);
#7221=ORIENTED_EDGE('',*,*,#5578,.F.);
#7222=ORIENTED_EDGE('',*,*,#5579,.T.);
#7223=ORIENTED_EDGE('',*,*,#5578,.T.);
#7224=ORIENTED_EDGE('',*,*,#5580,.F.);
#7225=ORIENTED_EDGE('',*,*,#5570,.F.);
#7226=ORIENTED_EDGE('',*,*,#5580,.T.);
#7227=ORIENTED_EDGE('',*,*,#5577,.T.);
#7228=ORIENTED_EDGE('',*,*,#5574,.T.);
#7229=ORIENTED_EDGE('',*,*,#5571,.T.);
#7230=ORIENTED_EDGE('',*,*,#5579,.F.);
#7231=ORIENTED_EDGE('',*,*,#5569,.F.);
#7232=ORIENTED_EDGE('',*,*,#5573,.F.);
#7233=ORIENTED_EDGE('',*,*,#5576,.F.);
#7234=ORIENTED_EDGE('',*,*,#5581,.T.);
#7235=ORIENTED_EDGE('',*,*,#5582,.T.);
#7236=ORIENTED_EDGE('',*,*,#5583,.F.);
#7237=ORIENTED_EDGE('',*,*,#5584,.F.);
#7238=ORIENTED_EDGE('',*,*,#5585,.T.);
#7239=ORIENTED_EDGE('',*,*,#5584,.T.);
#7240=ORIENTED_EDGE('',*,*,#5586,.F.);
#7241=ORIENTED_EDGE('',*,*,#5587,.F.);
#7242=ORIENTED_EDGE('',*,*,#5588,.T.);
#7243=ORIENTED_EDGE('',*,*,#5587,.T.);
#7244=ORIENTED_EDGE('',*,*,#5589,.F.);
#7245=ORIENTED_EDGE('',*,*,#5590,.F.);
#7246=ORIENTED_EDGE('',*,*,#5591,.T.);
#7247=ORIENTED_EDGE('',*,*,#5590,.T.);
#7248=ORIENTED_EDGE('',*,*,#5592,.F.);
#7249=ORIENTED_EDGE('',*,*,#5582,.F.);
#7250=ORIENTED_EDGE('',*,*,#5592,.T.);
#7251=ORIENTED_EDGE('',*,*,#5589,.T.);
#7252=ORIENTED_EDGE('',*,*,#5586,.T.);
#7253=ORIENTED_EDGE('',*,*,#5583,.T.);
#7254=ORIENTED_EDGE('',*,*,#5591,.F.);
#7255=ORIENTED_EDGE('',*,*,#5581,.F.);
#7256=ORIENTED_EDGE('',*,*,#5585,.F.);
#7257=ORIENTED_EDGE('',*,*,#5588,.F.);
#7258=ORIENTED_EDGE('',*,*,#5593,.F.);
#7259=ORIENTED_EDGE('',*,*,#5594,.F.);
#7260=ORIENTED_EDGE('',*,*,#5595,.T.);
#7261=ORIENTED_EDGE('',*,*,#5596,.T.);
#7262=ORIENTED_EDGE('',*,*,#5597,.F.);
#7263=ORIENTED_EDGE('',*,*,#5598,.T.);
#7264=ORIENTED_EDGE('',*,*,#5599,.F.);
#7265=ORIENTED_EDGE('',*,*,#5600,.F.);
#7266=ORIENTED_EDGE('',*,*,#5601,.T.);
#7267=ORIENTED_EDGE('',*,*,#5602,.T.);
#7268=ORIENTED_EDGE('',*,*,#5594,.T.);
#7269=ORIENTED_EDGE('',*,*,#5603,.T.);
#7270=ORIENTED_EDGE('',*,*,#5604,.T.);
#7271=ORIENTED_EDGE('',*,*,#5605,.T.);
#7272=ORIENTED_EDGE('',*,*,#5606,.T.);
#7273=ORIENTED_EDGE('',*,*,#5607,.T.);
#7274=ORIENTED_EDGE('',*,*,#5608,.T.);
#7275=ORIENTED_EDGE('',*,*,#5609,.F.);
#7276=ORIENTED_EDGE('',*,*,#5610,.F.);
#7277=ORIENTED_EDGE('',*,*,#5611,.F.);
#7278=ORIENTED_EDGE('',*,*,#5612,.F.);
#7279=ORIENTED_EDGE('',*,*,#5613,.T.);
#7280=ORIENTED_EDGE('',*,*,#5614,.F.);
#7281=ORIENTED_EDGE('',*,*,#5615,.F.);
#7282=ORIENTED_EDGE('',*,*,#5616,.F.);
#7283=ORIENTED_EDGE('',*,*,#5617,.T.);
#7284=ORIENTED_EDGE('',*,*,#5618,.T.);
#7285=ORIENTED_EDGE('',*,*,#5619,.T.);
#7286=ORIENTED_EDGE('',*,*,#5620,.T.);
#7287=ORIENTED_EDGE('',*,*,#5621,.T.);
#7288=ORIENTED_EDGE('',*,*,#5622,.T.);
#7289=ORIENTED_EDGE('',*,*,#5623,.T.);
#7290=ORIENTED_EDGE('',*,*,#5624,.F.);
#7291=ORIENTED_EDGE('',*,*,#5625,.F.);
#7292=ORIENTED_EDGE('',*,*,#5626,.F.);
#7293=ORIENTED_EDGE('',*,*,#5627,.F.);
#7294=ORIENTED_EDGE('',*,*,#5628,.F.);
#7295=ORIENTED_EDGE('',*,*,#5629,.T.);
#7296=ORIENTED_EDGE('',*,*,#5630,.T.);
#7297=ORIENTED_EDGE('',*,*,#5631,.T.);
#7298=ORIENTED_EDGE('',*,*,#5632,.T.);
#7299=ORIENTED_EDGE('',*,*,#5633,.F.);
#7300=ORIENTED_EDGE('',*,*,#5634,.F.);
#7301=ORIENTED_EDGE('',*,*,#5635,.F.);
#7302=ORIENTED_EDGE('',*,*,#5636,.F.);
#7303=ORIENTED_EDGE('',*,*,#5637,.F.);
#7304=ORIENTED_EDGE('',*,*,#5638,.F.);
#7305=ORIENTED_EDGE('',*,*,#5596,.F.);
#7306=ORIENTED_EDGE('',*,*,#5639,.F.);
#7307=ORIENTED_EDGE('',*,*,#5640,.F.);
#7308=ORIENTED_EDGE('',*,*,#5641,.T.);
#7309=ORIENTED_EDGE('',*,*,#5642,.T.);
#7310=ORIENTED_EDGE('',*,*,#5643,.F.);
#7311=ORIENTED_EDGE('',*,*,#5644,.T.);
#7312=ORIENTED_EDGE('',*,*,#5645,.T.);
#7313=ORIENTED_EDGE('',*,*,#5646,.T.);
#7314=ORIENTED_EDGE('',*,*,#5647,.T.);
#7315=ORIENTED_EDGE('',*,*,#5648,.T.);
#7316=ORIENTED_EDGE('',*,*,#5649,.F.);
#7317=ORIENTED_EDGE('',*,*,#5650,.F.);
#7318=ORIENTED_EDGE('',*,*,#5651,.F.);
#7319=ORIENTED_EDGE('',*,*,#5652,.F.);
#7320=ORIENTED_EDGE('',*,*,#5653,.F.);
#7321=ORIENTED_EDGE('',*,*,#5654,.F.);
#7322=ORIENTED_EDGE('',*,*,#5655,.F.);
#7323=ORIENTED_EDGE('',*,*,#5656,.T.);
#7324=ORIENTED_EDGE('',*,*,#5657,.T.);
#7325=ORIENTED_EDGE('',*,*,#5658,.T.);
#7326=ORIENTED_EDGE('',*,*,#5659,.F.);
#7327=ORIENTED_EDGE('',*,*,#5658,.F.);
#7328=ORIENTED_EDGE('',*,*,#5660,.F.);
#7329=ORIENTED_EDGE('',*,*,#5614,.T.);
#7330=ORIENTED_EDGE('',*,*,#5661,.F.);
#7331=ORIENTED_EDGE('',*,*,#5642,.F.);
#7332=ORIENTED_EDGE('',*,*,#5662,.F.);
#7333=ORIENTED_EDGE('',*,*,#5599,.T.);
#7334=ORIENTED_EDGE('',*,*,#5663,.F.);
#7335=ORIENTED_EDGE('',*,*,#5618,.F.);
#7336=ORIENTED_EDGE('',*,*,#5664,.T.);
#7337=ORIENTED_EDGE('',*,*,#5654,.T.);
#7338=ORIENTED_EDGE('',*,*,#5665,.T.);
#7339=ORIENTED_EDGE('',*,*,#5666,.T.);
#7340=ORIENTED_EDGE('',*,*,#5667,.F.);
#7341=ORIENTED_EDGE('',*,*,#5668,.F.);
#7342=ORIENTED_EDGE('',*,*,#5667,.T.);
#7343=ORIENTED_EDGE('',*,*,#5669,.T.);
#7344=ORIENTED_EDGE('',*,*,#5670,.F.);
#7345=ORIENTED_EDGE('',*,*,#5671,.F.);
#7346=ORIENTED_EDGE('',*,*,#5672,.F.);
#7347=ORIENTED_EDGE('',*,*,#5673,.F.);
#7348=ORIENTED_EDGE('',*,*,#5637,.T.);
#7349=ORIENTED_EDGE('',*,*,#5674,.F.);
#7350=ORIENTED_EDGE('',*,*,#5604,.F.);
#7351=ORIENTED_EDGE('',*,*,#5671,.T.);
#7352=ORIENTED_EDGE('',*,*,#5636,.T.);
#7353=ORIENTED_EDGE('',*,*,#5675,.F.);
#7354=ORIENTED_EDGE('',*,*,#5605,.F.);
#7355=ORIENTED_EDGE('',*,*,#5674,.T.);
#7356=ORIENTED_EDGE('',*,*,#5635,.T.);
#7357=ORIENTED_EDGE('',*,*,#5676,.F.);
#7358=ORIENTED_EDGE('',*,*,#5606,.F.);
#7359=ORIENTED_EDGE('',*,*,#5675,.T.);
#7360=ORIENTED_EDGE('',*,*,#5634,.T.);
#7361=ORIENTED_EDGE('',*,*,#5677,.F.);
#7362=ORIENTED_EDGE('',*,*,#5607,.F.);
#7363=ORIENTED_EDGE('',*,*,#5676,.T.);
#7364=ORIENTED_EDGE('',*,*,#5633,.T.);
#7365=ORIENTED_EDGE('',*,*,#5678,.F.);
#7366=ORIENTED_EDGE('',*,*,#5608,.F.);
#7367=ORIENTED_EDGE('',*,*,#5677,.T.);
#7368=ORIENTED_EDGE('',*,*,#5679,.F.);
#7369=ORIENTED_EDGE('',*,*,#5640,.T.);
#7370=ORIENTED_EDGE('',*,*,#5680,.F.);
#7371=ORIENTED_EDGE('',*,*,#5601,.F.);
#7372=ORIENTED_EDGE('',*,*,#5681,.T.);
#7373=ORIENTED_EDGE('',*,*,#5682,.T.);
#7374=ORIENTED_EDGE('',*,*,#5639,.T.);
#7375=ORIENTED_EDGE('',*,*,#5595,.F.);
#7376=ORIENTED_EDGE('',*,*,#5602,.F.);
#7377=ORIENTED_EDGE('',*,*,#5680,.T.);
#7378=ORIENTED_EDGE('',*,*,#5683,.T.);
#7379=ORIENTED_EDGE('',*,*,#5684,.T.);
#7380=ORIENTED_EDGE('',*,*,#5685,.T.);
#7381=ORIENTED_EDGE('',*,*,#5665,.F.);
#7382=ORIENTED_EDGE('',*,*,#5686,.F.);
#7383=ORIENTED_EDGE('',*,*,#5687,.T.);
#7384=ORIENTED_EDGE('',*,*,#5644,.F.);
#7385=ORIENTED_EDGE('',*,*,#5683,.F.);
#7386=ORIENTED_EDGE('',*,*,#5612,.T.);
#7387=ORIENTED_EDGE('',*,*,#5688,.T.);
#7388=ORIENTED_EDGE('',*,*,#5645,.F.);
#7389=ORIENTED_EDGE('',*,*,#5688,.F.);
#7390=ORIENTED_EDGE('',*,*,#5627,.T.);
#7391=ORIENTED_EDGE('',*,*,#5689,.T.);
#7392=ORIENTED_EDGE('',*,*,#5646,.F.);
#7393=ORIENTED_EDGE('',*,*,#5689,.F.);
#7394=ORIENTED_EDGE('',*,*,#5626,.T.);
#7395=ORIENTED_EDGE('',*,*,#5690,.T.);
#7396=ORIENTED_EDGE('',*,*,#5647,.F.);
#7397=ORIENTED_EDGE('',*,*,#5690,.F.);
#7398=ORIENTED_EDGE('',*,*,#5625,.T.);
#7399=ORIENTED_EDGE('',*,*,#5691,.T.);
#7400=ORIENTED_EDGE('',*,*,#5648,.F.);
#7401=ORIENTED_EDGE('',*,*,#5691,.F.);
#7402=ORIENTED_EDGE('',*,*,#5624,.T.);
#7403=ORIENTED_EDGE('',*,*,#5692,.T.);
#7404=ORIENTED_EDGE('',*,*,#5693,.T.);
#7405=ORIENTED_EDGE('',*,*,#5656,.F.);
#7406=ORIENTED_EDGE('',*,*,#5694,.F.);
#7407=ORIENTED_EDGE('',*,*,#5616,.T.);
#7408=ORIENTED_EDGE('',*,*,#5695,.T.);
#7409=ORIENTED_EDGE('',*,*,#5696,.T.);
#7410=ORIENTED_EDGE('',*,*,#5657,.F.);
#7411=ORIENTED_EDGE('',*,*,#5695,.F.);
#7412=ORIENTED_EDGE('',*,*,#5615,.T.);
#7413=ORIENTED_EDGE('',*,*,#5660,.T.);
#7414=ORIENTED_EDGE('',*,*,#5697,.T.);
#7415=ORIENTED_EDGE('',*,*,#5698,.T.);
#7416=ORIENTED_EDGE('',*,*,#5699,.F.);
#7417=ORIENTED_EDGE('',*,*,#5700,.F.);
#7418=ORIENTED_EDGE('',*,*,#5701,.T.);
#7419=ORIENTED_EDGE('',*,*,#5702,.T.);
#7420=ORIENTED_EDGE('',*,*,#5703,.T.);
#7421=ORIENTED_EDGE('',*,*,#5697,.F.);
#7422=ORIENTED_EDGE('',*,*,#5704,.F.);
#7423=ORIENTED_EDGE('',*,*,#5705,.T.);
#7424=ORIENTED_EDGE('',*,*,#5629,.F.);
#7425=ORIENTED_EDGE('',*,*,#5701,.F.);
#7426=ORIENTED_EDGE('',*,*,#5597,.T.);
#7427=ORIENTED_EDGE('',*,*,#5706,.T.);
#7428=ORIENTED_EDGE('',*,*,#5630,.F.);
#7429=ORIENTED_EDGE('',*,*,#5706,.F.);
#7430=ORIENTED_EDGE('',*,*,#5611,.T.);
#7431=ORIENTED_EDGE('',*,*,#5707,.T.);
#7432=ORIENTED_EDGE('',*,*,#5631,.F.);
#7433=ORIENTED_EDGE('',*,*,#5707,.F.);
#7434=ORIENTED_EDGE('',*,*,#5610,.T.);
#7435=ORIENTED_EDGE('',*,*,#5708,.T.);
#7436=ORIENTED_EDGE('',*,*,#5632,.F.);
#7437=ORIENTED_EDGE('',*,*,#5708,.F.);
#7438=ORIENTED_EDGE('',*,*,#5609,.T.);
#7439=ORIENTED_EDGE('',*,*,#5678,.T.);
#7440=ORIENTED_EDGE('',*,*,#5641,.F.);
#7441=ORIENTED_EDGE('',*,*,#5681,.F.);
#7442=ORIENTED_EDGE('',*,*,#5600,.T.);
#7443=ORIENTED_EDGE('',*,*,#5662,.T.);
#7444=ORIENTED_EDGE('',*,*,#5699,.T.);
#7445=ORIENTED_EDGE('',*,*,#5709,.T.);
#7446=ORIENTED_EDGE('',*,*,#5710,.F.);
#7447=ORIENTED_EDGE('',*,*,#5711,.F.);
#7448=ORIENTED_EDGE('',*,*,#5712,.F.);
#7449=ORIENTED_EDGE('',*,*,#5713,.F.);
#7450=ORIENTED_EDGE('',*,*,#5652,.T.);
#7451=ORIENTED_EDGE('',*,*,#5714,.F.);
#7452=ORIENTED_EDGE('',*,*,#5620,.F.);
#7453=ORIENTED_EDGE('',*,*,#5711,.T.);
#7454=ORIENTED_EDGE('',*,*,#5651,.T.);
#7455=ORIENTED_EDGE('',*,*,#5715,.F.);
#7456=ORIENTED_EDGE('',*,*,#5621,.F.);
#7457=ORIENTED_EDGE('',*,*,#5714,.T.);
#7458=ORIENTED_EDGE('',*,*,#5650,.T.);
#7459=ORIENTED_EDGE('',*,*,#5716,.F.);
#7460=ORIENTED_EDGE('',*,*,#5622,.F.);
#7461=ORIENTED_EDGE('',*,*,#5715,.T.);
#7462=ORIENTED_EDGE('',*,*,#5649,.T.);
#7463=ORIENTED_EDGE('',*,*,#5692,.F.);
#7464=ORIENTED_EDGE('',*,*,#5623,.F.);
#7465=ORIENTED_EDGE('',*,*,#5716,.T.);
#7466=ORIENTED_EDGE('',*,*,#5655,.T.);
#7467=ORIENTED_EDGE('',*,*,#5664,.F.);
#7468=ORIENTED_EDGE('',*,*,#5617,.F.);
#7469=ORIENTED_EDGE('',*,*,#5694,.T.);
#7470=ORIENTED_EDGE('',*,*,#5693,.F.);
#7471=ORIENTED_EDGE('',*,*,#5717,.T.);
#7472=ORIENTED_EDGE('',*,*,#5696,.F.);
#7473=ORIENTED_EDGE('',*,*,#5717,.F.);
#7474=ORIENTED_EDGE('',*,*,#5682,.F.);
#7475=ORIENTED_EDGE('',*,*,#5718,.T.);
#7476=ORIENTED_EDGE('',*,*,#5679,.T.);
#7477=ORIENTED_EDGE('',*,*,#5718,.F.);
#7478=ORIENTED_EDGE('',*,*,#5603,.F.);
#7479=ORIENTED_EDGE('',*,*,#5593,.T.);
#7480=ORIENTED_EDGE('',*,*,#5638,.T.);
#7481=ORIENTED_EDGE('',*,*,#5670,.T.);
#7482=ORIENTED_EDGE('',*,*,#5719,.T.);
#7483=ORIENTED_EDGE('',*,*,#5702,.F.);
#7484=ORIENTED_EDGE('',*,*,#5628,.T.);
#7485=ORIENTED_EDGE('',*,*,#5661,.T.);
#7486=ORIENTED_EDGE('',*,*,#5598,.F.);
#7487=ORIENTED_EDGE('',*,*,#5705,.F.);
#7488=ORIENTED_EDGE('',*,*,#5720,.F.);
#7489=ORIENTED_EDGE('',*,*,#5672,.T.);
#7490=ORIENTED_EDGE('',*,*,#5613,.F.);
#7491=ORIENTED_EDGE('',*,*,#5687,.F.);
#7492=ORIENTED_EDGE('',*,*,#5721,.F.);
#7493=ORIENTED_EDGE('',*,*,#5712,.T.);
#7494=ORIENTED_EDGE('',*,*,#5619,.F.);
#7495=ORIENTED_EDGE('',*,*,#5663,.T.);
#7496=ORIENTED_EDGE('',*,*,#5653,.T.);
#7497=ORIENTED_EDGE('',*,*,#5710,.T.);
#7498=ORIENTED_EDGE('',*,*,#5722,.T.);
#7499=ORIENTED_EDGE('',*,*,#5684,.F.);
#7500=ORIENTED_EDGE('',*,*,#5643,.T.);
#7501=ORIENTED_EDGE('',*,*,#5659,.T.);
#7502=ORIENTED_EDGE('',*,*,#5673,.T.);
#7503=ORIENTED_EDGE('',*,*,#5720,.T.);
#7504=ORIENTED_EDGE('',*,*,#5704,.T.);
#7505=ORIENTED_EDGE('',*,*,#5700,.T.);
#7506=ORIENTED_EDGE('',*,*,#5713,.T.);
#7507=ORIENTED_EDGE('',*,*,#5721,.T.);
#7508=ORIENTED_EDGE('',*,*,#5686,.T.);
#7509=ORIENTED_EDGE('',*,*,#5668,.T.);
#7510=ORIENTED_EDGE('',*,*,#5669,.F.);
#7511=ORIENTED_EDGE('',*,*,#5666,.F.);
#7512=ORIENTED_EDGE('',*,*,#5685,.F.);
#7513=ORIENTED_EDGE('',*,*,#5722,.F.);
#7514=ORIENTED_EDGE('',*,*,#5709,.F.);
#7515=ORIENTED_EDGE('',*,*,#5698,.F.);
#7516=ORIENTED_EDGE('',*,*,#5703,.F.);
#7517=ORIENTED_EDGE('',*,*,#5719,.F.);
#7518=ORIENTED_EDGE('',*,*,#5723,.T.);
#7519=ORIENTED_EDGE('',*,*,#5724,.T.);
#7520=ORIENTED_EDGE('',*,*,#5725,.F.);
#7521=ORIENTED_EDGE('',*,*,#5726,.F.);
#7522=ORIENTED_EDGE('',*,*,#5727,.T.);
#7523=ORIENTED_EDGE('',*,*,#5726,.T.);
#7524=ORIENTED_EDGE('',*,*,#5728,.F.);
#7525=ORIENTED_EDGE('',*,*,#5729,.F.);
#7526=ORIENTED_EDGE('',*,*,#5730,.T.);
#7527=ORIENTED_EDGE('',*,*,#5729,.T.);
#7528=ORIENTED_EDGE('',*,*,#5731,.F.);
#7529=ORIENTED_EDGE('',*,*,#5732,.F.);
#7530=ORIENTED_EDGE('',*,*,#5733,.T.);
#7531=ORIENTED_EDGE('',*,*,#5732,.T.);
#7532=ORIENTED_EDGE('',*,*,#5734,.F.);
#7533=ORIENTED_EDGE('',*,*,#5724,.F.);
#7534=ORIENTED_EDGE('',*,*,#5734,.T.);
#7535=ORIENTED_EDGE('',*,*,#5731,.T.);
#7536=ORIENTED_EDGE('',*,*,#5728,.T.);
#7537=ORIENTED_EDGE('',*,*,#5725,.T.);
#7538=ORIENTED_EDGE('',*,*,#5733,.F.);
#7539=ORIENTED_EDGE('',*,*,#5723,.F.);
#7540=ORIENTED_EDGE('',*,*,#5727,.F.);
#7541=ORIENTED_EDGE('',*,*,#5730,.F.);
#7542=ORIENTED_EDGE('',*,*,#5735,.T.);
#7543=ORIENTED_EDGE('',*,*,#5736,.T.);
#7544=ORIENTED_EDGE('',*,*,#5737,.F.);
#7545=ORIENTED_EDGE('',*,*,#5738,.F.);
#7546=ORIENTED_EDGE('',*,*,#5739,.T.);
#7547=ORIENTED_EDGE('',*,*,#5738,.T.);
#7548=ORIENTED_EDGE('',*,*,#5740,.F.);
#7549=ORIENTED_EDGE('',*,*,#5741,.F.);
#7550=ORIENTED_EDGE('',*,*,#5742,.T.);
#7551=ORIENTED_EDGE('',*,*,#5741,.T.);
#7552=ORIENTED_EDGE('',*,*,#5743,.F.);
#7553=ORIENTED_EDGE('',*,*,#5744,.F.);
#7554=ORIENTED_EDGE('',*,*,#5745,.T.);
#7555=ORIENTED_EDGE('',*,*,#5744,.T.);
#7556=ORIENTED_EDGE('',*,*,#5746,.F.);
#7557=ORIENTED_EDGE('',*,*,#5736,.F.);
#7558=ORIENTED_EDGE('',*,*,#5746,.T.);
#7559=ORIENTED_EDGE('',*,*,#5743,.T.);
#7560=ORIENTED_EDGE('',*,*,#5740,.T.);
#7561=ORIENTED_EDGE('',*,*,#5737,.T.);
#7562=ORIENTED_EDGE('',*,*,#5745,.F.);
#7563=ORIENTED_EDGE('',*,*,#5735,.F.);
#7564=ORIENTED_EDGE('',*,*,#5739,.F.);
#7565=ORIENTED_EDGE('',*,*,#5742,.F.);
#7566=ORIENTED_EDGE('',*,*,#5747,.T.);
#7567=ORIENTED_EDGE('',*,*,#5748,.T.);
#7568=ORIENTED_EDGE('',*,*,#5749,.F.);
#7569=ORIENTED_EDGE('',*,*,#5750,.F.);
#7570=ORIENTED_EDGE('',*,*,#5751,.T.);
#7571=ORIENTED_EDGE('',*,*,#5750,.T.);
#7572=ORIENTED_EDGE('',*,*,#5752,.F.);
#7573=ORIENTED_EDGE('',*,*,#5753,.F.);
#7574=ORIENTED_EDGE('',*,*,#5754,.T.);
#7575=ORIENTED_EDGE('',*,*,#5753,.T.);
#7576=ORIENTED_EDGE('',*,*,#5755,.F.);
#7577=ORIENTED_EDGE('',*,*,#5756,.F.);
#7578=ORIENTED_EDGE('',*,*,#5757,.T.);
#7579=ORIENTED_EDGE('',*,*,#5756,.T.);
#7580=ORIENTED_EDGE('',*,*,#5758,.F.);
#7581=ORIENTED_EDGE('',*,*,#5748,.F.);
#7582=ORIENTED_EDGE('',*,*,#5758,.T.);
#7583=ORIENTED_EDGE('',*,*,#5755,.T.);
#7584=ORIENTED_EDGE('',*,*,#5752,.T.);
#7585=ORIENTED_EDGE('',*,*,#5749,.T.);
#7586=ORIENTED_EDGE('',*,*,#5757,.F.);
#7587=ORIENTED_EDGE('',*,*,#5747,.F.);
#7588=ORIENTED_EDGE('',*,*,#5751,.F.);
#7589=ORIENTED_EDGE('',*,*,#5754,.F.);
#7590=ORIENTED_EDGE('',*,*,#5759,.T.);
#7591=ORIENTED_EDGE('',*,*,#5760,.T.);
#7592=ORIENTED_EDGE('',*,*,#5761,.F.);
#7593=ORIENTED_EDGE('',*,*,#5762,.F.);
#7594=ORIENTED_EDGE('',*,*,#5763,.T.);
#7595=ORIENTED_EDGE('',*,*,#5762,.T.);
#7596=ORIENTED_EDGE('',*,*,#5764,.F.);
#7597=ORIENTED_EDGE('',*,*,#5765,.F.);
#7598=ORIENTED_EDGE('',*,*,#5766,.T.);
#7599=ORIENTED_EDGE('',*,*,#5765,.T.);
#7600=ORIENTED_EDGE('',*,*,#5767,.F.);
#7601=ORIENTED_EDGE('',*,*,#5768,.F.);
#7602=ORIENTED_EDGE('',*,*,#5769,.T.);
#7603=ORIENTED_EDGE('',*,*,#5768,.T.);
#7604=ORIENTED_EDGE('',*,*,#5770,.F.);
#7605=ORIENTED_EDGE('',*,*,#5760,.F.);
#7606=ORIENTED_EDGE('',*,*,#5770,.T.);
#7607=ORIENTED_EDGE('',*,*,#5767,.T.);
#7608=ORIENTED_EDGE('',*,*,#5764,.T.);
#7609=ORIENTED_EDGE('',*,*,#5761,.T.);
#7610=ORIENTED_EDGE('',*,*,#5769,.F.);
#7611=ORIENTED_EDGE('',*,*,#5759,.F.);
#7612=ORIENTED_EDGE('',*,*,#5763,.F.);
#7613=ORIENTED_EDGE('',*,*,#5766,.F.);
#7614=ORIENTED_EDGE('',*,*,#5771,.F.);
#7615=ORIENTED_EDGE('',*,*,#5772,.F.);
#7616=ORIENTED_EDGE('',*,*,#5773,.F.);
#7617=ORIENTED_EDGE('',*,*,#5774,.F.);
#7618=ORIENTED_EDGE('',*,*,#5775,.F.);
#7619=ORIENTED_EDGE('',*,*,#5773,.T.);
#7620=ORIENTED_EDGE('',*,*,#5776,.F.);
#7621=ORIENTED_EDGE('',*,*,#5777,.F.);
#7622=ORIENTED_EDGE('',*,*,#5778,.F.);
#7623=ORIENTED_EDGE('',*,*,#5779,.F.);
#7624=ORIENTED_EDGE('',*,*,#5777,.T.);
#7625=ORIENTED_EDGE('',*,*,#5780,.F.);
#7626=ORIENTED_EDGE('',*,*,#5781,.F.);
#7627=ORIENTED_EDGE('',*,*,#5782,.T.);
#7628=ORIENTED_EDGE('',*,*,#5783,.F.);
#7629=ORIENTED_EDGE('',*,*,#5784,.F.);
#7630=ORIENTED_EDGE('',*,*,#5778,.T.);
#7631=ORIENTED_EDGE('',*,*,#5785,.F.);
#7632=ORIENTED_EDGE('',*,*,#5786,.F.);
#7633=ORIENTED_EDGE('',*,*,#5787,.T.);
#7634=ORIENTED_EDGE('',*,*,#5788,.F.);
#7635=ORIENTED_EDGE('',*,*,#5789,.F.);
#7636=ORIENTED_EDGE('',*,*,#5790,.F.);
#7637=ORIENTED_EDGE('',*,*,#5791,.T.);
#7638=ORIENTED_EDGE('',*,*,#5792,.F.);
#7639=ORIENTED_EDGE('',*,*,#5793,.T.);
#7640=ORIENTED_EDGE('',*,*,#5794,.T.);
#7641=ORIENTED_EDGE('',*,*,#5795,.F.);
#7642=ORIENTED_EDGE('',*,*,#5796,.T.);
#7643=ORIENTED_EDGE('',*,*,#5797,.T.);
#7644=ORIENTED_EDGE('',*,*,#5798,.F.);
#7645=ORIENTED_EDGE('',*,*,#5799,.F.);
#7646=ORIENTED_EDGE('',*,*,#5800,.T.);
#7647=ORIENTED_EDGE('',*,*,#5790,.T.);
#7648=ORIENTED_EDGE('',*,*,#5801,.F.);
#7649=ORIENTED_EDGE('',*,*,#5794,.F.);
#7650=ORIENTED_EDGE('',*,*,#5802,.F.);
#7651=ORIENTED_EDGE('',*,*,#5803,.T.);
#7652=ORIENTED_EDGE('',*,*,#5804,.F.);
#7653=ORIENTED_EDGE('',*,*,#5803,.F.);
#7654=ORIENTED_EDGE('',*,*,#5805,.F.);
#7655=ORIENTED_EDGE('',*,*,#5806,.T.);
#7656=ORIENTED_EDGE('',*,*,#5807,.F.);
#7657=ORIENTED_EDGE('',*,*,#5806,.F.);
#7658=ORIENTED_EDGE('',*,*,#5808,.F.);
#7659=ORIENTED_EDGE('',*,*,#5809,.T.);
#7660=ORIENTED_EDGE('',*,*,#5810,.F.);
#7661=ORIENTED_EDGE('',*,*,#5809,.F.);
#7662=ORIENTED_EDGE('',*,*,#5811,.F.);
#7663=ORIENTED_EDGE('',*,*,#5812,.T.);
#7664=ORIENTED_EDGE('',*,*,#5813,.F.);
#7665=ORIENTED_EDGE('',*,*,#5812,.F.);
#7666=ORIENTED_EDGE('',*,*,#5814,.T.);
#7667=ORIENTED_EDGE('',*,*,#5815,.T.);
#7668=ORIENTED_EDGE('',*,*,#5816,.F.);
#7669=ORIENTED_EDGE('',*,*,#5817,.F.);
#7670=ORIENTED_EDGE('',*,*,#5818,.T.);
#7671=ORIENTED_EDGE('',*,*,#5817,.T.);
#7672=ORIENTED_EDGE('',*,*,#5819,.F.);
#7673=ORIENTED_EDGE('',*,*,#5820,.F.);
#7674=ORIENTED_EDGE('',*,*,#5821,.T.);
#7675=ORIENTED_EDGE('',*,*,#5820,.T.);
#7676=ORIENTED_EDGE('',*,*,#5822,.F.);
#7677=ORIENTED_EDGE('',*,*,#5823,.F.);
#7678=ORIENTED_EDGE('',*,*,#5824,.T.);
#7679=ORIENTED_EDGE('',*,*,#5823,.T.);
#7680=ORIENTED_EDGE('',*,*,#5825,.F.);
#7681=ORIENTED_EDGE('',*,*,#5815,.F.);
#7682=ORIENTED_EDGE('',*,*,#5826,.T.);
#7683=ORIENTED_EDGE('',*,*,#5827,.T.);
#7684=ORIENTED_EDGE('',*,*,#5828,.F.);
#7685=ORIENTED_EDGE('',*,*,#5829,.F.);
#7686=ORIENTED_EDGE('',*,*,#5830,.T.);
#7687=ORIENTED_EDGE('',*,*,#5829,.T.);
#7688=ORIENTED_EDGE('',*,*,#5831,.F.);
#7689=ORIENTED_EDGE('',*,*,#5832,.F.);
#7690=ORIENTED_EDGE('',*,*,#5833,.T.);
#7691=ORIENTED_EDGE('',*,*,#5832,.T.);
#7692=ORIENTED_EDGE('',*,*,#5834,.F.);
#7693=ORIENTED_EDGE('',*,*,#5835,.F.);
#7694=ORIENTED_EDGE('',*,*,#5836,.T.);
#7695=ORIENTED_EDGE('',*,*,#5835,.T.);
#7696=ORIENTED_EDGE('',*,*,#5837,.F.);
#7697=ORIENTED_EDGE('',*,*,#5827,.F.);
#7698=ORIENTED_EDGE('',*,*,#5838,.T.);
#7699=ORIENTED_EDGE('',*,*,#5839,.T.);
#7700=ORIENTED_EDGE('',*,*,#5840,.F.);
#7701=ORIENTED_EDGE('',*,*,#5841,.F.);
#7702=ORIENTED_EDGE('',*,*,#5842,.T.);
#7703=ORIENTED_EDGE('',*,*,#5841,.T.);
#7704=ORIENTED_EDGE('',*,*,#5843,.F.);
#7705=ORIENTED_EDGE('',*,*,#5844,.F.);
#7706=ORIENTED_EDGE('',*,*,#5845,.T.);
#7707=ORIENTED_EDGE('',*,*,#5844,.T.);
#7708=ORIENTED_EDGE('',*,*,#5846,.F.);
#7709=ORIENTED_EDGE('',*,*,#5847,.F.);
#7710=ORIENTED_EDGE('',*,*,#5848,.T.);
#7711=ORIENTED_EDGE('',*,*,#5847,.T.);
#7712=ORIENTED_EDGE('',*,*,#5849,.F.);
#7713=ORIENTED_EDGE('',*,*,#5850,.F.);
#7714=ORIENTED_EDGE('',*,*,#5851,.T.);
#7715=ORIENTED_EDGE('',*,*,#5850,.T.);
#7716=ORIENTED_EDGE('',*,*,#5852,.F.);
#7717=ORIENTED_EDGE('',*,*,#5853,.F.);
#7718=ORIENTED_EDGE('',*,*,#5854,.F.);
#7719=ORIENTED_EDGE('',*,*,#5853,.T.);
#7720=ORIENTED_EDGE('',*,*,#5855,.F.);
#7721=ORIENTED_EDGE('',*,*,#5782,.F.);
#7722=ORIENTED_EDGE('',*,*,#5856,.T.);
#7723=ORIENTED_EDGE('',*,*,#5786,.T.);
#7724=ORIENTED_EDGE('',*,*,#5857,.F.);
#7725=ORIENTED_EDGE('',*,*,#5858,.F.);
#7726=ORIENTED_EDGE('',*,*,#5859,.T.);
#7727=ORIENTED_EDGE('',*,*,#5858,.T.);
#7728=ORIENTED_EDGE('',*,*,#5860,.F.);
#7729=ORIENTED_EDGE('',*,*,#5861,.F.);
#7730=ORIENTED_EDGE('',*,*,#5862,.T.);
#7731=ORIENTED_EDGE('',*,*,#5861,.T.);
#7732=ORIENTED_EDGE('',*,*,#5863,.F.);
#7733=ORIENTED_EDGE('',*,*,#5864,.F.);
#7734=ORIENTED_EDGE('',*,*,#5771,.T.);
#7735=ORIENTED_EDGE('',*,*,#5865,.T.);
#7736=ORIENTED_EDGE('',*,*,#5864,.T.);
#7737=ORIENTED_EDGE('',*,*,#5866,.F.);
#7738=ORIENTED_EDGE('',*,*,#5867,.T.);
#7739=ORIENTED_EDGE('',*,*,#5784,.T.);
#7740=ORIENTED_EDGE('',*,*,#5868,.F.);
#7741=ORIENTED_EDGE('',*,*,#5869,.F.);
#7742=ORIENTED_EDGE('',*,*,#5870,.T.);
#7743=ORIENTED_EDGE('',*,*,#5869,.T.);
#7744=ORIENTED_EDGE('',*,*,#5871,.F.);
#7745=ORIENTED_EDGE('',*,*,#5872,.F.);
#7746=ORIENTED_EDGE('',*,*,#5873,.T.);
#7747=ORIENTED_EDGE('',*,*,#5872,.T.);
#7748=ORIENTED_EDGE('',*,*,#5874,.F.);
#7749=ORIENTED_EDGE('',*,*,#5875,.F.);
#7750=ORIENTED_EDGE('',*,*,#5876,.T.);
#7751=ORIENTED_EDGE('',*,*,#5875,.T.);
#7752=ORIENTED_EDGE('',*,*,#5877,.F.);
#7753=ORIENTED_EDGE('',*,*,#5878,.F.);
#7754=ORIENTED_EDGE('',*,*,#5879,.T.);
#7755=ORIENTED_EDGE('',*,*,#5878,.T.);
#7756=ORIENTED_EDGE('',*,*,#5880,.F.);
#7757=ORIENTED_EDGE('',*,*,#5839,.F.);
#7758=ORIENTED_EDGE('',*,*,#5881,.T.);
#7759=ORIENTED_EDGE('',*,*,#5882,.T.);
#7760=ORIENTED_EDGE('',*,*,#5883,.F.);
#7761=ORIENTED_EDGE('',*,*,#5884,.F.);
#7762=ORIENTED_EDGE('',*,*,#5885,.T.);
#7763=ORIENTED_EDGE('',*,*,#5884,.T.);
#7764=ORIENTED_EDGE('',*,*,#5886,.F.);
#7765=ORIENTED_EDGE('',*,*,#5887,.F.);
#7766=ORIENTED_EDGE('',*,*,#5888,.T.);
#7767=ORIENTED_EDGE('',*,*,#5887,.T.);
#7768=ORIENTED_EDGE('',*,*,#5889,.F.);
#7769=ORIENTED_EDGE('',*,*,#5890,.F.);
#7770=ORIENTED_EDGE('',*,*,#5891,.T.);
#7771=ORIENTED_EDGE('',*,*,#5890,.T.);
#7772=ORIENTED_EDGE('',*,*,#5892,.F.);
#7773=ORIENTED_EDGE('',*,*,#5893,.F.);
#7774=ORIENTED_EDGE('',*,*,#5894,.T.);
#7775=ORIENTED_EDGE('',*,*,#5893,.T.);
#7776=ORIENTED_EDGE('',*,*,#5895,.F.);
#7777=ORIENTED_EDGE('',*,*,#5896,.F.);
#7778=ORIENTED_EDGE('',*,*,#5897,.T.);
#7779=ORIENTED_EDGE('',*,*,#5896,.T.);
#7780=ORIENTED_EDGE('',*,*,#5898,.F.);
#7781=ORIENTED_EDGE('',*,*,#5899,.F.);
#7782=ORIENTED_EDGE('',*,*,#5900,.T.);
#7783=ORIENTED_EDGE('',*,*,#5899,.T.);
#7784=ORIENTED_EDGE('',*,*,#5901,.F.);
#7785=ORIENTED_EDGE('',*,*,#5902,.F.);
#7786=ORIENTED_EDGE('',*,*,#5903,.T.);
#7787=ORIENTED_EDGE('',*,*,#5902,.T.);
#7788=ORIENTED_EDGE('',*,*,#5904,.F.);
#7789=ORIENTED_EDGE('',*,*,#5905,.F.);
#7790=ORIENTED_EDGE('',*,*,#5906,.T.);
#7791=ORIENTED_EDGE('',*,*,#5905,.T.);
#7792=ORIENTED_EDGE('',*,*,#5907,.F.);
#7793=ORIENTED_EDGE('',*,*,#5908,.F.);
#7794=ORIENTED_EDGE('',*,*,#5909,.T.);
#7795=ORIENTED_EDGE('',*,*,#5908,.T.);
#7796=ORIENTED_EDGE('',*,*,#5910,.F.);
#7797=ORIENTED_EDGE('',*,*,#5911,.F.);
#7798=ORIENTED_EDGE('',*,*,#5912,.T.);
#7799=ORIENTED_EDGE('',*,*,#5911,.T.);
#7800=ORIENTED_EDGE('',*,*,#5913,.F.);
#7801=ORIENTED_EDGE('',*,*,#5914,.F.);
#7802=ORIENTED_EDGE('',*,*,#5915,.T.);
#7803=ORIENTED_EDGE('',*,*,#5914,.T.);
#7804=ORIENTED_EDGE('',*,*,#5916,.F.);
#7805=ORIENTED_EDGE('',*,*,#5882,.F.);
#7806=ORIENTED_EDGE('',*,*,#5917,.T.);
#7807=ORIENTED_EDGE('',*,*,#5918,.T.);
#7808=ORIENTED_EDGE('',*,*,#5919,.F.);
#7809=ORIENTED_EDGE('',*,*,#5920,.F.);
#7810=ORIENTED_EDGE('',*,*,#5921,.T.);
#7811=ORIENTED_EDGE('',*,*,#5920,.T.);
#7812=ORIENTED_EDGE('',*,*,#5922,.F.);
#7813=ORIENTED_EDGE('',*,*,#5923,.F.);
#7814=ORIENTED_EDGE('',*,*,#5924,.T.);
#7815=ORIENTED_EDGE('',*,*,#5923,.T.);
#7816=ORIENTED_EDGE('',*,*,#5925,.F.);
#7817=ORIENTED_EDGE('',*,*,#5926,.F.);
#7818=ORIENTED_EDGE('',*,*,#5927,.T.);
#7819=ORIENTED_EDGE('',*,*,#5926,.T.);
#7820=ORIENTED_EDGE('',*,*,#5928,.F.);
#7821=ORIENTED_EDGE('',*,*,#5929,.F.);
#7822=ORIENTED_EDGE('',*,*,#5930,.T.);
#7823=ORIENTED_EDGE('',*,*,#5929,.T.);
#7824=ORIENTED_EDGE('',*,*,#5931,.F.);
#7825=ORIENTED_EDGE('',*,*,#5932,.F.);
#7826=ORIENTED_EDGE('',*,*,#5933,.T.);
#7827=ORIENTED_EDGE('',*,*,#5932,.T.);
#7828=ORIENTED_EDGE('',*,*,#5934,.F.);
#7829=ORIENTED_EDGE('',*,*,#5935,.F.);
#7830=ORIENTED_EDGE('',*,*,#5936,.T.);
#7831=ORIENTED_EDGE('',*,*,#5935,.T.);
#7832=ORIENTED_EDGE('',*,*,#5937,.F.);
#7833=ORIENTED_EDGE('',*,*,#5938,.F.);
#7834=ORIENTED_EDGE('',*,*,#5939,.T.);
#7835=ORIENTED_EDGE('',*,*,#5938,.T.);
#7836=ORIENTED_EDGE('',*,*,#5940,.F.);
#7837=ORIENTED_EDGE('',*,*,#5941,.F.);
#7838=ORIENTED_EDGE('',*,*,#5942,.T.);
#7839=ORIENTED_EDGE('',*,*,#5941,.T.);
#7840=ORIENTED_EDGE('',*,*,#5943,.F.);
#7841=ORIENTED_EDGE('',*,*,#5944,.F.);
#7842=ORIENTED_EDGE('',*,*,#5945,.T.);
#7843=ORIENTED_EDGE('',*,*,#5944,.T.);
#7844=ORIENTED_EDGE('',*,*,#5946,.F.);
#7845=ORIENTED_EDGE('',*,*,#5947,.F.);
#7846=ORIENTED_EDGE('',*,*,#5948,.T.);
#7847=ORIENTED_EDGE('',*,*,#5947,.T.);
#7848=ORIENTED_EDGE('',*,*,#5949,.F.);
#7849=ORIENTED_EDGE('',*,*,#5950,.F.);
#7850=ORIENTED_EDGE('',*,*,#5951,.T.);
#7851=ORIENTED_EDGE('',*,*,#5950,.T.);
#7852=ORIENTED_EDGE('',*,*,#5952,.F.);
#7853=ORIENTED_EDGE('',*,*,#5918,.F.);
#7854=ORIENTED_EDGE('',*,*,#5792,.T.);
#7855=ORIENTED_EDGE('',*,*,#5953,.F.);
#7856=ORIENTED_EDGE('',*,*,#5954,.F.);
#7857=ORIENTED_EDGE('',*,*,#5955,.T.);
#7858=ORIENTED_EDGE('',*,*,#5956,.T.);
#7859=ORIENTED_EDGE('',*,*,#5954,.T.);
#7860=ORIENTED_EDGE('',*,*,#5957,.F.);
#7861=ORIENTED_EDGE('',*,*,#5958,.F.);
#7862=ORIENTED_EDGE('',*,*,#5959,.T.);
#7863=ORIENTED_EDGE('',*,*,#5958,.T.);
#7864=ORIENTED_EDGE('',*,*,#5960,.F.);
#7865=ORIENTED_EDGE('',*,*,#5961,.F.);
#7866=ORIENTED_EDGE('',*,*,#5962,.T.);
#7867=ORIENTED_EDGE('',*,*,#5961,.T.);
#7868=ORIENTED_EDGE('',*,*,#5963,.F.);
#7869=ORIENTED_EDGE('',*,*,#5964,.F.);
#7870=ORIENTED_EDGE('',*,*,#5788,.T.);
#7871=ORIENTED_EDGE('',*,*,#5965,.T.);
#7872=ORIENTED_EDGE('',*,*,#5964,.T.);
#7873=ORIENTED_EDGE('',*,*,#5966,.F.);
#7874=ORIENTED_EDGE('',*,*,#5967,.T.);
#7875=ORIENTED_EDGE('',*,*,#5799,.T.);
#7876=ORIENTED_EDGE('',*,*,#5968,.F.);
#7877=ORIENTED_EDGE('',*,*,#5969,.F.);
#7878=ORIENTED_EDGE('',*,*,#5970,.T.);
#7879=ORIENTED_EDGE('',*,*,#5969,.T.);
#7880=ORIENTED_EDGE('',*,*,#5971,.F.);
#7881=ORIENTED_EDGE('',*,*,#5972,.F.);
#7882=ORIENTED_EDGE('',*,*,#5973,.T.);
#7883=ORIENTED_EDGE('',*,*,#5972,.T.);
#7884=ORIENTED_EDGE('',*,*,#5974,.F.);
#7885=ORIENTED_EDGE('',*,*,#5975,.F.);
#7886=ORIENTED_EDGE('',*,*,#5976,.T.);
#7887=ORIENTED_EDGE('',*,*,#5975,.T.);
#7888=ORIENTED_EDGE('',*,*,#5977,.F.);
#7889=ORIENTED_EDGE('',*,*,#5978,.F.);
#7890=ORIENTED_EDGE('',*,*,#5979,.T.);
#7891=ORIENTED_EDGE('',*,*,#5978,.T.);
#7892=ORIENTED_EDGE('',*,*,#5980,.F.);
#7893=ORIENTED_EDGE('',*,*,#5981,.F.);
#7894=ORIENTED_EDGE('',*,*,#5982,.T.);
#7895=ORIENTED_EDGE('',*,*,#5981,.T.);
#7896=ORIENTED_EDGE('',*,*,#5983,.F.);
#7897=ORIENTED_EDGE('',*,*,#5984,.F.);
#7898=ORIENTED_EDGE('',*,*,#5985,.T.);
#7899=ORIENTED_EDGE('',*,*,#5984,.T.);
#7900=ORIENTED_EDGE('',*,*,#5986,.F.);
#7901=ORIENTED_EDGE('',*,*,#5987,.F.);
#7902=ORIENTED_EDGE('',*,*,#5988,.T.);
#7903=ORIENTED_EDGE('',*,*,#5987,.T.);
#7904=ORIENTED_EDGE('',*,*,#5989,.F.);
#7905=ORIENTED_EDGE('',*,*,#5990,.F.);
#7906=ORIENTED_EDGE('',*,*,#5991,.T.);
#7907=ORIENTED_EDGE('',*,*,#5990,.T.);
#7908=ORIENTED_EDGE('',*,*,#5992,.F.);
#7909=ORIENTED_EDGE('',*,*,#5993,.F.);
#7910=ORIENTED_EDGE('',*,*,#5994,.T.);
#7911=ORIENTED_EDGE('',*,*,#5993,.T.);
#7912=ORIENTED_EDGE('',*,*,#5995,.F.);
#7913=ORIENTED_EDGE('',*,*,#5996,.F.);
#7914=ORIENTED_EDGE('',*,*,#5997,.T.);
#7915=ORIENTED_EDGE('',*,*,#5996,.T.);
#7916=ORIENTED_EDGE('',*,*,#5998,.F.);
#7917=ORIENTED_EDGE('',*,*,#5797,.F.);
#7918=ORIENTED_EDGE('',*,*,#5999,.T.);
#7919=ORIENTED_EDGE('',*,*,#6000,.T.);
#7920=ORIENTED_EDGE('',*,*,#6001,.F.);
#7921=ORIENTED_EDGE('',*,*,#6002,.F.);
#7922=ORIENTED_EDGE('',*,*,#6003,.T.);
#7923=ORIENTED_EDGE('',*,*,#6002,.T.);
#7924=ORIENTED_EDGE('',*,*,#6004,.F.);
#7925=ORIENTED_EDGE('',*,*,#6005,.F.);
#7926=ORIENTED_EDGE('',*,*,#6006,.T.);
#7927=ORIENTED_EDGE('',*,*,#6005,.T.);
#7928=ORIENTED_EDGE('',*,*,#6007,.F.);
#7929=ORIENTED_EDGE('',*,*,#6008,.F.);
#7930=ORIENTED_EDGE('',*,*,#6009,.T.);
#7931=ORIENTED_EDGE('',*,*,#6008,.T.);
#7932=ORIENTED_EDGE('',*,*,#6010,.F.);
#7933=ORIENTED_EDGE('',*,*,#6000,.F.);
#7934=ORIENTED_EDGE('',*,*,#6010,.T.);
#7935=ORIENTED_EDGE('',*,*,#6007,.T.);
#7936=ORIENTED_EDGE('',*,*,#6004,.T.);
#7937=ORIENTED_EDGE('',*,*,#6001,.T.);
#7938=ORIENTED_EDGE('',*,*,#5866,.T.);
#7939=ORIENTED_EDGE('',*,*,#5863,.T.);
#7940=ORIENTED_EDGE('',*,*,#5860,.T.);
#7941=ORIENTED_EDGE('',*,*,#5857,.T.);
#7942=ORIENTED_EDGE('',*,*,#5785,.T.);
#7943=ORIENTED_EDGE('',*,*,#5780,.T.);
#7944=ORIENTED_EDGE('',*,*,#5776,.T.);
#7945=ORIENTED_EDGE('',*,*,#5772,.T.);
#7946=ORIENTED_EDGE('',*,*,#5868,.T.);
#7947=ORIENTED_EDGE('',*,*,#5783,.T.);
#7948=ORIENTED_EDGE('',*,*,#5855,.T.);
#7949=ORIENTED_EDGE('',*,*,#5852,.T.);
#7950=ORIENTED_EDGE('',*,*,#5849,.T.);
#7951=ORIENTED_EDGE('',*,*,#5846,.T.);
#7952=ORIENTED_EDGE('',*,*,#5843,.T.);
#7953=ORIENTED_EDGE('',*,*,#5840,.T.);
#7954=ORIENTED_EDGE('',*,*,#5880,.T.);
#7955=ORIENTED_EDGE('',*,*,#5877,.T.);
#7956=ORIENTED_EDGE('',*,*,#5874,.T.);
#7957=ORIENTED_EDGE('',*,*,#5871,.T.);
#7958=ORIENTED_EDGE('',*,*,#5825,.T.);
#7959=ORIENTED_EDGE('',*,*,#5822,.T.);
#7960=ORIENTED_EDGE('',*,*,#5819,.T.);
#7961=ORIENTED_EDGE('',*,*,#5816,.T.);
#7962=ORIENTED_EDGE('',*,*,#5837,.T.);
#7963=ORIENTED_EDGE('',*,*,#5834,.T.);
#7964=ORIENTED_EDGE('',*,*,#5831,.T.);
#7965=ORIENTED_EDGE('',*,*,#5828,.T.);
#7966=ORIENTED_EDGE('',*,*,#5916,.T.);
#7967=ORIENTED_EDGE('',*,*,#5913,.T.);
#7968=ORIENTED_EDGE('',*,*,#5910,.T.);
#7969=ORIENTED_EDGE('',*,*,#5907,.T.);
#7970=ORIENTED_EDGE('',*,*,#5904,.T.);
#7971=ORIENTED_EDGE('',*,*,#5901,.T.);
#7972=ORIENTED_EDGE('',*,*,#5898,.T.);
#7973=ORIENTED_EDGE('',*,*,#5895,.T.);
#7974=ORIENTED_EDGE('',*,*,#5892,.T.);
#7975=ORIENTED_EDGE('',*,*,#5889,.T.);
#7976=ORIENTED_EDGE('',*,*,#5886,.T.);
#7977=ORIENTED_EDGE('',*,*,#5883,.T.);
#7978=ORIENTED_EDGE('',*,*,#5952,.T.);
#7979=ORIENTED_EDGE('',*,*,#5949,.T.);
#7980=ORIENTED_EDGE('',*,*,#5946,.T.);
#7981=ORIENTED_EDGE('',*,*,#5943,.T.);
#7982=ORIENTED_EDGE('',*,*,#5940,.T.);
#7983=ORIENTED_EDGE('',*,*,#5937,.T.);
#7984=ORIENTED_EDGE('',*,*,#5934,.T.);
#7985=ORIENTED_EDGE('',*,*,#5931,.T.);
#7986=ORIENTED_EDGE('',*,*,#5928,.T.);
#7987=ORIENTED_EDGE('',*,*,#5925,.T.);
#7988=ORIENTED_EDGE('',*,*,#5922,.T.);
#7989=ORIENTED_EDGE('',*,*,#5919,.T.);
#7990=ORIENTED_EDGE('',*,*,#5968,.T.);
#7991=ORIENTED_EDGE('',*,*,#5798,.T.);
#7992=ORIENTED_EDGE('',*,*,#5998,.T.);
#7993=ORIENTED_EDGE('',*,*,#5995,.T.);
#7994=ORIENTED_EDGE('',*,*,#5992,.T.);
#7995=ORIENTED_EDGE('',*,*,#5989,.T.);
#7996=ORIENTED_EDGE('',*,*,#5986,.T.);
#7997=ORIENTED_EDGE('',*,*,#5983,.T.);
#7998=ORIENTED_EDGE('',*,*,#5980,.T.);
#7999=ORIENTED_EDGE('',*,*,#5977,.T.);
#8000=ORIENTED_EDGE('',*,*,#5974,.T.);
#8001=ORIENTED_EDGE('',*,*,#5971,.T.);
#8002=ORIENTED_EDGE('',*,*,#5813,.T.);
#8003=ORIENTED_EDGE('',*,*,#5810,.T.);
#8004=ORIENTED_EDGE('',*,*,#5807,.T.);
#8005=ORIENTED_EDGE('',*,*,#5804,.T.);
#8006=ORIENTED_EDGE('',*,*,#5966,.T.);
#8007=ORIENTED_EDGE('',*,*,#5963,.T.);
#8008=ORIENTED_EDGE('',*,*,#5960,.T.);
#8009=ORIENTED_EDGE('',*,*,#5957,.T.);
#8010=ORIENTED_EDGE('',*,*,#5953,.T.);
#8011=ORIENTED_EDGE('',*,*,#5795,.T.);
#8012=ORIENTED_EDGE('',*,*,#5801,.T.);
#8013=ORIENTED_EDGE('',*,*,#5789,.T.);
#8014=ORIENTED_EDGE('',*,*,#6009,.F.);
#8015=ORIENTED_EDGE('',*,*,#5999,.F.);
#8016=ORIENTED_EDGE('',*,*,#6003,.F.);
#8017=ORIENTED_EDGE('',*,*,#6006,.F.);
#8018=ORIENTED_EDGE('',*,*,#5867,.F.);
#8019=ORIENTED_EDGE('',*,*,#5870,.F.);
#8020=ORIENTED_EDGE('',*,*,#5873,.F.);
#8021=ORIENTED_EDGE('',*,*,#5876,.F.);
#8022=ORIENTED_EDGE('',*,*,#5879,.F.);
#8023=ORIENTED_EDGE('',*,*,#5838,.F.);
#8024=ORIENTED_EDGE('',*,*,#5842,.F.);
#8025=ORIENTED_EDGE('',*,*,#5845,.F.);
#8026=ORIENTED_EDGE('',*,*,#5848,.F.);
#8027=ORIENTED_EDGE('',*,*,#5851,.F.);
#8028=ORIENTED_EDGE('',*,*,#5854,.T.);
#8029=ORIENTED_EDGE('',*,*,#5781,.T.);
#8030=ORIENTED_EDGE('',*,*,#5774,.T.);
#8031=ORIENTED_EDGE('',*,*,#5775,.T.);
#8032=ORIENTED_EDGE('',*,*,#5779,.T.);
#8033=ORIENTED_EDGE('',*,*,#5787,.F.);
#8034=ORIENTED_EDGE('',*,*,#5856,.F.);
#8035=ORIENTED_EDGE('',*,*,#5859,.F.);
#8036=ORIENTED_EDGE('',*,*,#5862,.F.);
#8037=ORIENTED_EDGE('',*,*,#5865,.F.);
#8038=ORIENTED_EDGE('',*,*,#5791,.F.);
#8039=ORIENTED_EDGE('',*,*,#5800,.F.);
#8040=ORIENTED_EDGE('',*,*,#5793,.F.);
#8041=ORIENTED_EDGE('',*,*,#5955,.F.);
#8042=ORIENTED_EDGE('',*,*,#5956,.F.);
#8043=ORIENTED_EDGE('',*,*,#5959,.F.);
#8044=ORIENTED_EDGE('',*,*,#5962,.F.);
#8045=ORIENTED_EDGE('',*,*,#5965,.F.);
#8046=ORIENTED_EDGE('',*,*,#5824,.F.);
#8047=ORIENTED_EDGE('',*,*,#5814,.F.);
#8048=ORIENTED_EDGE('',*,*,#5818,.F.);
#8049=ORIENTED_EDGE('',*,*,#5821,.F.);
#8050=ORIENTED_EDGE('',*,*,#5836,.F.);
#8051=ORIENTED_EDGE('',*,*,#5826,.F.);
#8052=ORIENTED_EDGE('',*,*,#5830,.F.);
#8053=ORIENTED_EDGE('',*,*,#5833,.F.);
#8054=ORIENTED_EDGE('',*,*,#5915,.F.);
#8055=ORIENTED_EDGE('',*,*,#5881,.F.);
#8056=ORIENTED_EDGE('',*,*,#5885,.F.);
#8057=ORIENTED_EDGE('',*,*,#5888,.F.);
#8058=ORIENTED_EDGE('',*,*,#5891,.F.);
#8059=ORIENTED_EDGE('',*,*,#5894,.F.);
#8060=ORIENTED_EDGE('',*,*,#5897,.F.);
#8061=ORIENTED_EDGE('',*,*,#5900,.F.);
#8062=ORIENTED_EDGE('',*,*,#5903,.F.);
#8063=ORIENTED_EDGE('',*,*,#5906,.F.);
#8064=ORIENTED_EDGE('',*,*,#5909,.F.);
#8065=ORIENTED_EDGE('',*,*,#5912,.F.);
#8066=ORIENTED_EDGE('',*,*,#5951,.F.);
#8067=ORIENTED_EDGE('',*,*,#5917,.F.);
#8068=ORIENTED_EDGE('',*,*,#5921,.F.);
#8069=ORIENTED_EDGE('',*,*,#5924,.F.);
#8070=ORIENTED_EDGE('',*,*,#5927,.F.);
#8071=ORIENTED_EDGE('',*,*,#5930,.F.);
#8072=ORIENTED_EDGE('',*,*,#5933,.F.);
#8073=ORIENTED_EDGE('',*,*,#5936,.F.);
#8074=ORIENTED_EDGE('',*,*,#5939,.F.);
#8075=ORIENTED_EDGE('',*,*,#5942,.F.);
#8076=ORIENTED_EDGE('',*,*,#5945,.F.);
#8077=ORIENTED_EDGE('',*,*,#5948,.F.);
#8078=ORIENTED_EDGE('',*,*,#5811,.T.);
#8079=ORIENTED_EDGE('',*,*,#5808,.T.);
#8080=ORIENTED_EDGE('',*,*,#5805,.T.);
#8081=ORIENTED_EDGE('',*,*,#5802,.T.);
#8082=ORIENTED_EDGE('',*,*,#5967,.F.);
#8083=ORIENTED_EDGE('',*,*,#5970,.F.);
#8084=ORIENTED_EDGE('',*,*,#5973,.F.);
#8085=ORIENTED_EDGE('',*,*,#5976,.F.);
#8086=ORIENTED_EDGE('',*,*,#5979,.F.);
#8087=ORIENTED_EDGE('',*,*,#5982,.F.);
#8088=ORIENTED_EDGE('',*,*,#5985,.F.);
#8089=ORIENTED_EDGE('',*,*,#5988,.F.);
#8090=ORIENTED_EDGE('',*,*,#5991,.F.);
#8091=ORIENTED_EDGE('',*,*,#5994,.F.);
#8092=ORIENTED_EDGE('',*,*,#5997,.F.);
#8093=ORIENTED_EDGE('',*,*,#5796,.F.);
#8094=ORIENTED_EDGE('',*,*,#6011,.T.);
#8095=ORIENTED_EDGE('',*,*,#6012,.T.);
#8096=ORIENTED_EDGE('',*,*,#6013,.F.);
#8097=ORIENTED_EDGE('',*,*,#6014,.F.);
#8098=ORIENTED_EDGE('',*,*,#6015,.T.);
#8099=ORIENTED_EDGE('',*,*,#6014,.T.);
#8100=ORIENTED_EDGE('',*,*,#6016,.F.);
#8101=ORIENTED_EDGE('',*,*,#6017,.F.);
#8102=ORIENTED_EDGE('',*,*,#6018,.T.);
#8103=ORIENTED_EDGE('',*,*,#6017,.T.);
#8104=ORIENTED_EDGE('',*,*,#6019,.F.);
#8105=ORIENTED_EDGE('',*,*,#6020,.F.);
#8106=ORIENTED_EDGE('',*,*,#6021,.T.);
#8107=ORIENTED_EDGE('',*,*,#6020,.T.);
#8108=ORIENTED_EDGE('',*,*,#6022,.F.);
#8109=ORIENTED_EDGE('',*,*,#6012,.F.);
#8110=ORIENTED_EDGE('',*,*,#6022,.T.);
#8111=ORIENTED_EDGE('',*,*,#6019,.T.);
#8112=ORIENTED_EDGE('',*,*,#6016,.T.);
#8113=ORIENTED_EDGE('',*,*,#6013,.T.);
#8114=ORIENTED_EDGE('',*,*,#6021,.F.);
#8115=ORIENTED_EDGE('',*,*,#6011,.F.);
#8116=ORIENTED_EDGE('',*,*,#6015,.F.);
#8117=ORIENTED_EDGE('',*,*,#6018,.F.);
#8118=ORIENTED_EDGE('',*,*,#6023,.T.);
#8119=ORIENTED_EDGE('',*,*,#6024,.T.);
#8120=ORIENTED_EDGE('',*,*,#6025,.F.);
#8121=ORIENTED_EDGE('',*,*,#6026,.F.);
#8122=ORIENTED_EDGE('',*,*,#6027,.T.);
#8123=ORIENTED_EDGE('',*,*,#6026,.T.);
#8124=ORIENTED_EDGE('',*,*,#6028,.F.);
#8125=ORIENTED_EDGE('',*,*,#6029,.F.);
#8126=ORIENTED_EDGE('',*,*,#6030,.T.);
#8127=ORIENTED_EDGE('',*,*,#6029,.T.);
#8128=ORIENTED_EDGE('',*,*,#6031,.F.);
#8129=ORIENTED_EDGE('',*,*,#6032,.F.);
#8130=ORIENTED_EDGE('',*,*,#6033,.T.);
#8131=ORIENTED_EDGE('',*,*,#6032,.T.);
#8132=ORIENTED_EDGE('',*,*,#6034,.F.);
#8133=ORIENTED_EDGE('',*,*,#6024,.F.);
#8134=ORIENTED_EDGE('',*,*,#6034,.T.);
#8135=ORIENTED_EDGE('',*,*,#6031,.T.);
#8136=ORIENTED_EDGE('',*,*,#6028,.T.);
#8137=ORIENTED_EDGE('',*,*,#6025,.T.);
#8138=ORIENTED_EDGE('',*,*,#6033,.F.);
#8139=ORIENTED_EDGE('',*,*,#6023,.F.);
#8140=ORIENTED_EDGE('',*,*,#6027,.F.);
#8141=ORIENTED_EDGE('',*,*,#6030,.F.);
#8142=ORIENTED_EDGE('',*,*,#6035,.T.);
#8143=ORIENTED_EDGE('',*,*,#6036,.T.);
#8144=ORIENTED_EDGE('',*,*,#6037,.F.);
#8145=ORIENTED_EDGE('',*,*,#6038,.F.);
#8146=ORIENTED_EDGE('',*,*,#6039,.T.);
#8147=ORIENTED_EDGE('',*,*,#6038,.T.);
#8148=ORIENTED_EDGE('',*,*,#6040,.F.);
#8149=ORIENTED_EDGE('',*,*,#6041,.F.);
#8150=ORIENTED_EDGE('',*,*,#6042,.T.);
#8151=ORIENTED_EDGE('',*,*,#6041,.T.);
#8152=ORIENTED_EDGE('',*,*,#6043,.F.);
#8153=ORIENTED_EDGE('',*,*,#6044,.F.);
#8154=ORIENTED_EDGE('',*,*,#6045,.T.);
#8155=ORIENTED_EDGE('',*,*,#6044,.T.);
#8156=ORIENTED_EDGE('',*,*,#6046,.F.);
#8157=ORIENTED_EDGE('',*,*,#6036,.F.);
#8158=ORIENTED_EDGE('',*,*,#6046,.T.);
#8159=ORIENTED_EDGE('',*,*,#6043,.T.);
#8160=ORIENTED_EDGE('',*,*,#6040,.T.);
#8161=ORIENTED_EDGE('',*,*,#6037,.T.);
#8162=ORIENTED_EDGE('',*,*,#6045,.F.);
#8163=ORIENTED_EDGE('',*,*,#6035,.F.);
#8164=ORIENTED_EDGE('',*,*,#6039,.F.);
#8165=ORIENTED_EDGE('',*,*,#6042,.F.);
#8166=ORIENTED_EDGE('',*,*,#6047,.F.);
#8167=ORIENTED_EDGE('',*,*,#6048,.F.);
#8168=ORIENTED_EDGE('',*,*,#6049,.T.);
#8169=ORIENTED_EDGE('',*,*,#6050,.T.);
#8170=ORIENTED_EDGE('',*,*,#6051,.F.);
#8171=ORIENTED_EDGE('',*,*,#6052,.T.);
#8172=ORIENTED_EDGE('',*,*,#6053,.F.);
#8173=ORIENTED_EDGE('',*,*,#6054,.F.);
#8174=ORIENTED_EDGE('',*,*,#6055,.T.);
#8175=ORIENTED_EDGE('',*,*,#6056,.T.);
#8176=ORIENTED_EDGE('',*,*,#6048,.T.);
#8177=ORIENTED_EDGE('',*,*,#6057,.T.);
#8178=ORIENTED_EDGE('',*,*,#6058,.T.);
#8179=ORIENTED_EDGE('',*,*,#6059,.T.);
#8180=ORIENTED_EDGE('',*,*,#6060,.T.);
#8181=ORIENTED_EDGE('',*,*,#6061,.T.);
#8182=ORIENTED_EDGE('',*,*,#6062,.T.);
#8183=ORIENTED_EDGE('',*,*,#6063,.F.);
#8184=ORIENTED_EDGE('',*,*,#6064,.F.);
#8185=ORIENTED_EDGE('',*,*,#6065,.F.);
#8186=ORIENTED_EDGE('',*,*,#6066,.F.);
#8187=ORIENTED_EDGE('',*,*,#6067,.T.);
#8188=ORIENTED_EDGE('',*,*,#6068,.F.);
#8189=ORIENTED_EDGE('',*,*,#6069,.F.);
#8190=ORIENTED_EDGE('',*,*,#6070,.F.);
#8191=ORIENTED_EDGE('',*,*,#6071,.T.);
#8192=ORIENTED_EDGE('',*,*,#6072,.T.);
#8193=ORIENTED_EDGE('',*,*,#6073,.T.);
#8194=ORIENTED_EDGE('',*,*,#6074,.T.);
#8195=ORIENTED_EDGE('',*,*,#6075,.T.);
#8196=ORIENTED_EDGE('',*,*,#6076,.T.);
#8197=ORIENTED_EDGE('',*,*,#6077,.T.);
#8198=ORIENTED_EDGE('',*,*,#6078,.F.);
#8199=ORIENTED_EDGE('',*,*,#6079,.F.);
#8200=ORIENTED_EDGE('',*,*,#6080,.F.);
#8201=ORIENTED_EDGE('',*,*,#6081,.F.);
#8202=ORIENTED_EDGE('',*,*,#6082,.F.);
#8203=ORIENTED_EDGE('',*,*,#6083,.T.);
#8204=ORIENTED_EDGE('',*,*,#6084,.T.);
#8205=ORIENTED_EDGE('',*,*,#6085,.T.);
#8206=ORIENTED_EDGE('',*,*,#6086,.T.);
#8207=ORIENTED_EDGE('',*,*,#6087,.F.);
#8208=ORIENTED_EDGE('',*,*,#6088,.F.);
#8209=ORIENTED_EDGE('',*,*,#6089,.F.);
#8210=ORIENTED_EDGE('',*,*,#6090,.F.);
#8211=ORIENTED_EDGE('',*,*,#6091,.F.);
#8212=ORIENTED_EDGE('',*,*,#6092,.F.);
#8213=ORIENTED_EDGE('',*,*,#6050,.F.);
#8214=ORIENTED_EDGE('',*,*,#6093,.F.);
#8215=ORIENTED_EDGE('',*,*,#6094,.F.);
#8216=ORIENTED_EDGE('',*,*,#6095,.T.);
#8217=ORIENTED_EDGE('',*,*,#6096,.T.);
#8218=ORIENTED_EDGE('',*,*,#6097,.F.);
#8219=ORIENTED_EDGE('',*,*,#6098,.T.);
#8220=ORIENTED_EDGE('',*,*,#6099,.T.);
#8221=ORIENTED_EDGE('',*,*,#6100,.T.);
#8222=ORIENTED_EDGE('',*,*,#6101,.T.);
#8223=ORIENTED_EDGE('',*,*,#6102,.T.);
#8224=ORIENTED_EDGE('',*,*,#6103,.F.);
#8225=ORIENTED_EDGE('',*,*,#6104,.F.);
#8226=ORIENTED_EDGE('',*,*,#6105,.F.);
#8227=ORIENTED_EDGE('',*,*,#6106,.F.);
#8228=ORIENTED_EDGE('',*,*,#6107,.F.);
#8229=ORIENTED_EDGE('',*,*,#6108,.F.);
#8230=ORIENTED_EDGE('',*,*,#6109,.F.);
#8231=ORIENTED_EDGE('',*,*,#6110,.T.);
#8232=ORIENTED_EDGE('',*,*,#6111,.T.);
#8233=ORIENTED_EDGE('',*,*,#6112,.T.);
#8234=ORIENTED_EDGE('',*,*,#6113,.F.);
#8235=ORIENTED_EDGE('',*,*,#6112,.F.);
#8236=ORIENTED_EDGE('',*,*,#6114,.F.);
#8237=ORIENTED_EDGE('',*,*,#6068,.T.);
#8238=ORIENTED_EDGE('',*,*,#6115,.F.);
#8239=ORIENTED_EDGE('',*,*,#6096,.F.);
#8240=ORIENTED_EDGE('',*,*,#6116,.F.);
#8241=ORIENTED_EDGE('',*,*,#6053,.T.);
#8242=ORIENTED_EDGE('',*,*,#6117,.F.);
#8243=ORIENTED_EDGE('',*,*,#6072,.F.);
#8244=ORIENTED_EDGE('',*,*,#6118,.T.);
#8245=ORIENTED_EDGE('',*,*,#6108,.T.);
#8246=ORIENTED_EDGE('',*,*,#6119,.T.);
#8247=ORIENTED_EDGE('',*,*,#6120,.T.);
#8248=ORIENTED_EDGE('',*,*,#6121,.F.);
#8249=ORIENTED_EDGE('',*,*,#6122,.F.);
#8250=ORIENTED_EDGE('',*,*,#6121,.T.);
#8251=ORIENTED_EDGE('',*,*,#6123,.T.);
#8252=ORIENTED_EDGE('',*,*,#6124,.F.);
#8253=ORIENTED_EDGE('',*,*,#6125,.F.);
#8254=ORIENTED_EDGE('',*,*,#6126,.F.);
#8255=ORIENTED_EDGE('',*,*,#6127,.F.);
#8256=ORIENTED_EDGE('',*,*,#6091,.T.);
#8257=ORIENTED_EDGE('',*,*,#6128,.F.);
#8258=ORIENTED_EDGE('',*,*,#6058,.F.);
#8259=ORIENTED_EDGE('',*,*,#6125,.T.);
#8260=ORIENTED_EDGE('',*,*,#6090,.T.);
#8261=ORIENTED_EDGE('',*,*,#6129,.F.);
#8262=ORIENTED_EDGE('',*,*,#6059,.F.);
#8263=ORIENTED_EDGE('',*,*,#6128,.T.);
#8264=ORIENTED_EDGE('',*,*,#6089,.T.);
#8265=ORIENTED_EDGE('',*,*,#6130,.F.);
#8266=ORIENTED_EDGE('',*,*,#6060,.F.);
#8267=ORIENTED_EDGE('',*,*,#6129,.T.);
#8268=ORIENTED_EDGE('',*,*,#6088,.T.);
#8269=ORIENTED_EDGE('',*,*,#6131,.F.);
#8270=ORIENTED_EDGE('',*,*,#6061,.F.);
#8271=ORIENTED_EDGE('',*,*,#6130,.T.);
#8272=ORIENTED_EDGE('',*,*,#6087,.T.);
#8273=ORIENTED_EDGE('',*,*,#6132,.F.);
#8274=ORIENTED_EDGE('',*,*,#6062,.F.);
#8275=ORIENTED_EDGE('',*,*,#6131,.T.);
#8276=ORIENTED_EDGE('',*,*,#6133,.F.);
#8277=ORIENTED_EDGE('',*,*,#6094,.T.);
#8278=ORIENTED_EDGE('',*,*,#6134,.F.);
#8279=ORIENTED_EDGE('',*,*,#6055,.F.);
#8280=ORIENTED_EDGE('',*,*,#6135,.T.);
#8281=ORIENTED_EDGE('',*,*,#6136,.T.);
#8282=ORIENTED_EDGE('',*,*,#6093,.T.);
#8283=ORIENTED_EDGE('',*,*,#6049,.F.);
#8284=ORIENTED_EDGE('',*,*,#6056,.F.);
#8285=ORIENTED_EDGE('',*,*,#6134,.T.);
#8286=ORIENTED_EDGE('',*,*,#6137,.T.);
#8287=ORIENTED_EDGE('',*,*,#6138,.T.);
#8288=ORIENTED_EDGE('',*,*,#6139,.T.);
#8289=ORIENTED_EDGE('',*,*,#6119,.F.);
#8290=ORIENTED_EDGE('',*,*,#6140,.F.);
#8291=ORIENTED_EDGE('',*,*,#6141,.T.);
#8292=ORIENTED_EDGE('',*,*,#6098,.F.);
#8293=ORIENTED_EDGE('',*,*,#6137,.F.);
#8294=ORIENTED_EDGE('',*,*,#6066,.T.);
#8295=ORIENTED_EDGE('',*,*,#6142,.T.);
#8296=ORIENTED_EDGE('',*,*,#6099,.F.);
#8297=ORIENTED_EDGE('',*,*,#6142,.F.);
#8298=ORIENTED_EDGE('',*,*,#6081,.T.);
#8299=ORIENTED_EDGE('',*,*,#6143,.T.);
#8300=ORIENTED_EDGE('',*,*,#6100,.F.);
#8301=ORIENTED_EDGE('',*,*,#6143,.F.);
#8302=ORIENTED_EDGE('',*,*,#6080,.T.);
#8303=ORIENTED_EDGE('',*,*,#6144,.T.);
#8304=ORIENTED_EDGE('',*,*,#6101,.F.);
#8305=ORIENTED_EDGE('',*,*,#6144,.F.);
#8306=ORIENTED_EDGE('',*,*,#6079,.T.);
#8307=ORIENTED_EDGE('',*,*,#6145,.T.);
#8308=ORIENTED_EDGE('',*,*,#6102,.F.);
#8309=ORIENTED_EDGE('',*,*,#6145,.F.);
#8310=ORIENTED_EDGE('',*,*,#6078,.T.);
#8311=ORIENTED_EDGE('',*,*,#6146,.T.);
#8312=ORIENTED_EDGE('',*,*,#6147,.T.);
#8313=ORIENTED_EDGE('',*,*,#6110,.F.);
#8314=ORIENTED_EDGE('',*,*,#6148,.F.);
#8315=ORIENTED_EDGE('',*,*,#6070,.T.);
#8316=ORIENTED_EDGE('',*,*,#6149,.T.);
#8317=ORIENTED_EDGE('',*,*,#6150,.T.);
#8318=ORIENTED_EDGE('',*,*,#6111,.F.);
#8319=ORIENTED_EDGE('',*,*,#6149,.F.);
#8320=ORIENTED_EDGE('',*,*,#6069,.T.);
#8321=ORIENTED_EDGE('',*,*,#6114,.T.);
#8322=ORIENTED_EDGE('',*,*,#6151,.T.);
#8323=ORIENTED_EDGE('',*,*,#6152,.T.);
#8324=ORIENTED_EDGE('',*,*,#6153,.F.);
#8325=ORIENTED_EDGE('',*,*,#6154,.F.);
#8326=ORIENTED_EDGE('',*,*,#6155,.T.);
#8327=ORIENTED_EDGE('',*,*,#6156,.T.);
#8328=ORIENTED_EDGE('',*,*,#6157,.T.);
#8329=ORIENTED_EDGE('',*,*,#6151,.F.);
#8330=ORIENTED_EDGE('',*,*,#6158,.F.);
#8331=ORIENTED_EDGE('',*,*,#6159,.T.);
#8332=ORIENTED_EDGE('',*,*,#6083,.F.);
#8333=ORIENTED_EDGE('',*,*,#6155,.F.);
#8334=ORIENTED_EDGE('',*,*,#6051,.T.);
#8335=ORIENTED_EDGE('',*,*,#6160,.T.);
#8336=ORIENTED_EDGE('',*,*,#6084,.F.);
#8337=ORIENTED_EDGE('',*,*,#6160,.F.);
#8338=ORIENTED_EDGE('',*,*,#6065,.T.);
#8339=ORIENTED_EDGE('',*,*,#6161,.T.);
#8340=ORIENTED_EDGE('',*,*,#6085,.F.);
#8341=ORIENTED_EDGE('',*,*,#6161,.F.);
#8342=ORIENTED_EDGE('',*,*,#6064,.T.);
#8343=ORIENTED_EDGE('',*,*,#6162,.T.);
#8344=ORIENTED_EDGE('',*,*,#6086,.F.);
#8345=ORIENTED_EDGE('',*,*,#6162,.F.);
#8346=ORIENTED_EDGE('',*,*,#6063,.T.);
#8347=ORIENTED_EDGE('',*,*,#6132,.T.);
#8348=ORIENTED_EDGE('',*,*,#6095,.F.);
#8349=ORIENTED_EDGE('',*,*,#6135,.F.);
#8350=ORIENTED_EDGE('',*,*,#6054,.T.);
#8351=ORIENTED_EDGE('',*,*,#6116,.T.);
#8352=ORIENTED_EDGE('',*,*,#6153,.T.);
#8353=ORIENTED_EDGE('',*,*,#6163,.T.);
#8354=ORIENTED_EDGE('',*,*,#6164,.F.);
#8355=ORIENTED_EDGE('',*,*,#6165,.F.);
#8356=ORIENTED_EDGE('',*,*,#6166,.F.);
#8357=ORIENTED_EDGE('',*,*,#6167,.F.);
#8358=ORIENTED_EDGE('',*,*,#6106,.T.);
#8359=ORIENTED_EDGE('',*,*,#6168,.F.);
#8360=ORIENTED_EDGE('',*,*,#6074,.F.);
#8361=ORIENTED_EDGE('',*,*,#6165,.T.);
#8362=ORIENTED_EDGE('',*,*,#6105,.T.);
#8363=ORIENTED_EDGE('',*,*,#6169,.F.);
#8364=ORIENTED_EDGE('',*,*,#6075,.F.);
#8365=ORIENTED_EDGE('',*,*,#6168,.T.);
#8366=ORIENTED_EDGE('',*,*,#6104,.T.);
#8367=ORIENTED_EDGE('',*,*,#6170,.F.);
#8368=ORIENTED_EDGE('',*,*,#6076,.F.);
#8369=ORIENTED_EDGE('',*,*,#6169,.T.);
#8370=ORIENTED_EDGE('',*,*,#6103,.T.);
#8371=ORIENTED_EDGE('',*,*,#6146,.F.);
#8372=ORIENTED_EDGE('',*,*,#6077,.F.);
#8373=ORIENTED_EDGE('',*,*,#6170,.T.);
#8374=ORIENTED_EDGE('',*,*,#6109,.T.);
#8375=ORIENTED_EDGE('',*,*,#6118,.F.);
#8376=ORIENTED_EDGE('',*,*,#6071,.F.);
#8377=ORIENTED_EDGE('',*,*,#6148,.T.);
#8378=ORIENTED_EDGE('',*,*,#6147,.F.);
#8379=ORIENTED_EDGE('',*,*,#6171,.T.);
#8380=ORIENTED_EDGE('',*,*,#6150,.F.);
#8381=ORIENTED_EDGE('',*,*,#6171,.F.);
#8382=ORIENTED_EDGE('',*,*,#6136,.F.);
#8383=ORIENTED_EDGE('',*,*,#6172,.T.);
#8384=ORIENTED_EDGE('',*,*,#6133,.T.);
#8385=ORIENTED_EDGE('',*,*,#6172,.F.);
#8386=ORIENTED_EDGE('',*,*,#6057,.F.);
#8387=ORIENTED_EDGE('',*,*,#6047,.T.);
#8388=ORIENTED_EDGE('',*,*,#6092,.T.);
#8389=ORIENTED_EDGE('',*,*,#6124,.T.);
#8390=ORIENTED_EDGE('',*,*,#6173,.T.);
#8391=ORIENTED_EDGE('',*,*,#6156,.F.);
#8392=ORIENTED_EDGE('',*,*,#6082,.T.);
#8393=ORIENTED_EDGE('',*,*,#6115,.T.);
#8394=ORIENTED_EDGE('',*,*,#6052,.F.);
#8395=ORIENTED_EDGE('',*,*,#6159,.F.);
#8396=ORIENTED_EDGE('',*,*,#6174,.F.);
#8397=ORIENTED_EDGE('',*,*,#6126,.T.);
#8398=ORIENTED_EDGE('',*,*,#6067,.F.);
#8399=ORIENTED_EDGE('',*,*,#6141,.F.);
#8400=ORIENTED_EDGE('',*,*,#6175,.F.);
#8401=ORIENTED_EDGE('',*,*,#6166,.T.);
#8402=ORIENTED_EDGE('',*,*,#6073,.F.);
#8403=ORIENTED_EDGE('',*,*,#6117,.T.);
#8404=ORIENTED_EDGE('',*,*,#6107,.T.);
#8405=ORIENTED_EDGE('',*,*,#6164,.T.);
#8406=ORIENTED_EDGE('',*,*,#6176,.T.);
#8407=ORIENTED_EDGE('',*,*,#6138,.F.);
#8408=ORIENTED_EDGE('',*,*,#6097,.T.);
#8409=ORIENTED_EDGE('',*,*,#6113,.T.);
#8410=ORIENTED_EDGE('',*,*,#6127,.T.);
#8411=ORIENTED_EDGE('',*,*,#6174,.T.);
#8412=ORIENTED_EDGE('',*,*,#6158,.T.);
#8413=ORIENTED_EDGE('',*,*,#6154,.T.);
#8414=ORIENTED_EDGE('',*,*,#6167,.T.);
#8415=ORIENTED_EDGE('',*,*,#6175,.T.);
#8416=ORIENTED_EDGE('',*,*,#6140,.T.);
#8417=ORIENTED_EDGE('',*,*,#6122,.T.);
#8418=ORIENTED_EDGE('',*,*,#6123,.F.);
#8419=ORIENTED_EDGE('',*,*,#6120,.F.);
#8420=ORIENTED_EDGE('',*,*,#6139,.F.);
#8421=ORIENTED_EDGE('',*,*,#6176,.F.);
#8422=ORIENTED_EDGE('',*,*,#6163,.F.);
#8423=ORIENTED_EDGE('',*,*,#6152,.F.);
#8424=ORIENTED_EDGE('',*,*,#6157,.F.);
#8425=ORIENTED_EDGE('',*,*,#6173,.F.);
#8426=ORIENTED_EDGE('',*,*,#6177,.T.);
#8427=ORIENTED_EDGE('',*,*,#6178,.T.);
#8428=ORIENTED_EDGE('',*,*,#6179,.F.);
#8429=ORIENTED_EDGE('',*,*,#6180,.F.);
#8430=ORIENTED_EDGE('',*,*,#6181,.T.);
#8431=ORIENTED_EDGE('',*,*,#6180,.T.);
#8432=ORIENTED_EDGE('',*,*,#6182,.F.);
#8433=ORIENTED_EDGE('',*,*,#6183,.F.);
#8434=ORIENTED_EDGE('',*,*,#6184,.T.);
#8435=ORIENTED_EDGE('',*,*,#6183,.T.);
#8436=ORIENTED_EDGE('',*,*,#6185,.F.);
#8437=ORIENTED_EDGE('',*,*,#6186,.F.);
#8438=ORIENTED_EDGE('',*,*,#6187,.T.);
#8439=ORIENTED_EDGE('',*,*,#6186,.T.);
#8440=ORIENTED_EDGE('',*,*,#6188,.F.);
#8441=ORIENTED_EDGE('',*,*,#6178,.F.);
#8442=ORIENTED_EDGE('',*,*,#6188,.T.);
#8443=ORIENTED_EDGE('',*,*,#6185,.T.);
#8444=ORIENTED_EDGE('',*,*,#6182,.T.);
#8445=ORIENTED_EDGE('',*,*,#6179,.T.);
#8446=ORIENTED_EDGE('',*,*,#6187,.F.);
#8447=ORIENTED_EDGE('',*,*,#6177,.F.);
#8448=ORIENTED_EDGE('',*,*,#6181,.F.);
#8449=ORIENTED_EDGE('',*,*,#6184,.F.);
#8450=ORIENTED_EDGE('',*,*,#6189,.F.);
#8451=ORIENTED_EDGE('',*,*,#6190,.F.);
#8452=ORIENTED_EDGE('',*,*,#6191,.F.);
#8453=ORIENTED_EDGE('',*,*,#6192,.F.);
#8454=ORIENTED_EDGE('',*,*,#6193,.F.);
#8455=ORIENTED_EDGE('',*,*,#6191,.T.);
#8456=ORIENTED_EDGE('',*,*,#6194,.F.);
#8457=ORIENTED_EDGE('',*,*,#6195,.F.);
#8458=ORIENTED_EDGE('',*,*,#6196,.F.);
#8459=ORIENTED_EDGE('',*,*,#6197,.F.);
#8460=ORIENTED_EDGE('',*,*,#6195,.T.);
#8461=ORIENTED_EDGE('',*,*,#6198,.F.);
#8462=ORIENTED_EDGE('',*,*,#6199,.F.);
#8463=ORIENTED_EDGE('',*,*,#6200,.T.);
#8464=ORIENTED_EDGE('',*,*,#6201,.F.);
#8465=ORIENTED_EDGE('',*,*,#6202,.F.);
#8466=ORIENTED_EDGE('',*,*,#6196,.T.);
#8467=ORIENTED_EDGE('',*,*,#6203,.F.);
#8468=ORIENTED_EDGE('',*,*,#6204,.F.);
#8469=ORIENTED_EDGE('',*,*,#6205,.T.);
#8470=ORIENTED_EDGE('',*,*,#6206,.F.);
#8471=ORIENTED_EDGE('',*,*,#6207,.F.);
#8472=ORIENTED_EDGE('',*,*,#6208,.F.);
#8473=ORIENTED_EDGE('',*,*,#6209,.T.);
#8474=ORIENTED_EDGE('',*,*,#6210,.F.);
#8475=ORIENTED_EDGE('',*,*,#6211,.T.);
#8476=ORIENTED_EDGE('',*,*,#6212,.T.);
#8477=ORIENTED_EDGE('',*,*,#6213,.F.);
#8478=ORIENTED_EDGE('',*,*,#6214,.T.);
#8479=ORIENTED_EDGE('',*,*,#6215,.T.);
#8480=ORIENTED_EDGE('',*,*,#6216,.F.);
#8481=ORIENTED_EDGE('',*,*,#6217,.F.);
#8482=ORIENTED_EDGE('',*,*,#6218,.T.);
#8483=ORIENTED_EDGE('',*,*,#6208,.T.);
#8484=ORIENTED_EDGE('',*,*,#6219,.F.);
#8485=ORIENTED_EDGE('',*,*,#6212,.F.);
#8486=ORIENTED_EDGE('',*,*,#6220,.F.);
#8487=ORIENTED_EDGE('',*,*,#6221,.T.);
#8488=ORIENTED_EDGE('',*,*,#6222,.F.);
#8489=ORIENTED_EDGE('',*,*,#6221,.F.);
#8490=ORIENTED_EDGE('',*,*,#6223,.F.);
#8491=ORIENTED_EDGE('',*,*,#6224,.T.);
#8492=ORIENTED_EDGE('',*,*,#6225,.F.);
#8493=ORIENTED_EDGE('',*,*,#6224,.F.);
#8494=ORIENTED_EDGE('',*,*,#6226,.F.);
#8495=ORIENTED_EDGE('',*,*,#6227,.T.);
#8496=ORIENTED_EDGE('',*,*,#6228,.F.);
#8497=ORIENTED_EDGE('',*,*,#6227,.F.);
#8498=ORIENTED_EDGE('',*,*,#6229,.F.);
#8499=ORIENTED_EDGE('',*,*,#6230,.T.);
#8500=ORIENTED_EDGE('',*,*,#6231,.F.);
#8501=ORIENTED_EDGE('',*,*,#6230,.F.);
#8502=ORIENTED_EDGE('',*,*,#6232,.T.);
#8503=ORIENTED_EDGE('',*,*,#6233,.T.);
#8504=ORIENTED_EDGE('',*,*,#6234,.F.);
#8505=ORIENTED_EDGE('',*,*,#6235,.F.);
#8506=ORIENTED_EDGE('',*,*,#6236,.T.);
#8507=ORIENTED_EDGE('',*,*,#6235,.T.);
#8508=ORIENTED_EDGE('',*,*,#6237,.F.);
#8509=ORIENTED_EDGE('',*,*,#6238,.F.);
#8510=ORIENTED_EDGE('',*,*,#6239,.T.);
#8511=ORIENTED_EDGE('',*,*,#6238,.T.);
#8512=ORIENTED_EDGE('',*,*,#6240,.F.);
#8513=ORIENTED_EDGE('',*,*,#6241,.F.);
#8514=ORIENTED_EDGE('',*,*,#6242,.T.);
#8515=ORIENTED_EDGE('',*,*,#6241,.T.);
#8516=ORIENTED_EDGE('',*,*,#6243,.F.);
#8517=ORIENTED_EDGE('',*,*,#6233,.F.);
#8518=ORIENTED_EDGE('',*,*,#6244,.T.);
#8519=ORIENTED_EDGE('',*,*,#6245,.T.);
#8520=ORIENTED_EDGE('',*,*,#6246,.F.);
#8521=ORIENTED_EDGE('',*,*,#6247,.F.);
#8522=ORIENTED_EDGE('',*,*,#6248,.T.);
#8523=ORIENTED_EDGE('',*,*,#6247,.T.);
#8524=ORIENTED_EDGE('',*,*,#6249,.F.);
#8525=ORIENTED_EDGE('',*,*,#6250,.F.);
#8526=ORIENTED_EDGE('',*,*,#6251,.T.);
#8527=ORIENTED_EDGE('',*,*,#6250,.T.);
#8528=ORIENTED_EDGE('',*,*,#6252,.F.);
#8529=ORIENTED_EDGE('',*,*,#6253,.F.);
#8530=ORIENTED_EDGE('',*,*,#6254,.T.);
#8531=ORIENTED_EDGE('',*,*,#6253,.T.);
#8532=ORIENTED_EDGE('',*,*,#6255,.F.);
#8533=ORIENTED_EDGE('',*,*,#6256,.F.);
#8534=ORIENTED_EDGE('',*,*,#6257,.T.);
#8535=ORIENTED_EDGE('',*,*,#6256,.T.);
#8536=ORIENTED_EDGE('',*,*,#6258,.F.);
#8537=ORIENTED_EDGE('',*,*,#6259,.F.);
#8538=ORIENTED_EDGE('',*,*,#6260,.T.);
#8539=ORIENTED_EDGE('',*,*,#6259,.T.);
#8540=ORIENTED_EDGE('',*,*,#6261,.F.);
#8541=ORIENTED_EDGE('',*,*,#6262,.F.);
#8542=ORIENTED_EDGE('',*,*,#6263,.T.);
#8543=ORIENTED_EDGE('',*,*,#6262,.T.);
#8544=ORIENTED_EDGE('',*,*,#6264,.F.);
#8545=ORIENTED_EDGE('',*,*,#6265,.F.);
#8546=ORIENTED_EDGE('',*,*,#6266,.T.);
#8547=ORIENTED_EDGE('',*,*,#6265,.T.);
#8548=ORIENTED_EDGE('',*,*,#6267,.F.);
#8549=ORIENTED_EDGE('',*,*,#6268,.F.);
#8550=ORIENTED_EDGE('',*,*,#6269,.T.);
#8551=ORIENTED_EDGE('',*,*,#6268,.T.);
#8552=ORIENTED_EDGE('',*,*,#6270,.F.);
#8553=ORIENTED_EDGE('',*,*,#6271,.F.);
#8554=ORIENTED_EDGE('',*,*,#6272,.T.);
#8555=ORIENTED_EDGE('',*,*,#6271,.T.);
#8556=ORIENTED_EDGE('',*,*,#6273,.F.);
#8557=ORIENTED_EDGE('',*,*,#6274,.F.);
#8558=ORIENTED_EDGE('',*,*,#6275,.T.);
#8559=ORIENTED_EDGE('',*,*,#6274,.T.);
#8560=ORIENTED_EDGE('',*,*,#6276,.F.);
#8561=ORIENTED_EDGE('',*,*,#6277,.F.);
#8562=ORIENTED_EDGE('',*,*,#6278,.T.);
#8563=ORIENTED_EDGE('',*,*,#6277,.T.);
#8564=ORIENTED_EDGE('',*,*,#6279,.F.);
#8565=ORIENTED_EDGE('',*,*,#6245,.F.);
#8566=ORIENTED_EDGE('',*,*,#6280,.T.);
#8567=ORIENTED_EDGE('',*,*,#6281,.T.);
#8568=ORIENTED_EDGE('',*,*,#6282,.F.);
#8569=ORIENTED_EDGE('',*,*,#6283,.F.);
#8570=ORIENTED_EDGE('',*,*,#6284,.T.);
#8571=ORIENTED_EDGE('',*,*,#6283,.T.);
#8572=ORIENTED_EDGE('',*,*,#6285,.F.);
#8573=ORIENTED_EDGE('',*,*,#6286,.F.);
#8574=ORIENTED_EDGE('',*,*,#6287,.T.);
#8575=ORIENTED_EDGE('',*,*,#6286,.T.);
#8576=ORIENTED_EDGE('',*,*,#6288,.F.);
#8577=ORIENTED_EDGE('',*,*,#6289,.F.);
#8578=ORIENTED_EDGE('',*,*,#6290,.T.);
#8579=ORIENTED_EDGE('',*,*,#6289,.T.);
#8580=ORIENTED_EDGE('',*,*,#6291,.F.);
#8581=ORIENTED_EDGE('',*,*,#6292,.F.);
#8582=ORIENTED_EDGE('',*,*,#6293,.T.);
#8583=ORIENTED_EDGE('',*,*,#6292,.T.);
#8584=ORIENTED_EDGE('',*,*,#6294,.F.);
#8585=ORIENTED_EDGE('',*,*,#6295,.F.);
#8586=ORIENTED_EDGE('',*,*,#6296,.T.);
#8587=ORIENTED_EDGE('',*,*,#6295,.T.);
#8588=ORIENTED_EDGE('',*,*,#6297,.F.);
#8589=ORIENTED_EDGE('',*,*,#6298,.F.);
#8590=ORIENTED_EDGE('',*,*,#6299,.T.);
#8591=ORIENTED_EDGE('',*,*,#6298,.T.);
#8592=ORIENTED_EDGE('',*,*,#6300,.F.);
#8593=ORIENTED_EDGE('',*,*,#6301,.F.);
#8594=ORIENTED_EDGE('',*,*,#6302,.T.);
#8595=ORIENTED_EDGE('',*,*,#6301,.T.);
#8596=ORIENTED_EDGE('',*,*,#6303,.F.);
#8597=ORIENTED_EDGE('',*,*,#6304,.F.);
#8598=ORIENTED_EDGE('',*,*,#6305,.T.);
#8599=ORIENTED_EDGE('',*,*,#6304,.T.);
#8600=ORIENTED_EDGE('',*,*,#6306,.F.);
#8601=ORIENTED_EDGE('',*,*,#6307,.F.);
#8602=ORIENTED_EDGE('',*,*,#6308,.T.);
#8603=ORIENTED_EDGE('',*,*,#6307,.T.);
#8604=ORIENTED_EDGE('',*,*,#6309,.F.);
#8605=ORIENTED_EDGE('',*,*,#6310,.F.);
#8606=ORIENTED_EDGE('',*,*,#6311,.T.);
#8607=ORIENTED_EDGE('',*,*,#6310,.T.);
#8608=ORIENTED_EDGE('',*,*,#6312,.F.);
#8609=ORIENTED_EDGE('',*,*,#6313,.F.);
#8610=ORIENTED_EDGE('',*,*,#6314,.T.);
#8611=ORIENTED_EDGE('',*,*,#6313,.T.);
#8612=ORIENTED_EDGE('',*,*,#6315,.F.);
#8613=ORIENTED_EDGE('',*,*,#6281,.F.);
#8614=ORIENTED_EDGE('',*,*,#6316,.T.);
#8615=ORIENTED_EDGE('',*,*,#6317,.T.);
#8616=ORIENTED_EDGE('',*,*,#6318,.F.);
#8617=ORIENTED_EDGE('',*,*,#6319,.F.);
#8618=ORIENTED_EDGE('',*,*,#6320,.T.);
#8619=ORIENTED_EDGE('',*,*,#6319,.T.);
#8620=ORIENTED_EDGE('',*,*,#6321,.F.);
#8621=ORIENTED_EDGE('',*,*,#6322,.F.);
#8622=ORIENTED_EDGE('',*,*,#6323,.T.);
#8623=ORIENTED_EDGE('',*,*,#6322,.T.);
#8624=ORIENTED_EDGE('',*,*,#6324,.F.);
#8625=ORIENTED_EDGE('',*,*,#6325,.F.);
#8626=ORIENTED_EDGE('',*,*,#6326,.T.);
#8627=ORIENTED_EDGE('',*,*,#6325,.T.);
#8628=ORIENTED_EDGE('',*,*,#6327,.F.);
#8629=ORIENTED_EDGE('',*,*,#6328,.F.);
#8630=ORIENTED_EDGE('',*,*,#6329,.T.);
#8631=ORIENTED_EDGE('',*,*,#6328,.T.);
#8632=ORIENTED_EDGE('',*,*,#6330,.F.);
#8633=ORIENTED_EDGE('',*,*,#6331,.F.);
#8634=ORIENTED_EDGE('',*,*,#6332,.F.);
#8635=ORIENTED_EDGE('',*,*,#6331,.T.);
#8636=ORIENTED_EDGE('',*,*,#6333,.F.);
#8637=ORIENTED_EDGE('',*,*,#6200,.F.);
#8638=ORIENTED_EDGE('',*,*,#6334,.T.);
#8639=ORIENTED_EDGE('',*,*,#6204,.T.);
#8640=ORIENTED_EDGE('',*,*,#6335,.F.);
#8641=ORIENTED_EDGE('',*,*,#6336,.F.);
#8642=ORIENTED_EDGE('',*,*,#6337,.T.);
#8643=ORIENTED_EDGE('',*,*,#6336,.T.);
#8644=ORIENTED_EDGE('',*,*,#6338,.F.);
#8645=ORIENTED_EDGE('',*,*,#6339,.F.);
#8646=ORIENTED_EDGE('',*,*,#6340,.T.);
#8647=ORIENTED_EDGE('',*,*,#6339,.T.);
#8648=ORIENTED_EDGE('',*,*,#6341,.F.);
#8649=ORIENTED_EDGE('',*,*,#6342,.F.);
#8650=ORIENTED_EDGE('',*,*,#6189,.T.);
#8651=ORIENTED_EDGE('',*,*,#6343,.T.);
#8652=ORIENTED_EDGE('',*,*,#6342,.T.);
#8653=ORIENTED_EDGE('',*,*,#6344,.F.);
#8654=ORIENTED_EDGE('',*,*,#6345,.T.);
#8655=ORIENTED_EDGE('',*,*,#6202,.T.);
#8656=ORIENTED_EDGE('',*,*,#6346,.F.);
#8657=ORIENTED_EDGE('',*,*,#6347,.F.);
#8658=ORIENTED_EDGE('',*,*,#6348,.T.);
#8659=ORIENTED_EDGE('',*,*,#6347,.T.);
#8660=ORIENTED_EDGE('',*,*,#6349,.F.);
#8661=ORIENTED_EDGE('',*,*,#6350,.F.);
#8662=ORIENTED_EDGE('',*,*,#6351,.T.);
#8663=ORIENTED_EDGE('',*,*,#6350,.T.);
#8664=ORIENTED_EDGE('',*,*,#6352,.F.);
#8665=ORIENTED_EDGE('',*,*,#6353,.F.);
#8666=ORIENTED_EDGE('',*,*,#6354,.T.);
#8667=ORIENTED_EDGE('',*,*,#6353,.T.);
#8668=ORIENTED_EDGE('',*,*,#6355,.F.);
#8669=ORIENTED_EDGE('',*,*,#6356,.F.);
#8670=ORIENTED_EDGE('',*,*,#6357,.T.);
#8671=ORIENTED_EDGE('',*,*,#6356,.T.);
#8672=ORIENTED_EDGE('',*,*,#6358,.F.);
#8673=ORIENTED_EDGE('',*,*,#6317,.F.);
#8674=ORIENTED_EDGE('',*,*,#6359,.T.);
#8675=ORIENTED_EDGE('',*,*,#6360,.T.);
#8676=ORIENTED_EDGE('',*,*,#6361,.F.);
#8677=ORIENTED_EDGE('',*,*,#6362,.F.);
#8678=ORIENTED_EDGE('',*,*,#6363,.T.);
#8679=ORIENTED_EDGE('',*,*,#6362,.T.);
#8680=ORIENTED_EDGE('',*,*,#6364,.F.);
#8681=ORIENTED_EDGE('',*,*,#6365,.F.);
#8682=ORIENTED_EDGE('',*,*,#6366,.T.);
#8683=ORIENTED_EDGE('',*,*,#6365,.T.);
#8684=ORIENTED_EDGE('',*,*,#6367,.F.);
#8685=ORIENTED_EDGE('',*,*,#6368,.F.);
#8686=ORIENTED_EDGE('',*,*,#6369,.T.);
#8687=ORIENTED_EDGE('',*,*,#6368,.T.);
#8688=ORIENTED_EDGE('',*,*,#6370,.F.);
#8689=ORIENTED_EDGE('',*,*,#6360,.F.);
#8690=ORIENTED_EDGE('',*,*,#6210,.T.);
#8691=ORIENTED_EDGE('',*,*,#6371,.F.);
#8692=ORIENTED_EDGE('',*,*,#6372,.F.);
#8693=ORIENTED_EDGE('',*,*,#6373,.T.);
#8694=ORIENTED_EDGE('',*,*,#6374,.T.);
#8695=ORIENTED_EDGE('',*,*,#6372,.T.);
#8696=ORIENTED_EDGE('',*,*,#6375,.F.);
#8697=ORIENTED_EDGE('',*,*,#6376,.F.);
#8698=ORIENTED_EDGE('',*,*,#6377,.T.);
#8699=ORIENTED_EDGE('',*,*,#6376,.T.);
#8700=ORIENTED_EDGE('',*,*,#6378,.F.);
#8701=ORIENTED_EDGE('',*,*,#6379,.F.);
#8702=ORIENTED_EDGE('',*,*,#6380,.T.);
#8703=ORIENTED_EDGE('',*,*,#6379,.T.);
#8704=ORIENTED_EDGE('',*,*,#6381,.F.);
#8705=ORIENTED_EDGE('',*,*,#6382,.F.);
#8706=ORIENTED_EDGE('',*,*,#6206,.T.);
#8707=ORIENTED_EDGE('',*,*,#6383,.T.);
#8708=ORIENTED_EDGE('',*,*,#6382,.T.);
#8709=ORIENTED_EDGE('',*,*,#6384,.F.);
#8710=ORIENTED_EDGE('',*,*,#6385,.T.);
#8711=ORIENTED_EDGE('',*,*,#6217,.T.);
#8712=ORIENTED_EDGE('',*,*,#6386,.F.);
#8713=ORIENTED_EDGE('',*,*,#6387,.F.);
#8714=ORIENTED_EDGE('',*,*,#6388,.T.);
#8715=ORIENTED_EDGE('',*,*,#6387,.T.);
#8716=ORIENTED_EDGE('',*,*,#6389,.F.);
#8717=ORIENTED_EDGE('',*,*,#6390,.F.);
#8718=ORIENTED_EDGE('',*,*,#6391,.T.);
#8719=ORIENTED_EDGE('',*,*,#6390,.T.);
#8720=ORIENTED_EDGE('',*,*,#6392,.F.);
#8721=ORIENTED_EDGE('',*,*,#6393,.F.);
#8722=ORIENTED_EDGE('',*,*,#6394,.T.);
#8723=ORIENTED_EDGE('',*,*,#6393,.T.);
#8724=ORIENTED_EDGE('',*,*,#6395,.F.);
#8725=ORIENTED_EDGE('',*,*,#6396,.F.);
#8726=ORIENTED_EDGE('',*,*,#6397,.T.);
#8727=ORIENTED_EDGE('',*,*,#6396,.T.);
#8728=ORIENTED_EDGE('',*,*,#6398,.F.);
#8729=ORIENTED_EDGE('',*,*,#6399,.F.);
#8730=ORIENTED_EDGE('',*,*,#6400,.T.);
#8731=ORIENTED_EDGE('',*,*,#6399,.T.);
#8732=ORIENTED_EDGE('',*,*,#6401,.F.);
#8733=ORIENTED_EDGE('',*,*,#6402,.F.);
#8734=ORIENTED_EDGE('',*,*,#6403,.T.);
#8735=ORIENTED_EDGE('',*,*,#6402,.T.);
#8736=ORIENTED_EDGE('',*,*,#6404,.F.);
#8737=ORIENTED_EDGE('',*,*,#6405,.F.);
#8738=ORIENTED_EDGE('',*,*,#6406,.T.);
#8739=ORIENTED_EDGE('',*,*,#6405,.T.);
#8740=ORIENTED_EDGE('',*,*,#6407,.F.);
#8741=ORIENTED_EDGE('',*,*,#6408,.F.);
#8742=ORIENTED_EDGE('',*,*,#6409,.T.);
#8743=ORIENTED_EDGE('',*,*,#6408,.T.);
#8744=ORIENTED_EDGE('',*,*,#6410,.F.);
#8745=ORIENTED_EDGE('',*,*,#6411,.F.);
#8746=ORIENTED_EDGE('',*,*,#6412,.T.);
#8747=ORIENTED_EDGE('',*,*,#6411,.T.);
#8748=ORIENTED_EDGE('',*,*,#6413,.F.);
#8749=ORIENTED_EDGE('',*,*,#6414,.F.);
#8750=ORIENTED_EDGE('',*,*,#6415,.T.);
#8751=ORIENTED_EDGE('',*,*,#6414,.T.);
#8752=ORIENTED_EDGE('',*,*,#6416,.F.);
#8753=ORIENTED_EDGE('',*,*,#6215,.F.);
#8754=ORIENTED_EDGE('',*,*,#6417,.T.);
#8755=ORIENTED_EDGE('',*,*,#6418,.T.);
#8756=ORIENTED_EDGE('',*,*,#6419,.F.);
#8757=ORIENTED_EDGE('',*,*,#6420,.F.);
#8758=ORIENTED_EDGE('',*,*,#6421,.T.);
#8759=ORIENTED_EDGE('',*,*,#6420,.T.);
#8760=ORIENTED_EDGE('',*,*,#6422,.F.);
#8761=ORIENTED_EDGE('',*,*,#6423,.F.);
#8762=ORIENTED_EDGE('',*,*,#6424,.T.);
#8763=ORIENTED_EDGE('',*,*,#6423,.T.);
#8764=ORIENTED_EDGE('',*,*,#6425,.F.);
#8765=ORIENTED_EDGE('',*,*,#6426,.F.);
#8766=ORIENTED_EDGE('',*,*,#6427,.T.);
#8767=ORIENTED_EDGE('',*,*,#6426,.T.);
#8768=ORIENTED_EDGE('',*,*,#6428,.F.);
#8769=ORIENTED_EDGE('',*,*,#6418,.F.);
#8770=ORIENTED_EDGE('',*,*,#6428,.T.);
#8771=ORIENTED_EDGE('',*,*,#6425,.T.);
#8772=ORIENTED_EDGE('',*,*,#6422,.T.);
#8773=ORIENTED_EDGE('',*,*,#6419,.T.);
#8774=ORIENTED_EDGE('',*,*,#6344,.T.);
#8775=ORIENTED_EDGE('',*,*,#6341,.T.);
#8776=ORIENTED_EDGE('',*,*,#6338,.T.);
#8777=ORIENTED_EDGE('',*,*,#6335,.T.);
#8778=ORIENTED_EDGE('',*,*,#6203,.T.);
#8779=ORIENTED_EDGE('',*,*,#6198,.T.);
#8780=ORIENTED_EDGE('',*,*,#6194,.T.);
#8781=ORIENTED_EDGE('',*,*,#6190,.T.);
#8782=ORIENTED_EDGE('',*,*,#6346,.T.);
#8783=ORIENTED_EDGE('',*,*,#6201,.T.);
#8784=ORIENTED_EDGE('',*,*,#6333,.T.);
#8785=ORIENTED_EDGE('',*,*,#6330,.T.);
#8786=ORIENTED_EDGE('',*,*,#6327,.T.);
#8787=ORIENTED_EDGE('',*,*,#6324,.T.);
#8788=ORIENTED_EDGE('',*,*,#6321,.T.);
#8789=ORIENTED_EDGE('',*,*,#6318,.T.);
#8790=ORIENTED_EDGE('',*,*,#6358,.T.);
#8791=ORIENTED_EDGE('',*,*,#6355,.T.);
#8792=ORIENTED_EDGE('',*,*,#6352,.T.);
#8793=ORIENTED_EDGE('',*,*,#6349,.T.);
#8794=ORIENTED_EDGE('',*,*,#6243,.T.);
#8795=ORIENTED_EDGE('',*,*,#6240,.T.);
#8796=ORIENTED_EDGE('',*,*,#6237,.T.);
#8797=ORIENTED_EDGE('',*,*,#6234,.T.);
#8798=ORIENTED_EDGE('',*,*,#6279,.T.);
#8799=ORIENTED_EDGE('',*,*,#6276,.T.);
#8800=ORIENTED_EDGE('',*,*,#6273,.T.);
#8801=ORIENTED_EDGE('',*,*,#6270,.T.);
#8802=ORIENTED_EDGE('',*,*,#6267,.T.);
#8803=ORIENTED_EDGE('',*,*,#6264,.T.);
#8804=ORIENTED_EDGE('',*,*,#6261,.T.);
#8805=ORIENTED_EDGE('',*,*,#6258,.T.);
#8806=ORIENTED_EDGE('',*,*,#6255,.T.);
#8807=ORIENTED_EDGE('',*,*,#6252,.T.);
#8808=ORIENTED_EDGE('',*,*,#6249,.T.);
#8809=ORIENTED_EDGE('',*,*,#6246,.T.);
#8810=ORIENTED_EDGE('',*,*,#6315,.T.);
#8811=ORIENTED_EDGE('',*,*,#6312,.T.);
#8812=ORIENTED_EDGE('',*,*,#6309,.T.);
#8813=ORIENTED_EDGE('',*,*,#6306,.T.);
#8814=ORIENTED_EDGE('',*,*,#6303,.T.);
#8815=ORIENTED_EDGE('',*,*,#6300,.T.);
#8816=ORIENTED_EDGE('',*,*,#6297,.T.);
#8817=ORIENTED_EDGE('',*,*,#6294,.T.);
#8818=ORIENTED_EDGE('',*,*,#6291,.T.);
#8819=ORIENTED_EDGE('',*,*,#6288,.T.);
#8820=ORIENTED_EDGE('',*,*,#6285,.T.);
#8821=ORIENTED_EDGE('',*,*,#6282,.T.);
#8822=ORIENTED_EDGE('',*,*,#6370,.T.);
#8823=ORIENTED_EDGE('',*,*,#6367,.T.);
#8824=ORIENTED_EDGE('',*,*,#6364,.T.);
#8825=ORIENTED_EDGE('',*,*,#6361,.T.);
#8826=ORIENTED_EDGE('',*,*,#6386,.T.);
#8827=ORIENTED_EDGE('',*,*,#6216,.T.);
#8828=ORIENTED_EDGE('',*,*,#6416,.T.);
#8829=ORIENTED_EDGE('',*,*,#6413,.T.);
#8830=ORIENTED_EDGE('',*,*,#6410,.T.);
#8831=ORIENTED_EDGE('',*,*,#6407,.T.);
#8832=ORIENTED_EDGE('',*,*,#6404,.T.);
#8833=ORIENTED_EDGE('',*,*,#6401,.T.);
#8834=ORIENTED_EDGE('',*,*,#6398,.T.);
#8835=ORIENTED_EDGE('',*,*,#6395,.T.);
#8836=ORIENTED_EDGE('',*,*,#6392,.T.);
#8837=ORIENTED_EDGE('',*,*,#6389,.T.);
#8838=ORIENTED_EDGE('',*,*,#6231,.T.);
#8839=ORIENTED_EDGE('',*,*,#6228,.T.);
#8840=ORIENTED_EDGE('',*,*,#6225,.T.);
#8841=ORIENTED_EDGE('',*,*,#6222,.T.);
#8842=ORIENTED_EDGE('',*,*,#6384,.T.);
#8843=ORIENTED_EDGE('',*,*,#6381,.T.);
#8844=ORIENTED_EDGE('',*,*,#6378,.T.);
#8845=ORIENTED_EDGE('',*,*,#6375,.T.);
#8846=ORIENTED_EDGE('',*,*,#6371,.T.);
#8847=ORIENTED_EDGE('',*,*,#6213,.T.);
#8848=ORIENTED_EDGE('',*,*,#6219,.T.);
#8849=ORIENTED_EDGE('',*,*,#6207,.T.);
#8850=ORIENTED_EDGE('',*,*,#6427,.F.);
#8851=ORIENTED_EDGE('',*,*,#6417,.F.);
#8852=ORIENTED_EDGE('',*,*,#6421,.F.);
#8853=ORIENTED_EDGE('',*,*,#6424,.F.);
#8854=ORIENTED_EDGE('',*,*,#6345,.F.);
#8855=ORIENTED_EDGE('',*,*,#6348,.F.);
#8856=ORIENTED_EDGE('',*,*,#6351,.F.);
#8857=ORIENTED_EDGE('',*,*,#6354,.F.);
#8858=ORIENTED_EDGE('',*,*,#6357,.F.);
#8859=ORIENTED_EDGE('',*,*,#6316,.F.);
#8860=ORIENTED_EDGE('',*,*,#6320,.F.);
#8861=ORIENTED_EDGE('',*,*,#6323,.F.);
#8862=ORIENTED_EDGE('',*,*,#6326,.F.);
#8863=ORIENTED_EDGE('',*,*,#6329,.F.);
#8864=ORIENTED_EDGE('',*,*,#6332,.T.);
#8865=ORIENTED_EDGE('',*,*,#6199,.T.);
#8866=ORIENTED_EDGE('',*,*,#6192,.T.);
#8867=ORIENTED_EDGE('',*,*,#6193,.T.);
#8868=ORIENTED_EDGE('',*,*,#6197,.T.);
#8869=ORIENTED_EDGE('',*,*,#6205,.F.);
#8870=ORIENTED_EDGE('',*,*,#6334,.F.);
#8871=ORIENTED_EDGE('',*,*,#6337,.F.);
#8872=ORIENTED_EDGE('',*,*,#6340,.F.);
#8873=ORIENTED_EDGE('',*,*,#6343,.F.);
#8874=ORIENTED_EDGE('',*,*,#6209,.F.);
#8875=ORIENTED_EDGE('',*,*,#6218,.F.);
#8876=ORIENTED_EDGE('',*,*,#6211,.F.);
#8877=ORIENTED_EDGE('',*,*,#6373,.F.);
#8878=ORIENTED_EDGE('',*,*,#6374,.F.);
#8879=ORIENTED_EDGE('',*,*,#6377,.F.);
#8880=ORIENTED_EDGE('',*,*,#6380,.F.);
#8881=ORIENTED_EDGE('',*,*,#6383,.F.);
#8882=ORIENTED_EDGE('',*,*,#6242,.F.);
#8883=ORIENTED_EDGE('',*,*,#6232,.F.);
#8884=ORIENTED_EDGE('',*,*,#6236,.F.);
#8885=ORIENTED_EDGE('',*,*,#6239,.F.);
#8886=ORIENTED_EDGE('',*,*,#6278,.F.);
#8887=ORIENTED_EDGE('',*,*,#6244,.F.);
#8888=ORIENTED_EDGE('',*,*,#6248,.F.);
#8889=ORIENTED_EDGE('',*,*,#6251,.F.);
#8890=ORIENTED_EDGE('',*,*,#6254,.F.);
#8891=ORIENTED_EDGE('',*,*,#6257,.F.);
#8892=ORIENTED_EDGE('',*,*,#6260,.F.);
#8893=ORIENTED_EDGE('',*,*,#6263,.F.);
#8894=ORIENTED_EDGE('',*,*,#6266,.F.);
#8895=ORIENTED_EDGE('',*,*,#6269,.F.);
#8896=ORIENTED_EDGE('',*,*,#6272,.F.);
#8897=ORIENTED_EDGE('',*,*,#6275,.F.);
#8898=ORIENTED_EDGE('',*,*,#6314,.F.);
#8899=ORIENTED_EDGE('',*,*,#6280,.F.);
#8900=ORIENTED_EDGE('',*,*,#6284,.F.);
#8901=ORIENTED_EDGE('',*,*,#6287,.F.);
#8902=ORIENTED_EDGE('',*,*,#6290,.F.);
#8903=ORIENTED_EDGE('',*,*,#6293,.F.);
#8904=ORIENTED_EDGE('',*,*,#6296,.F.);
#8905=ORIENTED_EDGE('',*,*,#6299,.F.);
#8906=ORIENTED_EDGE('',*,*,#6302,.F.);
#8907=ORIENTED_EDGE('',*,*,#6305,.F.);
#8908=ORIENTED_EDGE('',*,*,#6308,.F.);
#8909=ORIENTED_EDGE('',*,*,#6311,.F.);
#8910=ORIENTED_EDGE('',*,*,#6369,.F.);
#8911=ORIENTED_EDGE('',*,*,#6359,.F.);
#8912=ORIENTED_EDGE('',*,*,#6363,.F.);
#8913=ORIENTED_EDGE('',*,*,#6366,.F.);
#8914=ORIENTED_EDGE('',*,*,#6229,.T.);
#8915=ORIENTED_EDGE('',*,*,#6226,.T.);
#8916=ORIENTED_EDGE('',*,*,#6223,.T.);
#8917=ORIENTED_EDGE('',*,*,#6220,.T.);
#8918=ORIENTED_EDGE('',*,*,#6385,.F.);
#8919=ORIENTED_EDGE('',*,*,#6388,.F.);
#8920=ORIENTED_EDGE('',*,*,#6391,.F.);
#8921=ORIENTED_EDGE('',*,*,#6394,.F.);
#8922=ORIENTED_EDGE('',*,*,#6397,.F.);
#8923=ORIENTED_EDGE('',*,*,#6400,.F.);
#8924=ORIENTED_EDGE('',*,*,#6403,.F.);
#8925=ORIENTED_EDGE('',*,*,#6406,.F.);
#8926=ORIENTED_EDGE('',*,*,#6409,.F.);
#8927=ORIENTED_EDGE('',*,*,#6412,.F.);
#8928=ORIENTED_EDGE('',*,*,#6415,.F.);
#8929=ORIENTED_EDGE('',*,*,#6214,.F.);
#8930=ORIENTED_EDGE('',*,*,#6429,.T.);
#8931=ORIENTED_EDGE('',*,*,#6430,.T.);
#8932=ORIENTED_EDGE('',*,*,#6431,.F.);
#8933=ORIENTED_EDGE('',*,*,#6432,.F.);
#8934=ORIENTED_EDGE('',*,*,#6433,.T.);
#8935=ORIENTED_EDGE('',*,*,#6432,.T.);
#8936=ORIENTED_EDGE('',*,*,#6434,.F.);
#8937=ORIENTED_EDGE('',*,*,#6435,.F.);
#8938=ORIENTED_EDGE('',*,*,#6436,.T.);
#8939=ORIENTED_EDGE('',*,*,#6435,.T.);
#8940=ORIENTED_EDGE('',*,*,#6437,.F.);
#8941=ORIENTED_EDGE('',*,*,#6438,.F.);
#8942=ORIENTED_EDGE('',*,*,#6439,.T.);
#8943=ORIENTED_EDGE('',*,*,#6438,.T.);
#8944=ORIENTED_EDGE('',*,*,#6440,.F.);
#8945=ORIENTED_EDGE('',*,*,#6430,.F.);
#8946=ORIENTED_EDGE('',*,*,#6440,.T.);
#8947=ORIENTED_EDGE('',*,*,#6437,.T.);
#8948=ORIENTED_EDGE('',*,*,#6434,.T.);
#8949=ORIENTED_EDGE('',*,*,#6431,.T.);
#8950=ORIENTED_EDGE('',*,*,#6439,.F.);
#8951=ORIENTED_EDGE('',*,*,#6429,.F.);
#8952=ORIENTED_EDGE('',*,*,#6433,.F.);
#8953=ORIENTED_EDGE('',*,*,#6436,.F.);
#8954=ORIENTED_EDGE('',*,*,#6441,.T.);
#8955=ORIENTED_EDGE('',*,*,#6442,.T.);
#8956=ORIENTED_EDGE('',*,*,#6443,.F.);
#8957=ORIENTED_EDGE('',*,*,#6444,.F.);
#8958=ORIENTED_EDGE('',*,*,#6445,.T.);
#8959=ORIENTED_EDGE('',*,*,#6444,.T.);
#8960=ORIENTED_EDGE('',*,*,#6446,.F.);
#8961=ORIENTED_EDGE('',*,*,#6447,.F.);
#8962=ORIENTED_EDGE('',*,*,#6448,.T.);
#8963=ORIENTED_EDGE('',*,*,#6447,.T.);
#8964=ORIENTED_EDGE('',*,*,#6449,.F.);
#8965=ORIENTED_EDGE('',*,*,#6450,.F.);
#8966=ORIENTED_EDGE('',*,*,#6451,.T.);
#8967=ORIENTED_EDGE('',*,*,#6450,.T.);
#8968=ORIENTED_EDGE('',*,*,#6452,.F.);
#8969=ORIENTED_EDGE('',*,*,#6442,.F.);
#8970=ORIENTED_EDGE('',*,*,#6452,.T.);
#8971=ORIENTED_EDGE('',*,*,#6449,.T.);
#8972=ORIENTED_EDGE('',*,*,#6446,.T.);
#8973=ORIENTED_EDGE('',*,*,#6443,.T.);
#8974=ORIENTED_EDGE('',*,*,#6451,.F.);
#8975=ORIENTED_EDGE('',*,*,#6441,.F.);
#8976=ORIENTED_EDGE('',*,*,#6445,.F.);
#8977=ORIENTED_EDGE('',*,*,#6448,.F.);
#8978=ORIENTED_EDGE('',*,*,#6453,.T.);
#8979=ORIENTED_EDGE('',*,*,#6454,.T.);
#8980=ORIENTED_EDGE('',*,*,#6455,.F.);
#8981=ORIENTED_EDGE('',*,*,#6456,.F.);
#8982=ORIENTED_EDGE('',*,*,#6457,.T.);
#8983=ORIENTED_EDGE('',*,*,#6456,.T.);
#8984=ORIENTED_EDGE('',*,*,#6458,.F.);
#8985=ORIENTED_EDGE('',*,*,#6459,.F.);
#8986=ORIENTED_EDGE('',*,*,#6460,.T.);
#8987=ORIENTED_EDGE('',*,*,#6459,.T.);
#8988=ORIENTED_EDGE('',*,*,#6461,.F.);
#8989=ORIENTED_EDGE('',*,*,#6462,.F.);
#8990=ORIENTED_EDGE('',*,*,#6463,.T.);
#8991=ORIENTED_EDGE('',*,*,#6462,.T.);
#8992=ORIENTED_EDGE('',*,*,#6464,.F.);
#8993=ORIENTED_EDGE('',*,*,#6454,.F.);
#8994=ORIENTED_EDGE('',*,*,#6464,.T.);
#8995=ORIENTED_EDGE('',*,*,#6461,.T.);
#8996=ORIENTED_EDGE('',*,*,#6458,.T.);
#8997=ORIENTED_EDGE('',*,*,#6455,.T.);
#8998=ORIENTED_EDGE('',*,*,#6463,.F.);
#8999=ORIENTED_EDGE('',*,*,#6453,.F.);
#9000=ORIENTED_EDGE('',*,*,#6457,.F.);
#9001=ORIENTED_EDGE('',*,*,#6460,.F.);
#9002=ORIENTED_EDGE('',*,*,#6465,.F.);
#9003=ORIENTED_EDGE('',*,*,#6466,.F.);
#9004=ORIENTED_EDGE('',*,*,#6467,.T.);
#9005=ORIENTED_EDGE('',*,*,#6468,.T.);
#9006=ORIENTED_EDGE('',*,*,#6469,.F.);
#9007=ORIENTED_EDGE('',*,*,#6470,.T.);
#9008=ORIENTED_EDGE('',*,*,#6471,.F.);
#9009=ORIENTED_EDGE('',*,*,#6472,.F.);
#9010=ORIENTED_EDGE('',*,*,#6473,.T.);
#9011=ORIENTED_EDGE('',*,*,#6474,.T.);
#9012=ORIENTED_EDGE('',*,*,#6466,.T.);
#9013=ORIENTED_EDGE('',*,*,#6475,.T.);
#9014=ORIENTED_EDGE('',*,*,#6476,.T.);
#9015=ORIENTED_EDGE('',*,*,#6477,.T.);
#9016=ORIENTED_EDGE('',*,*,#6478,.T.);
#9017=ORIENTED_EDGE('',*,*,#6479,.T.);
#9018=ORIENTED_EDGE('',*,*,#6480,.T.);
#9019=ORIENTED_EDGE('',*,*,#6481,.F.);
#9020=ORIENTED_EDGE('',*,*,#6482,.F.);
#9021=ORIENTED_EDGE('',*,*,#6483,.F.);
#9022=ORIENTED_EDGE('',*,*,#6484,.F.);
#9023=ORIENTED_EDGE('',*,*,#6485,.T.);
#9024=ORIENTED_EDGE('',*,*,#6486,.F.);
#9025=ORIENTED_EDGE('',*,*,#6487,.F.);
#9026=ORIENTED_EDGE('',*,*,#6488,.F.);
#9027=ORIENTED_EDGE('',*,*,#6489,.T.);
#9028=ORIENTED_EDGE('',*,*,#6490,.T.);
#9029=ORIENTED_EDGE('',*,*,#6491,.T.);
#9030=ORIENTED_EDGE('',*,*,#6492,.T.);
#9031=ORIENTED_EDGE('',*,*,#6493,.T.);
#9032=ORIENTED_EDGE('',*,*,#6494,.T.);
#9033=ORIENTED_EDGE('',*,*,#6495,.T.);
#9034=ORIENTED_EDGE('',*,*,#6496,.F.);
#9035=ORIENTED_EDGE('',*,*,#6497,.F.);
#9036=ORIENTED_EDGE('',*,*,#6498,.F.);
#9037=ORIENTED_EDGE('',*,*,#6499,.F.);
#9038=ORIENTED_EDGE('',*,*,#6500,.F.);
#9039=ORIENTED_EDGE('',*,*,#6501,.T.);
#9040=ORIENTED_EDGE('',*,*,#6502,.T.);
#9041=ORIENTED_EDGE('',*,*,#6503,.T.);
#9042=ORIENTED_EDGE('',*,*,#6504,.T.);
#9043=ORIENTED_EDGE('',*,*,#6505,.F.);
#9044=ORIENTED_EDGE('',*,*,#6506,.F.);
#9045=ORIENTED_EDGE('',*,*,#6507,.F.);
#9046=ORIENTED_EDGE('',*,*,#6508,.F.);
#9047=ORIENTED_EDGE('',*,*,#6509,.F.);
#9048=ORIENTED_EDGE('',*,*,#6510,.F.);
#9049=ORIENTED_EDGE('',*,*,#6468,.F.);
#9050=ORIENTED_EDGE('',*,*,#6511,.F.);
#9051=ORIENTED_EDGE('',*,*,#6512,.F.);
#9052=ORIENTED_EDGE('',*,*,#6513,.T.);
#9053=ORIENTED_EDGE('',*,*,#6514,.T.);
#9054=ORIENTED_EDGE('',*,*,#6515,.F.);
#9055=ORIENTED_EDGE('',*,*,#6516,.T.);
#9056=ORIENTED_EDGE('',*,*,#6517,.T.);
#9057=ORIENTED_EDGE('',*,*,#6518,.T.);
#9058=ORIENTED_EDGE('',*,*,#6519,.T.);
#9059=ORIENTED_EDGE('',*,*,#6520,.T.);
#9060=ORIENTED_EDGE('',*,*,#6521,.F.);
#9061=ORIENTED_EDGE('',*,*,#6522,.F.);
#9062=ORIENTED_EDGE('',*,*,#6523,.F.);
#9063=ORIENTED_EDGE('',*,*,#6524,.F.);
#9064=ORIENTED_EDGE('',*,*,#6525,.F.);
#9065=ORIENTED_EDGE('',*,*,#6526,.F.);
#9066=ORIENTED_EDGE('',*,*,#6527,.F.);
#9067=ORIENTED_EDGE('',*,*,#6528,.T.);
#9068=ORIENTED_EDGE('',*,*,#6529,.T.);
#9069=ORIENTED_EDGE('',*,*,#6530,.T.);
#9070=ORIENTED_EDGE('',*,*,#6531,.F.);
#9071=ORIENTED_EDGE('',*,*,#6530,.F.);
#9072=ORIENTED_EDGE('',*,*,#6532,.F.);
#9073=ORIENTED_EDGE('',*,*,#6486,.T.);
#9074=ORIENTED_EDGE('',*,*,#6533,.F.);
#9075=ORIENTED_EDGE('',*,*,#6514,.F.);
#9076=ORIENTED_EDGE('',*,*,#6534,.F.);
#9077=ORIENTED_EDGE('',*,*,#6471,.T.);
#9078=ORIENTED_EDGE('',*,*,#6535,.F.);
#9079=ORIENTED_EDGE('',*,*,#6490,.F.);
#9080=ORIENTED_EDGE('',*,*,#6536,.T.);
#9081=ORIENTED_EDGE('',*,*,#6526,.T.);
#9082=ORIENTED_EDGE('',*,*,#6537,.T.);
#9083=ORIENTED_EDGE('',*,*,#6538,.T.);
#9084=ORIENTED_EDGE('',*,*,#6539,.F.);
#9085=ORIENTED_EDGE('',*,*,#6540,.F.);
#9086=ORIENTED_EDGE('',*,*,#6539,.T.);
#9087=ORIENTED_EDGE('',*,*,#6541,.T.);
#9088=ORIENTED_EDGE('',*,*,#6542,.F.);
#9089=ORIENTED_EDGE('',*,*,#6543,.F.);
#9090=ORIENTED_EDGE('',*,*,#6544,.F.);
#9091=ORIENTED_EDGE('',*,*,#6545,.F.);
#9092=ORIENTED_EDGE('',*,*,#6509,.T.);
#9093=ORIENTED_EDGE('',*,*,#6546,.F.);
#9094=ORIENTED_EDGE('',*,*,#6476,.F.);
#9095=ORIENTED_EDGE('',*,*,#6543,.T.);
#9096=ORIENTED_EDGE('',*,*,#6508,.T.);
#9097=ORIENTED_EDGE('',*,*,#6547,.F.);
#9098=ORIENTED_EDGE('',*,*,#6477,.F.);
#9099=ORIENTED_EDGE('',*,*,#6546,.T.);
#9100=ORIENTED_EDGE('',*,*,#6507,.T.);
#9101=ORIENTED_EDGE('',*,*,#6548,.F.);
#9102=ORIENTED_EDGE('',*,*,#6478,.F.);
#9103=ORIENTED_EDGE('',*,*,#6547,.T.);
#9104=ORIENTED_EDGE('',*,*,#6506,.T.);
#9105=ORIENTED_EDGE('',*,*,#6549,.F.);
#9106=ORIENTED_EDGE('',*,*,#6479,.F.);
#9107=ORIENTED_EDGE('',*,*,#6548,.T.);
#9108=ORIENTED_EDGE('',*,*,#6505,.T.);
#9109=ORIENTED_EDGE('',*,*,#6550,.F.);
#9110=ORIENTED_EDGE('',*,*,#6480,.F.);
#9111=ORIENTED_EDGE('',*,*,#6549,.T.);
#9112=ORIENTED_EDGE('',*,*,#6551,.F.);
#9113=ORIENTED_EDGE('',*,*,#6512,.T.);
#9114=ORIENTED_EDGE('',*,*,#6552,.F.);
#9115=ORIENTED_EDGE('',*,*,#6473,.F.);
#9116=ORIENTED_EDGE('',*,*,#6553,.T.);
#9117=ORIENTED_EDGE('',*,*,#6554,.T.);
#9118=ORIENTED_EDGE('',*,*,#6511,.T.);
#9119=ORIENTED_EDGE('',*,*,#6467,.F.);
#9120=ORIENTED_EDGE('',*,*,#6474,.F.);
#9121=ORIENTED_EDGE('',*,*,#6552,.T.);
#9122=ORIENTED_EDGE('',*,*,#6555,.T.);
#9123=ORIENTED_EDGE('',*,*,#6556,.T.);
#9124=ORIENTED_EDGE('',*,*,#6557,.T.);
#9125=ORIENTED_EDGE('',*,*,#6537,.F.);
#9126=ORIENTED_EDGE('',*,*,#6558,.F.);
#9127=ORIENTED_EDGE('',*,*,#6559,.T.);
#9128=ORIENTED_EDGE('',*,*,#6516,.F.);
#9129=ORIENTED_EDGE('',*,*,#6555,.F.);
#9130=ORIENTED_EDGE('',*,*,#6484,.T.);
#9131=ORIENTED_EDGE('',*,*,#6560,.T.);
#9132=ORIENTED_EDGE('',*,*,#6517,.F.);
#9133=ORIENTED_EDGE('',*,*,#6560,.F.);
#9134=ORIENTED_EDGE('',*,*,#6499,.T.);
#9135=ORIENTED_EDGE('',*,*,#6561,.T.);
#9136=ORIENTED_EDGE('',*,*,#6518,.F.);
#9137=ORIENTED_EDGE('',*,*,#6561,.F.);
#9138=ORIENTED_EDGE('',*,*,#6498,.T.);
#9139=ORIENTED_EDGE('',*,*,#6562,.T.);
#9140=ORIENTED_EDGE('',*,*,#6519,.F.);
#9141=ORIENTED_EDGE('',*,*,#6562,.F.);
#9142=ORIENTED_EDGE('',*,*,#6497,.T.);
#9143=ORIENTED_EDGE('',*,*,#6563,.T.);
#9144=ORIENTED_EDGE('',*,*,#6520,.F.);
#9145=ORIENTED_EDGE('',*,*,#6563,.F.);
#9146=ORIENTED_EDGE('',*,*,#6496,.T.);
#9147=ORIENTED_EDGE('',*,*,#6564,.T.);
#9148=ORIENTED_EDGE('',*,*,#6565,.T.);
#9149=ORIENTED_EDGE('',*,*,#6528,.F.);
#9150=ORIENTED_EDGE('',*,*,#6566,.F.);
#9151=ORIENTED_EDGE('',*,*,#6488,.T.);
#9152=ORIENTED_EDGE('',*,*,#6567,.T.);
#9153=ORIENTED_EDGE('',*,*,#6568,.T.);
#9154=ORIENTED_EDGE('',*,*,#6529,.F.);
#9155=ORIENTED_EDGE('',*,*,#6567,.F.);
#9156=ORIENTED_EDGE('',*,*,#6487,.T.);
#9157=ORIENTED_EDGE('',*,*,#6532,.T.);
#9158=ORIENTED_EDGE('',*,*,#6569,.T.);
#9159=ORIENTED_EDGE('',*,*,#6570,.T.);
#9160=ORIENTED_EDGE('',*,*,#6571,.F.);
#9161=ORIENTED_EDGE('',*,*,#6572,.F.);
#9162=ORIENTED_EDGE('',*,*,#6573,.T.);
#9163=ORIENTED_EDGE('',*,*,#6574,.T.);
#9164=ORIENTED_EDGE('',*,*,#6575,.T.);
#9165=ORIENTED_EDGE('',*,*,#6569,.F.);
#9166=ORIENTED_EDGE('',*,*,#6576,.F.);
#9167=ORIENTED_EDGE('',*,*,#6577,.T.);
#9168=ORIENTED_EDGE('',*,*,#6501,.F.);
#9169=ORIENTED_EDGE('',*,*,#6573,.F.);
#9170=ORIENTED_EDGE('',*,*,#6469,.T.);
#9171=ORIENTED_EDGE('',*,*,#6578,.T.);
#9172=ORIENTED_EDGE('',*,*,#6502,.F.);
#9173=ORIENTED_EDGE('',*,*,#6578,.F.);
#9174=ORIENTED_EDGE('',*,*,#6483,.T.);
#9175=ORIENTED_EDGE('',*,*,#6579,.T.);
#9176=ORIENTED_EDGE('',*,*,#6503,.F.);
#9177=ORIENTED_EDGE('',*,*,#6579,.F.);
#9178=ORIENTED_EDGE('',*,*,#6482,.T.);
#9179=ORIENTED_EDGE('',*,*,#6580,.T.);
#9180=ORIENTED_EDGE('',*,*,#6504,.F.);
#9181=ORIENTED_EDGE('',*,*,#6580,.F.);
#9182=ORIENTED_EDGE('',*,*,#6481,.T.);
#9183=ORIENTED_EDGE('',*,*,#6550,.T.);
#9184=ORIENTED_EDGE('',*,*,#6513,.F.);
#9185=ORIENTED_EDGE('',*,*,#6553,.F.);
#9186=ORIENTED_EDGE('',*,*,#6472,.T.);
#9187=ORIENTED_EDGE('',*,*,#6534,.T.);
#9188=ORIENTED_EDGE('',*,*,#6571,.T.);
#9189=ORIENTED_EDGE('',*,*,#6581,.T.);
#9190=ORIENTED_EDGE('',*,*,#6582,.F.);
#9191=ORIENTED_EDGE('',*,*,#6583,.F.);
#9192=ORIENTED_EDGE('',*,*,#6584,.F.);
#9193=ORIENTED_EDGE('',*,*,#6585,.F.);
#9194=ORIENTED_EDGE('',*,*,#6524,.T.);
#9195=ORIENTED_EDGE('',*,*,#6586,.F.);
#9196=ORIENTED_EDGE('',*,*,#6492,.F.);
#9197=ORIENTED_EDGE('',*,*,#6583,.T.);
#9198=ORIENTED_EDGE('',*,*,#6523,.T.);
#9199=ORIENTED_EDGE('',*,*,#6587,.F.);
#9200=ORIENTED_EDGE('',*,*,#6493,.F.);
#9201=ORIENTED_EDGE('',*,*,#6586,.T.);
#9202=ORIENTED_EDGE('',*,*,#6522,.T.);
#9203=ORIENTED_EDGE('',*,*,#6588,.F.);
#9204=ORIENTED_EDGE('',*,*,#6494,.F.);
#9205=ORIENTED_EDGE('',*,*,#6587,.T.);
#9206=ORIENTED_EDGE('',*,*,#6521,.T.);
#9207=ORIENTED_EDGE('',*,*,#6564,.F.);
#9208=ORIENTED_EDGE('',*,*,#6495,.F.);
#9209=ORIENTED_EDGE('',*,*,#6588,.T.);
#9210=ORIENTED_EDGE('',*,*,#6527,.T.);
#9211=ORIENTED_EDGE('',*,*,#6536,.F.);
#9212=ORIENTED_EDGE('',*,*,#6489,.F.);
#9213=ORIENTED_EDGE('',*,*,#6566,.T.);
#9214=ORIENTED_EDGE('',*,*,#6565,.F.);
#9215=ORIENTED_EDGE('',*,*,#6589,.T.);
#9216=ORIENTED_EDGE('',*,*,#6568,.F.);
#9217=ORIENTED_EDGE('',*,*,#6589,.F.);
#9218=ORIENTED_EDGE('',*,*,#6554,.F.);
#9219=ORIENTED_EDGE('',*,*,#6590,.T.);
#9220=ORIENTED_EDGE('',*,*,#6551,.T.);
#9221=ORIENTED_EDGE('',*,*,#6590,.F.);
#9222=ORIENTED_EDGE('',*,*,#6475,.F.);
#9223=ORIENTED_EDGE('',*,*,#6465,.T.);
#9224=ORIENTED_EDGE('',*,*,#6510,.T.);
#9225=ORIENTED_EDGE('',*,*,#6542,.T.);
#9226=ORIENTED_EDGE('',*,*,#6591,.T.);
#9227=ORIENTED_EDGE('',*,*,#6574,.F.);
#9228=ORIENTED_EDGE('',*,*,#6500,.T.);
#9229=ORIENTED_EDGE('',*,*,#6533,.T.);
#9230=ORIENTED_EDGE('',*,*,#6470,.F.);
#9231=ORIENTED_EDGE('',*,*,#6577,.F.);
#9232=ORIENTED_EDGE('',*,*,#6592,.F.);
#9233=ORIENTED_EDGE('',*,*,#6544,.T.);
#9234=ORIENTED_EDGE('',*,*,#6485,.F.);
#9235=ORIENTED_EDGE('',*,*,#6559,.F.);
#9236=ORIENTED_EDGE('',*,*,#6593,.F.);
#9237=ORIENTED_EDGE('',*,*,#6584,.T.);
#9238=ORIENTED_EDGE('',*,*,#6491,.F.);
#9239=ORIENTED_EDGE('',*,*,#6535,.T.);
#9240=ORIENTED_EDGE('',*,*,#6525,.T.);
#9241=ORIENTED_EDGE('',*,*,#6582,.T.);
#9242=ORIENTED_EDGE('',*,*,#6594,.T.);
#9243=ORIENTED_EDGE('',*,*,#6556,.F.);
#9244=ORIENTED_EDGE('',*,*,#6515,.T.);
#9245=ORIENTED_EDGE('',*,*,#6531,.T.);
#9246=ORIENTED_EDGE('',*,*,#6545,.T.);
#9247=ORIENTED_EDGE('',*,*,#6592,.T.);
#9248=ORIENTED_EDGE('',*,*,#6576,.T.);
#9249=ORIENTED_EDGE('',*,*,#6572,.T.);
#9250=ORIENTED_EDGE('',*,*,#6585,.T.);
#9251=ORIENTED_EDGE('',*,*,#6593,.T.);
#9252=ORIENTED_EDGE('',*,*,#6558,.T.);
#9253=ORIENTED_EDGE('',*,*,#6540,.T.);
#9254=ORIENTED_EDGE('',*,*,#6541,.F.);
#9255=ORIENTED_EDGE('',*,*,#6538,.F.);
#9256=ORIENTED_EDGE('',*,*,#6557,.F.);
#9257=ORIENTED_EDGE('',*,*,#6594,.F.);
#9258=ORIENTED_EDGE('',*,*,#6581,.F.);
#9259=ORIENTED_EDGE('',*,*,#6570,.F.);
#9260=ORIENTED_EDGE('',*,*,#6575,.F.);
#9261=ORIENTED_EDGE('',*,*,#6591,.F.);
#9262=ORIENTED_EDGE('',*,*,#6595,.T.);
#9263=ORIENTED_EDGE('',*,*,#6596,.T.);
#9264=ORIENTED_EDGE('',*,*,#6597,.F.);
#9265=ORIENTED_EDGE('',*,*,#6598,.F.);
#9266=ORIENTED_EDGE('',*,*,#6599,.T.);
#9267=ORIENTED_EDGE('',*,*,#6598,.T.);
#9268=ORIENTED_EDGE('',*,*,#6600,.F.);
#9269=ORIENTED_EDGE('',*,*,#6601,.F.);
#9270=ORIENTED_EDGE('',*,*,#6602,.T.);
#9271=ORIENTED_EDGE('',*,*,#6601,.T.);
#9272=ORIENTED_EDGE('',*,*,#6603,.F.);
#9273=ORIENTED_EDGE('',*,*,#6604,.F.);
#9274=ORIENTED_EDGE('',*,*,#6605,.T.);
#9275=ORIENTED_EDGE('',*,*,#6604,.T.);
#9276=ORIENTED_EDGE('',*,*,#6606,.F.);
#9277=ORIENTED_EDGE('',*,*,#6596,.F.);
#9278=ORIENTED_EDGE('',*,*,#6606,.T.);
#9279=ORIENTED_EDGE('',*,*,#6603,.T.);
#9280=ORIENTED_EDGE('',*,*,#6600,.T.);
#9281=ORIENTED_EDGE('',*,*,#6597,.T.);
#9282=ORIENTED_EDGE('',*,*,#6605,.F.);
#9283=ORIENTED_EDGE('',*,*,#6595,.F.);
#9284=ORIENTED_EDGE('',*,*,#6599,.F.);
#9285=ORIENTED_EDGE('',*,*,#6602,.F.);
#9286=ORIENTED_EDGE('',*,*,#6607,.F.);
#9287=ORIENTED_EDGE('',*,*,#6608,.T.);
#9288=ORIENTED_EDGE('',*,*,#6609,.T.);
#9289=ORIENTED_EDGE('',*,*,#6608,.F.);
#9290=ORIENTED_EDGE('',*,*,#6607,.T.);
#9291=ORIENTED_EDGE('',*,*,#6609,.F.);
#9292=CYLINDRICAL_SURFACE('',#10160,2.2);
#9293=CYLINDRICAL_SURFACE('',#10163,2.2);
#9294=CYLINDRICAL_SURFACE('',#10166,2.2);
#9295=CYLINDRICAL_SURFACE('',#10169,2.2);
#9296=CYLINDRICAL_SURFACE('',#10203,1.1);
#9297=CYLINDRICAL_SURFACE('',#10206,1.1);
#9298=CYLINDRICAL_SURFACE('',#10209,1.1);
#9299=CYLINDRICAL_SURFACE('',#10212,1.1);
#9300=CYLINDRICAL_SURFACE('',#10341,2.88131604625348);
#9301=CYLINDRICAL_SURFACE('',#10345,3.5);
#9302=CYLINDRICAL_SURFACE('',#10346,0.25);
#9303=CYLINDRICAL_SURFACE('',#10352,2.55);
#9304=CYLINDRICAL_SURFACE('',#10353,2.88131604625348);
#9305=CYLINDRICAL_SURFACE('',#10357,3.5);
#9306=CYLINDRICAL_SURFACE('',#10358,0.25);
#9307=CYLINDRICAL_SURFACE('',#10364,2.55);
#9308=CYLINDRICAL_SURFACE('',#10366,2.88131604625348);
#9309=CYLINDRICAL_SURFACE('',#10370,3.5);
#9310=CYLINDRICAL_SURFACE('',#10371,0.25);
#9311=CYLINDRICAL_SURFACE('',#10373,2.55);
#9312=CYLINDRICAL_SURFACE('',#10374,2.88131604625348);
#9313=CYLINDRICAL_SURFACE('',#10378,3.5);
#9314=CYLINDRICAL_SURFACE('',#10379,0.25);
#9315=CYLINDRICAL_SURFACE('',#10381,2.55);
#9316=CYLINDRICAL_SURFACE('',#10382,0.799999999999997);
#9317=CYLINDRICAL_SURFACE('',#10383,0.799999999999997);
#9318=CYLINDRICAL_SURFACE('',#10434,1.1);
#9319=CYLINDRICAL_SURFACE('',#10437,1.1);
#9320=CYLINDRICAL_SURFACE('',#10440,1.1);
#9321=CYLINDRICAL_SURFACE('',#10443,1.1);
#9322=CYLINDRICAL_SURFACE('',#10572,2.88131604625348);
#9323=CYLINDRICAL_SURFACE('',#10576,3.5);
#9324=CYLINDRICAL_SURFACE('',#10577,0.25);
#9325=CYLINDRICAL_SURFACE('',#10583,2.55);
#9326=CYLINDRICAL_SURFACE('',#10584,2.88131604625348);
#9327=CYLINDRICAL_SURFACE('',#10588,3.5);
#9328=CYLINDRICAL_SURFACE('',#10589,0.25);
#9329=CYLINDRICAL_SURFACE('',#10595,2.55);
#9330=CYLINDRICAL_SURFACE('',#10597,2.88131604625348);
#9331=CYLINDRICAL_SURFACE('',#10601,3.5);
#9332=CYLINDRICAL_SURFACE('',#10602,0.25);
#9333=CYLINDRICAL_SURFACE('',#10604,2.55);
#9334=CYLINDRICAL_SURFACE('',#10605,2.88131604625348);
#9335=CYLINDRICAL_SURFACE('',#10609,3.5);
#9336=CYLINDRICAL_SURFACE('',#10610,0.25);
#9337=CYLINDRICAL_SURFACE('',#10612,2.55);
#9338=CYLINDRICAL_SURFACE('',#10613,0.799999999999997);
#9339=CYLINDRICAL_SURFACE('',#10614,0.799999999999997);
#9340=CYLINDRICAL_SURFACE('',#10644,1.1);
#9341=CYLINDRICAL_SURFACE('',#10647,1.1);
#9342=CYLINDRICAL_SURFACE('',#10650,1.1);
#9343=CYLINDRICAL_SURFACE('',#10653,1.1);
#9344=CYLINDRICAL_SURFACE('',#10782,2.88131604625348);
#9345=CYLINDRICAL_SURFACE('',#10786,3.5);
#9346=CYLINDRICAL_SURFACE('',#10787,0.25);
#9347=CYLINDRICAL_SURFACE('',#10793,2.55);
#9348=CYLINDRICAL_SURFACE('',#10794,2.88131604625348);
#9349=CYLINDRICAL_SURFACE('',#10798,3.5);
#9350=CYLINDRICAL_SURFACE('',#10799,0.25);
#9351=CYLINDRICAL_SURFACE('',#10805,2.55);
#9352=CYLINDRICAL_SURFACE('',#10807,2.88131604625348);
#9353=CYLINDRICAL_SURFACE('',#10811,3.5);
#9354=CYLINDRICAL_SURFACE('',#10812,0.25);
#9355=CYLINDRICAL_SURFACE('',#10814,2.55);
#9356=CYLINDRICAL_SURFACE('',#10815,2.88131604625348);
#9357=CYLINDRICAL_SURFACE('',#10819,3.5);
#9358=CYLINDRICAL_SURFACE('',#10820,0.25);
#9359=CYLINDRICAL_SURFACE('',#10822,2.55);
#9360=CYLINDRICAL_SURFACE('',#10823,0.799999999999997);
#9361=CYLINDRICAL_SURFACE('',#10824,0.799999999999997);
#9362=CYLINDRICAL_SURFACE('',#10844,0.0625);
#9363=ADVANCED_FACE('',(#765),#9292,.F.);
#9364=ADVANCED_FACE('',(#766),#9293,.F.);
#9365=ADVANCED_FACE('',(#767),#9294,.F.);
#9366=ADVANCED_FACE('',(#768),#9295,.F.);
#9367=ADVANCED_FACE('',(#769),#343,.T.);
#9368=ADVANCED_FACE('',(#770),#344,.T.);
#9369=ADVANCED_FACE('',(#771),#345,.T.);
#9370=ADVANCED_FACE('',(#772),#346,.T.);
#9371=ADVANCED_FACE('',(#773,#251,#252,#253,#254),#347,.T.);
#9372=ADVANCED_FACE('',(#774,#255,#256,#257,#258),#348,.F.);
#9373=ADVANCED_FACE('',(#775),#349,.T.);
#9374=ADVANCED_FACE('',(#776),#350,.T.);
#9375=ADVANCED_FACE('',(#777),#351,.T.);
#9376=ADVANCED_FACE('',(#778),#352,.T.);
#9377=ADVANCED_FACE('',(#779),#353,.T.);
#9378=ADVANCED_FACE('',(#780),#354,.F.);
#9379=ADVANCED_FACE('',(#781),#355,.T.);
#9380=ADVANCED_FACE('',(#782),#356,.T.);
#9381=ADVANCED_FACE('',(#783),#357,.T.);
#9382=ADVANCED_FACE('',(#784),#358,.T.);
#9383=ADVANCED_FACE('',(#785),#359,.T.);
#9384=ADVANCED_FACE('',(#786),#360,.F.);
#9385=ADVANCED_FACE('',(#787),#361,.T.);
#9386=ADVANCED_FACE('',(#788),#362,.T.);
#9387=ADVANCED_FACE('',(#789),#363,.T.);
#9388=ADVANCED_FACE('',(#790),#364,.T.);
#9389=ADVANCED_FACE('',(#791),#365,.T.);
#9390=ADVANCED_FACE('',(#792),#366,.T.);
#9391=ADVANCED_FACE('',(#793),#367,.T.);
#9392=ADVANCED_FACE('',(#794),#368,.T.);
#9393=ADVANCED_FACE('',(#795),#369,.T.);
#9394=ADVANCED_FACE('',(#796),#9296,.F.);
#9395=ADVANCED_FACE('',(#797),#9297,.F.);
#9396=ADVANCED_FACE('',(#798),#9298,.F.);
#9397=ADVANCED_FACE('',(#799),#9299,.F.);
#9398=ADVANCED_FACE('',(#800),#370,.T.);
#9399=ADVANCED_FACE('',(#801),#371,.T.);
#9400=ADVANCED_FACE('',(#802),#372,.T.);
#9401=ADVANCED_FACE('',(#803),#373,.T.);
#9402=ADVANCED_FACE('',(#804),#374,.T.);
#9403=ADVANCED_FACE('',(#805),#375,.T.);
#9404=ADVANCED_FACE('',(#806),#376,.T.);
#9405=ADVANCED_FACE('',(#807),#377,.T.);
#9406=ADVANCED_FACE('',(#808),#378,.T.);
#9407=ADVANCED_FACE('',(#809),#379,.T.);
#9408=ADVANCED_FACE('',(#810),#380,.T.);
#9409=ADVANCED_FACE('',(#811),#381,.T.);
#9410=ADVANCED_FACE('',(#812),#382,.T.);
#9411=ADVANCED_FACE('',(#813),#383,.T.);
#9412=ADVANCED_FACE('',(#814),#384,.T.);
#9413=ADVANCED_FACE('',(#815),#385,.T.);
#9414=ADVANCED_FACE('',(#816),#386,.T.);
#9415=ADVANCED_FACE('',(#817),#387,.T.);
#9416=ADVANCED_FACE('',(#818),#388,.T.);
#9417=ADVANCED_FACE('',(#819),#389,.T.);
#9418=ADVANCED_FACE('',(#820),#390,.T.);
#9419=ADVANCED_FACE('',(#821),#391,.T.);
#9420=ADVANCED_FACE('',(#822),#392,.T.);
#9421=ADVANCED_FACE('',(#823),#393,.T.);
#9422=ADVANCED_FACE('',(#824),#394,.T.);
#9423=ADVANCED_FACE('',(#825),#395,.T.);
#9424=ADVANCED_FACE('',(#826),#396,.T.);
#9425=ADVANCED_FACE('',(#827),#397,.T.);
#9426=ADVANCED_FACE('',(#828),#398,.T.);
#9427=ADVANCED_FACE('',(#829),#399,.T.);
#9428=ADVANCED_FACE('',(#830),#400,.T.);
#9429=ADVANCED_FACE('',(#831),#401,.T.);
#9430=ADVANCED_FACE('',(#832),#402,.T.);
#9431=ADVANCED_FACE('',(#833),#403,.T.);
#9432=ADVANCED_FACE('',(#834),#404,.T.);
#9433=ADVANCED_FACE('',(#835),#405,.T.);
#9434=ADVANCED_FACE('',(#836),#406,.T.);
#9435=ADVANCED_FACE('',(#837),#407,.T.);
#9436=ADVANCED_FACE('',(#838),#408,.T.);
#9437=ADVANCED_FACE('',(#839),#409,.T.);
#9438=ADVANCED_FACE('',(#840),#410,.T.);
#9439=ADVANCED_FACE('',(#841),#411,.T.);
#9440=ADVANCED_FACE('',(#842),#412,.T.);
#9441=ADVANCED_FACE('',(#843),#413,.T.);
#9442=ADVANCED_FACE('',(#844),#414,.T.);
#9443=ADVANCED_FACE('',(#845),#415,.T.);
#9444=ADVANCED_FACE('',(#846),#416,.T.);
#9445=ADVANCED_FACE('',(#847),#417,.T.);
#9446=ADVANCED_FACE('',(#848),#418,.T.);
#9447=ADVANCED_FACE('',(#849),#419,.T.);
#9448=ADVANCED_FACE('',(#850),#420,.T.);
#9449=ADVANCED_FACE('',(#851),#421,.T.);
#9450=ADVANCED_FACE('',(#852),#422,.T.);
#9451=ADVANCED_FACE('',(#853),#423,.T.);
#9452=ADVANCED_FACE('',(#854),#424,.T.);
#9453=ADVANCED_FACE('',(#855),#425,.T.);
#9454=ADVANCED_FACE('',(#856),#426,.T.);
#9455=ADVANCED_FACE('',(#857),#427,.T.);
#9456=ADVANCED_FACE('',(#858),#428,.T.);
#9457=ADVANCED_FACE('',(#859),#429,.T.);
#9458=ADVANCED_FACE('',(#860),#430,.T.);
#9459=ADVANCED_FACE('',(#861),#431,.T.);
#9460=ADVANCED_FACE('',(#862),#432,.T.);
#9461=ADVANCED_FACE('',(#863),#433,.T.);
#9462=ADVANCED_FACE('',(#864),#434,.T.);
#9463=ADVANCED_FACE('',(#865),#435,.T.);
#9464=ADVANCED_FACE('',(#866),#436,.T.);
#9465=ADVANCED_FACE('',(#867,#259,#260,#261,#262,#263,#264,#265,#266,#267,
#268,#269,#270),#437,.T.);
#9466=ADVANCED_FACE('',(#868,#271,#272,#273,#274,#275,#276,#277,#278,#279,
#280,#281,#282),#438,.F.);
#9467=ADVANCED_FACE('',(#869),#439,.T.);
#9468=ADVANCED_FACE('',(#870),#440,.T.);
#9469=ADVANCED_FACE('',(#871),#441,.T.);
#9470=ADVANCED_FACE('',(#872),#442,.T.);
#9471=ADVANCED_FACE('',(#873),#443,.T.);
#9472=ADVANCED_FACE('',(#874),#444,.F.);
#9473=ADVANCED_FACE('',(#875),#445,.T.);
#9474=ADVANCED_FACE('',(#876),#446,.T.);
#9475=ADVANCED_FACE('',(#877),#447,.T.);
#9476=ADVANCED_FACE('',(#878),#448,.T.);
#9477=ADVANCED_FACE('',(#879),#449,.T.);
#9478=ADVANCED_FACE('',(#880),#450,.F.);
#9479=ADVANCED_FACE('',(#881),#451,.T.);
#9480=ADVANCED_FACE('',(#882),#452,.T.);
#9481=ADVANCED_FACE('',(#883),#453,.T.);
#9482=ADVANCED_FACE('',(#884),#454,.T.);
#9483=ADVANCED_FACE('',(#885),#455,.T.);
#9484=ADVANCED_FACE('',(#886),#456,.F.);
#9485=ADVANCED_FACE('',(#887),#457,.F.);
#9486=ADVANCED_FACE('',(#888),#458,.T.);
#9487=ADVANCED_FACE('',(#889),#459,.T.);
#9488=ADVANCED_FACE('',(#890),#460,.F.);
#9489=ADVANCED_FACE('',(#891),#461,.F.);
#9490=ADVANCED_FACE('',(#892),#462,.F.);
#9491=ADVANCED_FACE('',(#893),#463,.F.);
#9492=ADVANCED_FACE('',(#894),#464,.F.);
#9493=ADVANCED_FACE('',(#895),#465,.F.);
#9494=ADVANCED_FACE('',(#896),#9300,.T.);
#9495=ADVANCED_FACE('',(#897),#466,.F.);
#9496=ADVANCED_FACE('',(#898),#9301,.T.);
#9497=ADVANCED_FACE('',(#899),#9302,.F.);
#9498=ADVANCED_FACE('',(#900),#467,.F.);
#9499=ADVANCED_FACE('',(#901,#283),#468,.F.);
#9500=ADVANCED_FACE('',(#902,#284),#469,.F.);
#9501=ADVANCED_FACE('',(#903),#9303,.F.);
#9502=ADVANCED_FACE('',(#904),#9304,.T.);
#9503=ADVANCED_FACE('',(#905),#470,.F.);
#9504=ADVANCED_FACE('',(#906),#9305,.T.);
#9505=ADVANCED_FACE('',(#907),#9306,.F.);
#9506=ADVANCED_FACE('',(#908),#471,.F.);
#9507=ADVANCED_FACE('',(#909,#285),#472,.F.);
#9508=ADVANCED_FACE('',(#910,#286),#473,.F.);
#9509=ADVANCED_FACE('',(#911),#9307,.F.);
#9510=ADVANCED_FACE('',(#912),#474,.F.);
#9511=ADVANCED_FACE('',(#913),#9308,.T.);
#9512=ADVANCED_FACE('',(#914),#475,.F.);
#9513=ADVANCED_FACE('',(#915),#9309,.T.);
#9514=ADVANCED_FACE('',(#916),#9310,.F.);
#9515=ADVANCED_FACE('',(#917),#476,.F.);
#9516=ADVANCED_FACE('',(#918),#9311,.F.);
#9517=ADVANCED_FACE('',(#919),#9312,.T.);
#9518=ADVANCED_FACE('',(#920),#477,.F.);
#9519=ADVANCED_FACE('',(#921),#9313,.T.);
#9520=ADVANCED_FACE('',(#922),#9314,.F.);
#9521=ADVANCED_FACE('',(#923),#478,.F.);
#9522=ADVANCED_FACE('',(#924),#9315,.F.);
#9523=ADVANCED_FACE('',(#925),#9316,.F.);
#9524=ADVANCED_FACE('',(#926),#9317,.F.);
#9525=ADVANCED_FACE('',(#927),#479,.F.);
#9526=ADVANCED_FACE('',(#928),#480,.F.);
#9527=ADVANCED_FACE('',(#929),#481,.T.);
#9528=ADVANCED_FACE('',(#930),#482,.F.);
#9529=ADVANCED_FACE('',(#931),#483,.T.);
#9530=ADVANCED_FACE('',(#932),#484,.T.);
#9531=ADVANCED_FACE('',(#933),#485,.T.);
#9532=ADVANCED_FACE('',(#934),#486,.T.);
#9533=ADVANCED_FACE('',(#935),#487,.T.);
#9534=ADVANCED_FACE('',(#936),#488,.F.);
#9535=ADVANCED_FACE('',(#937),#489,.T.);
#9536=ADVANCED_FACE('',(#938),#490,.T.);
#9537=ADVANCED_FACE('',(#939),#491,.T.);
#9538=ADVANCED_FACE('',(#940),#492,.T.);
#9539=ADVANCED_FACE('',(#941),#493,.T.);
#9540=ADVANCED_FACE('',(#942),#494,.F.);
#9541=ADVANCED_FACE('',(#943),#495,.T.);
#9542=ADVANCED_FACE('',(#944),#496,.T.);
#9543=ADVANCED_FACE('',(#945),#497,.T.);
#9544=ADVANCED_FACE('',(#946),#498,.T.);
#9545=ADVANCED_FACE('',(#947),#499,.T.);
#9546=ADVANCED_FACE('',(#948),#500,.F.);
#9547=ADVANCED_FACE('',(#949),#501,.T.);
#9548=ADVANCED_FACE('',(#950),#502,.T.);
#9549=ADVANCED_FACE('',(#951),#503,.T.);
#9550=ADVANCED_FACE('',(#952),#504,.T.);
#9551=ADVANCED_FACE('',(#953),#505,.T.);
#9552=ADVANCED_FACE('',(#954),#506,.F.);
#9553=ADVANCED_FACE('',(#955),#507,.T.);
#9554=ADVANCED_FACE('',(#956),#508,.T.);
#9555=ADVANCED_FACE('',(#957),#509,.T.);
#9556=ADVANCED_FACE('',(#958),#510,.T.);
#9557=ADVANCED_FACE('',(#959),#511,.T.);
#9558=ADVANCED_FACE('',(#960),#512,.T.);
#9559=ADVANCED_FACE('',(#961),#513,.T.);
#9560=ADVANCED_FACE('',(#962),#514,.T.);
#9561=ADVANCED_FACE('',(#963),#515,.T.);
#9562=ADVANCED_FACE('',(#964),#9318,.F.);
#9563=ADVANCED_FACE('',(#965),#9319,.F.);
#9564=ADVANCED_FACE('',(#966),#9320,.F.);
#9565=ADVANCED_FACE('',(#967),#9321,.F.);
#9566=ADVANCED_FACE('',(#968),#516,.T.);
#9567=ADVANCED_FACE('',(#969),#517,.T.);
#9568=ADVANCED_FACE('',(#970),#518,.T.);
#9569=ADVANCED_FACE('',(#971),#519,.T.);
#9570=ADVANCED_FACE('',(#972),#520,.T.);
#9571=ADVANCED_FACE('',(#973),#521,.T.);
#9572=ADVANCED_FACE('',(#974),#522,.T.);
#9573=ADVANCED_FACE('',(#975),#523,.T.);
#9574=ADVANCED_FACE('',(#976),#524,.T.);
#9575=ADVANCED_FACE('',(#977),#525,.T.);
#9576=ADVANCED_FACE('',(#978),#526,.T.);
#9577=ADVANCED_FACE('',(#979),#527,.T.);
#9578=ADVANCED_FACE('',(#980),#528,.T.);
#9579=ADVANCED_FACE('',(#981),#529,.T.);
#9580=ADVANCED_FACE('',(#982),#530,.T.);
#9581=ADVANCED_FACE('',(#983),#531,.T.);
#9582=ADVANCED_FACE('',(#984),#532,.T.);
#9583=ADVANCED_FACE('',(#985),#533,.T.);
#9584=ADVANCED_FACE('',(#986),#534,.T.);
#9585=ADVANCED_FACE('',(#987),#535,.T.);
#9586=ADVANCED_FACE('',(#988),#536,.T.);
#9587=ADVANCED_FACE('',(#989),#537,.T.);
#9588=ADVANCED_FACE('',(#990),#538,.T.);
#9589=ADVANCED_FACE('',(#991),#539,.T.);
#9590=ADVANCED_FACE('',(#992),#540,.T.);
#9591=ADVANCED_FACE('',(#993),#541,.T.);
#9592=ADVANCED_FACE('',(#994),#542,.T.);
#9593=ADVANCED_FACE('',(#995),#543,.T.);
#9594=ADVANCED_FACE('',(#996),#544,.T.);
#9595=ADVANCED_FACE('',(#997),#545,.T.);
#9596=ADVANCED_FACE('',(#998),#546,.T.);
#9597=ADVANCED_FACE('',(#999),#547,.T.);
#9598=ADVANCED_FACE('',(#1000),#548,.T.);
#9599=ADVANCED_FACE('',(#1001),#549,.T.);
#9600=ADVANCED_FACE('',(#1002),#550,.T.);
#9601=ADVANCED_FACE('',(#1003),#551,.T.);
#9602=ADVANCED_FACE('',(#1004),#552,.T.);
#9603=ADVANCED_FACE('',(#1005),#553,.T.);
#9604=ADVANCED_FACE('',(#1006),#554,.T.);
#9605=ADVANCED_FACE('',(#1007),#555,.T.);
#9606=ADVANCED_FACE('',(#1008),#556,.T.);
#9607=ADVANCED_FACE('',(#1009),#557,.T.);
#9608=ADVANCED_FACE('',(#1010),#558,.T.);
#9609=ADVANCED_FACE('',(#1011),#559,.T.);
#9610=ADVANCED_FACE('',(#1012),#560,.T.);
#9611=ADVANCED_FACE('',(#1013),#561,.T.);
#9612=ADVANCED_FACE('',(#1014),#562,.T.);
#9613=ADVANCED_FACE('',(#1015),#563,.T.);
#9614=ADVANCED_FACE('',(#1016),#564,.T.);
#9615=ADVANCED_FACE('',(#1017),#565,.T.);
#9616=ADVANCED_FACE('',(#1018),#566,.T.);
#9617=ADVANCED_FACE('',(#1019),#567,.T.);
#9618=ADVANCED_FACE('',(#1020),#568,.T.);
#9619=ADVANCED_FACE('',(#1021),#569,.T.);
#9620=ADVANCED_FACE('',(#1022),#570,.T.);
#9621=ADVANCED_FACE('',(#1023),#571,.T.);
#9622=ADVANCED_FACE('',(#1024),#572,.T.);
#9623=ADVANCED_FACE('',(#1025),#573,.T.);
#9624=ADVANCED_FACE('',(#1026),#574,.T.);
#9625=ADVANCED_FACE('',(#1027),#575,.T.);
#9626=ADVANCED_FACE('',(#1028),#576,.T.);
#9627=ADVANCED_FACE('',(#1029),#577,.T.);
#9628=ADVANCED_FACE('',(#1030),#578,.T.);
#9629=ADVANCED_FACE('',(#1031),#579,.T.);
#9630=ADVANCED_FACE('',(#1032),#580,.T.);
#9631=ADVANCED_FACE('',(#1033),#581,.T.);
#9632=ADVANCED_FACE('',(#1034),#582,.T.);
#9633=ADVANCED_FACE('',(#1035,#287,#288,#289,#290,#291,#292,#293,#294,#295,
#296,#297,#298),#583,.T.);
#9634=ADVANCED_FACE('',(#1036,#299,#300,#301,#302,#303,#304,#305,#306,#307,
#308,#309,#310),#584,.F.);
#9635=ADVANCED_FACE('',(#1037),#585,.T.);
#9636=ADVANCED_FACE('',(#1038),#586,.T.);
#9637=ADVANCED_FACE('',(#1039),#587,.T.);
#9638=ADVANCED_FACE('',(#1040),#588,.T.);
#9639=ADVANCED_FACE('',(#1041),#589,.T.);
#9640=ADVANCED_FACE('',(#1042),#590,.F.);
#9641=ADVANCED_FACE('',(#1043),#591,.T.);
#9642=ADVANCED_FACE('',(#1044),#592,.T.);
#9643=ADVANCED_FACE('',(#1045),#593,.T.);
#9644=ADVANCED_FACE('',(#1046),#594,.T.);
#9645=ADVANCED_FACE('',(#1047),#595,.T.);
#9646=ADVANCED_FACE('',(#1048),#596,.F.);
#9647=ADVANCED_FACE('',(#1049),#597,.T.);
#9648=ADVANCED_FACE('',(#1050),#598,.T.);
#9649=ADVANCED_FACE('',(#1051),#599,.T.);
#9650=ADVANCED_FACE('',(#1052),#600,.T.);
#9651=ADVANCED_FACE('',(#1053),#601,.T.);
#9652=ADVANCED_FACE('',(#1054),#602,.F.);
#9653=ADVANCED_FACE('',(#1055),#603,.F.);
#9654=ADVANCED_FACE('',(#1056),#604,.T.);
#9655=ADVANCED_FACE('',(#1057),#605,.T.);
#9656=ADVANCED_FACE('',(#1058),#606,.F.);
#9657=ADVANCED_FACE('',(#1059),#607,.F.);
#9658=ADVANCED_FACE('',(#1060),#608,.F.);
#9659=ADVANCED_FACE('',(#1061),#609,.F.);
#9660=ADVANCED_FACE('',(#1062),#610,.F.);
#9661=ADVANCED_FACE('',(#1063),#611,.F.);
#9662=ADVANCED_FACE('',(#1064),#9322,.T.);
#9663=ADVANCED_FACE('',(#1065),#612,.F.);
#9664=ADVANCED_FACE('',(#1066),#9323,.T.);
#9665=ADVANCED_FACE('',(#1067),#9324,.F.);
#9666=ADVANCED_FACE('',(#1068),#613,.F.);
#9667=ADVANCED_FACE('',(#1069,#311),#614,.F.);
#9668=ADVANCED_FACE('',(#1070,#312),#615,.F.);
#9669=ADVANCED_FACE('',(#1071),#9325,.F.);
#9670=ADVANCED_FACE('',(#1072),#9326,.T.);
#9671=ADVANCED_FACE('',(#1073),#616,.F.);
#9672=ADVANCED_FACE('',(#1074),#9327,.T.);
#9673=ADVANCED_FACE('',(#1075),#9328,.F.);
#9674=ADVANCED_FACE('',(#1076),#617,.F.);
#9675=ADVANCED_FACE('',(#1077,#313),#618,.F.);
#9676=ADVANCED_FACE('',(#1078,#314),#619,.F.);
#9677=ADVANCED_FACE('',(#1079),#9329,.F.);
#9678=ADVANCED_FACE('',(#1080),#620,.F.);
#9679=ADVANCED_FACE('',(#1081),#9330,.T.);
#9680=ADVANCED_FACE('',(#1082),#621,.F.);
#9681=ADVANCED_FACE('',(#1083),#9331,.T.);
#9682=ADVANCED_FACE('',(#1084),#9332,.F.);
#9683=ADVANCED_FACE('',(#1085),#622,.F.);
#9684=ADVANCED_FACE('',(#1086),#9333,.F.);
#9685=ADVANCED_FACE('',(#1087),#9334,.T.);
#9686=ADVANCED_FACE('',(#1088),#623,.F.);
#9687=ADVANCED_FACE('',(#1089),#9335,.T.);
#9688=ADVANCED_FACE('',(#1090),#9336,.F.);
#9689=ADVANCED_FACE('',(#1091),#624,.F.);
#9690=ADVANCED_FACE('',(#1092),#9337,.F.);
#9691=ADVANCED_FACE('',(#1093),#9338,.F.);
#9692=ADVANCED_FACE('',(#1094),#9339,.F.);
#9693=ADVANCED_FACE('',(#1095),#625,.F.);
#9694=ADVANCED_FACE('',(#1096),#626,.F.);
#9695=ADVANCED_FACE('',(#1097),#627,.T.);
#9696=ADVANCED_FACE('',(#1098),#628,.F.);
#9697=ADVANCED_FACE('',(#1099),#629,.T.);
#9698=ADVANCED_FACE('',(#1100),#630,.T.);
#9699=ADVANCED_FACE('',(#1101),#631,.T.);
#9700=ADVANCED_FACE('',(#1102),#632,.T.);
#9701=ADVANCED_FACE('',(#1103),#633,.T.);
#9702=ADVANCED_FACE('',(#1104),#634,.F.);
#9703=ADVANCED_FACE('',(#1105),#635,.T.);
#9704=ADVANCED_FACE('',(#1106),#636,.T.);
#9705=ADVANCED_FACE('',(#1107),#637,.T.);
#9706=ADVANCED_FACE('',(#1108),#638,.T.);
#9707=ADVANCED_FACE('',(#1109),#639,.T.);
#9708=ADVANCED_FACE('',(#1110),#640,.T.);
#9709=ADVANCED_FACE('',(#1111),#641,.T.);
#9710=ADVANCED_FACE('',(#1112),#642,.T.);
#9711=ADVANCED_FACE('',(#1113),#643,.T.);
#9712=ADVANCED_FACE('',(#1114),#9340,.F.);
#9713=ADVANCED_FACE('',(#1115),#9341,.F.);
#9714=ADVANCED_FACE('',(#1116),#9342,.F.);
#9715=ADVANCED_FACE('',(#1117),#9343,.F.);
#9716=ADVANCED_FACE('',(#1118),#644,.T.);
#9717=ADVANCED_FACE('',(#1119),#645,.T.);
#9718=ADVANCED_FACE('',(#1120),#646,.T.);
#9719=ADVANCED_FACE('',(#1121),#647,.T.);
#9720=ADVANCED_FACE('',(#1122),#648,.T.);
#9721=ADVANCED_FACE('',(#1123),#649,.T.);
#9722=ADVANCED_FACE('',(#1124),#650,.T.);
#9723=ADVANCED_FACE('',(#1125),#651,.T.);
#9724=ADVANCED_FACE('',(#1126),#652,.T.);
#9725=ADVANCED_FACE('',(#1127),#653,.T.);
#9726=ADVANCED_FACE('',(#1128),#654,.T.);
#9727=ADVANCED_FACE('',(#1129),#655,.T.);
#9728=ADVANCED_FACE('',(#1130),#656,.T.);
#9729=ADVANCED_FACE('',(#1131),#657,.T.);
#9730=ADVANCED_FACE('',(#1132),#658,.T.);
#9731=ADVANCED_FACE('',(#1133),#659,.T.);
#9732=ADVANCED_FACE('',(#1134),#660,.T.);
#9733=ADVANCED_FACE('',(#1135),#661,.T.);
#9734=ADVANCED_FACE('',(#1136),#662,.T.);
#9735=ADVANCED_FACE('',(#1137),#663,.T.);
#9736=ADVANCED_FACE('',(#1138),#664,.T.);
#9737=ADVANCED_FACE('',(#1139),#665,.T.);
#9738=ADVANCED_FACE('',(#1140),#666,.T.);
#9739=ADVANCED_FACE('',(#1141),#667,.T.);
#9740=ADVANCED_FACE('',(#1142),#668,.T.);
#9741=ADVANCED_FACE('',(#1143),#669,.T.);
#9742=ADVANCED_FACE('',(#1144),#670,.T.);
#9743=ADVANCED_FACE('',(#1145),#671,.T.);
#9744=ADVANCED_FACE('',(#1146),#672,.T.);
#9745=ADVANCED_FACE('',(#1147),#673,.T.);
#9746=ADVANCED_FACE('',(#1148),#674,.T.);
#9747=ADVANCED_FACE('',(#1149),#675,.T.);
#9748=ADVANCED_FACE('',(#1150),#676,.T.);
#9749=ADVANCED_FACE('',(#1151),#677,.T.);
#9750=ADVANCED_FACE('',(#1152),#678,.T.);
#9751=ADVANCED_FACE('',(#1153),#679,.T.);
#9752=ADVANCED_FACE('',(#1154),#680,.T.);
#9753=ADVANCED_FACE('',(#1155),#681,.T.);
#9754=ADVANCED_FACE('',(#1156),#682,.T.);
#9755=ADVANCED_FACE('',(#1157),#683,.T.);
#9756=ADVANCED_FACE('',(#1158),#684,.T.);
#9757=ADVANCED_FACE('',(#1159),#685,.T.);
#9758=ADVANCED_FACE('',(#1160),#686,.T.);
#9759=ADVANCED_FACE('',(#1161),#687,.T.);
#9760=ADVANCED_FACE('',(#1162),#688,.T.);
#9761=ADVANCED_FACE('',(#1163),#689,.T.);
#9762=ADVANCED_FACE('',(#1164),#690,.T.);
#9763=ADVANCED_FACE('',(#1165),#691,.T.);
#9764=ADVANCED_FACE('',(#1166),#692,.T.);
#9765=ADVANCED_FACE('',(#1167),#693,.T.);
#9766=ADVANCED_FACE('',(#1168),#694,.T.);
#9767=ADVANCED_FACE('',(#1169),#695,.T.);
#9768=ADVANCED_FACE('',(#1170),#696,.T.);
#9769=ADVANCED_FACE('',(#1171),#697,.T.);
#9770=ADVANCED_FACE('',(#1172),#698,.T.);
#9771=ADVANCED_FACE('',(#1173),#699,.T.);
#9772=ADVANCED_FACE('',(#1174),#700,.T.);
#9773=ADVANCED_FACE('',(#1175),#701,.T.);
#9774=ADVANCED_FACE('',(#1176),#702,.T.);
#9775=ADVANCED_FACE('',(#1177),#703,.T.);
#9776=ADVANCED_FACE('',(#1178),#704,.T.);
#9777=ADVANCED_FACE('',(#1179),#705,.T.);
#9778=ADVANCED_FACE('',(#1180),#706,.T.);
#9779=ADVANCED_FACE('',(#1181),#707,.T.);
#9780=ADVANCED_FACE('',(#1182),#708,.T.);
#9781=ADVANCED_FACE('',(#1183),#709,.T.);
#9782=ADVANCED_FACE('',(#1184),#710,.T.);
#9783=ADVANCED_FACE('',(#1185,#315,#316,#317,#318,#319,#320,#321,#322,#323,
#324,#325,#326),#711,.T.);
#9784=ADVANCED_FACE('',(#1186,#327,#328,#329,#330,#331,#332,#333,#334,#335,
#336,#337,#338),#712,.F.);
#9785=ADVANCED_FACE('',(#1187),#713,.T.);
#9786=ADVANCED_FACE('',(#1188),#714,.T.);
#9787=ADVANCED_FACE('',(#1189),#715,.T.);
#9788=ADVANCED_FACE('',(#1190),#716,.T.);
#9789=ADVANCED_FACE('',(#1191),#717,.T.);
#9790=ADVANCED_FACE('',(#1192),#718,.F.);
#9791=ADVANCED_FACE('',(#1193),#719,.T.);
#9792=ADVANCED_FACE('',(#1194),#720,.T.);
#9793=ADVANCED_FACE('',(#1195),#721,.T.);
#9794=ADVANCED_FACE('',(#1196),#722,.T.);
#9795=ADVANCED_FACE('',(#1197),#723,.T.);
#9796=ADVANCED_FACE('',(#1198),#724,.F.);
#9797=ADVANCED_FACE('',(#1199),#725,.T.);
#9798=ADVANCED_FACE('',(#1200),#726,.T.);
#9799=ADVANCED_FACE('',(#1201),#727,.T.);
#9800=ADVANCED_FACE('',(#1202),#728,.T.);
#9801=ADVANCED_FACE('',(#1203),#729,.T.);
#9802=ADVANCED_FACE('',(#1204),#730,.F.);
#9803=ADVANCED_FACE('',(#1205),#731,.F.);
#9804=ADVANCED_FACE('',(#1206),#732,.T.);
#9805=ADVANCED_FACE('',(#1207),#733,.T.);
#9806=ADVANCED_FACE('',(#1208),#734,.F.);
#9807=ADVANCED_FACE('',(#1209),#735,.F.);
#9808=ADVANCED_FACE('',(#1210),#736,.F.);
#9809=ADVANCED_FACE('',(#1211),#737,.F.);
#9810=ADVANCED_FACE('',(#1212),#738,.F.);
#9811=ADVANCED_FACE('',(#1213),#739,.F.);
#9812=ADVANCED_FACE('',(#1214),#9344,.T.);
#9813=ADVANCED_FACE('',(#1215),#740,.F.);
#9814=ADVANCED_FACE('',(#1216),#9345,.T.);
#9815=ADVANCED_FACE('',(#1217),#9346,.F.);
#9816=ADVANCED_FACE('',(#1218),#741,.F.);
#9817=ADVANCED_FACE('',(#1219,#339),#742,.F.);
#9818=ADVANCED_FACE('',(#1220,#340),#743,.F.);
#9819=ADVANCED_FACE('',(#1221),#9347,.F.);
#9820=ADVANCED_FACE('',(#1222),#9348,.T.);
#9821=ADVANCED_FACE('',(#1223),#744,.F.);
#9822=ADVANCED_FACE('',(#1224),#9349,.T.);
#9823=ADVANCED_FACE('',(#1225),#9350,.F.);
#9824=ADVANCED_FACE('',(#1226),#745,.F.);
#9825=ADVANCED_FACE('',(#1227,#341),#746,.F.);
#9826=ADVANCED_FACE('',(#1228,#342),#747,.F.);
#9827=ADVANCED_FACE('',(#1229),#9351,.F.);
#9828=ADVANCED_FACE('',(#1230),#748,.F.);
#9829=ADVANCED_FACE('',(#1231),#9352,.T.);
#9830=ADVANCED_FACE('',(#1232),#749,.F.);
#9831=ADVANCED_FACE('',(#1233),#9353,.T.);
#9832=ADVANCED_FACE('',(#1234),#9354,.F.);
#9833=ADVANCED_FACE('',(#1235),#750,.F.);
#9834=ADVANCED_FACE('',(#1236),#9355,.F.);
#9835=ADVANCED_FACE('',(#1237),#9356,.T.);
#9836=ADVANCED_FACE('',(#1238),#751,.F.);
#9837=ADVANCED_FACE('',(#1239),#9357,.T.);
#9838=ADVANCED_FACE('',(#1240),#9358,.F.);
#9839=ADVANCED_FACE('',(#1241),#752,.F.);
#9840=ADVANCED_FACE('',(#1242),#9359,.F.);
#9841=ADVANCED_FACE('',(#1243),#9360,.F.);
#9842=ADVANCED_FACE('',(#1244),#9361,.F.);
#9843=ADVANCED_FACE('',(#1245),#753,.F.);
#9844=ADVANCED_FACE('',(#1246),#754,.F.);
#9845=ADVANCED_FACE('',(#1247),#755,.T.);
#9846=ADVANCED_FACE('',(#1248),#756,.F.);
#9847=ADVANCED_FACE('',(#1249),#757,.T.);
#9848=ADVANCED_FACE('',(#1250),#758,.T.);
#9849=ADVANCED_FACE('',(#1251),#759,.T.);
#9850=ADVANCED_FACE('',(#1252),#760,.T.);
#9851=ADVANCED_FACE('',(#1253),#761,.T.);
#9852=ADVANCED_FACE('',(#1254),#762,.F.);
#9853=ADVANCED_FACE('',(#1255),#9362,.T.);
#9854=ADVANCED_FACE('',(#1256),#763,.T.);
#9855=ADVANCED_FACE('',(#1257),#764,.F.);
#9856=CLOSED_SHELL('',(#9363,#9364,#9365,#9366,#9367,#9368,#9369,#9370,
#9371,#9372));
#9857=CLOSED_SHELL('',(#9373,#9374,#9375,#9376,#9377,#9378));
#9858=CLOSED_SHELL('',(#9379,#9380,#9381,#9382,#9383,#9384));
#9859=CLOSED_SHELL('',(#9385,#9386,#9387,#9388,#9389,#9390,#9391,#9392,
#9393,#9394,#9395,#9396,#9397,#9398,#9399,#9400,#9401,#9402,#9403,#9404,
#9405,#9406,#9407,#9408,#9409,#9410,#9411,#9412,#9413,#9414,#9415,#9416,
#9417,#9418,#9419,#9420,#9421,#9422,#9423,#9424,#9425,#9426,#9427,#9428,
#9429,#9430,#9431,#9432,#9433,#9434,#9435,#9436,#9437,#9438,#9439,#9440,
#9441,#9442,#9443,#9444,#9445,#9446,#9447,#9448,#9449,#9450,#9451,#9452,
#9453,#9454,#9455,#9456,#9457,#9458,#9459,#9460,#9461,#9462,#9463,#9464,
#9465,#9466));
#9860=CLOSED_SHELL('',(#9467,#9468,#9469,#9470,#9471,#9472));
#9861=CLOSED_SHELL('',(#9473,#9474,#9475,#9476,#9477,#9478));
#9862=CLOSED_SHELL('',(#9479,#9480,#9481,#9482,#9483,#9484));
#9863=CLOSED_SHELL('',(#9485,#9486,#9487,#9488,#9489,#9490,#9491,#9492,
#9493,#9494,#9495,#9496,#9497,#9498,#9499,#9500,#9501,#9502,#9503,#9504,
#9505,#9506,#9507,#9508,#9509,#9510,#9511,#9512,#9513,#9514,#9515,#9516,
#9517,#9518,#9519,#9520,#9521,#9522,#9523,#9524,#9525,#9526,#9527,#9528));
#9864=CLOSED_SHELL('',(#9529,#9530,#9531,#9532,#9533,#9534));
#9865=CLOSED_SHELL('',(#9535,#9536,#9537,#9538,#9539,#9540));
#9866=CLOSED_SHELL('',(#9541,#9542,#9543,#9544,#9545,#9546));
#9867=CLOSED_SHELL('',(#9547,#9548,#9549,#9550,#9551,#9552));
#9868=CLOSED_SHELL('',(#9553,#9554,#9555,#9556,#9557,#9558,#9559,#9560,
#9561,#9562,#9563,#9564,#9565,#9566,#9567,#9568,#9569,#9570,#9571,#9572,
#9573,#9574,#9575,#9576,#9577,#9578,#9579,#9580,#9581,#9582,#9583,#9584,
#9585,#9586,#9587,#9588,#9589,#9590,#9591,#9592,#9593,#9594,#9595,#9596,
#9597,#9598,#9599,#9600,#9601,#9602,#9603,#9604,#9605,#9606,#9607,#9608,
#9609,#9610,#9611,#9612,#9613,#9614,#9615,#9616,#9617,#9618,#9619,#9620,
#9621,#9622,#9623,#9624,#9625,#9626,#9627,#9628,#9629,#9630,#9631,#9632,
#9633,#9634));
#9869=CLOSED_SHELL('',(#9635,#9636,#9637,#9638,#9639,#9640));
#9870=CLOSED_SHELL('',(#9641,#9642,#9643,#9644,#9645,#9646));
#9871=CLOSED_SHELL('',(#9647,#9648,#9649,#9650,#9651,#9652));
#9872=CLOSED_SHELL('',(#9653,#9654,#9655,#9656,#9657,#9658,#9659,#9660,
#9661,#9662,#9663,#9664,#9665,#9666,#9667,#9668,#9669,#9670,#9671,#9672,
#9673,#9674,#9675,#9676,#9677,#9678,#9679,#9680,#9681,#9682,#9683,#9684,
#9685,#9686,#9687,#9688,#9689,#9690,#9691,#9692,#9693,#9694,#9695,#9696));
#9873=CLOSED_SHELL('',(#9697,#9698,#9699,#9700,#9701,#9702));
#9874=CLOSED_SHELL('',(#9703,#9704,#9705,#9706,#9707,#9708,#9709,#9710,
#9711,#9712,#9713,#9714,#9715,#9716,#9717,#9718,#9719,#9720,#9721,#9722,
#9723,#9724,#9725,#9726,#9727,#9728,#9729,#9730,#9731,#9732,#9733,#9734,
#9735,#9736,#9737,#9738,#9739,#9740,#9741,#9742,#9743,#9744,#9745,#9746,
#9747,#9748,#9749,#9750,#9751,#9752,#9753,#9754,#9755,#9756,#9757,#9758,
#9759,#9760,#9761,#9762,#9763,#9764,#9765,#9766,#9767,#9768,#9769,#9770,
#9771,#9772,#9773,#9774,#9775,#9776,#9777,#9778,#9779,#9780,#9781,#9782,
#9783,#9784));
#9875=CLOSED_SHELL('',(#9785,#9786,#9787,#9788,#9789,#9790));
#9876=CLOSED_SHELL('',(#9791,#9792,#9793,#9794,#9795,#9796));
#9877=CLOSED_SHELL('',(#9797,#9798,#9799,#9800,#9801,#9802));
#9878=CLOSED_SHELL('',(#9803,#9804,#9805,#9806,#9807,#9808,#9809,#9810,
#9811,#9812,#9813,#9814,#9815,#9816,#9817,#9818,#9819,#9820,#9821,#9822,
#9823,#9824,#9825,#9826,#9827,#9828,#9829,#9830,#9831,#9832,#9833,#9834,
#9835,#9836,#9837,#9838,#9839,#9840,#9841,#9842,#9843,#9844,#9845,#9846));
#9879=CLOSED_SHELL('',(#9847,#9848,#9849,#9850,#9851,#9852));
#9880=CLOSED_SHELL('',(#9853,#9854,#9855));
#9881=DERIVED_UNIT_ELEMENT(#9931,1.);
#9882=DERIVED_UNIT_ELEMENT(#16340,-3.);
#9883=DERIVED_UNIT_ELEMENT(#9931,1.);
#9884=DERIVED_UNIT_ELEMENT(#16340,-3.);
#9885=DERIVED_UNIT_ELEMENT(#9931,1.);
#9886=DERIVED_UNIT_ELEMENT(#16340,-3.);
#9887=DERIVED_UNIT_ELEMENT(#9931,1.);
#9888=DERIVED_UNIT_ELEMENT(#16340,-3.);
#9889=DERIVED_UNIT_ELEMENT(#9931,1.);
#9890=DERIVED_UNIT_ELEMENT(#16340,-3.);
#9891=DERIVED_UNIT_ELEMENT(#9931,1.);
#9892=DERIVED_UNIT_ELEMENT(#16340,-3.);
#9893=DERIVED_UNIT_ELEMENT(#9931,1.);
#9894=DERIVED_UNIT_ELEMENT(#16340,-3.);
#9895=DERIVED_UNIT_ELEMENT(#9931,1.);
#9896=DERIVED_UNIT_ELEMENT(#16340,-3.);
#9897=DERIVED_UNIT_ELEMENT(#9931,1.);
#9898=DERIVED_UNIT_ELEMENT(#16340,-3.);
#9899=DERIVED_UNIT_ELEMENT(#9931,1.);
#9900=DERIVED_UNIT_ELEMENT(#16340,-3.);
#9901=DERIVED_UNIT_ELEMENT(#9931,1.);
#9902=DERIVED_UNIT_ELEMENT(#16340,-3.);
#9903=DERIVED_UNIT_ELEMENT(#9931,1.);
#9904=DERIVED_UNIT_ELEMENT(#16340,-3.);
#9905=DERIVED_UNIT_ELEMENT(#9931,1.);
#9906=DERIVED_UNIT_ELEMENT(#16340,-3.);
#9907=DERIVED_UNIT_ELEMENT(#9931,1.);
#9908=DERIVED_UNIT_ELEMENT(#16340,-3.);
#9909=DERIVED_UNIT_ELEMENT(#9931,1.);
#9910=DERIVED_UNIT_ELEMENT(#16340,-3.);
#9911=DERIVED_UNIT_ELEMENT(#9931,1.);
#9912=DERIVED_UNIT_ELEMENT(#16340,-3.);
#9913=DERIVED_UNIT_ELEMENT(#9931,1.);
#9914=DERIVED_UNIT_ELEMENT(#16340,-3.);
#9915=DERIVED_UNIT_ELEMENT(#9931,1.);
#9916=DERIVED_UNIT_ELEMENT(#16340,-3.);
#9917=DERIVED_UNIT_ELEMENT(#9931,1.);
#9918=DERIVED_UNIT_ELEMENT(#16340,-3.);
#9919=DERIVED_UNIT_ELEMENT(#9931,1.);
#9920=DERIVED_UNIT_ELEMENT(#16340,-3.);
#9921=DERIVED_UNIT_ELEMENT(#9931,1.);
#9922=DERIVED_UNIT_ELEMENT(#16340,-3.);
#9923=DERIVED_UNIT_ELEMENT(#9931,1.);
#9924=DERIVED_UNIT_ELEMENT(#16340,-3.);
#9925=DERIVED_UNIT_ELEMENT(#9931,1.);
#9926=DERIVED_UNIT_ELEMENT(#16340,-3.);
#9927=DERIVED_UNIT_ELEMENT(#9931,1.);
#9928=DERIVED_UNIT_ELEMENT(#16340,-3.);
#9929=DERIVED_UNIT_ELEMENT(#9931,1.);
#9930=DERIVED_UNIT_ELEMENT(#16340,-3.);
#9931=(
MASS_UNIT()
NAMED_UNIT(*)
SI_UNIT(.KILO.,.GRAM.)
);
#9932=DERIVED_UNIT((#9881,#9882));
#9933=DERIVED_UNIT((#9883,#9884));
#9934=DERIVED_UNIT((#9885,#9886));
#9935=DERIVED_UNIT((#9887,#9888));
#9936=DERIVED_UNIT((#9889,#9890));
#9937=DERIVED_UNIT((#9891,#9892));
#9938=DERIVED_UNIT((#9893,#9894));
#9939=DERIVED_UNIT((#9895,#9896));
#9940=DERIVED_UNIT((#9897,#9898));
#9941=DERIVED_UNIT((#9899,#9900));
#9942=DERIVED_UNIT((#9901,#9902));
#9943=DERIVED_UNIT((#9903,#9904));
#9944=DERIVED_UNIT((#9905,#9906));
#9945=DERIVED_UNIT((#9907,#9908));
#9946=DERIVED_UNIT((#9909,#9910));
#9947=DERIVED_UNIT((#9911,#9912));
#9948=DERIVED_UNIT((#9913,#9914));
#9949=DERIVED_UNIT((#9915,#9916));
#9950=DERIVED_UNIT((#9917,#9918));
#9951=DERIVED_UNIT((#9919,#9920));
#9952=DERIVED_UNIT((#9921,#9922));
#9953=DERIVED_UNIT((#9923,#9924));
#9954=DERIVED_UNIT((#9925,#9926));
#9955=DERIVED_UNIT((#9927,#9928));
#9956=DERIVED_UNIT((#9929,#9930));
#9957=MEASURE_REPRESENTATION_ITEM('density measure',
POSITIVE_RATIO_MEASURE(7850.),#9932);
#9958=MEASURE_REPRESENTATION_ITEM('density measure',
POSITIVE_RATIO_MEASURE(7850.),#9933);
#9959=MEASURE_REPRESENTATION_ITEM('density measure',
POSITIVE_RATIO_MEASURE(7850.),#9934);
#9960=MEASURE_REPRESENTATION_ITEM('density measure',
POSITIVE_RATIO_MEASURE(7850.),#9935);
#9961=MEASURE_REPRESENTATION_ITEM('density measure',
POSITIVE_RATIO_MEASURE(7850.),#9936);
#9962=MEASURE_REPRESENTATION_ITEM('density measure',
POSITIVE_RATIO_MEASURE(7850.),#9937);
#9963=MEASURE_REPRESENTATION_ITEM('density measure',
POSITIVE_RATIO_MEASURE(7850.),#9938);
#9964=MEASURE_REPRESENTATION_ITEM('density measure',
POSITIVE_RATIO_MEASURE(7850.),#9939);
#9965=MEASURE_REPRESENTATION_ITEM('density measure',
POSITIVE_RATIO_MEASURE(7850.),#9940);
#9966=MEASURE_REPRESENTATION_ITEM('density measure',
POSITIVE_RATIO_MEASURE(7850.),#9941);
#9967=MEASURE_REPRESENTATION_ITEM('density measure',
POSITIVE_RATIO_MEASURE(7850.),#9942);
#9968=MEASURE_REPRESENTATION_ITEM('density measure',
POSITIVE_RATIO_MEASURE(7850.),#9943);
#9969=MEASURE_REPRESENTATION_ITEM('density measure',
POSITIVE_RATIO_MEASURE(7850.),#9944);
#9970=MEASURE_REPRESENTATION_ITEM('density measure',
POSITIVE_RATIO_MEASURE(7850.),#9945);
#9971=MEASURE_REPRESENTATION_ITEM('density measure',
POSITIVE_RATIO_MEASURE(7850.),#9946);
#9972=MEASURE_REPRESENTATION_ITEM('density measure',
POSITIVE_RATIO_MEASURE(7850.),#9947);
#9973=MEASURE_REPRESENTATION_ITEM('density measure',
POSITIVE_RATIO_MEASURE(7850.),#9948);
#9974=MEASURE_REPRESENTATION_ITEM('density measure',
POSITIVE_RATIO_MEASURE(7850.),#9949);
#9975=MEASURE_REPRESENTATION_ITEM('density measure',
POSITIVE_RATIO_MEASURE(7850.),#9950);
#9976=MEASURE_REPRESENTATION_ITEM('density measure',
POSITIVE_RATIO_MEASURE(7850.),#9951);
#9977=MEASURE_REPRESENTATION_ITEM('density measure',
POSITIVE_RATIO_MEASURE(7850.),#9952);
#9978=MEASURE_REPRESENTATION_ITEM('density measure',
POSITIVE_RATIO_MEASURE(7850.),#9953);
#9979=MEASURE_REPRESENTATION_ITEM('density measure',
POSITIVE_RATIO_MEASURE(7850.),#9954);
#9980=MEASURE_REPRESENTATION_ITEM('density measure',
POSITIVE_RATIO_MEASURE(7850.),#9955);
#9981=MEASURE_REPRESENTATION_ITEM('density measure',
POSITIVE_RATIO_MEASURE(7850.),#9956);
#9982=PROPERTY_DEFINITION_REPRESENTATION(#10107,#10032);
#9983=PROPERTY_DEFINITION_REPRESENTATION(#10108,#10033);
#9984=PROPERTY_DEFINITION_REPRESENTATION(#10109,#10034);
#9985=PROPERTY_DEFINITION_REPRESENTATION(#10110,#10035);
#9986=PROPERTY_DEFINITION_REPRESENTATION(#10111,#10036);
#9987=PROPERTY_DEFINITION_REPRESENTATION(#10112,#10037);
#9988=PROPERTY_DEFINITION_REPRESENTATION(#10113,#10038);
#9989=PROPERTY_DEFINITION_REPRESENTATION(#10114,#10039);
#9990=PROPERTY_DEFINITION_REPRESENTATION(#10115,#10040);
#9991=PROPERTY_DEFINITION_REPRESENTATION(#10116,#10041);
#9992=PROPERTY_DEFINITION_REPRESENTATION(#10117,#10042);
#9993=PROPERTY_DEFINITION_REPRESENTATION(#10118,#10043);
#9994=PROPERTY_DEFINITION_REPRESENTATION(#10119,#10044);
#9995=PROPERTY_DEFINITION_REPRESENTATION(#10120,#10045);
#9996=PROPERTY_DEFINITION_REPRESENTATION(#10121,#10046);
#9997=PROPERTY_DEFINITION_REPRESENTATION(#10122,#10047);
#9998=PROPERTY_DEFINITION_REPRESENTATION(#10123,#10048);
#9999=PROPERTY_DEFINITION_REPRESENTATION(#10124,#10049);
#10000=PROPERTY_DEFINITION_REPRESENTATION(#10125,#10050);
#10001=PROPERTY_DEFINITION_REPRESENTATION(#10126,#10051);
#10002=PROPERTY_DEFINITION_REPRESENTATION(#10127,#10052);
#10003=PROPERTY_DEFINITION_REPRESENTATION(#10128,#10053);
#10004=PROPERTY_DEFINITION_REPRESENTATION(#10129,#10054);
#10005=PROPERTY_DEFINITION_REPRESENTATION(#10130,#10055);
#10006=PROPERTY_DEFINITION_REPRESENTATION(#10131,#10056);
#10007=PROPERTY_DEFINITION_REPRESENTATION(#10132,#10057);
#10008=PROPERTY_DEFINITION_REPRESENTATION(#10133,#10058);
#10009=PROPERTY_DEFINITION_REPRESENTATION(#10134,#10059);
#10010=PROPERTY_DEFINITION_REPRESENTATION(#10135,#10060);
#10011=PROPERTY_DEFINITION_REPRESENTATION(#10136,#10061);
#10012=PROPERTY_DEFINITION_REPRESENTATION(#10137,#10062);
#10013=PROPERTY_DEFINITION_REPRESENTATION(#10138,#10063);
#10014=PROPERTY_DEFINITION_REPRESENTATION(#10139,#10064);
#10015=PROPERTY_DEFINITION_REPRESENTATION(#10140,#10065);
#10016=PROPERTY_DEFINITION_REPRESENTATION(#10141,#10066);
#10017=PROPERTY_DEFINITION_REPRESENTATION(#10142,#10067);
#10018=PROPERTY_DEFINITION_REPRESENTATION(#10143,#10068);
#10019=PROPERTY_DEFINITION_REPRESENTATION(#10144,#10069);
#10020=PROPERTY_DEFINITION_REPRESENTATION(#10145,#10070);
#10021=PROPERTY_DEFINITION_REPRESENTATION(#10146,#10071);
#10022=PROPERTY_DEFINITION_REPRESENTATION(#10147,#10072);
#10023=PROPERTY_DEFINITION_REPRESENTATION(#10148,#10073);
#10024=PROPERTY_DEFINITION_REPRESENTATION(#10149,#10074);
#10025=PROPERTY_DEFINITION_REPRESENTATION(#10150,#10075);
#10026=PROPERTY_DEFINITION_REPRESENTATION(#10151,#10076);
#10027=PROPERTY_DEFINITION_REPRESENTATION(#10152,#10077);
#10028=PROPERTY_DEFINITION_REPRESENTATION(#10153,#10078);
#10029=PROPERTY_DEFINITION_REPRESENTATION(#10154,#10079);
#10030=PROPERTY_DEFINITION_REPRESENTATION(#10155,#10080);
#10031=PROPERTY_DEFINITION_REPRESENTATION(#10156,#10081);
#10032=REPRESENTATION('material name',(#10082),#16304);
#10033=REPRESENTATION('density',(#9957),#16304);
#10034=REPRESENTATION('material name',(#10083),#16305);
#10035=REPRESENTATION('density',(#9958),#16305);
#10036=REPRESENTATION('material name',(#10084),#16306);
#10037=REPRESENTATION('density',(#9959),#16306);
#10038=REPRESENTATION('material name',(#10085),#16308);
#10039=REPRESENTATION('density',(#9960),#16308);
#10040=REPRESENTATION('material name',(#10086),#16309);
#10041=REPRESENTATION('density',(#9961),#16309);
#10042=REPRESENTATION('material name',(#10087),#16310);
#10043=REPRESENTATION('density',(#9962),#16310);
#10044=REPRESENTATION('material name',(#10088),#16311);
#10045=REPRESENTATION('density',(#9963),#16311);
#10046=REPRESENTATION('material name',(#10089),#16314);
#10047=REPRESENTATION('density',(#9964),#16314);
#10048=REPRESENTATION('material name',(#10090),#16315);
#10049=REPRESENTATION('density',(#9965),#16315);
#10050=REPRESENTATION('material name',(#10091),#16316);
#10051=REPRESENTATION('density',(#9966),#16316);
#10052=REPRESENTATION('material name',(#10092),#16317);
#10053=REPRESENTATION('density',(#9967),#16317);
#10054=REPRESENTATION('material name',(#10093),#16318);
#10055=REPRESENTATION('density',(#9968),#16318);
#10056=REPRESENTATION('material name',(#10094),#16320);
#10057=REPRESENTATION('density',(#9969),#16320);
#10058=REPRESENTATION('material name',(#10095),#16321);
#10059=REPRESENTATION('density',(#9970),#16321);
#10060=REPRESENTATION('material name',(#10096),#16322);
#10061=REPRESENTATION('density',(#9971),#16322);
#10062=REPRESENTATION('material name',(#10097),#16323);
#10063=REPRESENTATION('density',(#9972),#16323);
#10064=REPRESENTATION('material name',(#10098),#16326);
#10065=REPRESENTATION('density',(#9973),#16326);
#10066=REPRESENTATION('material name',(#10099),#16327);
#10067=REPRESENTATION('density',(#9974),#16327);
#10068=REPRESENTATION('material name',(#10100),#16329);
#10069=REPRESENTATION('density',(#9975),#16329);
#10070=REPRESENTATION('material name',(#10101),#16330);
#10071=REPRESENTATION('density',(#9976),#16330);
#10072=REPRESENTATION('material name',(#10102),#16331);
#10073=REPRESENTATION('density',(#9977),#16331);
#10074=REPRESENTATION('material name',(#10103),#16332);
#10075=REPRESENTATION('density',(#9978),#16332);
#10076=REPRESENTATION('material name',(#10104),#16335);
#10077=REPRESENTATION('density',(#9979),#16335);
#10078=REPRESENTATION('material name',(#10105),#16336);
#10079=REPRESENTATION('density',(#9980),#16336);
#10080=REPRESENTATION('material name',(#10106),#16337);
#10081=REPRESENTATION('density',(#9981),#16337);
#10082=DESCRIPTIVE_REPRESENTATION_ITEM('Steel','Steel');
#10083=DESCRIPTIVE_REPRESENTATION_ITEM('Steel','Steel');
#10084=DESCRIPTIVE_REPRESENTATION_ITEM('Steel','Steel');
#10085=DESCRIPTIVE_REPRESENTATION_ITEM('Steel','Steel');
#10086=DESCRIPTIVE_REPRESENTATION_ITEM('Steel','Steel');
#10087=DESCRIPTIVE_REPRESENTATION_ITEM('Steel','Steel');
#10088=DESCRIPTIVE_REPRESENTATION_ITEM('Steel','Steel');
#10089=DESCRIPTIVE_REPRESENTATION_ITEM('Steel','Steel');
#10090=DESCRIPTIVE_REPRESENTATION_ITEM('Steel','Steel');
#10091=DESCRIPTIVE_REPRESENTATION_ITEM('Steel','Steel');
#10092=DESCRIPTIVE_REPRESENTATION_ITEM('Steel','Steel');
#10093=DESCRIPTIVE_REPRESENTATION_ITEM('Steel','Steel');
#10094=DESCRIPTIVE_REPRESENTATION_ITEM('Steel','Steel');
#10095=DESCRIPTIVE_REPRESENTATION_ITEM('Steel','Steel');
#10096=DESCRIPTIVE_REPRESENTATION_ITEM('Steel','Steel');
#10097=DESCRIPTIVE_REPRESENTATION_ITEM('Steel','Steel');
#10098=DESCRIPTIVE_REPRESENTATION_ITEM('Steel','Steel');
#10099=DESCRIPTIVE_REPRESENTATION_ITEM('Steel','Steel');
#10100=DESCRIPTIVE_REPRESENTATION_ITEM('Steel','Steel');
#10101=DESCRIPTIVE_REPRESENTATION_ITEM('Steel','Steel');
#10102=DESCRIPTIVE_REPRESENTATION_ITEM('Steel','Steel');
#10103=DESCRIPTIVE_REPRESENTATION_ITEM('Steel','Steel');
#10104=DESCRIPTIVE_REPRESENTATION_ITEM('Steel','Steel');
#10105=DESCRIPTIVE_REPRESENTATION_ITEM('Steel','Steel');
#10106=DESCRIPTIVE_REPRESENTATION_ITEM('Steel','Steel');
#10107=PROPERTY_DEFINITION('material property','material name',#16489);
#10108=PROPERTY_DEFINITION('material property','density of part',#16489);
#10109=PROPERTY_DEFINITION('material property','material name',#16490);
#10110=PROPERTY_DEFINITION('material property','density of part',#16490);
#10111=PROPERTY_DEFINITION('material property','material name',#16491);
#10112=PROPERTY_DEFINITION('material property','density of part',#16491);
#10113=PROPERTY_DEFINITION('material property','material name',#16493);
#10114=PROPERTY_DEFINITION('material property','density of part',#16493);
#10115=PROPERTY_DEFINITION('material property','material name',#16494);
#10116=PROPERTY_DEFINITION('material property','density of part',#16494);
#10117=PROPERTY_DEFINITION('material property','material name',#16495);
#10118=PROPERTY_DEFINITION('material property','density of part',#16495);
#10119=PROPERTY_DEFINITION('material property','material name',#16496);
#10120=PROPERTY_DEFINITION('material property','density of part',#16496);
#10121=PROPERTY_DEFINITION('material property','material name',#16499);
#10122=PROPERTY_DEFINITION('material property','density of part',#16499);
#10123=PROPERTY_DEFINITION('material property','material name',#16500);
#10124=PROPERTY_DEFINITION('material property','density of part',#16500);
#10125=PROPERTY_DEFINITION('material property','material name',#16501);
#10126=PROPERTY_DEFINITION('material property','density of part',#16501);
#10127=PROPERTY_DEFINITION('material property','material name',#16502);
#10128=PROPERTY_DEFINITION('material property','density of part',#16502);
#10129=PROPERTY_DEFINITION('material property','material name',#16503);
#10130=PROPERTY_DEFINITION('material property','density of part',#16503);
#10131=PROPERTY_DEFINITION('material property','material name',#16505);
#10132=PROPERTY_DEFINITION('material property','density of part',#16505);
#10133=PROPERTY_DEFINITION('material property','material name',#16506);
#10134=PROPERTY_DEFINITION('material property','density of part',#16506);
#10135=PROPERTY_DEFINITION('material property','material name',#16507);
#10136=PROPERTY_DEFINITION('material property','density of part',#16507);
#10137=PROPERTY_DEFINITION('material property','material name',#16508);
#10138=PROPERTY_DEFINITION('material property','density of part',#16508);
#10139=PROPERTY_DEFINITION('material property','material name',#16511);
#10140=PROPERTY_DEFINITION('material property','density of part',#16511);
#10141=PROPERTY_DEFINITION('material property','material name',#16512);
#10142=PROPERTY_DEFINITION('material property','density of part',#16512);
#10143=PROPERTY_DEFINITION('material property','material name',#16514);
#10144=PROPERTY_DEFINITION('material property','density of part',#16514);
#10145=PROPERTY_DEFINITION('material property','material name',#16515);
#10146=PROPERTY_DEFINITION('material property','density of part',#16515);
#10147=PROPERTY_DEFINITION('material property','material name',#16516);
#10148=PROPERTY_DEFINITION('material property','density of part',#16516);
#10149=PROPERTY_DEFINITION('material property','material name',#16517);
#10150=PROPERTY_DEFINITION('material property','density of part',#16517);
#10151=PROPERTY_DEFINITION('material property','material name',#16520);
#10152=PROPERTY_DEFINITION('material property','density of part',#16520);
#10153=PROPERTY_DEFINITION('material property','material name',#16521);
#10154=PROPERTY_DEFINITION('material property','density of part',#16521);
#10155=PROPERTY_DEFINITION('material property','material name',#16522);
#10156=PROPERTY_DEFINITION('material property','density of part',#16522);
#10157=AXIS2_PLACEMENT_3D('',#13474,#10863,#10864);
#10158=AXIS2_PLACEMENT_3D('',#13475,#10865,#10866);
#10159=AXIS2_PLACEMENT_3D('',#13476,#10867,#10868);
#10160=AXIS2_PLACEMENT_3D('',#13477,#10869,#10870);
#10161=AXIS2_PLACEMENT_3D('',#13479,#10871,#10872);
#10162=AXIS2_PLACEMENT_3D('',#13482,#10874,#10875);
#10163=AXIS2_PLACEMENT_3D('',#13483,#10876,#10877);
#10164=AXIS2_PLACEMENT_3D('',#13485,#10878,#10879);
#10165=AXIS2_PLACEMENT_3D('',#13488,#10881,#10882);
#10166=AXIS2_PLACEMENT_3D('',#13489,#10883,#10884);
#10167=AXIS2_PLACEMENT_3D('',#13491,#10885,#10886);
#10168=AXIS2_PLACEMENT_3D('',#13494,#10888,#10889);
#10169=AXIS2_PLACEMENT_3D('',#13495,#10890,#10891);
#10170=AXIS2_PLACEMENT_3D('',#13497,#10892,#10893);
#10171=AXIS2_PLACEMENT_3D('',#13500,#10895,#10896);
#10172=AXIS2_PLACEMENT_3D('',#13501,#10897,#10898);
#10173=AXIS2_PLACEMENT_3D('',#13510,#10903,#10904);
#10174=AXIS2_PLACEMENT_3D('',#13516,#10908,#10909);
#10175=AXIS2_PLACEMENT_3D('',#13522,#10913,#10914);
#10176=AXIS2_PLACEMENT_3D('',#13525,#10917,#10918);
#10177=AXIS2_PLACEMENT_3D('',#13526,#10919,#10920);
#10178=AXIS2_PLACEMENT_3D('',#13527,#10921,#10922);
#10179=AXIS2_PLACEMENT_3D('',#13528,#10923,#10924);
#10180=AXIS2_PLACEMENT_3D('',#13537,#10929,#10930);
#10181=AXIS2_PLACEMENT_3D('',#13543,#10934,#10935);
#10182=AXIS2_PLACEMENT_3D('',#13549,#10939,#10940);
#10183=AXIS2_PLACEMENT_3D('',#13552,#10943,#10944);
#10184=AXIS2_PLACEMENT_3D('',#13553,#10945,#10946);
#10185=AXIS2_PLACEMENT_3D('',#13554,#10947,#10948);
#10186=AXIS2_PLACEMENT_3D('',#13555,#10949,#10950);
#10187=AXIS2_PLACEMENT_3D('',#13564,#10955,#10956);
#10188=AXIS2_PLACEMENT_3D('',#13570,#10960,#10961);
#10189=AXIS2_PLACEMENT_3D('',#13576,#10965,#10966);
#10190=AXIS2_PLACEMENT_3D('',#13579,#10969,#10970);
#10191=AXIS2_PLACEMENT_3D('',#13580,#10971,#10972);
#10192=AXIS2_PLACEMENT_3D('',#13581,#10973,#10974);
#10193=AXIS2_PLACEMENT_3D('',#13582,#10975,#10976);
#10194=AXIS2_PLACEMENT_3D('',#13583,#10977,#10978);
#10195=AXIS2_PLACEMENT_3D('',#13592,#10983,#10984);
#10196=AXIS2_PLACEMENT_3D('',#13598,#10988,#10989);
#10197=AXIS2_PLACEMENT_3D('',#13604,#10993,#10994);
#10198=AXIS2_PLACEMENT_3D('',#13613,#10999,#11000);
#10199=AXIS2_PLACEMENT_3D('',#13619,#11004,#11005);
#10200=AXIS2_PLACEMENT_3D('',#13628,#11010,#11011);
#10201=AXIS2_PLACEMENT_3D('',#13637,#11016,#11017);
#10202=AXIS2_PLACEMENT_3D('',#13646,#11022,#11023);
#10203=AXIS2_PLACEMENT_3D('',#13649,#11026,#11027);
#10204=AXIS2_PLACEMENT_3D('',#13651,#11028,#11029);
#10205=AXIS2_PLACEMENT_3D('',#13654,#11031,#11032);
#10206=AXIS2_PLACEMENT_3D('',#13655,#11033,#11034);
#10207=AXIS2_PLACEMENT_3D('',#13657,#11035,#11036);
#10208=AXIS2_PLACEMENT_3D('',#13660,#11038,#11039);
#10209=AXIS2_PLACEMENT_3D('',#13661,#11040,#11041);
#10210=AXIS2_PLACEMENT_3D('',#13663,#11042,#11043);
#10211=AXIS2_PLACEMENT_3D('',#13666,#11045,#11046);
#10212=AXIS2_PLACEMENT_3D('',#13667,#11047,#11048);
#10213=AXIS2_PLACEMENT_3D('',#13669,#11049,#11050);
#10214=AXIS2_PLACEMENT_3D('',#13672,#11052,#11053);
#10215=AXIS2_PLACEMENT_3D('',#13673,#11054,#11055);
#10216=AXIS2_PLACEMENT_3D('',#13682,#11060,#11061);
#10217=AXIS2_PLACEMENT_3D('',#13688,#11065,#11066);
#10218=AXIS2_PLACEMENT_3D('',#13694,#11070,#11071);
#10219=AXIS2_PLACEMENT_3D('',#13700,#11075,#11076);
#10220=AXIS2_PLACEMENT_3D('',#13706,#11080,#11081);
#10221=AXIS2_PLACEMENT_3D('',#13712,#11085,#11086);
#10222=AXIS2_PLACEMENT_3D('',#13718,#11090,#11091);
#10223=AXIS2_PLACEMENT_3D('',#13724,#11095,#11096);
#10224=AXIS2_PLACEMENT_3D('',#13730,#11100,#11101);
#10225=AXIS2_PLACEMENT_3D('',#13736,#11105,#11106);
#10226=AXIS2_PLACEMENT_3D('',#13742,#11110,#11111);
#10227=AXIS2_PLACEMENT_3D('',#13745,#11114,#11115);
#10228=AXIS2_PLACEMENT_3D('',#13754,#11120,#11121);
#10229=AXIS2_PLACEMENT_3D('',#13760,#11125,#11126);
#10230=AXIS2_PLACEMENT_3D('',#13766,#11130,#11131);
#10231=AXIS2_PLACEMENT_3D('',#13769,#11134,#11135);
#10232=AXIS2_PLACEMENT_3D('',#13778,#11140,#11141);
#10233=AXIS2_PLACEMENT_3D('',#13784,#11145,#11146);
#10234=AXIS2_PLACEMENT_3D('',#13790,#11150,#11151);
#10235=AXIS2_PLACEMENT_3D('',#13796,#11155,#11156);
#10236=AXIS2_PLACEMENT_3D('',#13802,#11160,#11161);
#10237=AXIS2_PLACEMENT_3D('',#13808,#11165,#11166);
#10238=AXIS2_PLACEMENT_3D('',#13814,#11170,#11171);
#10239=AXIS2_PLACEMENT_3D('',#13820,#11175,#11176);
#10240=AXIS2_PLACEMENT_3D('',#13826,#11180,#11181);
#10241=AXIS2_PLACEMENT_3D('',#13832,#11185,#11186);
#10242=AXIS2_PLACEMENT_3D('',#13838,#11190,#11191);
#10243=AXIS2_PLACEMENT_3D('',#13841,#11194,#11195);
#10244=AXIS2_PLACEMENT_3D('',#13847,#11199,#11200);
#10245=AXIS2_PLACEMENT_3D('',#13853,#11204,#11205);
#10246=AXIS2_PLACEMENT_3D('',#13859,#11209,#11210);
#10247=AXIS2_PLACEMENT_3D('',#13865,#11214,#11215);
#10248=AXIS2_PLACEMENT_3D('',#13868,#11218,#11219);
#10249=AXIS2_PLACEMENT_3D('',#13874,#11223,#11224);
#10250=AXIS2_PLACEMENT_3D('',#13880,#11228,#11229);
#10251=AXIS2_PLACEMENT_3D('',#13886,#11233,#11234);
#10252=AXIS2_PLACEMENT_3D('',#13892,#11238,#11239);
#10253=AXIS2_PLACEMENT_3D('',#13898,#11243,#11244);
#10254=AXIS2_PLACEMENT_3D('',#13904,#11248,#11249);
#10255=AXIS2_PLACEMENT_3D('',#13910,#11253,#11254);
#10256=AXIS2_PLACEMENT_3D('',#13916,#11258,#11259);
#10257=AXIS2_PLACEMENT_3D('',#13922,#11263,#11264);
#10258=AXIS2_PLACEMENT_3D('',#13928,#11268,#11269);
#10259=AXIS2_PLACEMENT_3D('',#13931,#11272,#11273);
#10260=AXIS2_PLACEMENT_3D('',#13940,#11278,#11279);
#10261=AXIS2_PLACEMENT_3D('',#13946,#11283,#11284);
#10262=AXIS2_PLACEMENT_3D('',#13952,#11288,#11289);
#10263=AXIS2_PLACEMENT_3D('',#13955,#11292,#11293);
#10264=AXIS2_PLACEMENT_3D('',#13964,#11298,#11299);
#10265=AXIS2_PLACEMENT_3D('',#13970,#11303,#11304);
#10266=AXIS2_PLACEMENT_3D('',#13976,#11308,#11309);
#10267=AXIS2_PLACEMENT_3D('',#13982,#11313,#11314);
#10268=AXIS2_PLACEMENT_3D('',#13988,#11318,#11319);
#10269=AXIS2_PLACEMENT_3D('',#13991,#11322,#11323);
#10270=AXIS2_PLACEMENT_3D('',#13997,#11327,#11328);
#10271=AXIS2_PLACEMENT_3D('',#14003,#11332,#11333);
#10272=AXIS2_PLACEMENT_3D('',#14009,#11337,#11338);
#10273=AXIS2_PLACEMENT_3D('',#14012,#11341,#11342);
#10274=AXIS2_PLACEMENT_3D('',#14018,#11346,#11347);
#10275=AXIS2_PLACEMENT_3D('',#14024,#11351,#11352);
#10276=AXIS2_PLACEMENT_3D('',#14030,#11356,#11357);
#10277=AXIS2_PLACEMENT_3D('',#14036,#11361,#11362);
#10278=AXIS2_PLACEMENT_3D('',#14039,#11365,#11366);
#10279=AXIS2_PLACEMENT_3D('',#14048,#11371,#11372);
#10280=AXIS2_PLACEMENT_3D('',#14054,#11376,#11377);
#10281=AXIS2_PLACEMENT_3D('',#14060,#11381,#11382);
#10282=AXIS2_PLACEMENT_3D('',#14063,#11385,#11386);
#10283=AXIS2_PLACEMENT_3D('',#14064,#11387,#11388);
#10284=AXIS2_PLACEMENT_3D('',#14065,#11389,#11390);
#10285=AXIS2_PLACEMENT_3D('',#14066,#11391,#11392);
#10286=AXIS2_PLACEMENT_3D('',#14075,#11397,#11398);
#10287=AXIS2_PLACEMENT_3D('',#14081,#11402,#11403);
#10288=AXIS2_PLACEMENT_3D('',#14087,#11407,#11408);
#10289=AXIS2_PLACEMENT_3D('',#14090,#11411,#11412);
#10290=AXIS2_PLACEMENT_3D('',#14091,#11413,#11414);
#10291=AXIS2_PLACEMENT_3D('',#14092,#11415,#11416);
#10292=AXIS2_PLACEMENT_3D('',#14093,#11417,#11418);
#10293=AXIS2_PLACEMENT_3D('',#14102,#11423,#11424);
#10294=AXIS2_PLACEMENT_3D('',#14108,#11428,#11429);
#10295=AXIS2_PLACEMENT_3D('',#14114,#11433,#11434);
#10296=AXIS2_PLACEMENT_3D('',#14117,#11437,#11438);
#10297=AXIS2_PLACEMENT_3D('',#14118,#11439,#11440);
#10298=AXIS2_PLACEMENT_3D('',#14119,#11441,#11442);
#10299=AXIS2_PLACEMENT_3D('',#14120,#11443,#11444);
#10300=AXIS2_PLACEMENT_3D('',#14129,#11449,#11450);
#10301=AXIS2_PLACEMENT_3D('',#14135,#11454,#11455);
#10302=AXIS2_PLACEMENT_3D('',#14141,#11459,#11460);
#10303=AXIS2_PLACEMENT_3D('',#14144,#11463,#11464);
#10304=AXIS2_PLACEMENT_3D('',#14145,#11465,#11466);
#10305=AXIS2_PLACEMENT_3D('',#14146,#11467,#11468);
#10306=AXIS2_PLACEMENT_3D('',#14147,#11469,#11470);
#10307=AXIS2_PLACEMENT_3D('',#14148,#11471,#11472);
#10308=AXIS2_PLACEMENT_3D('',#14149,#11473,#11474);
#10309=AXIS2_PLACEMENT_3D('',#14158,#11479,#11480);
#10310=AXIS2_PLACEMENT_3D('',#14167,#11484,#11485);
#10311=AXIS2_PLACEMENT_3D('',#14170,#11487,#11488);
#10312=AXIS2_PLACEMENT_3D('',#14176,#11491,#11492);
#10313=AXIS2_PLACEMENT_3D('',#14178,#11493,#11494);
#10314=AXIS2_PLACEMENT_3D('',#14186,#11498,#11499);
#10315=AXIS2_PLACEMENT_3D('',#14187,#11500,#11501);
#10316=AXIS2_PLACEMENT_3D('',#14188,#11502,#11503);
#10317=AXIS2_PLACEMENT_3D('',#14197,#11507,#11508);
#10318=AXIS2_PLACEMENT_3D('',#14201,#11510,#11511);
#10319=AXIS2_PLACEMENT_3D('',#14209,#11515,#11516);
#10320=AXIS2_PLACEMENT_3D('',#14211,#11517,#11518);
#10321=AXIS2_PLACEMENT_3D('',#14219,#11522,#11523);
#10322=AXIS2_PLACEMENT_3D('',#14220,#11524,#11525);
#10323=AXIS2_PLACEMENT_3D('',#14221,#11526,#11527);
#10324=AXIS2_PLACEMENT_3D('',#14228,#11530,#11531);
#10325=AXIS2_PLACEMENT_3D('',#14230,#11532,#11533);
#10326=AXIS2_PLACEMENT_3D('',#14238,#11537,#11538);
#10327=AXIS2_PLACEMENT_3D('',#14240,#11539,#11540);
#10328=AXIS2_PLACEMENT_3D('',#14245,#11543,#11544);
#10329=AXIS2_PLACEMENT_3D('',#14249,#11546,#11547);
#10330=AXIS2_PLACEMENT_3D('',#14251,#11549,#11550);
#10331=AXIS2_PLACEMENT_3D('',#14258,#11553,#11554);
#10332=AXIS2_PLACEMENT_3D('',#14260,#11555,#11556);
#10333=AXIS2_PLACEMENT_3D('',#14268,#11560,#11561);
#10334=AXIS2_PLACEMENT_3D('',#14270,#11562,#11563);
#10335=AXIS2_PLACEMENT_3D('',#14278,#11567,#11568);
#10336=AXIS2_PLACEMENT_3D('',#14282,#11570,#11571);
#10337=AXIS2_PLACEMENT_3D('',#14284,#11573,#11574);
#10338=AXIS2_PLACEMENT_3D('',#14287,#11577,#11578);
#10339=AXIS2_PLACEMENT_3D('',#14290,#11581,#11582);
#10340=AXIS2_PLACEMENT_3D('',#14293,#11585,#11586);
#10341=AXIS2_PLACEMENT_3D('',#14302,#11591,#11592);
#10342=AXIS2_PLACEMENT_3D('',#14304,#11593,#11594);
#10343=AXIS2_PLACEMENT_3D('',#14309,#11598,#11599);
#10344=AXIS2_PLACEMENT_3D('',#14310,#11600,#11601);
#10345=AXIS2_PLACEMENT_3D('',#14312,#11603,#11604);
#10346=AXIS2_PLACEMENT_3D('',#14314,#11606,#11607);
#10347=AXIS2_PLACEMENT_3D('',#14316,#11609,#11610);
#10348=AXIS2_PLACEMENT_3D('',#14318,#11612,#11613);
#10349=AXIS2_PLACEMENT_3D('',#14321,#11615,#11616);
#10350=AXIS2_PLACEMENT_3D('',#14322,#11617,#11618);
#10351=AXIS2_PLACEMENT_3D('',#14326,#11621,#11622);
#10352=AXIS2_PLACEMENT_3D('',#14327,#11623,#11624);
#10353=AXIS2_PLACEMENT_3D('',#14328,#11625,#11626);
#10354=AXIS2_PLACEMENT_3D('',#14332,#11629,#11630);
#10355=AXIS2_PLACEMENT_3D('',#14334,#11631,#11632);
#10356=AXIS2_PLACEMENT_3D('',#14336,#11634,#11635);
#10357=AXIS2_PLACEMENT_3D('',#14338,#11637,#11638);
#10358=AXIS2_PLACEMENT_3D('',#14340,#11640,#11641);
#10359=AXIS2_PLACEMENT_3D('',#14342,#11643,#11644);
#10360=AXIS2_PLACEMENT_3D('',#14344,#11646,#11647);
#10361=AXIS2_PLACEMENT_3D('',#14347,#11649,#11650);
#10362=AXIS2_PLACEMENT_3D('',#14348,#11651,#11652);
#10363=AXIS2_PLACEMENT_3D('',#14352,#11655,#11656);
#10364=AXIS2_PLACEMENT_3D('',#14353,#11657,#11658);
#10365=AXIS2_PLACEMENT_3D('',#14354,#11659,#11660);
#10366=AXIS2_PLACEMENT_3D('',#14363,#11665,#11666);
#10367=AXIS2_PLACEMENT_3D('',#14367,#11669,#11670);
#10368=AXIS2_PLACEMENT_3D('',#14369,#11671,#11672);
#10369=AXIS2_PLACEMENT_3D('',#14371,#11674,#11675);
#10370=AXIS2_PLACEMENT_3D('',#14373,#11677,#11678);
#10371=AXIS2_PLACEMENT_3D('',#14375,#11680,#11681);
#10372=AXIS2_PLACEMENT_3D('',#14377,#11683,#11684);
#10373=AXIS2_PLACEMENT_3D('',#14378,#11685,#11686);
#10374=AXIS2_PLACEMENT_3D('',#14379,#11687,#11688);
#10375=AXIS2_PLACEMENT_3D('',#14381,#11689,#11690);
#10376=AXIS2_PLACEMENT_3D('',#14386,#11694,#11695);
#10377=AXIS2_PLACEMENT_3D('',#14387,#11696,#11697);
#10378=AXIS2_PLACEMENT_3D('',#14389,#11699,#11700);
#10379=AXIS2_PLACEMENT_3D('',#14391,#11702,#11703);
#10380=AXIS2_PLACEMENT_3D('',#14393,#11705,#11706);
#10381=AXIS2_PLACEMENT_3D('',#14394,#11707,#11708);
#10382=AXIS2_PLACEMENT_3D('',#14395,#11709,#11710);
#10383=AXIS2_PLACEMENT_3D('',#14397,#11712,#11713);
#10384=AXIS2_PLACEMENT_3D('',#14399,#11715,#11716);
#10385=AXIS2_PLACEMENT_3D('',#14402,#11719,#11720);
#10386=AXIS2_PLACEMENT_3D('',#14405,#11723,#11724);
#10387=AXIS2_PLACEMENT_3D('',#14406,#11725,#11726);
#10388=AXIS2_PLACEMENT_3D('',#14407,#11727,#11728);
#10389=AXIS2_PLACEMENT_3D('',#14408,#11729,#11730);
#10390=AXIS2_PLACEMENT_3D('',#14409,#11731,#11732);
#10391=AXIS2_PLACEMENT_3D('',#14410,#11733,#11734);
#10392=AXIS2_PLACEMENT_3D('',#14411,#11735,#11736);
#10393=AXIS2_PLACEMENT_3D('',#14412,#11737,#11738);
#10394=AXIS2_PLACEMENT_3D('',#14413,#11739,#11740);
#10395=AXIS2_PLACEMENT_3D('',#14414,#11741,#11742);
#10396=AXIS2_PLACEMENT_3D('',#14415,#11743,#11744);
#10397=AXIS2_PLACEMENT_3D('',#14424,#11749,#11750);
#10398=AXIS2_PLACEMENT_3D('',#14430,#11754,#11755);
#10399=AXIS2_PLACEMENT_3D('',#14436,#11759,#11760);
#10400=AXIS2_PLACEMENT_3D('',#14439,#11763,#11764);
#10401=AXIS2_PLACEMENT_3D('',#14440,#11765,#11766);
#10402=AXIS2_PLACEMENT_3D('',#14441,#11767,#11768);
#10403=AXIS2_PLACEMENT_3D('',#14442,#11769,#11770);
#10404=AXIS2_PLACEMENT_3D('',#14451,#11775,#11776);
#10405=AXIS2_PLACEMENT_3D('',#14457,#11780,#11781);
#10406=AXIS2_PLACEMENT_3D('',#14463,#11785,#11786);
#10407=AXIS2_PLACEMENT_3D('',#14466,#11789,#11790);
#10408=AXIS2_PLACEMENT_3D('',#14467,#11791,#11792);
#10409=AXIS2_PLACEMENT_3D('',#14468,#11793,#11794);
#10410=AXIS2_PLACEMENT_3D('',#14469,#11795,#11796);
#10411=AXIS2_PLACEMENT_3D('',#14478,#11801,#11802);
#10412=AXIS2_PLACEMENT_3D('',#14484,#11806,#11807);
#10413=AXIS2_PLACEMENT_3D('',#14490,#11811,#11812);
#10414=AXIS2_PLACEMENT_3D('',#14493,#11815,#11816);
#10415=AXIS2_PLACEMENT_3D('',#14494,#11817,#11818);
#10416=AXIS2_PLACEMENT_3D('',#14495,#11819,#11820);
#10417=AXIS2_PLACEMENT_3D('',#14496,#11821,#11822);
#10418=AXIS2_PLACEMENT_3D('',#14505,#11827,#11828);
#10419=AXIS2_PLACEMENT_3D('',#14511,#11832,#11833);
#10420=AXIS2_PLACEMENT_3D('',#14517,#11837,#11838);
#10421=AXIS2_PLACEMENT_3D('',#14520,#11841,#11842);
#10422=AXIS2_PLACEMENT_3D('',#14521,#11843,#11844);
#10423=AXIS2_PLACEMENT_3D('',#14522,#11845,#11846);
#10424=AXIS2_PLACEMENT_3D('',#14523,#11847,#11848);
#10425=AXIS2_PLACEMENT_3D('',#14524,#11849,#11850);
#10426=AXIS2_PLACEMENT_3D('',#14533,#11855,#11856);
#10427=AXIS2_PLACEMENT_3D('',#14539,#11860,#11861);
#10428=AXIS2_PLACEMENT_3D('',#14545,#11865,#11866);
#10429=AXIS2_PLACEMENT_3D('',#14554,#11871,#11872);
#10430=AXIS2_PLACEMENT_3D('',#14560,#11876,#11877);
#10431=AXIS2_PLACEMENT_3D('',#14569,#11882,#11883);
#10432=AXIS2_PLACEMENT_3D('',#14578,#11888,#11889);
#10433=AXIS2_PLACEMENT_3D('',#14587,#11894,#11895);
#10434=AXIS2_PLACEMENT_3D('',#14590,#11898,#11899);
#10435=AXIS2_PLACEMENT_3D('',#14592,#11900,#11901);
#10436=AXIS2_PLACEMENT_3D('',#14595,#11903,#11904);
#10437=AXIS2_PLACEMENT_3D('',#14596,#11905,#11906);
#10438=AXIS2_PLACEMENT_3D('',#14598,#11907,#11908);
#10439=AXIS2_PLACEMENT_3D('',#14601,#11910,#11911);
#10440=AXIS2_PLACEMENT_3D('',#14602,#11912,#11913);
#10441=AXIS2_PLACEMENT_3D('',#14604,#11914,#11915);
#10442=AXIS2_PLACEMENT_3D('',#14607,#11917,#11918);
#10443=AXIS2_PLACEMENT_3D('',#14608,#11919,#11920);
#10444=AXIS2_PLACEMENT_3D('',#14610,#11921,#11922);
#10445=AXIS2_PLACEMENT_3D('',#14613,#11924,#11925);
#10446=AXIS2_PLACEMENT_3D('',#14614,#11926,#11927);
#10447=AXIS2_PLACEMENT_3D('',#14623,#11932,#11933);
#10448=AXIS2_PLACEMENT_3D('',#14629,#11937,#11938);
#10449=AXIS2_PLACEMENT_3D('',#14635,#11942,#11943);
#10450=AXIS2_PLACEMENT_3D('',#14638,#11946,#11947);
#10451=AXIS2_PLACEMENT_3D('',#14647,#11952,#11953);
#10452=AXIS2_PLACEMENT_3D('',#14653,#11957,#11958);
#10453=AXIS2_PLACEMENT_3D('',#14659,#11962,#11963);
#10454=AXIS2_PLACEMENT_3D('',#14662,#11966,#11967);
#10455=AXIS2_PLACEMENT_3D('',#14671,#11972,#11973);
#10456=AXIS2_PLACEMENT_3D('',#14677,#11977,#11978);
#10457=AXIS2_PLACEMENT_3D('',#14683,#11982,#11983);
#10458=AXIS2_PLACEMENT_3D('',#14689,#11987,#11988);
#10459=AXIS2_PLACEMENT_3D('',#14695,#11992,#11993);
#10460=AXIS2_PLACEMENT_3D('',#14698,#11996,#11997);
#10461=AXIS2_PLACEMENT_3D('',#14704,#12001,#12002);
#10462=AXIS2_PLACEMENT_3D('',#14710,#12006,#12007);
#10463=AXIS2_PLACEMENT_3D('',#14716,#12011,#12012);
#10464=AXIS2_PLACEMENT_3D('',#14719,#12015,#12016);
#10465=AXIS2_PLACEMENT_3D('',#14725,#12020,#12021);
#10466=AXIS2_PLACEMENT_3D('',#14731,#12025,#12026);
#10467=AXIS2_PLACEMENT_3D('',#14737,#12030,#12031);
#10468=AXIS2_PLACEMENT_3D('',#14743,#12035,#12036);
#10469=AXIS2_PLACEMENT_3D('',#14746,#12039,#12040);
#10470=AXIS2_PLACEMENT_3D('',#14755,#12045,#12046);
#10471=AXIS2_PLACEMENT_3D('',#14761,#12050,#12051);
#10472=AXIS2_PLACEMENT_3D('',#14767,#12055,#12056);
#10473=AXIS2_PLACEMENT_3D('',#14773,#12060,#12061);
#10474=AXIS2_PLACEMENT_3D('',#14779,#12065,#12066);
#10475=AXIS2_PLACEMENT_3D('',#14785,#12070,#12071);
#10476=AXIS2_PLACEMENT_3D('',#14791,#12075,#12076);
#10477=AXIS2_PLACEMENT_3D('',#14797,#12080,#12081);
#10478=AXIS2_PLACEMENT_3D('',#14803,#12085,#12086);
#10479=AXIS2_PLACEMENT_3D('',#14809,#12090,#12091);
#10480=AXIS2_PLACEMENT_3D('',#14815,#12095,#12096);
#10481=AXIS2_PLACEMENT_3D('',#14818,#12099,#12100);
#10482=AXIS2_PLACEMENT_3D('',#14827,#12105,#12106);
#10483=AXIS2_PLACEMENT_3D('',#14833,#12110,#12111);
#10484=AXIS2_PLACEMENT_3D('',#14839,#12115,#12116);
#10485=AXIS2_PLACEMENT_3D('',#14845,#12120,#12121);
#10486=AXIS2_PLACEMENT_3D('',#14851,#12125,#12126);
#10487=AXIS2_PLACEMENT_3D('',#14857,#12130,#12131);
#10488=AXIS2_PLACEMENT_3D('',#14863,#12135,#12136);
#10489=AXIS2_PLACEMENT_3D('',#14869,#12140,#12141);
#10490=AXIS2_PLACEMENT_3D('',#14875,#12145,#12146);
#10491=AXIS2_PLACEMENT_3D('',#14881,#12150,#12151);
#10492=AXIS2_PLACEMENT_3D('',#14887,#12155,#12156);
#10493=AXIS2_PLACEMENT_3D('',#14890,#12159,#12160);
#10494=AXIS2_PLACEMENT_3D('',#14896,#12164,#12165);
#10495=AXIS2_PLACEMENT_3D('',#14902,#12169,#12170);
#10496=AXIS2_PLACEMENT_3D('',#14908,#12174,#12175);
#10497=AXIS2_PLACEMENT_3D('',#14914,#12179,#12180);
#10498=AXIS2_PLACEMENT_3D('',#14917,#12183,#12184);
#10499=AXIS2_PLACEMENT_3D('',#14923,#12188,#12189);
#10500=AXIS2_PLACEMENT_3D('',#14929,#12193,#12194);
#10501=AXIS2_PLACEMENT_3D('',#14935,#12198,#12199);
#10502=AXIS2_PLACEMENT_3D('',#14941,#12203,#12204);
#10503=AXIS2_PLACEMENT_3D('',#14947,#12208,#12209);
#10504=AXIS2_PLACEMENT_3D('',#14953,#12213,#12214);
#10505=AXIS2_PLACEMENT_3D('',#14959,#12218,#12219);
#10506=AXIS2_PLACEMENT_3D('',#14965,#12223,#12224);
#10507=AXIS2_PLACEMENT_3D('',#14971,#12228,#12229);
#10508=AXIS2_PLACEMENT_3D('',#14977,#12233,#12234);
#10509=AXIS2_PLACEMENT_3D('',#14980,#12237,#12238);
#10510=AXIS2_PLACEMENT_3D('',#14989,#12243,#12244);
#10511=AXIS2_PLACEMENT_3D('',#14995,#12248,#12249);
#10512=AXIS2_PLACEMENT_3D('',#15001,#12253,#12254);
#10513=AXIS2_PLACEMENT_3D('',#15004,#12257,#12258);
#10514=AXIS2_PLACEMENT_3D('',#15005,#12259,#12260);
#10515=AXIS2_PLACEMENT_3D('',#15006,#12261,#12262);
#10516=AXIS2_PLACEMENT_3D('',#15007,#12263,#12264);
#10517=AXIS2_PLACEMENT_3D('',#15016,#12269,#12270);
#10518=AXIS2_PLACEMENT_3D('',#15022,#12274,#12275);
#10519=AXIS2_PLACEMENT_3D('',#15028,#12279,#12280);
#10520=AXIS2_PLACEMENT_3D('',#15031,#12283,#12284);
#10521=AXIS2_PLACEMENT_3D('',#15032,#12285,#12286);
#10522=AXIS2_PLACEMENT_3D('',#15033,#12287,#12288);
#10523=AXIS2_PLACEMENT_3D('',#15034,#12289,#12290);
#10524=AXIS2_PLACEMENT_3D('',#15043,#12295,#12296);
#10525=AXIS2_PLACEMENT_3D('',#15049,#12300,#12301);
#10526=AXIS2_PLACEMENT_3D('',#15055,#12305,#12306);
#10527=AXIS2_PLACEMENT_3D('',#15058,#12309,#12310);
#10528=AXIS2_PLACEMENT_3D('',#15059,#12311,#12312);
#10529=AXIS2_PLACEMENT_3D('',#15060,#12313,#12314);
#10530=AXIS2_PLACEMENT_3D('',#15061,#12315,#12316);
#10531=AXIS2_PLACEMENT_3D('',#15070,#12321,#12322);
#10532=AXIS2_PLACEMENT_3D('',#15076,#12326,#12327);
#10533=AXIS2_PLACEMENT_3D('',#15082,#12331,#12332);
#10534=AXIS2_PLACEMENT_3D('',#15085,#12335,#12336);
#10535=AXIS2_PLACEMENT_3D('',#15086,#12337,#12338);
#10536=AXIS2_PLACEMENT_3D('',#15087,#12339,#12340);
#10537=AXIS2_PLACEMENT_3D('',#15088,#12341,#12342);
#10538=AXIS2_PLACEMENT_3D('',#15089,#12343,#12344);
#10539=AXIS2_PLACEMENT_3D('',#15090,#12345,#12346);
#10540=AXIS2_PLACEMENT_3D('',#15099,#12351,#12352);
#10541=AXIS2_PLACEMENT_3D('',#15108,#12356,#12357);
#10542=AXIS2_PLACEMENT_3D('',#15111,#12359,#12360);
#10543=AXIS2_PLACEMENT_3D('',#15117,#12363,#12364);
#10544=AXIS2_PLACEMENT_3D('',#15119,#12365,#12366);
#10545=AXIS2_PLACEMENT_3D('',#15127,#12370,#12371);
#10546=AXIS2_PLACEMENT_3D('',#15128,#12372,#12373);
#10547=AXIS2_PLACEMENT_3D('',#15129,#12374,#12375);
#10548=AXIS2_PLACEMENT_3D('',#15138,#12379,#12380);
#10549=AXIS2_PLACEMENT_3D('',#15142,#12382,#12383);
#10550=AXIS2_PLACEMENT_3D('',#15150,#12387,#12388);
#10551=AXIS2_PLACEMENT_3D('',#15152,#12389,#12390);
#10552=AXIS2_PLACEMENT_3D('',#15160,#12394,#12395);
#10553=AXIS2_PLACEMENT_3D('',#15161,#12396,#12397);
#10554=AXIS2_PLACEMENT_3D('',#15162,#12398,#12399);
#10555=AXIS2_PLACEMENT_3D('',#15169,#12402,#12403);
#10556=AXIS2_PLACEMENT_3D('',#15171,#12404,#12405);
#10557=AXIS2_PLACEMENT_3D('',#15179,#12409,#12410);
#10558=AXIS2_PLACEMENT_3D('',#15181,#12411,#12412);
#10559=AXIS2_PLACEMENT_3D('',#15186,#12415,#12416);
#10560=AXIS2_PLACEMENT_3D('',#15190,#12418,#12419);
#10561=AXIS2_PLACEMENT_3D('',#15192,#12421,#12422);
#10562=AXIS2_PLACEMENT_3D('',#15199,#12425,#12426);
#10563=AXIS2_PLACEMENT_3D('',#15201,#12427,#12428);
#10564=AXIS2_PLACEMENT_3D('',#15209,#12432,#12433);
#10565=AXIS2_PLACEMENT_3D('',#15211,#12434,#12435);
#10566=AXIS2_PLACEMENT_3D('',#15219,#12439,#12440);
#10567=AXIS2_PLACEMENT_3D('',#15223,#12442,#12443);
#10568=AXIS2_PLACEMENT_3D('',#15225,#12445,#12446);
#10569=AXIS2_PLACEMENT_3D('',#15228,#12449,#12450);
#10570=AXIS2_PLACEMENT_3D('',#15231,#12453,#12454);
#10571=AXIS2_PLACEMENT_3D('',#15234,#12457,#12458);
#10572=AXIS2_PLACEMENT_3D('',#15243,#12463,#12464);
#10573=AXIS2_PLACEMENT_3D('',#15245,#12465,#12466);
#10574=AXIS2_PLACEMENT_3D('',#15250,#12470,#12471);
#10575=AXIS2_PLACEMENT_3D('',#15251,#12472,#12473);
#10576=AXIS2_PLACEMENT_3D('',#15253,#12475,#12476);
#10577=AXIS2_PLACEMENT_3D('',#15255,#12478,#12479);
#10578=AXIS2_PLACEMENT_3D('',#15257,#12481,#12482);
#10579=AXIS2_PLACEMENT_3D('',#15259,#12484,#12485);
#10580=AXIS2_PLACEMENT_3D('',#15262,#12487,#12488);
#10581=AXIS2_PLACEMENT_3D('',#15263,#12489,#12490);
#10582=AXIS2_PLACEMENT_3D('',#15267,#12493,#12494);
#10583=AXIS2_PLACEMENT_3D('',#15268,#12495,#12496);
#10584=AXIS2_PLACEMENT_3D('',#15269,#12497,#12498);
#10585=AXIS2_PLACEMENT_3D('',#15273,#12501,#12502);
#10586=AXIS2_PLACEMENT_3D('',#15275,#12503,#12504);
#10587=AXIS2_PLACEMENT_3D('',#15277,#12506,#12507);
#10588=AXIS2_PLACEMENT_3D('',#15279,#12509,#12510);
#10589=AXIS2_PLACEMENT_3D('',#15281,#12512,#12513);
#10590=AXIS2_PLACEMENT_3D('',#15283,#12515,#12516);
#10591=AXIS2_PLACEMENT_3D('',#15285,#12518,#12519);
#10592=AXIS2_PLACEMENT_3D('',#15288,#12521,#12522);
#10593=AXIS2_PLACEMENT_3D('',#15289,#12523,#12524);
#10594=AXIS2_PLACEMENT_3D('',#15293,#12527,#12528);
#10595=AXIS2_PLACEMENT_3D('',#15294,#12529,#12530);
#10596=AXIS2_PLACEMENT_3D('',#15295,#12531,#12532);
#10597=AXIS2_PLACEMENT_3D('',#15304,#12537,#12538);
#10598=AXIS2_PLACEMENT_3D('',#15308,#12541,#12542);
#10599=AXIS2_PLACEMENT_3D('',#15310,#12543,#12544);
#10600=AXIS2_PLACEMENT_3D('',#15312,#12546,#12547);
#10601=AXIS2_PLACEMENT_3D('',#15314,#12549,#12550);
#10602=AXIS2_PLACEMENT_3D('',#15316,#12552,#12553);
#10603=AXIS2_PLACEMENT_3D('',#15318,#12555,#12556);
#10604=AXIS2_PLACEMENT_3D('',#15319,#12557,#12558);
#10605=AXIS2_PLACEMENT_3D('',#15320,#12559,#12560);
#10606=AXIS2_PLACEMENT_3D('',#15322,#12561,#12562);
#10607=AXIS2_PLACEMENT_3D('',#15327,#12566,#12567);
#10608=AXIS2_PLACEMENT_3D('',#15328,#12568,#12569);
#10609=AXIS2_PLACEMENT_3D('',#15330,#12571,#12572);
#10610=AXIS2_PLACEMENT_3D('',#15332,#12574,#12575);
#10611=AXIS2_PLACEMENT_3D('',#15334,#12577,#12578);
#10612=AXIS2_PLACEMENT_3D('',#15335,#12579,#12580);
#10613=AXIS2_PLACEMENT_3D('',#15336,#12581,#12582);
#10614=AXIS2_PLACEMENT_3D('',#15338,#12584,#12585);
#10615=AXIS2_PLACEMENT_3D('',#15340,#12587,#12588);
#10616=AXIS2_PLACEMENT_3D('',#15343,#12591,#12592);
#10617=AXIS2_PLACEMENT_3D('',#15346,#12595,#12596);
#10618=AXIS2_PLACEMENT_3D('',#15347,#12597,#12598);
#10619=AXIS2_PLACEMENT_3D('',#15348,#12599,#12600);
#10620=AXIS2_PLACEMENT_3D('',#15349,#12601,#12602);
#10621=AXIS2_PLACEMENT_3D('',#15350,#12603,#12604);
#10622=AXIS2_PLACEMENT_3D('',#15351,#12605,#12606);
#10623=AXIS2_PLACEMENT_3D('',#15352,#12607,#12608);
#10624=AXIS2_PLACEMENT_3D('',#15353,#12609,#12610);
#10625=AXIS2_PLACEMENT_3D('',#15354,#12611,#12612);
#10626=AXIS2_PLACEMENT_3D('',#15355,#12613,#12614);
#10627=AXIS2_PLACEMENT_3D('',#15356,#12615,#12616);
#10628=AXIS2_PLACEMENT_3D('',#15365,#12621,#12622);
#10629=AXIS2_PLACEMENT_3D('',#15371,#12626,#12627);
#10630=AXIS2_PLACEMENT_3D('',#15377,#12631,#12632);
#10631=AXIS2_PLACEMENT_3D('',#15380,#12635,#12636);
#10632=AXIS2_PLACEMENT_3D('',#15381,#12637,#12638);
#10633=AXIS2_PLACEMENT_3D('',#15382,#12639,#12640);
#10634=AXIS2_PLACEMENT_3D('',#15383,#12641,#12642);
#10635=AXIS2_PLACEMENT_3D('',#15384,#12643,#12644);
#10636=AXIS2_PLACEMENT_3D('',#15393,#12649,#12650);
#10637=AXIS2_PLACEMENT_3D('',#15399,#12654,#12655);
#10638=AXIS2_PLACEMENT_3D('',#15405,#12659,#12660);
#10639=AXIS2_PLACEMENT_3D('',#15414,#12665,#12666);
#10640=AXIS2_PLACEMENT_3D('',#15420,#12670,#12671);
#10641=AXIS2_PLACEMENT_3D('',#15429,#12676,#12677);
#10642=AXIS2_PLACEMENT_3D('',#15438,#12682,#12683);
#10643=AXIS2_PLACEMENT_3D('',#15447,#12688,#12689);
#10644=AXIS2_PLACEMENT_3D('',#15450,#12692,#12693);
#10645=AXIS2_PLACEMENT_3D('',#15452,#12694,#12695);
#10646=AXIS2_PLACEMENT_3D('',#15455,#12697,#12698);
#10647=AXIS2_PLACEMENT_3D('',#15456,#12699,#12700);
#10648=AXIS2_PLACEMENT_3D('',#15458,#12701,#12702);
#10649=AXIS2_PLACEMENT_3D('',#15461,#12704,#12705);
#10650=AXIS2_PLACEMENT_3D('',#15462,#12706,#12707);
#10651=AXIS2_PLACEMENT_3D('',#15464,#12708,#12709);
#10652=AXIS2_PLACEMENT_3D('',#15467,#12711,#12712);
#10653=AXIS2_PLACEMENT_3D('',#15468,#12713,#12714);
#10654=AXIS2_PLACEMENT_3D('',#15470,#12715,#12716);
#10655=AXIS2_PLACEMENT_3D('',#15473,#12718,#12719);
#10656=AXIS2_PLACEMENT_3D('',#15474,#12720,#12721);
#10657=AXIS2_PLACEMENT_3D('',#15483,#12726,#12727);
#10658=AXIS2_PLACEMENT_3D('',#15489,#12731,#12732);
#10659=AXIS2_PLACEMENT_3D('',#15495,#12736,#12737);
#10660=AXIS2_PLACEMENT_3D('',#15498,#12740,#12741);
#10661=AXIS2_PLACEMENT_3D('',#15507,#12746,#12747);
#10662=AXIS2_PLACEMENT_3D('',#15513,#12751,#12752);
#10663=AXIS2_PLACEMENT_3D('',#15519,#12756,#12757);
#10664=AXIS2_PLACEMENT_3D('',#15525,#12761,#12762);
#10665=AXIS2_PLACEMENT_3D('',#15531,#12766,#12767);
#10666=AXIS2_PLACEMENT_3D('',#15537,#12771,#12772);
#10667=AXIS2_PLACEMENT_3D('',#15543,#12776,#12777);
#10668=AXIS2_PLACEMENT_3D('',#15549,#12781,#12782);
#10669=AXIS2_PLACEMENT_3D('',#15555,#12786,#12787);
#10670=AXIS2_PLACEMENT_3D('',#15561,#12791,#12792);
#10671=AXIS2_PLACEMENT_3D('',#15567,#12796,#12797);
#10672=AXIS2_PLACEMENT_3D('',#15570,#12800,#12801);
#10673=AXIS2_PLACEMENT_3D('',#15579,#12806,#12807);
#10674=AXIS2_PLACEMENT_3D('',#15585,#12811,#12812);
#10675=AXIS2_PLACEMENT_3D('',#15591,#12816,#12817);
#10676=AXIS2_PLACEMENT_3D('',#15597,#12821,#12822);
#10677=AXIS2_PLACEMENT_3D('',#15603,#12826,#12827);
#10678=AXIS2_PLACEMENT_3D('',#15609,#12831,#12832);
#10679=AXIS2_PLACEMENT_3D('',#15615,#12836,#12837);
#10680=AXIS2_PLACEMENT_3D('',#15621,#12841,#12842);
#10681=AXIS2_PLACEMENT_3D('',#15627,#12846,#12847);
#10682=AXIS2_PLACEMENT_3D('',#15633,#12851,#12852);
#10683=AXIS2_PLACEMENT_3D('',#15639,#12856,#12857);
#10684=AXIS2_PLACEMENT_3D('',#15642,#12860,#12861);
#10685=AXIS2_PLACEMENT_3D('',#15651,#12866,#12867);
#10686=AXIS2_PLACEMENT_3D('',#15657,#12871,#12872);
#10687=AXIS2_PLACEMENT_3D('',#15663,#12876,#12877);
#10688=AXIS2_PLACEMENT_3D('',#15669,#12881,#12882);
#10689=AXIS2_PLACEMENT_3D('',#15675,#12886,#12887);
#10690=AXIS2_PLACEMENT_3D('',#15678,#12890,#12891);
#10691=AXIS2_PLACEMENT_3D('',#15684,#12895,#12896);
#10692=AXIS2_PLACEMENT_3D('',#15690,#12900,#12901);
#10693=AXIS2_PLACEMENT_3D('',#15696,#12905,#12906);
#10694=AXIS2_PLACEMENT_3D('',#15699,#12909,#12910);
#10695=AXIS2_PLACEMENT_3D('',#15705,#12914,#12915);
#10696=AXIS2_PLACEMENT_3D('',#15711,#12919,#12920);
#10697=AXIS2_PLACEMENT_3D('',#15717,#12924,#12925);
#10698=AXIS2_PLACEMENT_3D('',#15723,#12929,#12930);
#10699=AXIS2_PLACEMENT_3D('',#15726,#12933,#12934);
#10700=AXIS2_PLACEMENT_3D('',#15735,#12939,#12940);
#10701=AXIS2_PLACEMENT_3D('',#15741,#12944,#12945);
#10702=AXIS2_PLACEMENT_3D('',#15747,#12949,#12950);
#10703=AXIS2_PLACEMENT_3D('',#15750,#12953,#12954);
#10704=AXIS2_PLACEMENT_3D('',#15756,#12958,#12959);
#10705=AXIS2_PLACEMENT_3D('',#15762,#12963,#12964);
#10706=AXIS2_PLACEMENT_3D('',#15768,#12968,#12969);
#10707=AXIS2_PLACEMENT_3D('',#15774,#12973,#12974);
#10708=AXIS2_PLACEMENT_3D('',#15777,#12977,#12978);
#10709=AXIS2_PLACEMENT_3D('',#15783,#12982,#12983);
#10710=AXIS2_PLACEMENT_3D('',#15789,#12987,#12988);
#10711=AXIS2_PLACEMENT_3D('',#15795,#12992,#12993);
#10712=AXIS2_PLACEMENT_3D('',#15801,#12997,#12998);
#10713=AXIS2_PLACEMENT_3D('',#15807,#13002,#13003);
#10714=AXIS2_PLACEMENT_3D('',#15813,#13007,#13008);
#10715=AXIS2_PLACEMENT_3D('',#15819,#13012,#13013);
#10716=AXIS2_PLACEMENT_3D('',#15825,#13017,#13018);
#10717=AXIS2_PLACEMENT_3D('',#15831,#13022,#13023);
#10718=AXIS2_PLACEMENT_3D('',#15837,#13027,#13028);
#10719=AXIS2_PLACEMENT_3D('',#15840,#13031,#13032);
#10720=AXIS2_PLACEMENT_3D('',#15849,#13037,#13038);
#10721=AXIS2_PLACEMENT_3D('',#15855,#13042,#13043);
#10722=AXIS2_PLACEMENT_3D('',#15861,#13047,#13048);
#10723=AXIS2_PLACEMENT_3D('',#15864,#13051,#13052);
#10724=AXIS2_PLACEMENT_3D('',#15865,#13053,#13054);
#10725=AXIS2_PLACEMENT_3D('',#15866,#13055,#13056);
#10726=AXIS2_PLACEMENT_3D('',#15867,#13057,#13058);
#10727=AXIS2_PLACEMENT_3D('',#15876,#13063,#13064);
#10728=AXIS2_PLACEMENT_3D('',#15882,#13068,#13069);
#10729=AXIS2_PLACEMENT_3D('',#15888,#13073,#13074);
#10730=AXIS2_PLACEMENT_3D('',#15891,#13077,#13078);
#10731=AXIS2_PLACEMENT_3D('',#15892,#13079,#13080);
#10732=AXIS2_PLACEMENT_3D('',#15893,#13081,#13082);
#10733=AXIS2_PLACEMENT_3D('',#15894,#13083,#13084);
#10734=AXIS2_PLACEMENT_3D('',#15903,#13089,#13090);
#10735=AXIS2_PLACEMENT_3D('',#15909,#13094,#13095);
#10736=AXIS2_PLACEMENT_3D('',#15915,#13099,#13100);
#10737=AXIS2_PLACEMENT_3D('',#15918,#13103,#13104);
#10738=AXIS2_PLACEMENT_3D('',#15919,#13105,#13106);
#10739=AXIS2_PLACEMENT_3D('',#15920,#13107,#13108);
#10740=AXIS2_PLACEMENT_3D('',#15921,#13109,#13110);
#10741=AXIS2_PLACEMENT_3D('',#15930,#13115,#13116);
#10742=AXIS2_PLACEMENT_3D('',#15936,#13120,#13121);
#10743=AXIS2_PLACEMENT_3D('',#15942,#13125,#13126);
#10744=AXIS2_PLACEMENT_3D('',#15945,#13129,#13130);
#10745=AXIS2_PLACEMENT_3D('',#15946,#13131,#13132);
#10746=AXIS2_PLACEMENT_3D('',#15947,#13133,#13134);
#10747=AXIS2_PLACEMENT_3D('',#15948,#13135,#13136);
#10748=AXIS2_PLACEMENT_3D('',#15949,#13137,#13138);
#10749=AXIS2_PLACEMENT_3D('',#15950,#13139,#13140);
#10750=AXIS2_PLACEMENT_3D('',#15959,#13145,#13146);
#10751=AXIS2_PLACEMENT_3D('',#15968,#13150,#13151);
#10752=AXIS2_PLACEMENT_3D('',#15971,#13153,#13154);
#10753=AXIS2_PLACEMENT_3D('',#15977,#13157,#13158);
#10754=AXIS2_PLACEMENT_3D('',#15979,#13159,#13160);
#10755=AXIS2_PLACEMENT_3D('',#15987,#13164,#13165);
#10756=AXIS2_PLACEMENT_3D('',#15988,#13166,#13167);
#10757=AXIS2_PLACEMENT_3D('',#15989,#13168,#13169);
#10758=AXIS2_PLACEMENT_3D('',#15998,#13173,#13174);
#10759=AXIS2_PLACEMENT_3D('',#16002,#13176,#13177);
#10760=AXIS2_PLACEMENT_3D('',#16010,#13181,#13182);
#10761=AXIS2_PLACEMENT_3D('',#16012,#13183,#13184);
#10762=AXIS2_PLACEMENT_3D('',#16020,#13188,#13189);
#10763=AXIS2_PLACEMENT_3D('',#16021,#13190,#13191);
#10764=AXIS2_PLACEMENT_3D('',#16022,#13192,#13193);
#10765=AXIS2_PLACEMENT_3D('',#16029,#13196,#13197);
#10766=AXIS2_PLACEMENT_3D('',#16031,#13198,#13199);
#10767=AXIS2_PLACEMENT_3D('',#16039,#13203,#13204);
#10768=AXIS2_PLACEMENT_3D('',#16041,#13205,#13206);
#10769=AXIS2_PLACEMENT_3D('',#16046,#13209,#13210);
#10770=AXIS2_PLACEMENT_3D('',#16050,#13212,#13213);
#10771=AXIS2_PLACEMENT_3D('',#16052,#13215,#13216);
#10772=AXIS2_PLACEMENT_3D('',#16059,#13219,#13220);
#10773=AXIS2_PLACEMENT_3D('',#16061,#13221,#13222);
#10774=AXIS2_PLACEMENT_3D('',#16069,#13226,#13227);
#10775=AXIS2_PLACEMENT_3D('',#16071,#13228,#13229);
#10776=AXIS2_PLACEMENT_3D('',#16079,#13233,#13234);
#10777=AXIS2_PLACEMENT_3D('',#16083,#13236,#13237);
#10778=AXIS2_PLACEMENT_3D('',#16085,#13239,#13240);
#10779=AXIS2_PLACEMENT_3D('',#16088,#13243,#13244);
#10780=AXIS2_PLACEMENT_3D('',#16091,#13247,#13248);
#10781=AXIS2_PLACEMENT_3D('',#16094,#13251,#13252);
#10782=AXIS2_PLACEMENT_3D('',#16103,#13257,#13258);
#10783=AXIS2_PLACEMENT_3D('',#16105,#13259,#13260);
#10784=AXIS2_PLACEMENT_3D('',#16110,#13264,#13265);
#10785=AXIS2_PLACEMENT_3D('',#16111,#13266,#13267);
#10786=AXIS2_PLACEMENT_3D('',#16113,#13269,#13270);
#10787=AXIS2_PLACEMENT_3D('',#16115,#13272,#13273);
#10788=AXIS2_PLACEMENT_3D('',#16117,#13275,#13276);
#10789=AXIS2_PLACEMENT_3D('',#16119,#13278,#13279);
#10790=AXIS2_PLACEMENT_3D('',#16122,#13281,#13282);
#10791=AXIS2_PLACEMENT_3D('',#16123,#13283,#13284);
#10792=AXIS2_PLACEMENT_3D('',#16127,#13287,#13288);
#10793=AXIS2_PLACEMENT_3D('',#16128,#13289,#13290);
#10794=AXIS2_PLACEMENT_3D('',#16129,#13291,#13292);
#10795=AXIS2_PLACEMENT_3D('',#16133,#13295,#13296);
#10796=AXIS2_PLACEMENT_3D('',#16135,#13297,#13298);
#10797=AXIS2_PLACEMENT_3D('',#16137,#13300,#13301);
#10798=AXIS2_PLACEMENT_3D('',#16139,#13303,#13304);
#10799=AXIS2_PLACEMENT_3D('',#16141,#13306,#13307);
#10800=AXIS2_PLACEMENT_3D('',#16143,#13309,#13310);
#10801=AXIS2_PLACEMENT_3D('',#16145,#13312,#13313);
#10802=AXIS2_PLACEMENT_3D('',#16148,#13315,#13316);
#10803=AXIS2_PLACEMENT_3D('',#16149,#13317,#13318);
#10804=AXIS2_PLACEMENT_3D('',#16153,#13321,#13322);
#10805=AXIS2_PLACEMENT_3D('',#16154,#13323,#13324);
#10806=AXIS2_PLACEMENT_3D('',#16155,#13325,#13326);
#10807=AXIS2_PLACEMENT_3D('',#16164,#13331,#13332);
#10808=AXIS2_PLACEMENT_3D('',#16168,#13335,#13336);
#10809=AXIS2_PLACEMENT_3D('',#16170,#13337,#13338);
#10810=AXIS2_PLACEMENT_3D('',#16172,#13340,#13341);
#10811=AXIS2_PLACEMENT_3D('',#16174,#13343,#13344);
#10812=AXIS2_PLACEMENT_3D('',#16176,#13346,#13347);
#10813=AXIS2_PLACEMENT_3D('',#16178,#13349,#13350);
#10814=AXIS2_PLACEMENT_3D('',#16179,#13351,#13352);
#10815=AXIS2_PLACEMENT_3D('',#16180,#13353,#13354);
#10816=AXIS2_PLACEMENT_3D('',#16182,#13355,#13356);
#10817=AXIS2_PLACEMENT_3D('',#16187,#13360,#13361);
#10818=AXIS2_PLACEMENT_3D('',#16188,#13362,#13363);
#10819=AXIS2_PLACEMENT_3D('',#16190,#13365,#13366);
#10820=AXIS2_PLACEMENT_3D('',#16192,#13368,#13369);
#10821=AXIS2_PLACEMENT_3D('',#16194,#13371,#13372);
#10822=AXIS2_PLACEMENT_3D('',#16195,#13373,#13374);
#10823=AXIS2_PLACEMENT_3D('',#16196,#13375,#13376);
#10824=AXIS2_PLACEMENT_3D('',#16198,#13378,#13379);
#10825=AXIS2_PLACEMENT_3D('',#16200,#13381,#13382);
#10826=AXIS2_PLACEMENT_3D('',#16203,#13385,#13386);
#10827=AXIS2_PLACEMENT_3D('',#16206,#13389,#13390);
#10828=AXIS2_PLACEMENT_3D('',#16207,#13391,#13392);
#10829=AXIS2_PLACEMENT_3D('',#16208,#13393,#13394);
#10830=AXIS2_PLACEMENT_3D('',#16209,#13395,#13396);
#10831=AXIS2_PLACEMENT_3D('',#16210,#13397,#13398);
#10832=AXIS2_PLACEMENT_3D('',#16211,#13399,#13400);
#10833=AXIS2_PLACEMENT_3D('',#16212,#13401,#13402);
#10834=AXIS2_PLACEMENT_3D('',#16213,#13403,#13404);
#10835=AXIS2_PLACEMENT_3D('',#16214,#13405,#13406);
#10836=AXIS2_PLACEMENT_3D('',#16215,#13407,#13408);
#10837=AXIS2_PLACEMENT_3D('',#16216,#13409,#13410);
#10838=AXIS2_PLACEMENT_3D('',#16225,#13415,#13416);
#10839=AXIS2_PLACEMENT_3D('',#16231,#13420,#13421);
#10840=AXIS2_PLACEMENT_3D('',#16237,#13425,#13426);
#10841=AXIS2_PLACEMENT_3D('',#16240,#13429,#13430);
#10842=AXIS2_PLACEMENT_3D('',#16241,#13431,#13432);
#10843=AXIS2_PLACEMENT_3D('',#16242,#13433,#13434);
#10844=AXIS2_PLACEMENT_3D('',#16243,#13435,#13436);
#10845=AXIS2_PLACEMENT_3D('',#16245,#13437,#13438);
#10846=AXIS2_PLACEMENT_3D('',#16248,#13440,#13441);
#10847=AXIS2_PLACEMENT_3D('',#16249,#13442,#13443);
#10848=AXIS2_PLACEMENT_3D('',#16250,#13444,#13445);
#10849=AXIS2_PLACEMENT_3D('',#16251,#13446,#13447);
#10850=AXIS2_PLACEMENT_3D('',#16252,#13448,#13449);
#10851=AXIS2_PLACEMENT_3D('',#16253,#13450,#13451);
#10852=AXIS2_PLACEMENT_3D('',#16254,#13452,#13453);
#10853=AXIS2_PLACEMENT_3D('',#16255,#13454,#13455);
#10854=AXIS2_PLACEMENT_3D('',#16256,#13456,#13457);
#10855=AXIS2_PLACEMENT_3D('',#16257,#13458,#13459);
#10856=AXIS2_PLACEMENT_3D('',#16258,#13460,#13461);
#10857=AXIS2_PLACEMENT_3D('',#16259,#13462,#13463);
#10858=AXIS2_PLACEMENT_3D('',#16260,#13464,#13465);
#10859=AXIS2_PLACEMENT_3D('',#16261,#13466,#13467);
#10860=AXIS2_PLACEMENT_3D('',#16262,#13468,#13469);
#10861=AXIS2_PLACEMENT_3D('',#16263,#13470,#13471);
#10862=AXIS2_PLACEMENT_3D('',#16264,#13472,#13473);
#10863=DIRECTION('axis',(0.,0.,1.));
#10864=DIRECTION('refdir',(1.,0.,0.));
#10865=DIRECTION('axis',(0.,0.,1.));
#10866=DIRECTION('refdir',(1.,0.,0.));
#10867=DIRECTION('axis',(0.,0.,1.));
#10868=DIRECTION('refdir',(1.,0.,0.));
#10869=DIRECTION('center_axis',(0.,0.,1.));
#10870=DIRECTION('ref_axis',(1.,0.,0.));
#10871=DIRECTION('center_axis',(0.,0.,1.));
#10872=DIRECTION('ref_axis',(1.,0.,0.));
#10873=DIRECTION('',(0.,0.,1.));
#10874=DIRECTION('center_axis',(0.,0.,-1.));
#10875=DIRECTION('ref_axis',(1.,0.,0.));
#10876=DIRECTION('center_axis',(0.,0.,1.));
#10877=DIRECTION('ref_axis',(1.,0.,0.));
#10878=DIRECTION('center_axis',(0.,0.,1.));
#10879=DIRECTION('ref_axis',(1.,0.,0.));
#10880=DIRECTION('',(0.,0.,1.));
#10881=DIRECTION('center_axis',(0.,0.,-1.));
#10882=DIRECTION('ref_axis',(1.,0.,0.));
#10883=DIRECTION('center_axis',(0.,0.,1.));
#10884=DIRECTION('ref_axis',(1.,0.,0.));
#10885=DIRECTION('center_axis',(0.,0.,1.));
#10886=DIRECTION('ref_axis',(1.,0.,0.));
#10887=DIRECTION('',(0.,0.,1.));
#10888=DIRECTION('center_axis',(0.,0.,-1.));
#10889=DIRECTION('ref_axis',(1.,0.,0.));
#10890=DIRECTION('center_axis',(0.,0.,1.));
#10891=DIRECTION('ref_axis',(1.,0.,0.));
#10892=DIRECTION('center_axis',(0.,0.,1.));
#10893=DIRECTION('ref_axis',(1.,0.,0.));
#10894=DIRECTION('',(0.,0.,1.));
#10895=DIRECTION('center_axis',(0.,0.,-1.));
#10896=DIRECTION('ref_axis',(1.,0.,0.));
#10897=DIRECTION('center_axis',(0.,1.,0.));
#10898=DIRECTION('ref_axis',(-1.,0.,0.));
#10899=DIRECTION('',(-1.,0.,0.));
#10900=DIRECTION('',(0.,0.,1.));
#10901=DIRECTION('',(-1.,0.,0.));
#10902=DIRECTION('',(0.,0.,1.));
#10903=DIRECTION('center_axis',(1.,0.,0.));
#10904=DIRECTION('ref_axis',(0.,1.,0.));
#10905=DIRECTION('',(0.,1.,0.));
#10906=DIRECTION('',(0.,1.,0.));
#10907=DIRECTION('',(0.,0.,1.));
#10908=DIRECTION('center_axis',(0.,-1.,0.));
#10909=DIRECTION('ref_axis',(1.,0.,0.));
#10910=DIRECTION('',(1.,0.,0.));
#10911=DIRECTION('',(1.,0.,0.));
#10912=DIRECTION('',(0.,0.,1.));
#10913=DIRECTION('center_axis',(-1.,0.,0.));
#10914=DIRECTION('ref_axis',(0.,-1.,0.));
#10915=DIRECTION('',(0.,-1.,0.));
#10916=DIRECTION('',(0.,-1.,0.));
#10917=DIRECTION('center_axis',(0.,0.,1.));
#10918=DIRECTION('ref_axis',(1.,0.,0.));
#10919=DIRECTION('center_axis',(0.,0.,1.));
#10920=DIRECTION('ref_axis',(1.,0.,0.));
#10921=DIRECTION('axis',(0.,0.,1.));
#10922=DIRECTION('refdir',(1.,0.,0.));
#10923=DIRECTION('center_axis',(0.,1.,0.));
#10924=DIRECTION('ref_axis',(-1.,0.,0.));
#10925=DIRECTION('',(-1.,0.,0.));
#10926=DIRECTION('',(0.,0.,1.));
#10927=DIRECTION('',(-1.,0.,0.));
#10928=DIRECTION('',(0.,0.,1.));
#10929=DIRECTION('center_axis',(1.,0.,0.));
#10930=DIRECTION('ref_axis',(0.,1.,0.));
#10931=DIRECTION('',(0.,1.,0.));
#10932=DIRECTION('',(0.,1.,0.));
#10933=DIRECTION('',(0.,0.,1.));
#10934=DIRECTION('center_axis',(0.,-1.,0.));
#10935=DIRECTION('ref_axis',(1.,0.,0.));
#10936=DIRECTION('',(1.,0.,0.));
#10937=DIRECTION('',(1.,0.,0.));
#10938=DIRECTION('',(0.,0.,1.));
#10939=DIRECTION('center_axis',(-1.,0.,0.));
#10940=DIRECTION('ref_axis',(0.,-1.,0.));
#10941=DIRECTION('',(0.,-1.,0.));
#10942=DIRECTION('',(0.,-1.,0.));
#10943=DIRECTION('center_axis',(0.,0.,1.));
#10944=DIRECTION('ref_axis',(1.,0.,0.));
#10945=DIRECTION('center_axis',(0.,0.,1.));
#10946=DIRECTION('ref_axis',(1.,0.,0.));
#10947=DIRECTION('axis',(0.,0.,1.));
#10948=DIRECTION('refdir',(1.,0.,0.));
#10949=DIRECTION('center_axis',(0.,1.,0.));
#10950=DIRECTION('ref_axis',(-1.,0.,0.));
#10951=DIRECTION('',(-1.,0.,0.));
#10952=DIRECTION('',(0.,0.,1.));
#10953=DIRECTION('',(-1.,0.,0.));
#10954=DIRECTION('',(0.,0.,1.));
#10955=DIRECTION('center_axis',(1.,0.,0.));
#10956=DIRECTION('ref_axis',(0.,1.,0.));
#10957=DIRECTION('',(0.,1.,0.));
#10958=DIRECTION('',(0.,1.,0.));
#10959=DIRECTION('',(0.,0.,1.));
#10960=DIRECTION('center_axis',(0.,-1.,0.));
#10961=DIRECTION('ref_axis',(1.,0.,0.));
#10962=DIRECTION('',(1.,0.,0.));
#10963=DIRECTION('',(1.,0.,0.));
#10964=DIRECTION('',(0.,0.,1.));
#10965=DIRECTION('center_axis',(-1.,0.,0.));
#10966=DIRECTION('ref_axis',(0.,-1.,0.));
#10967=DIRECTION('',(0.,-1.,0.));
#10968=DIRECTION('',(0.,-1.,0.));
#10969=DIRECTION('center_axis',(0.,0.,1.));
#10970=DIRECTION('ref_axis',(1.,0.,0.));
#10971=DIRECTION('center_axis',(0.,0.,1.));
#10972=DIRECTION('ref_axis',(1.,0.,0.));
#10973=DIRECTION('axis',(0.,0.,1.));
#10974=DIRECTION('refdir',(1.,0.,0.));
#10975=DIRECTION('axis',(0.,0.,1.));
#10976=DIRECTION('refdir',(1.,0.,0.));
#10977=DIRECTION('center_axis',(1.,0.,0.));
#10978=DIRECTION('ref_axis',(0.,1.,0.));
#10979=DIRECTION('',(0.,0.,-1.));
#10980=DIRECTION('',(0.,1.,0.));
#10981=DIRECTION('',(0.,0.,1.));
#10982=DIRECTION('',(0.,-1.,0.));
#10983=DIRECTION('center_axis',(0.,1.,0.));
#10984=DIRECTION('ref_axis',(-1.,0.,0.));
#10985=DIRECTION('',(1.,0.,0.));
#10986=DIRECTION('',(-1.,0.,0.));
#10987=DIRECTION('',(0.,0.,1.));
#10988=DIRECTION('center_axis',(-1.,0.,0.));
#10989=DIRECTION('ref_axis',(0.,-1.,0.));
#10990=DIRECTION('',(0.,0.,1.));
#10991=DIRECTION('',(0.,1.,0.));
#10992=DIRECTION('',(0.,-1.,0.));
#10993=DIRECTION('center_axis',(0.,-1.,0.));
#10994=DIRECTION('ref_axis',(1.,0.,0.));
#10995=DIRECTION('',(-1.,0.,0.));
#10996=DIRECTION('',(0.,0.,1.));
#10997=DIRECTION('',(1.,0.,0.));
#10998=DIRECTION('',(0.,0.,1.));
#10999=DIRECTION('center_axis',(0.,-1.,0.));
#11000=DIRECTION('ref_axis',(1.,0.,0.));
#11001=DIRECTION('',(1.,0.,0.));
#11002=DIRECTION('',(0.,0.,1.));
#11003=DIRECTION('',(1.,0.,0.));
#11004=DIRECTION('center_axis',(-1.,0.,0.));
#11005=DIRECTION('ref_axis',(0.,-1.,0.));
#11006=DIRECTION('',(0.,0.,-1.));
#11007=DIRECTION('',(0.,-1.,0.));
#11008=DIRECTION('',(0.,0.,1.));
#11009=DIRECTION('',(0.,-1.,0.));
#11010=DIRECTION('center_axis',(1.,0.,0.));
#11011=DIRECTION('ref_axis',(0.,1.,0.));
#11012=DIRECTION('',(0.,0.,1.));
#11013=DIRECTION('',(0.,1.,0.));
#11014=DIRECTION('',(0.,0.,1.));
#11015=DIRECTION('',(0.,1.,0.));
#11016=DIRECTION('center_axis',(0.,1.,0.));
#11017=DIRECTION('ref_axis',(-1.,0.,0.));
#11018=DIRECTION('',(-1.,0.,0.));
#11019=DIRECTION('',(0.,0.,1.));
#11020=DIRECTION('',(-1.,0.,0.));
#11021=DIRECTION('',(0.,0.,1.));
#11022=DIRECTION('center_axis',(0.,-1.,0.));
#11023=DIRECTION('ref_axis',(1.,0.,0.));
#11024=DIRECTION('',(1.,0.,0.));
#11025=DIRECTION('',(1.,0.,0.));
#11026=DIRECTION('center_axis',(0.,0.,1.));
#11027=DIRECTION('ref_axis',(1.,0.,0.));
#11028=DIRECTION('center_axis',(0.,0.,1.));
#11029=DIRECTION('ref_axis',(1.,0.,0.));
#11030=DIRECTION('',(0.,0.,1.));
#11031=DIRECTION('center_axis',(0.,0.,-1.));
#11032=DIRECTION('ref_axis',(1.,0.,0.));
#11033=DIRECTION('center_axis',(0.,0.,1.));
#11034=DIRECTION('ref_axis',(1.,0.,0.));
#11035=DIRECTION('center_axis',(0.,0.,1.));
#11036=DIRECTION('ref_axis',(1.,0.,0.));
#11037=DIRECTION('',(0.,0.,1.));
#11038=DIRECTION('center_axis',(0.,0.,-1.));
#11039=DIRECTION('ref_axis',(1.,0.,0.));
#11040=DIRECTION('center_axis',(0.,0.,1.));
#11041=DIRECTION('ref_axis',(1.,0.,0.));
#11042=DIRECTION('center_axis',(0.,0.,1.));
#11043=DIRECTION('ref_axis',(1.,0.,0.));
#11044=DIRECTION('',(0.,0.,1.));
#11045=DIRECTION('center_axis',(0.,0.,-1.));
#11046=DIRECTION('ref_axis',(1.,0.,0.));
#11047=DIRECTION('center_axis',(0.,0.,1.));
#11048=DIRECTION('ref_axis',(1.,0.,0.));
#11049=DIRECTION('center_axis',(0.,0.,1.));
#11050=DIRECTION('ref_axis',(1.,0.,0.));
#11051=DIRECTION('',(0.,0.,1.));
#11052=DIRECTION('center_axis',(0.,0.,-1.));
#11053=DIRECTION('ref_axis',(1.,0.,0.));
#11054=DIRECTION('center_axis',(0.,-1.,0.));
#11055=DIRECTION('ref_axis',(1.,0.,0.));
#11056=DIRECTION('',(1.,0.,0.));
#11057=DIRECTION('',(0.,0.,1.));
#11058=DIRECTION('',(1.,0.,0.));
#11059=DIRECTION('',(0.,0.,1.));
#11060=DIRECTION('center_axis',(1.,0.,0.));
#11061=DIRECTION('ref_axis',(0.,1.,0.));
#11062=DIRECTION('',(0.,1.,0.));
#11063=DIRECTION('',(0.,1.,0.));
#11064=DIRECTION('',(0.,0.,1.));
#11065=DIRECTION('center_axis',(0.,1.,0.));
#11066=DIRECTION('ref_axis',(-1.,0.,0.));
#11067=DIRECTION('',(-1.,0.,0.));
#11068=DIRECTION('',(-1.,0.,0.));
#11069=DIRECTION('',(0.,0.,1.));
#11070=DIRECTION('center_axis',(-1.,0.,0.));
#11071=DIRECTION('ref_axis',(0.,-1.,0.));
#11072=DIRECTION('',(0.,-1.,0.));
#11073=DIRECTION('',(0.,-1.,0.));
#11074=DIRECTION('',(0.,0.,1.));
#11075=DIRECTION('center_axis',(0.,1.,0.));
#11076=DIRECTION('ref_axis',(-1.,0.,0.));
#11077=DIRECTION('',(-1.,0.,0.));
#11078=DIRECTION('',(-1.,0.,0.));
#11079=DIRECTION('',(0.,0.,1.));
#11080=DIRECTION('center_axis',(1.,0.,0.));
#11081=DIRECTION('ref_axis',(0.,1.,0.));
#11082=DIRECTION('',(0.,1.,0.));
#11083=DIRECTION('',(0.,1.,0.));
#11084=DIRECTION('',(0.,0.,1.));
#11085=DIRECTION('center_axis',(0.,-1.,0.));
#11086=DIRECTION('ref_axis',(1.,0.,0.));
#11087=DIRECTION('',(1.,0.,0.));
#11088=DIRECTION('',(1.,0.,0.));
#11089=DIRECTION('',(0.,0.,1.));
#11090=DIRECTION('center_axis',(-1.,0.,0.));
#11091=DIRECTION('ref_axis',(0.,-1.,0.));
#11092=DIRECTION('',(0.,-1.,0.));
#11093=DIRECTION('',(0.,-1.,0.));
#11094=DIRECTION('',(0.,0.,1.));
#11095=DIRECTION('center_axis',(0.,-1.,0.));
#11096=DIRECTION('ref_axis',(1.,0.,0.));
#11097=DIRECTION('',(1.,0.,0.));
#11098=DIRECTION('',(1.,0.,0.));
#11099=DIRECTION('',(0.,0.,1.));
#11100=DIRECTION('center_axis',(1.,0.,0.));
#11101=DIRECTION('ref_axis',(0.,1.,0.));
#11102=DIRECTION('',(0.,1.,0.));
#11103=DIRECTION('',(0.,1.,0.));
#11104=DIRECTION('',(0.,0.,1.));
#11105=DIRECTION('center_axis',(0.,1.,0.));
#11106=DIRECTION('ref_axis',(-1.,0.,0.));
#11107=DIRECTION('',(-1.,0.,0.));
#11108=DIRECTION('',(-1.,0.,0.));
#11109=DIRECTION('',(0.,0.,1.));
#11110=DIRECTION('center_axis',(-1.,0.,0.));
#11111=DIRECTION('ref_axis',(0.,-1.,0.));
#11112=DIRECTION('',(0.,-1.,0.));
#11113=DIRECTION('',(0.,-1.,0.));
#11114=DIRECTION('center_axis',(0.,-1.,0.));
#11115=DIRECTION('ref_axis',(1.,0.,0.));
#11116=DIRECTION('',(1.,0.,0.));
#11117=DIRECTION('',(0.,0.,1.));
#11118=DIRECTION('',(1.,0.,0.));
#11119=DIRECTION('',(0.,0.,1.));
#11120=DIRECTION('center_axis',(1.,0.,0.));
#11121=DIRECTION('ref_axis',(0.,1.,0.));
#11122=DIRECTION('',(0.,1.,0.));
#11123=DIRECTION('',(0.,1.,0.));
#11124=DIRECTION('',(0.,0.,1.));
#11125=DIRECTION('center_axis',(0.,1.,0.));
#11126=DIRECTION('ref_axis',(-1.,0.,0.));
#11127=DIRECTION('',(-1.,0.,0.));
#11128=DIRECTION('',(-1.,0.,0.));
#11129=DIRECTION('',(0.,0.,1.));
#11130=DIRECTION('center_axis',(-1.,0.,0.));
#11131=DIRECTION('ref_axis',(0.,-1.,0.));
#11132=DIRECTION('',(0.,-1.,0.));
#11133=DIRECTION('',(0.,-1.,0.));
#11134=DIRECTION('center_axis',(0.,-1.,0.));
#11135=DIRECTION('ref_axis',(1.,0.,0.));
#11136=DIRECTION('',(1.,0.,0.));
#11137=DIRECTION('',(0.,0.,1.));
#11138=DIRECTION('',(1.,0.,0.));
#11139=DIRECTION('',(0.,0.,1.));
#11140=DIRECTION('center_axis',(1.,0.,0.));
#11141=DIRECTION('ref_axis',(0.,1.,0.));
#11142=DIRECTION('',(0.,1.,0.));
#11143=DIRECTION('',(0.,1.,0.));
#11144=DIRECTION('',(0.,0.,1.));
#11145=DIRECTION('center_axis',(0.,-1.,0.));
#11146=DIRECTION('ref_axis',(1.,0.,0.));
#11147=DIRECTION('',(1.,0.,0.));
#11148=DIRECTION('',(1.,0.,0.));
#11149=DIRECTION('',(0.,0.,1.));
#11150=DIRECTION('center_axis',(-1.,0.,0.));
#11151=DIRECTION('ref_axis',(0.,-1.,0.));
#11152=DIRECTION('',(0.,-1.,0.));
#11153=DIRECTION('',(0.,-1.,0.));
#11154=DIRECTION('',(0.,0.,1.));
#11155=DIRECTION('center_axis',(0.,1.,0.));
#11156=DIRECTION('ref_axis',(-1.,0.,0.));
#11157=DIRECTION('',(-1.,0.,0.));
#11158=DIRECTION('',(-1.,0.,0.));
#11159=DIRECTION('',(0.,0.,1.));
#11160=DIRECTION('center_axis',(1.,0.,0.));
#11161=DIRECTION('ref_axis',(0.,1.,0.));
#11162=DIRECTION('',(0.,1.,0.));
#11163=DIRECTION('',(0.,1.,0.));
#11164=DIRECTION('',(0.,0.,1.));
#11165=DIRECTION('center_axis',(0.,1.,0.));
#11166=DIRECTION('ref_axis',(-1.,0.,0.));
#11167=DIRECTION('',(-1.,0.,0.));
#11168=DIRECTION('',(-1.,0.,0.));
#11169=DIRECTION('',(0.,0.,1.));
#11170=DIRECTION('center_axis',(-1.,0.,0.));
#11171=DIRECTION('ref_axis',(0.,-1.,0.));
#11172=DIRECTION('',(0.,-1.,0.));
#11173=DIRECTION('',(0.,-1.,0.));
#11174=DIRECTION('',(0.,0.,1.));
#11175=DIRECTION('center_axis',(0.,-1.,0.));
#11176=DIRECTION('ref_axis',(1.,0.,0.));
#11177=DIRECTION('',(1.,0.,0.));
#11178=DIRECTION('',(1.,0.,0.));
#11179=DIRECTION('',(0.,0.,1.));
#11180=DIRECTION('center_axis',(1.,0.,0.));
#11181=DIRECTION('ref_axis',(0.,1.,0.));
#11182=DIRECTION('',(0.,1.,0.));
#11183=DIRECTION('',(0.,1.,0.));
#11184=DIRECTION('',(0.,0.,1.));
#11185=DIRECTION('center_axis',(0.,1.,0.));
#11186=DIRECTION('ref_axis',(-1.,0.,0.));
#11187=DIRECTION('',(-1.,0.,0.));
#11188=DIRECTION('',(-1.,0.,0.));
#11189=DIRECTION('',(0.,0.,1.));
#11190=DIRECTION('center_axis',(-1.,0.,0.));
#11191=DIRECTION('ref_axis',(0.,-1.,0.));
#11192=DIRECTION('',(0.,-1.,0.));
#11193=DIRECTION('',(0.,-1.,0.));
#11194=DIRECTION('center_axis',(0.,1.,0.));
#11195=DIRECTION('ref_axis',(-1.,0.,0.));
#11196=DIRECTION('',(-1.,0.,0.));
#11197=DIRECTION('',(0.,0.,1.));
#11198=DIRECTION('',(-1.,0.,0.));
#11199=DIRECTION('center_axis',(1.,0.,0.));
#11200=DIRECTION('ref_axis',(0.,1.,0.));
#11201=DIRECTION('',(0.,1.,0.));
#11202=DIRECTION('',(0.,1.,0.));
#11203=DIRECTION('',(0.,0.,1.));
#11204=DIRECTION('center_axis',(0.,1.,0.));
#11205=DIRECTION('ref_axis',(-1.,0.,0.));
#11206=DIRECTION('',(-1.,0.,0.));
#11207=DIRECTION('',(-1.,0.,0.));
#11208=DIRECTION('',(0.,0.,1.));
#11209=DIRECTION('center_axis',(-1.,0.,0.));
#11210=DIRECTION('ref_axis',(0.,-1.,0.));
#11211=DIRECTION('',(0.,-1.,0.));
#11212=DIRECTION('',(0.,-1.,0.));
#11213=DIRECTION('',(0.,0.,1.));
#11214=DIRECTION('center_axis',(0.,1.,0.));
#11215=DIRECTION('ref_axis',(-1.,0.,0.));
#11216=DIRECTION('',(-1.,0.,0.));
#11217=DIRECTION('',(-1.,0.,0.));
#11218=DIRECTION('center_axis',(1.,0.,0.));
#11219=DIRECTION('ref_axis',(0.,1.,0.));
#11220=DIRECTION('',(0.,1.,0.));
#11221=DIRECTION('',(0.,1.,0.));
#11222=DIRECTION('',(0.,0.,1.));
#11223=DIRECTION('center_axis',(0.,1.,0.));
#11224=DIRECTION('ref_axis',(-1.,0.,0.));
#11225=DIRECTION('',(-1.,0.,0.));
#11226=DIRECTION('',(-1.,0.,0.));
#11227=DIRECTION('',(0.,0.,1.));
#11228=DIRECTION('center_axis',(-1.,0.,0.));
#11229=DIRECTION('ref_axis',(0.,-1.,0.));
#11230=DIRECTION('',(0.,-1.,0.));
#11231=DIRECTION('',(0.,-1.,0.));
#11232=DIRECTION('',(0.,0.,1.));
#11233=DIRECTION('center_axis',(0.,-1.,0.));
#11234=DIRECTION('ref_axis',(1.,0.,0.));
#11235=DIRECTION('',(1.,0.,0.));
#11236=DIRECTION('',(1.,0.,0.));
#11237=DIRECTION('',(0.,0.,1.));
#11238=DIRECTION('center_axis',(1.,0.,0.));
#11239=DIRECTION('ref_axis',(0.,1.,0.));
#11240=DIRECTION('',(0.,1.,0.));
#11241=DIRECTION('',(0.,1.,0.));
#11242=DIRECTION('',(0.,0.,1.));
#11243=DIRECTION('center_axis',(0.,-1.,0.));
#11244=DIRECTION('ref_axis',(1.,0.,0.));
#11245=DIRECTION('',(1.,0.,0.));
#11246=DIRECTION('',(1.,0.,0.));
#11247=DIRECTION('',(0.,0.,1.));
#11248=DIRECTION('center_axis',(-1.,0.,0.));
#11249=DIRECTION('ref_axis',(0.,-1.,0.));
#11250=DIRECTION('',(0.,-1.,0.));
#11251=DIRECTION('',(0.,-1.,0.));
#11252=DIRECTION('',(0.,0.,1.));
#11253=DIRECTION('center_axis',(0.,-1.,0.));
#11254=DIRECTION('ref_axis',(1.,0.,0.));
#11255=DIRECTION('',(1.,0.,0.));
#11256=DIRECTION('',(1.,0.,0.));
#11257=DIRECTION('',(0.,0.,1.));
#11258=DIRECTION('center_axis',(1.,0.,0.));
#11259=DIRECTION('ref_axis',(0.,1.,0.));
#11260=DIRECTION('',(0.,1.,0.));
#11261=DIRECTION('',(0.,1.,0.));
#11262=DIRECTION('',(0.,0.,1.));
#11263=DIRECTION('center_axis',(0.,1.,0.));
#11264=DIRECTION('ref_axis',(-1.,0.,0.));
#11265=DIRECTION('',(-1.,0.,0.));
#11266=DIRECTION('',(-1.,0.,0.));
#11267=DIRECTION('',(0.,0.,1.));
#11268=DIRECTION('center_axis',(-1.,0.,0.));
#11269=DIRECTION('ref_axis',(0.,-1.,0.));
#11270=DIRECTION('',(0.,-1.,0.));
#11271=DIRECTION('',(0.,-1.,0.));
#11272=DIRECTION('center_axis',(0.,-1.,0.));
#11273=DIRECTION('ref_axis',(1.,0.,0.));
#11274=DIRECTION('',(1.,0.,0.));
#11275=DIRECTION('',(0.,0.,1.));
#11276=DIRECTION('',(1.,0.,0.));
#11277=DIRECTION('',(0.,0.,1.));
#11278=DIRECTION('center_axis',(1.,0.,0.));
#11279=DIRECTION('ref_axis',(0.,1.,0.));
#11280=DIRECTION('',(0.,1.,0.));
#11281=DIRECTION('',(0.,1.,0.));
#11282=DIRECTION('',(0.,0.,1.));
#11283=DIRECTION('center_axis',(0.,1.,0.));
#11284=DIRECTION('ref_axis',(-1.,0.,0.));
#11285=DIRECTION('',(-1.,0.,0.));
#11286=DIRECTION('',(-1.,0.,0.));
#11287=DIRECTION('',(0.,0.,1.));
#11288=DIRECTION('center_axis',(-1.,0.,0.));
#11289=DIRECTION('ref_axis',(0.,-1.,0.));
#11290=DIRECTION('',(0.,-1.,0.));
#11291=DIRECTION('',(0.,-1.,0.));
#11292=DIRECTION('center_axis',(0.,1.,0.));
#11293=DIRECTION('ref_axis',(-1.,0.,0.));
#11294=DIRECTION('',(-1.,0.,0.));
#11295=DIRECTION('',(0.,0.,1.));
#11296=DIRECTION('',(-1.,0.,0.));
#11297=DIRECTION('',(0.,0.,1.));
#11298=DIRECTION('center_axis',(1.,0.,0.));
#11299=DIRECTION('ref_axis',(0.,1.,0.));
#11300=DIRECTION('',(0.,1.,0.));
#11301=DIRECTION('',(0.,1.,0.));
#11302=DIRECTION('',(0.,0.,1.));
#11303=DIRECTION('center_axis',(0.,1.,0.));
#11304=DIRECTION('ref_axis',(-1.,0.,0.));
#11305=DIRECTION('',(-1.,0.,0.));
#11306=DIRECTION('',(-1.,0.,0.));
#11307=DIRECTION('',(0.,0.,1.));
#11308=DIRECTION('center_axis',(-1.,0.,0.));
#11309=DIRECTION('ref_axis',(0.,-1.,0.));
#11310=DIRECTION('',(0.,-1.,0.));
#11311=DIRECTION('',(0.,-1.,0.));
#11312=DIRECTION('',(0.,0.,1.));
#11313=DIRECTION('center_axis',(0.,-1.,0.));
#11314=DIRECTION('ref_axis',(1.,0.,0.));
#11315=DIRECTION('',(1.,0.,0.));
#11316=DIRECTION('',(1.,0.,0.));
#11317=DIRECTION('',(0.,0.,1.));
#11318=DIRECTION('center_axis',(1.,0.,0.));
#11319=DIRECTION('ref_axis',(0.,1.,0.));
#11320=DIRECTION('',(0.,-1.,0.));
#11321=DIRECTION('',(0.,1.,0.));
#11322=DIRECTION('center_axis',(-1.,0.,0.));
#11323=DIRECTION('ref_axis',(0.,-1.,0.));
#11324=DIRECTION('',(0.,-1.,0.));
#11325=DIRECTION('',(0.,-1.,0.));
#11326=DIRECTION('',(0.,0.,1.));
#11327=DIRECTION('center_axis',(0.,-1.,0.));
#11328=DIRECTION('ref_axis',(1.,0.,0.));
#11329=DIRECTION('',(1.,0.,0.));
#11330=DIRECTION('',(1.,0.,0.));
#11331=DIRECTION('',(0.,0.,1.));
#11332=DIRECTION('center_axis',(1.,0.,0.));
#11333=DIRECTION('ref_axis',(0.,1.,0.));
#11334=DIRECTION('',(0.,1.,0.));
#11335=DIRECTION('',(0.,1.,0.));
#11336=DIRECTION('',(0.,0.,1.));
#11337=DIRECTION('center_axis',(0.,-1.,0.));
#11338=DIRECTION('ref_axis',(1.,0.,0.));
#11339=DIRECTION('',(1.,0.,0.));
#11340=DIRECTION('',(1.,0.,0.));
#11341=DIRECTION('center_axis',(-1.,0.,0.));
#11342=DIRECTION('ref_axis',(0.,-1.,0.));
#11343=DIRECTION('',(0.,-1.,0.));
#11344=DIRECTION('',(0.,-1.,0.));
#11345=DIRECTION('',(0.,0.,1.));
#11346=DIRECTION('center_axis',(0.,-1.,0.));
#11347=DIRECTION('ref_axis',(1.,0.,0.));
#11348=DIRECTION('',(1.,0.,0.));
#11349=DIRECTION('',(1.,0.,0.));
#11350=DIRECTION('',(0.,0.,1.));
#11351=DIRECTION('center_axis',(1.,0.,0.));
#11352=DIRECTION('ref_axis',(0.,1.,0.));
#11353=DIRECTION('',(0.,1.,0.));
#11354=DIRECTION('',(0.,1.,0.));
#11355=DIRECTION('',(0.,0.,1.));
#11356=DIRECTION('center_axis',(0.,1.,0.));
#11357=DIRECTION('ref_axis',(-1.,0.,0.));
#11358=DIRECTION('',(-1.,0.,0.));
#11359=DIRECTION('',(-1.,0.,0.));
#11360=DIRECTION('',(0.,0.,1.));
#11361=DIRECTION('center_axis',(-1.,0.,0.));
#11362=DIRECTION('ref_axis',(0.,-1.,0.));
#11363=DIRECTION('',(0.,-1.,0.));
#11364=DIRECTION('',(0.,-1.,0.));
#11365=DIRECTION('center_axis',(0.,1.,0.));
#11366=DIRECTION('ref_axis',(-1.,0.,0.));
#11367=DIRECTION('',(-1.,0.,0.));
#11368=DIRECTION('',(0.,0.,1.));
#11369=DIRECTION('',(-1.,0.,0.));
#11370=DIRECTION('',(0.,0.,1.));
#11371=DIRECTION('center_axis',(1.,0.,0.));
#11372=DIRECTION('ref_axis',(0.,1.,0.));
#11373=DIRECTION('',(0.,1.,0.));
#11374=DIRECTION('',(0.,1.,0.));
#11375=DIRECTION('',(0.,0.,1.));
#11376=DIRECTION('center_axis',(0.,-1.,0.));
#11377=DIRECTION('ref_axis',(1.,0.,0.));
#11378=DIRECTION('',(1.,0.,0.));
#11379=DIRECTION('',(1.,0.,0.));
#11380=DIRECTION('',(0.,0.,1.));
#11381=DIRECTION('center_axis',(-1.,0.,0.));
#11382=DIRECTION('ref_axis',(0.,-1.,0.));
#11383=DIRECTION('',(0.,-1.,0.));
#11384=DIRECTION('',(0.,-1.,0.));
#11385=DIRECTION('center_axis',(0.,0.,1.));
#11386=DIRECTION('ref_axis',(1.,0.,0.));
#11387=DIRECTION('center_axis',(0.,0.,1.));
#11388=DIRECTION('ref_axis',(1.,0.,0.));
#11389=DIRECTION('axis',(0.,0.,1.));
#11390=DIRECTION('refdir',(1.,0.,0.));
#11391=DIRECTION('center_axis',(0.,1.,0.));
#11392=DIRECTION('ref_axis',(-1.,0.,0.));
#11393=DIRECTION('',(-1.,0.,0.));
#11394=DIRECTION('',(0.,0.,1.));
#11395=DIRECTION('',(-1.,0.,0.));
#11396=DIRECTION('',(0.,0.,1.));
#11397=DIRECTION('center_axis',(1.,0.,0.));
#11398=DIRECTION('ref_axis',(0.,1.,0.));
#11399=DIRECTION('',(0.,1.,0.));
#11400=DIRECTION('',(0.,1.,0.));
#11401=DIRECTION('',(0.,0.,1.));
#11402=DIRECTION('center_axis',(0.,-1.,0.));
#11403=DIRECTION('ref_axis',(1.,0.,0.));
#11404=DIRECTION('',(1.,0.,0.));
#11405=DIRECTION('',(1.,0.,0.));
#11406=DIRECTION('',(0.,0.,1.));
#11407=DIRECTION('center_axis',(-1.,0.,0.));
#11408=DIRECTION('ref_axis',(0.,-1.,0.));
#11409=DIRECTION('',(0.,-1.,0.));
#11410=DIRECTION('',(0.,-1.,0.));
#11411=DIRECTION('center_axis',(0.,0.,1.));
#11412=DIRECTION('ref_axis',(1.,0.,0.));
#11413=DIRECTION('center_axis',(0.,0.,1.));
#11414=DIRECTION('ref_axis',(1.,0.,0.));
#11415=DIRECTION('axis',(0.,0.,1.));
#11416=DIRECTION('refdir',(1.,0.,0.));
#11417=DIRECTION('center_axis',(0.,1.,0.));
#11418=DIRECTION('ref_axis',(-1.,0.,0.));
#11419=DIRECTION('',(-1.,0.,0.));
#11420=DIRECTION('',(0.,0.,1.));
#11421=DIRECTION('',(-1.,0.,0.));
#11422=DIRECTION('',(0.,0.,1.));
#11423=DIRECTION('center_axis',(1.,0.,0.));
#11424=DIRECTION('ref_axis',(0.,1.,0.));
#11425=DIRECTION('',(0.,1.,0.));
#11426=DIRECTION('',(0.,1.,0.));
#11427=DIRECTION('',(0.,0.,1.));
#11428=DIRECTION('center_axis',(0.,-1.,0.));
#11429=DIRECTION('ref_axis',(1.,0.,0.));
#11430=DIRECTION('',(1.,0.,0.));
#11431=DIRECTION('',(1.,0.,0.));
#11432=DIRECTION('',(0.,0.,1.));
#11433=DIRECTION('center_axis',(-1.,0.,0.));
#11434=DIRECTION('ref_axis',(0.,-1.,0.));
#11435=DIRECTION('',(0.,-1.,0.));
#11436=DIRECTION('',(0.,-1.,0.));
#11437=DIRECTION('center_axis',(0.,0.,1.));
#11438=DIRECTION('ref_axis',(1.,0.,0.));
#11439=DIRECTION('center_axis',(0.,0.,1.));
#11440=DIRECTION('ref_axis',(1.,0.,0.));
#11441=DIRECTION('axis',(0.,0.,1.));
#11442=DIRECTION('refdir',(1.,0.,0.));
#11443=DIRECTION('center_axis',(0.,1.,0.));
#11444=DIRECTION('ref_axis',(-1.,0.,0.));
#11445=DIRECTION('',(-1.,0.,0.));
#11446=DIRECTION('',(0.,0.,1.));
#11447=DIRECTION('',(-1.,0.,0.));
#11448=DIRECTION('',(0.,0.,1.));
#11449=DIRECTION('center_axis',(1.,0.,0.));
#11450=DIRECTION('ref_axis',(0.,1.,0.));
#11451=DIRECTION('',(0.,1.,0.));
#11452=DIRECTION('',(0.,1.,0.));
#11453=DIRECTION('',(0.,0.,1.));
#11454=DIRECTION('center_axis',(0.,-1.,0.));
#11455=DIRECTION('ref_axis',(1.,0.,0.));
#11456=DIRECTION('',(1.,0.,0.));
#11457=DIRECTION('',(1.,0.,0.));
#11458=DIRECTION('',(0.,0.,1.));
#11459=DIRECTION('center_axis',(-1.,0.,0.));
#11460=DIRECTION('ref_axis',(0.,-1.,0.));
#11461=DIRECTION('',(0.,-1.,0.));
#11462=DIRECTION('',(0.,-1.,0.));
#11463=DIRECTION('center_axis',(0.,0.,1.));
#11464=DIRECTION('ref_axis',(1.,0.,0.));
#11465=DIRECTION('center_axis',(0.,0.,1.));
#11466=DIRECTION('ref_axis',(1.,0.,0.));
#11467=DIRECTION('axis',(0.,0.,1.));
#11468=DIRECTION('refdir',(1.,0.,0.));
#11469=DIRECTION('axis',(0.,0.,1.));
#11470=DIRECTION('refdir',(1.,0.,0.));
#11471=DIRECTION('axis',(0.,0.,1.));
#11472=DIRECTION('refdir',(1.,0.,0.));
#11473=DIRECTION('center_axis',(0.204534728335984,0.978859308023643,0.));
#11474=DIRECTION('ref_axis',(-0.978859308023643,0.204534728335984,0.));
#11475=DIRECTION('',(0.,0.,-1.));
#11476=DIRECTION('',(0.978859308023643,-0.204534728335984,0.));
#11477=DIRECTION('',(0.,0.,-1.));
#11478=DIRECTION('',(0.978859308023643,-0.204534728335984,0.));
#11479=DIRECTION('center_axis',(0.,0.,1.));
#11480=DIRECTION('ref_axis',(1.,0.,0.));
#11481=DIRECTION('',(0.978859308023643,0.204534728335984,0.));
#11482=DIRECTION('',(1.,0.,0.));
#11483=DIRECTION('',(-0.978859308023643,-0.204534728335984,0.));
#11484=DIRECTION('center_axis',(0.,0.,1.));
#11485=DIRECTION('ref_axis',(1.,0.,0.));
#11486=DIRECTION('',(1.,5.78241158658936E-16,0.));
#11487=DIRECTION('center_axis',(0.,0.,-1.));
#11488=DIRECTION('ref_axis',(-1.,0.,0.));
#11489=DIRECTION('',(1.,0.,0.));
#11490=DIRECTION('',(-0.978859308023643,0.204534728335984,0.));
#11491=DIRECTION('center_axis',(0.,0.,1.));
#11492=DIRECTION('ref_axis',(1.,0.,0.));
#11493=DIRECTION('center_axis',(0.,0.,-1.));
#11494=DIRECTION('ref_axis',(-1.,0.,0.));
#11495=DIRECTION('',(0.,1.,0.));
#11496=DIRECTION('',(-1.,0.,0.));
#11497=DIRECTION('',(0.,1.,0.));
#11498=DIRECTION('center_axis',(0.,0.,1.));
#11499=DIRECTION('ref_axis',(1.,0.,0.));
#11500=DIRECTION('center_axis',(0.,0.,-1.));
#11501=DIRECTION('ref_axis',(-1.,0.,0.));
#11502=DIRECTION('center_axis',(0.,0.,1.));
#11503=DIRECTION('ref_axis',(1.,0.,0.));
#11504=DIRECTION('',(-0.978859308023643,-0.204534728335984,0.));
#11505=DIRECTION('',(-1.,0.,0.));
#11506=DIRECTION('',(0.978859308023643,0.204534728335984,0.));
#11507=DIRECTION('center_axis',(0.,0.,1.));
#11508=DIRECTION('ref_axis',(-1.,0.,0.));
#11509=DIRECTION('',(1.,-5.78241158658936E-16,0.));
#11510=DIRECTION('center_axis',(0.,0.,-1.));
#11511=DIRECTION('ref_axis',(1.,0.,0.));
#11512=DIRECTION('',(-0.978859308023643,0.204534728335984,0.));
#11513=DIRECTION('',(-1.,0.,0.));
#11514=DIRECTION('',(0.978859308023643,-0.204534728335984,0.));
#11515=DIRECTION('center_axis',(0.,0.,1.));
#11516=DIRECTION('ref_axis',(-1.,0.,0.));
#11517=DIRECTION('center_axis',(0.,0.,-1.));
#11518=DIRECTION('ref_axis',(1.,0.,0.));
#11519=DIRECTION('',(0.,-1.,0.));
#11520=DIRECTION('',(-1.,0.,0.));
#11521=DIRECTION('',(0.,-1.,0.));
#11522=DIRECTION('center_axis',(0.,0.,1.));
#11523=DIRECTION('ref_axis',(-1.,0.,0.));
#11524=DIRECTION('center_axis',(0.,0.,-1.));
#11525=DIRECTION('ref_axis',(1.,0.,0.));
#11526=DIRECTION('center_axis',(0.,0.,1.));
#11527=DIRECTION('ref_axis',(1.,0.,0.));
#11528=DIRECTION('',(1.,0.,0.));
#11529=DIRECTION('',(0.978859308023643,0.204534728335984,0.));
#11530=DIRECTION('center_axis',(0.,0.,-1.));
#11531=DIRECTION('ref_axis',(-1.,0.,0.));
#11532=DIRECTION('center_axis',(0.,0.,1.));
#11533=DIRECTION('ref_axis',(1.,0.,0.));
#11534=DIRECTION('',(0.,1.,0.));
#11535=DIRECTION('',(-1.,0.,0.));
#11536=DIRECTION('',(0.,1.,0.));
#11537=DIRECTION('center_axis',(0.,0.,-1.));
#11538=DIRECTION('ref_axis',(-1.,0.,0.));
#11539=DIRECTION('center_axis',(0.,0.,1.));
#11540=DIRECTION('ref_axis',(1.,0.,0.));
#11541=DIRECTION('',(-0.978859308023643,0.204534728335984,0.));
#11542=DIRECTION('',(1.,0.,0.));
#11543=DIRECTION('center_axis',(0.,0.,-1.));
#11544=DIRECTION('ref_axis',(-1.,0.,0.));
#11545=DIRECTION('',(1.,5.78241158658936E-16,0.));
#11546=DIRECTION('center_axis',(0.,0.,1.));
#11547=DIRECTION('ref_axis',(1.,0.,0.));
#11548=DIRECTION('',(-0.978859308023643,-0.204534728335984,0.));
#11549=DIRECTION('center_axis',(0.,0.,1.));
#11550=DIRECTION('ref_axis',(1.,0.,0.));
#11551=DIRECTION('',(-1.,0.,0.));
#11552=DIRECTION('',(-0.978859308023643,-0.204534728335984,0.));
#11553=DIRECTION('center_axis',(0.,0.,-1.));
#11554=DIRECTION('ref_axis',(1.,0.,0.));
#11555=DIRECTION('center_axis',(0.,0.,1.));
#11556=DIRECTION('ref_axis',(-1.,0.,0.));
#11557=DIRECTION('',(0.,-1.,0.));
#11558=DIRECTION('',(-1.,0.,0.));
#11559=DIRECTION('',(0.,-1.,0.));
#11560=DIRECTION('center_axis',(0.,0.,-1.));
#11561=DIRECTION('ref_axis',(1.,0.,0.));
#11562=DIRECTION('center_axis',(0.,0.,1.));
#11563=DIRECTION('ref_axis',(-1.,0.,0.));
#11564=DIRECTION('',(0.978859308023643,-0.204534728335984,0.));
#11565=DIRECTION('',(-1.,0.,0.));
#11566=DIRECTION('',(-0.978859308023643,0.204534728335984,0.));
#11567=DIRECTION('center_axis',(0.,0.,-1.));
#11568=DIRECTION('ref_axis',(1.,0.,0.));
#11569=DIRECTION('',(1.,-5.78241158658936E-16,0.));
#11570=DIRECTION('center_axis',(0.,0.,1.));
#11571=DIRECTION('ref_axis',(-1.,0.,0.));
#11572=DIRECTION('',(0.978859308023643,0.204534728335984,0.));
#11573=DIRECTION('center_axis',(0.204534728335984,-0.978859308023643,0.));
#11574=DIRECTION('ref_axis',(-0.978859308023643,-0.204534728335984,0.));
#11575=DIRECTION('',(0.,0.,1.));
#11576=DIRECTION('',(0.,0.,-1.));
#11577=DIRECTION('center_axis',(-0.204534728335984,0.978859308023643,0.));
#11578=DIRECTION('ref_axis',(0.978859308023643,0.204534728335984,0.));
#11579=DIRECTION('',(0.,0.,1.));
#11580=DIRECTION('',(0.,0.,-1.));
#11581=DIRECTION('center_axis',(-0.204534728335984,-0.978859308023643,0.));
#11582=DIRECTION('ref_axis',(0.978859308023643,-0.204534728335984,0.));
#11583=DIRECTION('',(0.,0.,-1.));
#11584=DIRECTION('',(0.,0.,-1.));
#11585=DIRECTION('center_axis',(-1.,0.,0.));
#11586=DIRECTION('ref_axis',(0.,0.,1.));
#11587=DIRECTION('',(0.,0.,-1.));
#11588=DIRECTION('',(0.,1.,0.));
#11589=DIRECTION('',(0.,0.,-1.));
#11590=DIRECTION('',(0.,1.,0.));
#11591=DIRECTION('center_axis',(0.,0.,-1.));
#11592=DIRECTION('ref_axis',(-1.,0.,0.));
#11593=DIRECTION('center_axis',(0.,0.,1.));
#11594=DIRECTION('ref_axis',(1.,0.,0.));
#11595=DIRECTION('',(0.,0.,-1.));
#11596=DIRECTION('',(0.,0.,-1.));
#11597=DIRECTION('',(0.,0.,-1.));
#11598=DIRECTION('center_axis',(0.,0.,1.));
#11599=DIRECTION('ref_axis',(1.,0.,0.));
#11600=DIRECTION('center_axis',(-0.204534728335984,-0.978859308023643,0.));
#11601=DIRECTION('ref_axis',(0.978859308023643,-0.204534728335984,0.));
#11602=DIRECTION('',(0.,0.,-1.));
#11603=DIRECTION('center_axis',(0.,0.,-1.));
#11604=DIRECTION('ref_axis',(-1.,0.,0.));
#11605=DIRECTION('',(0.,0.,-1.));
#11606=DIRECTION('center_axis',(0.,0.,-1.));
#11607=DIRECTION('ref_axis',(-1.,0.,0.));
#11608=DIRECTION('',(0.,0.,-1.));
#11609=DIRECTION('center_axis',(-1.,0.,0.));
#11610=DIRECTION('ref_axis',(0.,0.,1.));
#11611=DIRECTION('',(0.,0.,-1.));
#11612=DIRECTION('center_axis',(0.,-1.,0.));
#11613=DIRECTION('ref_axis',(0.,0.,-1.));
#11614=DIRECTION('',(0.,0.,-1.));
#11615=DIRECTION('center_axis',(0.,1.,0.));
#11616=DIRECTION('ref_axis',(0.,0.,1.));
#11617=DIRECTION('center_axis',(-5.78241158658936E-16,1.,0.));
#11618=DIRECTION('ref_axis',(-1.,-5.78241158658936E-16,0.));
#11619=DIRECTION('',(0.,0.,-1.));
#11620=DIRECTION('',(0.,0.,-1.));
#11621=DIRECTION('center_axis',(-5.78241158658936E-16,1.,0.));
#11622=DIRECTION('ref_axis',(-1.,-5.78241158658936E-16,0.));
#11623=DIRECTION('center_axis',(0.,0.,-1.));
#11624=DIRECTION('ref_axis',(-1.,0.,0.));
#11625=DIRECTION('center_axis',(0.,0.,-1.));
#11626=DIRECTION('ref_axis',(-1.,0.,0.));
#11627=DIRECTION('',(0.,0.,-1.));
#11628=DIRECTION('',(0.,0.,-1.));
#11629=DIRECTION('center_axis',(0.,0.,1.));
#11630=DIRECTION('ref_axis',(1.,0.,0.));
#11631=DIRECTION('center_axis',(0.,0.,1.));
#11632=DIRECTION('ref_axis',(1.,0.,0.));
#11633=DIRECTION('',(0.,0.,-1.));
#11634=DIRECTION('center_axis',(-0.204534728335984,0.978859308023643,0.));
#11635=DIRECTION('ref_axis',(0.978859308023643,0.204534728335984,0.));
#11636=DIRECTION('',(0.,0.,-1.));
#11637=DIRECTION('center_axis',(0.,0.,-1.));
#11638=DIRECTION('ref_axis',(-1.,0.,0.));
#11639=DIRECTION('',(0.,0.,-1.));
#11640=DIRECTION('center_axis',(0.,0.,-1.));
#11641=DIRECTION('ref_axis',(-1.,0.,0.));
#11642=DIRECTION('',(0.,0.,-1.));
#11643=DIRECTION('center_axis',(-1.,0.,0.));
#11644=DIRECTION('ref_axis',(0.,0.,1.));
#11645=DIRECTION('',(0.,0.,-1.));
#11646=DIRECTION('center_axis',(0.,1.,0.));
#11647=DIRECTION('ref_axis',(0.,0.,-1.));
#11648=DIRECTION('',(0.,0.,-1.));
#11649=DIRECTION('center_axis',(0.,1.,0.));
#11650=DIRECTION('ref_axis',(0.,0.,1.));
#11651=DIRECTION('center_axis',(-5.78241158658936E-16,-1.,0.));
#11652=DIRECTION('ref_axis',(-1.,5.78241158658936E-16,0.));
#11653=DIRECTION('',(0.,0.,-1.));
#11654=DIRECTION('',(0.,0.,-1.));
#11655=DIRECTION('center_axis',(-5.78241158658936E-16,-1.,0.));
#11656=DIRECTION('ref_axis',(1.,-5.78241158658936E-16,0.));
#11657=DIRECTION('center_axis',(0.,0.,-1.));
#11658=DIRECTION('ref_axis',(-1.,0.,0.));
#11659=DIRECTION('center_axis',(1.,0.,0.));
#11660=DIRECTION('ref_axis',(0.,0.,1.));
#11661=DIRECTION('',(0.,0.,-1.));
#11662=DIRECTION('',(0.,-1.,0.));
#11663=DIRECTION('',(0.,0.,-1.));
#11664=DIRECTION('',(0.,-1.,0.));
#11665=DIRECTION('center_axis',(0.,0.,-1.));
#11666=DIRECTION('ref_axis',(1.,0.,0.));
#11667=DIRECTION('',(0.,0.,-1.));
#11668=DIRECTION('',(0.,0.,-1.));
#11669=DIRECTION('center_axis',(0.,0.,1.));
#11670=DIRECTION('ref_axis',(1.,0.,0.));
#11671=DIRECTION('center_axis',(0.,0.,1.));
#11672=DIRECTION('ref_axis',(1.,0.,0.));
#11673=DIRECTION('',(0.,0.,-1.));
#11674=DIRECTION('center_axis',(0.204534728335984,-0.978859308023643,0.));
#11675=DIRECTION('ref_axis',(-0.978859308023643,-0.204534728335984,0.));
#11676=DIRECTION('',(0.,0.,-1.));
#11677=DIRECTION('center_axis',(0.,0.,-1.));
#11678=DIRECTION('ref_axis',(1.,0.,0.));
#11679=DIRECTION('',(0.,0.,-1.));
#11680=DIRECTION('center_axis',(0.,0.,-1.));
#11681=DIRECTION('ref_axis',(1.,0.,0.));
#11682=DIRECTION('',(0.,0.,-1.));
#11683=DIRECTION('center_axis',(1.,0.,0.));
#11684=DIRECTION('ref_axis',(0.,0.,1.));
#11685=DIRECTION('center_axis',(0.,0.,-1.));
#11686=DIRECTION('ref_axis',(1.,0.,0.));
#11687=DIRECTION('center_axis',(0.,0.,-1.));
#11688=DIRECTION('ref_axis',(1.,0.,0.));
#11689=DIRECTION('center_axis',(0.,0.,1.));
#11690=DIRECTION('ref_axis',(1.,0.,0.));
#11691=DIRECTION('',(0.,0.,-1.));
#11692=DIRECTION('',(0.,0.,-1.));
#11693=DIRECTION('',(0.,0.,-1.));
#11694=DIRECTION('center_axis',(0.,0.,1.));
#11695=DIRECTION('ref_axis',(1.,0.,0.));
#11696=DIRECTION('center_axis',(0.204534728335984,0.978859308023643,0.));
#11697=DIRECTION('ref_axis',(-0.978859308023643,0.204534728335984,0.));
#11698=DIRECTION('',(0.,0.,-1.));
#11699=DIRECTION('center_axis',(0.,0.,-1.));
#11700=DIRECTION('ref_axis',(1.,0.,0.));
#11701=DIRECTION('',(0.,0.,-1.));
#11702=DIRECTION('center_axis',(0.,0.,-1.));
#11703=DIRECTION('ref_axis',(1.,0.,0.));
#11704=DIRECTION('',(0.,0.,-1.));
#11705=DIRECTION('center_axis',(1.,0.,0.));
#11706=DIRECTION('ref_axis',(0.,0.,1.));
#11707=DIRECTION('center_axis',(0.,0.,-1.));
#11708=DIRECTION('ref_axis',(1.,0.,0.));
#11709=DIRECTION('center_axis',(0.,1.,0.));
#11710=DIRECTION('ref_axis',(0.,0.,1.));
#11711=DIRECTION('',(0.,1.,0.));
#11712=DIRECTION('center_axis',(0.,1.,0.));
#11713=DIRECTION('ref_axis',(0.,0.,1.));
#11714=DIRECTION('',(0.,1.,0.));
#11715=DIRECTION('center_axis',(0.,-1.,0.));
#11716=DIRECTION('ref_axis',(0.,0.,-1.));
#11717=DIRECTION('',(-1.,0.,0.));
#11718=DIRECTION('',(-1.,0.,0.));
#11719=DIRECTION('center_axis',(0.,1.,0.));
#11720=DIRECTION('ref_axis',(0.,0.,1.));
#11721=DIRECTION('',(1.,0.,0.));
#11722=DIRECTION('',(1.,0.,0.));
#11723=DIRECTION('center_axis',(0.,0.,1.));
#11724=DIRECTION('ref_axis',(1.,0.,0.));
#11725=DIRECTION('center_axis',(0.,0.,1.));
#11726=DIRECTION('ref_axis',(1.,0.,0.));
#11727=DIRECTION('',(0.,0.,1.));
#11728=DIRECTION('',(1.,0.,0.));
#11729=DIRECTION('',(0.,0.,1.));
#11730=DIRECTION('',(1.,0.,0.));
#11731=DIRECTION('',(0.,0.,1.));
#11732=DIRECTION('',(1.,0.,0.));
#11733=DIRECTION('',(0.,0.,1.));
#11734=DIRECTION('',(1.,0.,0.));
#11735=DIRECTION('',(0.,0.,1.));
#11736=DIRECTION('',(1.,0.,0.));
#11737=DIRECTION('',(0.,0.,1.));
#11738=DIRECTION('',(1.,0.,0.));
#11739=DIRECTION('',(0.,0.,1.));
#11740=DIRECTION('',(1.,0.,0.));
#11741=DIRECTION('axis',(0.,0.,1.));
#11742=DIRECTION('refdir',(1.,0.,0.));
#11743=DIRECTION('center_axis',(0.,1.,0.));
#11744=DIRECTION('ref_axis',(-1.,0.,0.));
#11745=DIRECTION('',(-1.,0.,0.));
#11746=DIRECTION('',(0.,0.,1.));
#11747=DIRECTION('',(-1.,0.,0.));
#11748=DIRECTION('',(0.,0.,1.));
#11749=DIRECTION('center_axis',(1.,0.,0.));
#11750=DIRECTION('ref_axis',(0.,1.,0.));
#11751=DIRECTION('',(0.,1.,0.));
#11752=DIRECTION('',(0.,1.,0.));
#11753=DIRECTION('',(0.,0.,1.));
#11754=DIRECTION('center_axis',(0.,-1.,0.));
#11755=DIRECTION('ref_axis',(1.,0.,0.));
#11756=DIRECTION('',(1.,0.,0.));
#11757=DIRECTION('',(1.,0.,0.));
#11758=DIRECTION('',(0.,0.,1.));
#11759=DIRECTION('center_axis',(-1.,0.,0.));
#11760=DIRECTION('ref_axis',(0.,-1.,0.));
#11761=DIRECTION('',(0.,-1.,0.));
#11762=DIRECTION('',(0.,-1.,0.));
#11763=DIRECTION('center_axis',(0.,0.,1.));
#11764=DIRECTION('ref_axis',(1.,0.,0.));
#11765=DIRECTION('center_axis',(0.,0.,1.));
#11766=DIRECTION('ref_axis',(1.,0.,0.));
#11767=DIRECTION('axis',(0.,0.,1.));
#11768=DIRECTION('refdir',(1.,0.,0.));
#11769=DIRECTION('center_axis',(0.,1.,0.));
#11770=DIRECTION('ref_axis',(-1.,0.,0.));
#11771=DIRECTION('',(-1.,0.,0.));
#11772=DIRECTION('',(0.,0.,1.));
#11773=DIRECTION('',(-1.,0.,0.));
#11774=DIRECTION('',(0.,0.,1.));
#11775=DIRECTION('center_axis',(1.,0.,0.));
#11776=DIRECTION('ref_axis',(0.,1.,0.));
#11777=DIRECTION('',(0.,1.,0.));
#11778=DIRECTION('',(0.,1.,0.));
#11779=DIRECTION('',(0.,0.,1.));
#11780=DIRECTION('center_axis',(0.,-1.,0.));
#11781=DIRECTION('ref_axis',(1.,0.,0.));
#11782=DIRECTION('',(1.,0.,0.));
#11783=DIRECTION('',(1.,0.,0.));
#11784=DIRECTION('',(0.,0.,1.));
#11785=DIRECTION('center_axis',(-1.,0.,0.));
#11786=DIRECTION('ref_axis',(0.,-1.,0.));
#11787=DIRECTION('',(0.,-1.,0.));
#11788=DIRECTION('',(0.,-1.,0.));
#11789=DIRECTION('center_axis',(0.,0.,1.));
#11790=DIRECTION('ref_axis',(1.,0.,0.));
#11791=DIRECTION('center_axis',(0.,0.,1.));
#11792=DIRECTION('ref_axis',(1.,0.,0.));
#11793=DIRECTION('axis',(0.,0.,1.));
#11794=DIRECTION('refdir',(1.,0.,0.));
#11795=DIRECTION('center_axis',(0.,1.,0.));
#11796=DIRECTION('ref_axis',(-1.,0.,0.));
#11797=DIRECTION('',(-1.,0.,0.));
#11798=DIRECTION('',(0.,0.,1.));
#11799=DIRECTION('',(-1.,0.,0.));
#11800=DIRECTION('',(0.,0.,1.));
#11801=DIRECTION('center_axis',(1.,0.,0.));
#11802=DIRECTION('ref_axis',(0.,1.,0.));
#11803=DIRECTION('',(0.,1.,0.));
#11804=DIRECTION('',(0.,1.,0.));
#11805=DIRECTION('',(0.,0.,1.));
#11806=DIRECTION('center_axis',(0.,-1.,0.));
#11807=DIRECTION('ref_axis',(1.,0.,0.));
#11808=DIRECTION('',(1.,0.,0.));
#11809=DIRECTION('',(1.,0.,0.));
#11810=DIRECTION('',(0.,0.,1.));
#11811=DIRECTION('center_axis',(-1.,0.,0.));
#11812=DIRECTION('ref_axis',(0.,-1.,0.));
#11813=DIRECTION('',(0.,-1.,0.));
#11814=DIRECTION('',(0.,-1.,0.));
#11815=DIRECTION('center_axis',(0.,0.,1.));
#11816=DIRECTION('ref_axis',(1.,0.,0.));
#11817=DIRECTION('center_axis',(0.,0.,1.));
#11818=DIRECTION('ref_axis',(1.,0.,0.));
#11819=DIRECTION('axis',(0.,0.,1.));
#11820=DIRECTION('refdir',(1.,0.,0.));
#11821=DIRECTION('center_axis',(0.,1.,0.));
#11822=DIRECTION('ref_axis',(-1.,0.,0.));
#11823=DIRECTION('',(-1.,0.,0.));
#11824=DIRECTION('',(0.,0.,1.));
#11825=DIRECTION('',(-1.,0.,0.));
#11826=DIRECTION('',(0.,0.,1.));
#11827=DIRECTION('center_axis',(1.,0.,0.));
#11828=DIRECTION('ref_axis',(0.,1.,0.));
#11829=DIRECTION('',(0.,1.,0.));
#11830=DIRECTION('',(0.,1.,0.));
#11831=DIRECTION('',(0.,0.,1.));
#11832=DIRECTION('center_axis',(0.,-1.,0.));
#11833=DIRECTION('ref_axis',(1.,0.,0.));
#11834=DIRECTION('',(1.,0.,0.));
#11835=DIRECTION('',(1.,0.,0.));
#11836=DIRECTION('',(0.,0.,1.));
#11837=DIRECTION('center_axis',(-1.,0.,0.));
#11838=DIRECTION('ref_axis',(0.,-1.,0.));
#11839=DIRECTION('',(0.,-1.,0.));
#11840=DIRECTION('',(0.,-1.,0.));
#11841=DIRECTION('center_axis',(0.,0.,1.));
#11842=DIRECTION('ref_axis',(1.,0.,0.));
#11843=DIRECTION('center_axis',(0.,0.,1.));
#11844=DIRECTION('ref_axis',(1.,0.,0.));
#11845=DIRECTION('axis',(0.,0.,1.));
#11846=DIRECTION('refdir',(1.,0.,0.));
#11847=DIRECTION('axis',(0.,0.,1.));
#11848=DIRECTION('refdir',(1.,0.,0.));
#11849=DIRECTION('center_axis',(1.,0.,0.));
#11850=DIRECTION('ref_axis',(0.,1.,0.));
#11851=DIRECTION('',(0.,0.,-1.));
#11852=DIRECTION('',(0.,1.,0.));
#11853=DIRECTION('',(0.,0.,1.));
#11854=DIRECTION('',(0.,-1.,0.));
#11855=DIRECTION('center_axis',(0.,1.,0.));
#11856=DIRECTION('ref_axis',(-1.,0.,0.));
#11857=DIRECTION('',(1.,0.,0.));
#11858=DIRECTION('',(-1.,0.,0.));
#11859=DIRECTION('',(0.,0.,1.));
#11860=DIRECTION('center_axis',(-1.,0.,0.));
#11861=DIRECTION('ref_axis',(0.,-1.,0.));
#11862=DIRECTION('',(0.,0.,1.));
#11863=DIRECTION('',(0.,1.,0.));
#11864=DIRECTION('',(0.,-1.,0.));
#11865=DIRECTION('center_axis',(0.,-1.,0.));
#11866=DIRECTION('ref_axis',(1.,0.,0.));
#11867=DIRECTION('',(-1.,0.,0.));
#11868=DIRECTION('',(0.,0.,1.));
#11869=DIRECTION('',(1.,0.,0.));
#11870=DIRECTION('',(0.,0.,1.));
#11871=DIRECTION('center_axis',(0.,-1.,0.));
#11872=DIRECTION('ref_axis',(1.,0.,0.));
#11873=DIRECTION('',(1.,0.,0.));
#11874=DIRECTION('',(0.,0.,1.));
#11875=DIRECTION('',(1.,0.,0.));
#11876=DIRECTION('center_axis',(-1.,0.,0.));
#11877=DIRECTION('ref_axis',(0.,-1.,0.));
#11878=DIRECTION('',(0.,0.,-1.));
#11879=DIRECTION('',(0.,-1.,0.));
#11880=DIRECTION('',(0.,0.,1.));
#11881=DIRECTION('',(0.,-1.,0.));
#11882=DIRECTION('center_axis',(1.,0.,0.));
#11883=DIRECTION('ref_axis',(0.,1.,0.));
#11884=DIRECTION('',(0.,0.,1.));
#11885=DIRECTION('',(0.,1.,0.));
#11886=DIRECTION('',(0.,0.,1.));
#11887=DIRECTION('',(0.,1.,0.));
#11888=DIRECTION('center_axis',(0.,1.,0.));
#11889=DIRECTION('ref_axis',(-1.,0.,0.));
#11890=DIRECTION('',(-1.,0.,0.));
#11891=DIRECTION('',(0.,0.,1.));
#11892=DIRECTION('',(-1.,0.,0.));
#11893=DIRECTION('',(0.,0.,1.));
#11894=DIRECTION('center_axis',(0.,-1.,0.));
#11895=DIRECTION('ref_axis',(1.,0.,0.));
#11896=DIRECTION('',(1.,0.,0.));
#11897=DIRECTION('',(1.,0.,0.));
#11898=DIRECTION('center_axis',(0.,0.,1.));
#11899=DIRECTION('ref_axis',(1.,0.,0.));
#11900=DIRECTION('center_axis',(0.,0.,1.));
#11901=DIRECTION('ref_axis',(1.,0.,0.));
#11902=DIRECTION('',(0.,0.,1.));
#11903=DIRECTION('center_axis',(0.,0.,-1.));
#11904=DIRECTION('ref_axis',(1.,0.,0.));
#11905=DIRECTION('center_axis',(0.,0.,1.));
#11906=DIRECTION('ref_axis',(1.,0.,0.));
#11907=DIRECTION('center_axis',(0.,0.,1.));
#11908=DIRECTION('ref_axis',(1.,0.,0.));
#11909=DIRECTION('',(0.,0.,1.));
#11910=DIRECTION('center_axis',(0.,0.,-1.));
#11911=DIRECTION('ref_axis',(1.,0.,0.));
#11912=DIRECTION('center_axis',(0.,0.,1.));
#11913=DIRECTION('ref_axis',(1.,0.,0.));
#11914=DIRECTION('center_axis',(0.,0.,1.));
#11915=DIRECTION('ref_axis',(1.,0.,0.));
#11916=DIRECTION('',(0.,0.,1.));
#11917=DIRECTION('center_axis',(0.,0.,-1.));
#11918=DIRECTION('ref_axis',(1.,0.,0.));
#11919=DIRECTION('center_axis',(0.,0.,1.));
#11920=DIRECTION('ref_axis',(1.,0.,0.));
#11921=DIRECTION('center_axis',(0.,0.,1.));
#11922=DIRECTION('ref_axis',(1.,0.,0.));
#11923=DIRECTION('',(0.,0.,1.));
#11924=DIRECTION('center_axis',(0.,0.,-1.));
#11925=DIRECTION('ref_axis',(1.,0.,0.));
#11926=DIRECTION('center_axis',(0.,-1.,0.));
#11927=DIRECTION('ref_axis',(1.,0.,0.));
#11928=DIRECTION('',(1.,0.,0.));
#11929=DIRECTION('',(0.,0.,1.));
#11930=DIRECTION('',(1.,0.,0.));
#11931=DIRECTION('',(0.,0.,1.));
#11932=DIRECTION('center_axis',(1.,0.,0.));
#11933=DIRECTION('ref_axis',(0.,1.,0.));
#11934=DIRECTION('',(0.,1.,0.));
#11935=DIRECTION('',(0.,1.,0.));
#11936=DIRECTION('',(0.,0.,1.));
#11937=DIRECTION('center_axis',(0.,1.,0.));
#11938=DIRECTION('ref_axis',(-1.,0.,0.));
#11939=DIRECTION('',(-1.,0.,0.));
#11940=DIRECTION('',(-1.,0.,0.));
#11941=DIRECTION('',(0.,0.,1.));
#11942=DIRECTION('center_axis',(-1.,0.,0.));
#11943=DIRECTION('ref_axis',(0.,-1.,0.));
#11944=DIRECTION('',(0.,-1.,0.));
#11945=DIRECTION('',(0.,-1.,0.));
#11946=DIRECTION('center_axis',(0.,-1.,0.));
#11947=DIRECTION('ref_axis',(1.,0.,0.));
#11948=DIRECTION('',(1.,0.,0.));
#11949=DIRECTION('',(0.,0.,1.));
#11950=DIRECTION('',(1.,0.,0.));
#11951=DIRECTION('',(0.,0.,1.));
#11952=DIRECTION('center_axis',(1.,0.,0.));
#11953=DIRECTION('ref_axis',(0.,1.,0.));
#11954=DIRECTION('',(0.,1.,0.));
#11955=DIRECTION('',(0.,1.,0.));
#11956=DIRECTION('',(0.,0.,1.));
#11957=DIRECTION('center_axis',(0.,1.,0.));
#11958=DIRECTION('ref_axis',(-1.,0.,0.));
#11959=DIRECTION('',(-1.,0.,0.));
#11960=DIRECTION('',(-1.,0.,0.));
#11961=DIRECTION('',(0.,0.,1.));
#11962=DIRECTION('center_axis',(-1.,0.,0.));
#11963=DIRECTION('ref_axis',(0.,-1.,0.));
#11964=DIRECTION('',(0.,-1.,0.));
#11965=DIRECTION('',(0.,-1.,0.));
#11966=DIRECTION('center_axis',(0.,1.,0.));
#11967=DIRECTION('ref_axis',(-1.,0.,0.));
#11968=DIRECTION('',(-1.,0.,0.));
#11969=DIRECTION('',(0.,0.,1.));
#11970=DIRECTION('',(-1.,0.,0.));
#11971=DIRECTION('',(0.,0.,1.));
#11972=DIRECTION('center_axis',(1.,0.,0.));
#11973=DIRECTION('ref_axis',(0.,1.,0.));
#11974=DIRECTION('',(0.,1.,0.));
#11975=DIRECTION('',(0.,1.,0.));
#11976=DIRECTION('',(0.,0.,1.));
#11977=DIRECTION('center_axis',(0.,1.,0.));
#11978=DIRECTION('ref_axis',(-1.,0.,0.));
#11979=DIRECTION('',(-1.,0.,0.));
#11980=DIRECTION('',(-1.,0.,0.));
#11981=DIRECTION('',(0.,0.,1.));
#11982=DIRECTION('center_axis',(-1.,0.,0.));
#11983=DIRECTION('ref_axis',(0.,-1.,0.));
#11984=DIRECTION('',(0.,-1.,0.));
#11985=DIRECTION('',(0.,-1.,0.));
#11986=DIRECTION('',(0.,0.,1.));
#11987=DIRECTION('center_axis',(0.,-1.,0.));
#11988=DIRECTION('ref_axis',(1.,0.,0.));
#11989=DIRECTION('',(1.,0.,0.));
#11990=DIRECTION('',(1.,0.,0.));
#11991=DIRECTION('',(0.,0.,1.));
#11992=DIRECTION('center_axis',(1.,0.,0.));
#11993=DIRECTION('ref_axis',(0.,1.,0.));
#11994=DIRECTION('',(0.,-1.,0.));
#11995=DIRECTION('',(0.,1.,0.));
#11996=DIRECTION('center_axis',(-1.,0.,0.));
#11997=DIRECTION('ref_axis',(0.,-1.,0.));
#11998=DIRECTION('',(0.,-1.,0.));
#11999=DIRECTION('',(0.,-1.,0.));
#12000=DIRECTION('',(0.,0.,1.));
#12001=DIRECTION('center_axis',(0.,-1.,0.));
#12002=DIRECTION('ref_axis',(1.,0.,0.));
#12003=DIRECTION('',(1.,0.,0.));
#12004=DIRECTION('',(1.,0.,0.));
#12005=DIRECTION('',(0.,0.,1.));
#12006=DIRECTION('center_axis',(1.,0.,0.));
#12007=DIRECTION('ref_axis',(0.,1.,0.));
#12008=DIRECTION('',(0.,1.,0.));
#12009=DIRECTION('',(0.,1.,0.));
#12010=DIRECTION('',(0.,0.,1.));
#12011=DIRECTION('center_axis',(0.,-1.,0.));
#12012=DIRECTION('ref_axis',(1.,0.,0.));
#12013=DIRECTION('',(1.,0.,0.));
#12014=DIRECTION('',(1.,0.,0.));
#12015=DIRECTION('center_axis',(-1.,0.,0.));
#12016=DIRECTION('ref_axis',(0.,-1.,0.));
#12017=DIRECTION('',(0.,-1.,0.));
#12018=DIRECTION('',(0.,-1.,0.));
#12019=DIRECTION('',(0.,0.,1.));
#12020=DIRECTION('center_axis',(0.,-1.,0.));
#12021=DIRECTION('ref_axis',(1.,0.,0.));
#12022=DIRECTION('',(1.,0.,0.));
#12023=DIRECTION('',(1.,0.,0.));
#12024=DIRECTION('',(0.,0.,1.));
#12025=DIRECTION('center_axis',(1.,0.,0.));
#12026=DIRECTION('ref_axis',(0.,1.,0.));
#12027=DIRECTION('',(0.,1.,0.));
#12028=DIRECTION('',(0.,1.,0.));
#12029=DIRECTION('',(0.,0.,1.));
#12030=DIRECTION('center_axis',(0.,1.,0.));
#12031=DIRECTION('ref_axis',(-1.,0.,0.));
#12032=DIRECTION('',(-1.,0.,0.));
#12033=DIRECTION('',(-1.,0.,0.));
#12034=DIRECTION('',(0.,0.,1.));
#12035=DIRECTION('center_axis',(-1.,0.,0.));
#12036=DIRECTION('ref_axis',(0.,-1.,0.));
#12037=DIRECTION('',(0.,-1.,0.));
#12038=DIRECTION('',(0.,-1.,0.));
#12039=DIRECTION('center_axis',(0.,-1.,0.));
#12040=DIRECTION('ref_axis',(1.,0.,0.));
#12041=DIRECTION('',(1.,0.,0.));
#12042=DIRECTION('',(0.,0.,1.));
#12043=DIRECTION('',(1.,0.,0.));
#12044=DIRECTION('',(0.,0.,1.));
#12045=DIRECTION('center_axis',(1.,0.,0.));
#12046=DIRECTION('ref_axis',(0.,1.,0.));
#12047=DIRECTION('',(0.,1.,0.));
#12048=DIRECTION('',(0.,1.,0.));
#12049=DIRECTION('',(0.,0.,1.));
#12050=DIRECTION('center_axis',(0.,1.,0.));
#12051=DIRECTION('ref_axis',(-1.,0.,0.));
#12052=DIRECTION('',(-1.,0.,0.));
#12053=DIRECTION('',(-1.,0.,0.));
#12054=DIRECTION('',(0.,0.,1.));
#12055=DIRECTION('center_axis',(-1.,0.,0.));
#12056=DIRECTION('ref_axis',(0.,-1.,0.));
#12057=DIRECTION('',(0.,-1.,0.));
#12058=DIRECTION('',(0.,-1.,0.));
#12059=DIRECTION('',(0.,0.,1.));
#12060=DIRECTION('center_axis',(0.,1.,0.));
#12061=DIRECTION('ref_axis',(-1.,0.,0.));
#12062=DIRECTION('',(-1.,0.,0.));
#12063=DIRECTION('',(-1.,0.,0.));
#12064=DIRECTION('',(0.,0.,1.));
#12065=DIRECTION('center_axis',(1.,0.,0.));
#12066=DIRECTION('ref_axis',(0.,1.,0.));
#12067=DIRECTION('',(0.,1.,0.));
#12068=DIRECTION('',(0.,1.,0.));
#12069=DIRECTION('',(0.,0.,1.));
#12070=DIRECTION('center_axis',(0.,-1.,0.));
#12071=DIRECTION('ref_axis',(1.,0.,0.));
#12072=DIRECTION('',(1.,0.,0.));
#12073=DIRECTION('',(1.,0.,0.));
#12074=DIRECTION('',(0.,0.,1.));
#12075=DIRECTION('center_axis',(-1.,0.,0.));
#12076=DIRECTION('ref_axis',(0.,-1.,0.));
#12077=DIRECTION('',(0.,-1.,0.));
#12078=DIRECTION('',(0.,-1.,0.));
#12079=DIRECTION('',(0.,0.,1.));
#12080=DIRECTION('center_axis',(0.,-1.,0.));
#12081=DIRECTION('ref_axis',(1.,0.,0.));
#12082=DIRECTION('',(1.,0.,0.));
#12083=DIRECTION('',(1.,0.,0.));
#12084=DIRECTION('',(0.,0.,1.));
#12085=DIRECTION('center_axis',(1.,0.,0.));
#12086=DIRECTION('ref_axis',(0.,1.,0.));
#12087=DIRECTION('',(0.,1.,0.));
#12088=DIRECTION('',(0.,1.,0.));
#12089=DIRECTION('',(0.,0.,1.));
#12090=DIRECTION('center_axis',(0.,1.,0.));
#12091=DIRECTION('ref_axis',(-1.,0.,0.));
#12092=DIRECTION('',(-1.,0.,0.));
#12093=DIRECTION('',(-1.,0.,0.));
#12094=DIRECTION('',(0.,0.,1.));
#12095=DIRECTION('center_axis',(-1.,0.,0.));
#12096=DIRECTION('ref_axis',(0.,-1.,0.));
#12097=DIRECTION('',(0.,-1.,0.));
#12098=DIRECTION('',(0.,-1.,0.));
#12099=DIRECTION('center_axis',(0.,-1.,0.));
#12100=DIRECTION('ref_axis',(1.,0.,0.));
#12101=DIRECTION('',(1.,0.,0.));
#12102=DIRECTION('',(0.,0.,1.));
#12103=DIRECTION('',(1.,0.,0.));
#12104=DIRECTION('',(0.,0.,1.));
#12105=DIRECTION('center_axis',(1.,0.,0.));
#12106=DIRECTION('ref_axis',(0.,1.,0.));
#12107=DIRECTION('',(0.,1.,0.));
#12108=DIRECTION('',(0.,1.,0.));
#12109=DIRECTION('',(0.,0.,1.));
#12110=DIRECTION('center_axis',(0.,-1.,0.));
#12111=DIRECTION('ref_axis',(1.,0.,0.));
#12112=DIRECTION('',(1.,0.,0.));
#12113=DIRECTION('',(1.,0.,0.));
#12114=DIRECTION('',(0.,0.,1.));
#12115=DIRECTION('center_axis',(-1.,0.,0.));
#12116=DIRECTION('ref_axis',(0.,-1.,0.));
#12117=DIRECTION('',(0.,-1.,0.));
#12118=DIRECTION('',(0.,-1.,0.));
#12119=DIRECTION('',(0.,0.,1.));
#12120=DIRECTION('center_axis',(0.,1.,0.));
#12121=DIRECTION('ref_axis',(-1.,0.,0.));
#12122=DIRECTION('',(-1.,0.,0.));
#12123=DIRECTION('',(-1.,0.,0.));
#12124=DIRECTION('',(0.,0.,1.));
#12125=DIRECTION('center_axis',(1.,0.,0.));
#12126=DIRECTION('ref_axis',(0.,1.,0.));
#12127=DIRECTION('',(0.,1.,0.));
#12128=DIRECTION('',(0.,1.,0.));
#12129=DIRECTION('',(0.,0.,1.));
#12130=DIRECTION('center_axis',(0.,1.,0.));
#12131=DIRECTION('ref_axis',(-1.,0.,0.));
#12132=DIRECTION('',(-1.,0.,0.));
#12133=DIRECTION('',(-1.,0.,0.));
#12134=DIRECTION('',(0.,0.,1.));
#12135=DIRECTION('center_axis',(-1.,0.,0.));
#12136=DIRECTION('ref_axis',(0.,-1.,0.));
#12137=DIRECTION('',(0.,-1.,0.));
#12138=DIRECTION('',(0.,-1.,0.));
#12139=DIRECTION('',(0.,0.,1.));
#12140=DIRECTION('center_axis',(0.,-1.,0.));
#12141=DIRECTION('ref_axis',(1.,0.,0.));
#12142=DIRECTION('',(1.,0.,0.));
#12143=DIRECTION('',(1.,0.,0.));
#12144=DIRECTION('',(0.,0.,1.));
#12145=DIRECTION('center_axis',(1.,0.,0.));
#12146=DIRECTION('ref_axis',(0.,1.,0.));
#12147=DIRECTION('',(0.,1.,0.));
#12148=DIRECTION('',(0.,1.,0.));
#12149=DIRECTION('',(0.,0.,1.));
#12150=DIRECTION('center_axis',(0.,1.,0.));
#12151=DIRECTION('ref_axis',(-1.,0.,0.));
#12152=DIRECTION('',(-1.,0.,0.));
#12153=DIRECTION('',(-1.,0.,0.));
#12154=DIRECTION('',(0.,0.,1.));
#12155=DIRECTION('center_axis',(-1.,0.,0.));
#12156=DIRECTION('ref_axis',(0.,-1.,0.));
#12157=DIRECTION('',(0.,-1.,0.));
#12158=DIRECTION('',(0.,-1.,0.));
#12159=DIRECTION('center_axis',(0.,1.,0.));
#12160=DIRECTION('ref_axis',(-1.,0.,0.));
#12161=DIRECTION('',(-1.,0.,0.));
#12162=DIRECTION('',(0.,0.,1.));
#12163=DIRECTION('',(-1.,0.,0.));
#12164=DIRECTION('center_axis',(1.,0.,0.));
#12165=DIRECTION('ref_axis',(0.,1.,0.));
#12166=DIRECTION('',(0.,1.,0.));
#12167=DIRECTION('',(0.,1.,0.));
#12168=DIRECTION('',(0.,0.,1.));
#12169=DIRECTION('center_axis',(0.,1.,0.));
#12170=DIRECTION('ref_axis',(-1.,0.,0.));
#12171=DIRECTION('',(-1.,0.,0.));
#12172=DIRECTION('',(-1.,0.,0.));
#12173=DIRECTION('',(0.,0.,1.));
#12174=DIRECTION('center_axis',(-1.,0.,0.));
#12175=DIRECTION('ref_axis',(0.,-1.,0.));
#12176=DIRECTION('',(0.,-1.,0.));
#12177=DIRECTION('',(0.,-1.,0.));
#12178=DIRECTION('',(0.,0.,1.));
#12179=DIRECTION('center_axis',(0.,1.,0.));
#12180=DIRECTION('ref_axis',(-1.,0.,0.));
#12181=DIRECTION('',(-1.,0.,0.));
#12182=DIRECTION('',(-1.,0.,0.));
#12183=DIRECTION('center_axis',(1.,0.,0.));
#12184=DIRECTION('ref_axis',(0.,1.,0.));
#12185=DIRECTION('',(0.,1.,0.));
#12186=DIRECTION('',(0.,1.,0.));
#12187=DIRECTION('',(0.,0.,1.));
#12188=DIRECTION('center_axis',(0.,1.,0.));
#12189=DIRECTION('ref_axis',(-1.,0.,0.));
#12190=DIRECTION('',(-1.,0.,0.));
#12191=DIRECTION('',(-1.,0.,0.));
#12192=DIRECTION('',(0.,0.,1.));
#12193=DIRECTION('center_axis',(-1.,0.,0.));
#12194=DIRECTION('ref_axis',(0.,-1.,0.));
#12195=DIRECTION('',(0.,-1.,0.));
#12196=DIRECTION('',(0.,-1.,0.));
#12197=DIRECTION('',(0.,0.,1.));
#12198=DIRECTION('center_axis',(0.,-1.,0.));
#12199=DIRECTION('ref_axis',(1.,0.,0.));
#12200=DIRECTION('',(1.,0.,0.));
#12201=DIRECTION('',(1.,0.,0.));
#12202=DIRECTION('',(0.,0.,1.));
#12203=DIRECTION('center_axis',(1.,0.,0.));
#12204=DIRECTION('ref_axis',(0.,1.,0.));
#12205=DIRECTION('',(0.,1.,0.));
#12206=DIRECTION('',(0.,1.,0.));
#12207=DIRECTION('',(0.,0.,1.));
#12208=DIRECTION('center_axis',(0.,-1.,0.));
#12209=DIRECTION('ref_axis',(1.,0.,0.));
#12210=DIRECTION('',(1.,0.,0.));
#12211=DIRECTION('',(1.,0.,0.));
#12212=DIRECTION('',(0.,0.,1.));
#12213=DIRECTION('center_axis',(-1.,0.,0.));
#12214=DIRECTION('ref_axis',(0.,-1.,0.));
#12215=DIRECTION('',(0.,-1.,0.));
#12216=DIRECTION('',(0.,-1.,0.));
#12217=DIRECTION('',(0.,0.,1.));
#12218=DIRECTION('center_axis',(0.,-1.,0.));
#12219=DIRECTION('ref_axis',(1.,0.,0.));
#12220=DIRECTION('',(1.,0.,0.));
#12221=DIRECTION('',(1.,0.,0.));
#12222=DIRECTION('',(0.,0.,1.));
#12223=DIRECTION('center_axis',(1.,0.,0.));
#12224=DIRECTION('ref_axis',(0.,1.,0.));
#12225=DIRECTION('',(0.,1.,0.));
#12226=DIRECTION('',(0.,1.,0.));
#12227=DIRECTION('',(0.,0.,1.));
#12228=DIRECTION('center_axis',(0.,1.,0.));
#12229=DIRECTION('ref_axis',(-1.,0.,0.));
#12230=DIRECTION('',(-1.,0.,0.));
#12231=DIRECTION('',(-1.,0.,0.));
#12232=DIRECTION('',(0.,0.,1.));
#12233=DIRECTION('center_axis',(-1.,0.,0.));
#12234=DIRECTION('ref_axis',(0.,-1.,0.));
#12235=DIRECTION('',(0.,-1.,0.));
#12236=DIRECTION('',(0.,-1.,0.));
#12237=DIRECTION('center_axis',(0.,1.,0.));
#12238=DIRECTION('ref_axis',(-1.,0.,0.));
#12239=DIRECTION('',(-1.,0.,0.));
#12240=DIRECTION('',(0.,0.,1.));
#12241=DIRECTION('',(-1.,0.,0.));
#12242=DIRECTION('',(0.,0.,1.));
#12243=DIRECTION('center_axis',(1.,0.,0.));
#12244=DIRECTION('ref_axis',(0.,1.,0.));
#12245=DIRECTION('',(0.,1.,0.));
#12246=DIRECTION('',(0.,1.,0.));
#12247=DIRECTION('',(0.,0.,1.));
#12248=DIRECTION('center_axis',(0.,-1.,0.));
#12249=DIRECTION('ref_axis',(1.,0.,0.));
#12250=DIRECTION('',(1.,0.,0.));
#12251=DIRECTION('',(1.,0.,0.));
#12252=DIRECTION('',(0.,0.,1.));
#12253=DIRECTION('center_axis',(-1.,0.,0.));
#12254=DIRECTION('ref_axis',(0.,-1.,0.));
#12255=DIRECTION('',(0.,-1.,0.));
#12256=DIRECTION('',(0.,-1.,0.));
#12257=DIRECTION('center_axis',(0.,0.,1.));
#12258=DIRECTION('ref_axis',(1.,0.,0.));
#12259=DIRECTION('center_axis',(0.,0.,1.));
#12260=DIRECTION('ref_axis',(1.,0.,0.));
#12261=DIRECTION('axis',(0.,0.,1.));
#12262=DIRECTION('refdir',(1.,0.,0.));
#12263=DIRECTION('center_axis',(0.,1.,0.));
#12264=DIRECTION('ref_axis',(-1.,0.,0.));
#12265=DIRECTION('',(-1.,0.,0.));
#12266=DIRECTION('',(0.,0.,1.));
#12267=DIRECTION('',(-1.,0.,0.));
#12268=DIRECTION('',(0.,0.,1.));
#12269=DIRECTION('center_axis',(1.,0.,0.));
#12270=DIRECTION('ref_axis',(0.,1.,0.));
#12271=DIRECTION('',(0.,1.,0.));
#12272=DIRECTION('',(0.,1.,0.));
#12273=DIRECTION('',(0.,0.,1.));
#12274=DIRECTION('center_axis',(0.,-1.,0.));
#12275=DIRECTION('ref_axis',(1.,0.,0.));
#12276=DIRECTION('',(1.,0.,0.));
#12277=DIRECTION('',(1.,0.,0.));
#12278=DIRECTION('',(0.,0.,1.));
#12279=DIRECTION('center_axis',(-1.,0.,0.));
#12280=DIRECTION('ref_axis',(0.,-1.,0.));
#12281=DIRECTION('',(0.,-1.,0.));
#12282=DIRECTION('',(0.,-1.,0.));
#12283=DIRECTION('center_axis',(0.,0.,1.));
#12284=DIRECTION('ref_axis',(1.,0.,0.));
#12285=DIRECTION('center_axis',(0.,0.,1.));
#12286=DIRECTION('ref_axis',(1.,0.,0.));
#12287=DIRECTION('axis',(0.,0.,1.));
#12288=DIRECTION('refdir',(1.,0.,0.));
#12289=DIRECTION('center_axis',(0.,1.,0.));
#12290=DIRECTION('ref_axis',(-1.,0.,0.));
#12291=DIRECTION('',(-1.,0.,0.));
#12292=DIRECTION('',(0.,0.,1.));
#12293=DIRECTION('',(-1.,0.,0.));
#12294=DIRECTION('',(0.,0.,1.));
#12295=DIRECTION('center_axis',(1.,0.,0.));
#12296=DIRECTION('ref_axis',(0.,1.,0.));
#12297=DIRECTION('',(0.,1.,0.));
#12298=DIRECTION('',(0.,1.,0.));
#12299=DIRECTION('',(0.,0.,1.));
#12300=DIRECTION('center_axis',(0.,-1.,0.));
#12301=DIRECTION('ref_axis',(1.,0.,0.));
#12302=DIRECTION('',(1.,0.,0.));
#12303=DIRECTION('',(1.,0.,0.));
#12304=DIRECTION('',(0.,0.,1.));
#12305=DIRECTION('center_axis',(-1.,0.,0.));
#12306=DIRECTION('ref_axis',(0.,-1.,0.));
#12307=DIRECTION('',(0.,-1.,0.));
#12308=DIRECTION('',(0.,-1.,0.));
#12309=DIRECTION('center_axis',(0.,0.,1.));
#12310=DIRECTION('ref_axis',(1.,0.,0.));
#12311=DIRECTION('center_axis',(0.,0.,1.));
#12312=DIRECTION('ref_axis',(1.,0.,0.));
#12313=DIRECTION('axis',(0.,0.,1.));
#12314=DIRECTION('refdir',(1.,0.,0.));
#12315=DIRECTION('center_axis',(0.,1.,0.));
#12316=DIRECTION('ref_axis',(-1.,0.,0.));
#12317=DIRECTION('',(-1.,0.,0.));
#12318=DIRECTION('',(0.,0.,1.));
#12319=DIRECTION('',(-1.,0.,0.));
#12320=DIRECTION('',(0.,0.,1.));
#12321=DIRECTION('center_axis',(1.,0.,0.));
#12322=DIRECTION('ref_axis',(0.,1.,0.));
#12323=DIRECTION('',(0.,1.,0.));
#12324=DIRECTION('',(0.,1.,0.));
#12325=DIRECTION('',(0.,0.,1.));
#12326=DIRECTION('center_axis',(0.,-1.,0.));
#12327=DIRECTION('ref_axis',(1.,0.,0.));
#12328=DIRECTION('',(1.,0.,0.));
#12329=DIRECTION('',(1.,0.,0.));
#12330=DIRECTION('',(0.,0.,1.));
#12331=DIRECTION('center_axis',(-1.,0.,0.));
#12332=DIRECTION('ref_axis',(0.,-1.,0.));
#12333=DIRECTION('',(0.,-1.,0.));
#12334=DIRECTION('',(0.,-1.,0.));
#12335=DIRECTION('center_axis',(0.,0.,1.));
#12336=DIRECTION('ref_axis',(1.,0.,0.));
#12337=DIRECTION('center_axis',(0.,0.,1.));
#12338=DIRECTION('ref_axis',(1.,0.,0.));
#12339=DIRECTION('axis',(0.,0.,1.));
#12340=DIRECTION('refdir',(1.,0.,0.));
#12341=DIRECTION('axis',(0.,0.,1.));
#12342=DIRECTION('refdir',(1.,0.,0.));
#12343=DIRECTION('axis',(0.,0.,1.));
#12344=DIRECTION('refdir',(1.,0.,0.));
#12345=DIRECTION('center_axis',(0.204534728335984,0.978859308023643,0.));
#12346=DIRECTION('ref_axis',(-0.978859308023643,0.204534728335984,0.));
#12347=DIRECTION('',(0.,0.,-1.));
#12348=DIRECTION('',(0.978859308023643,-0.204534728335984,0.));
#12349=DIRECTION('',(0.,0.,-1.));
#12350=DIRECTION('',(0.978859308023643,-0.204534728335984,0.));
#12351=DIRECTION('center_axis',(0.,0.,1.));
#12352=DIRECTION('ref_axis',(1.,0.,0.));
#12353=DIRECTION('',(0.978859308023643,0.204534728335984,0.));
#12354=DIRECTION('',(1.,0.,0.));
#12355=DIRECTION('',(-0.978859308023643,-0.204534728335984,0.));
#12356=DIRECTION('center_axis',(0.,0.,1.));
#12357=DIRECTION('ref_axis',(1.,0.,0.));
#12358=DIRECTION('',(1.,5.78241158658936E-16,0.));
#12359=DIRECTION('center_axis',(0.,0.,-1.));
#12360=DIRECTION('ref_axis',(-1.,0.,0.));
#12361=DIRECTION('',(1.,0.,0.));
#12362=DIRECTION('',(-0.978859308023643,0.204534728335984,0.));
#12363=DIRECTION('center_axis',(0.,0.,1.));
#12364=DIRECTION('ref_axis',(1.,0.,0.));
#12365=DIRECTION('center_axis',(0.,0.,-1.));
#12366=DIRECTION('ref_axis',(-1.,0.,0.));
#12367=DIRECTION('',(0.,1.,0.));
#12368=DIRECTION('',(-1.,0.,0.));
#12369=DIRECTION('',(0.,1.,0.));
#12370=DIRECTION('center_axis',(0.,0.,1.));
#12371=DIRECTION('ref_axis',(1.,0.,0.));
#12372=DIRECTION('center_axis',(0.,0.,-1.));
#12373=DIRECTION('ref_axis',(-1.,0.,0.));
#12374=DIRECTION('center_axis',(0.,0.,1.));
#12375=DIRECTION('ref_axis',(1.,0.,0.));
#12376=DIRECTION('',(-0.978859308023643,-0.204534728335984,0.));
#12377=DIRECTION('',(-1.,0.,0.));
#12378=DIRECTION('',(0.978859308023643,0.204534728335984,0.));
#12379=DIRECTION('center_axis',(0.,0.,1.));
#12380=DIRECTION('ref_axis',(-1.,0.,0.));
#12381=DIRECTION('',(1.,-5.78241158658936E-16,0.));
#12382=DIRECTION('center_axis',(0.,0.,-1.));
#12383=DIRECTION('ref_axis',(1.,0.,0.));
#12384=DIRECTION('',(-0.978859308023643,0.204534728335984,0.));
#12385=DIRECTION('',(-1.,0.,0.));
#12386=DIRECTION('',(0.978859308023643,-0.204534728335984,0.));
#12387=DIRECTION('center_axis',(0.,0.,1.));
#12388=DIRECTION('ref_axis',(-1.,0.,0.));
#12389=DIRECTION('center_axis',(0.,0.,-1.));
#12390=DIRECTION('ref_axis',(1.,0.,0.));
#12391=DIRECTION('',(0.,-1.,0.));
#12392=DIRECTION('',(-1.,0.,0.));
#12393=DIRECTION('',(0.,-1.,0.));
#12394=DIRECTION('center_axis',(0.,0.,1.));
#12395=DIRECTION('ref_axis',(-1.,0.,0.));
#12396=DIRECTION('center_axis',(0.,0.,-1.));
#12397=DIRECTION('ref_axis',(1.,0.,0.));
#12398=DIRECTION('center_axis',(0.,0.,1.));
#12399=DIRECTION('ref_axis',(1.,0.,0.));
#12400=DIRECTION('',(1.,0.,0.));
#12401=DIRECTION('',(0.978859308023643,0.204534728335984,0.));
#12402=DIRECTION('center_axis',(0.,0.,-1.));
#12403=DIRECTION('ref_axis',(-1.,0.,0.));
#12404=DIRECTION('center_axis',(0.,0.,1.));
#12405=DIRECTION('ref_axis',(1.,0.,0.));
#12406=DIRECTION('',(0.,1.,0.));
#12407=DIRECTION('',(-1.,0.,0.));
#12408=DIRECTION('',(0.,1.,0.));
#12409=DIRECTION('center_axis',(0.,0.,-1.));
#12410=DIRECTION('ref_axis',(-1.,0.,0.));
#12411=DIRECTION('center_axis',(0.,0.,1.));
#12412=DIRECTION('ref_axis',(1.,0.,0.));
#12413=DIRECTION('',(-0.978859308023643,0.204534728335984,0.));
#12414=DIRECTION('',(1.,0.,0.));
#12415=DIRECTION('center_axis',(0.,0.,-1.));
#12416=DIRECTION('ref_axis',(-1.,0.,0.));
#12417=DIRECTION('',(1.,5.78241158658936E-16,0.));
#12418=DIRECTION('center_axis',(0.,0.,1.));
#12419=DIRECTION('ref_axis',(1.,0.,0.));
#12420=DIRECTION('',(-0.978859308023643,-0.204534728335984,0.));
#12421=DIRECTION('center_axis',(0.,0.,1.));
#12422=DIRECTION('ref_axis',(1.,0.,0.));
#12423=DIRECTION('',(-1.,0.,0.));
#12424=DIRECTION('',(-0.978859308023643,-0.204534728335984,0.));
#12425=DIRECTION('center_axis',(0.,0.,-1.));
#12426=DIRECTION('ref_axis',(1.,0.,0.));
#12427=DIRECTION('center_axis',(0.,0.,1.));
#12428=DIRECTION('ref_axis',(-1.,0.,0.));
#12429=DIRECTION('',(0.,-1.,0.));
#12430=DIRECTION('',(-1.,0.,0.));
#12431=DIRECTION('',(0.,-1.,0.));
#12432=DIRECTION('center_axis',(0.,0.,-1.));
#12433=DIRECTION('ref_axis',(1.,0.,0.));
#12434=DIRECTION('center_axis',(0.,0.,1.));
#12435=DIRECTION('ref_axis',(-1.,0.,0.));
#12436=DIRECTION('',(0.978859308023643,-0.204534728335984,0.));
#12437=DIRECTION('',(-1.,0.,0.));
#12438=DIRECTION('',(-0.978859308023643,0.204534728335984,0.));
#12439=DIRECTION('center_axis',(0.,0.,-1.));
#12440=DIRECTION('ref_axis',(1.,0.,0.));
#12441=DIRECTION('',(1.,-5.78241158658936E-16,0.));
#12442=DIRECTION('center_axis',(0.,0.,1.));
#12443=DIRECTION('ref_axis',(-1.,0.,0.));
#12444=DIRECTION('',(0.978859308023643,0.204534728335984,0.));
#12445=DIRECTION('center_axis',(0.204534728335984,-0.978859308023643,0.));
#12446=DIRECTION('ref_axis',(-0.978859308023643,-0.204534728335984,0.));
#12447=DIRECTION('',(0.,0.,1.));
#12448=DIRECTION('',(0.,0.,-1.));
#12449=DIRECTION('center_axis',(-0.204534728335984,0.978859308023643,0.));
#12450=DIRECTION('ref_axis',(0.978859308023643,0.204534728335984,0.));
#12451=DIRECTION('',(0.,0.,1.));
#12452=DIRECTION('',(0.,0.,-1.));
#12453=DIRECTION('center_axis',(-0.204534728335984,-0.978859308023643,0.));
#12454=DIRECTION('ref_axis',(0.978859308023643,-0.204534728335984,0.));
#12455=DIRECTION('',(0.,0.,-1.));
#12456=DIRECTION('',(0.,0.,-1.));
#12457=DIRECTION('center_axis',(-1.,0.,0.));
#12458=DIRECTION('ref_axis',(0.,0.,1.));
#12459=DIRECTION('',(0.,0.,-1.));
#12460=DIRECTION('',(0.,1.,0.));
#12461=DIRECTION('',(0.,0.,-1.));
#12462=DIRECTION('',(0.,1.,0.));
#12463=DIRECTION('center_axis',(0.,0.,-1.));
#12464=DIRECTION('ref_axis',(-1.,0.,0.));
#12465=DIRECTION('center_axis',(0.,0.,1.));
#12466=DIRECTION('ref_axis',(1.,0.,0.));
#12467=DIRECTION('',(0.,0.,-1.));
#12468=DIRECTION('',(0.,0.,-1.));
#12469=DIRECTION('',(0.,0.,-1.));
#12470=DIRECTION('center_axis',(0.,0.,1.));
#12471=DIRECTION('ref_axis',(1.,0.,0.));
#12472=DIRECTION('center_axis',(-0.204534728335984,-0.978859308023643,0.));
#12473=DIRECTION('ref_axis',(0.978859308023643,-0.204534728335984,0.));
#12474=DIRECTION('',(0.,0.,-1.));
#12475=DIRECTION('center_axis',(0.,0.,-1.));
#12476=DIRECTION('ref_axis',(-1.,0.,0.));
#12477=DIRECTION('',(0.,0.,-1.));
#12478=DIRECTION('center_axis',(0.,0.,-1.));
#12479=DIRECTION('ref_axis',(-1.,0.,0.));
#12480=DIRECTION('',(0.,0.,-1.));
#12481=DIRECTION('center_axis',(-1.,0.,0.));
#12482=DIRECTION('ref_axis',(0.,0.,1.));
#12483=DIRECTION('',(0.,0.,-1.));
#12484=DIRECTION('center_axis',(0.,-1.,0.));
#12485=DIRECTION('ref_axis',(0.,0.,-1.));
#12486=DIRECTION('',(0.,0.,-1.));
#12487=DIRECTION('center_axis',(0.,1.,0.));
#12488=DIRECTION('ref_axis',(0.,0.,1.));
#12489=DIRECTION('center_axis',(-5.78241158658936E-16,1.,0.));
#12490=DIRECTION('ref_axis',(-1.,-5.78241158658936E-16,0.));
#12491=DIRECTION('',(0.,0.,-1.));
#12492=DIRECTION('',(0.,0.,-1.));
#12493=DIRECTION('center_axis',(-5.78241158658936E-16,1.,0.));
#12494=DIRECTION('ref_axis',(-1.,-5.78241158658936E-16,0.));
#12495=DIRECTION('center_axis',(0.,0.,-1.));
#12496=DIRECTION('ref_axis',(-1.,0.,0.));
#12497=DIRECTION('center_axis',(0.,0.,-1.));
#12498=DIRECTION('ref_axis',(-1.,0.,0.));
#12499=DIRECTION('',(0.,0.,-1.));
#12500=DIRECTION('',(0.,0.,-1.));
#12501=DIRECTION('center_axis',(0.,0.,1.));
#12502=DIRECTION('ref_axis',(1.,0.,0.));
#12503=DIRECTION('center_axis',(0.,0.,1.));
#12504=DIRECTION('ref_axis',(1.,0.,0.));
#12505=DIRECTION('',(0.,0.,-1.));
#12506=DIRECTION('center_axis',(-0.204534728335984,0.978859308023643,0.));
#12507=DIRECTION('ref_axis',(0.978859308023643,0.204534728335984,0.));
#12508=DIRECTION('',(0.,0.,-1.));
#12509=DIRECTION('center_axis',(0.,0.,-1.));
#12510=DIRECTION('ref_axis',(-1.,0.,0.));
#12511=DIRECTION('',(0.,0.,-1.));
#12512=DIRECTION('center_axis',(0.,0.,-1.));
#12513=DIRECTION('ref_axis',(-1.,0.,0.));
#12514=DIRECTION('',(0.,0.,-1.));
#12515=DIRECTION('center_axis',(-1.,0.,0.));
#12516=DIRECTION('ref_axis',(0.,0.,1.));
#12517=DIRECTION('',(0.,0.,-1.));
#12518=DIRECTION('center_axis',(0.,1.,0.));
#12519=DIRECTION('ref_axis',(0.,0.,-1.));
#12520=DIRECTION('',(0.,0.,-1.));
#12521=DIRECTION('center_axis',(0.,1.,0.));
#12522=DIRECTION('ref_axis',(0.,0.,1.));
#12523=DIRECTION('center_axis',(-5.78241158658936E-16,-1.,0.));
#12524=DIRECTION('ref_axis',(-1.,5.78241158658936E-16,0.));
#12525=DIRECTION('',(0.,0.,-1.));
#12526=DIRECTION('',(0.,0.,-1.));
#12527=DIRECTION('center_axis',(-5.78241158658936E-16,-1.,0.));
#12528=DIRECTION('ref_axis',(1.,-5.78241158658936E-16,0.));
#12529=DIRECTION('center_axis',(0.,0.,-1.));
#12530=DIRECTION('ref_axis',(-1.,0.,0.));
#12531=DIRECTION('center_axis',(1.,0.,0.));
#12532=DIRECTION('ref_axis',(0.,0.,1.));
#12533=DIRECTION('',(0.,0.,-1.));
#12534=DIRECTION('',(0.,-1.,0.));
#12535=DIRECTION('',(0.,0.,-1.));
#12536=DIRECTION('',(0.,-1.,0.));
#12537=DIRECTION('center_axis',(0.,0.,-1.));
#12538=DIRECTION('ref_axis',(1.,0.,0.));
#12539=DIRECTION('',(0.,0.,-1.));
#12540=DIRECTION('',(0.,0.,-1.));
#12541=DIRECTION('center_axis',(0.,0.,1.));
#12542=DIRECTION('ref_axis',(1.,0.,0.));
#12543=DIRECTION('center_axis',(0.,0.,1.));
#12544=DIRECTION('ref_axis',(1.,0.,0.));
#12545=DIRECTION('',(0.,0.,-1.));
#12546=DIRECTION('center_axis',(0.204534728335984,-0.978859308023643,0.));
#12547=DIRECTION('ref_axis',(-0.978859308023643,-0.204534728335984,0.));
#12548=DIRECTION('',(0.,0.,-1.));
#12549=DIRECTION('center_axis',(0.,0.,-1.));
#12550=DIRECTION('ref_axis',(1.,0.,0.));
#12551=DIRECTION('',(0.,0.,-1.));
#12552=DIRECTION('center_axis',(0.,0.,-1.));
#12553=DIRECTION('ref_axis',(1.,0.,0.));
#12554=DIRECTION('',(0.,0.,-1.));
#12555=DIRECTION('center_axis',(1.,0.,0.));
#12556=DIRECTION('ref_axis',(0.,0.,1.));
#12557=DIRECTION('center_axis',(0.,0.,-1.));
#12558=DIRECTION('ref_axis',(1.,0.,0.));
#12559=DIRECTION('center_axis',(0.,0.,-1.));
#12560=DIRECTION('ref_axis',(1.,0.,0.));
#12561=DIRECTION('center_axis',(0.,0.,1.));
#12562=DIRECTION('ref_axis',(1.,0.,0.));
#12563=DIRECTION('',(0.,0.,-1.));
#12564=DIRECTION('',(0.,0.,-1.));
#12565=DIRECTION('',(0.,0.,-1.));
#12566=DIRECTION('center_axis',(0.,0.,1.));
#12567=DIRECTION('ref_axis',(1.,0.,0.));
#12568=DIRECTION('center_axis',(0.204534728335984,0.978859308023643,0.));
#12569=DIRECTION('ref_axis',(-0.978859308023643,0.204534728335984,0.));
#12570=DIRECTION('',(0.,0.,-1.));
#12571=DIRECTION('center_axis',(0.,0.,-1.));
#12572=DIRECTION('ref_axis',(1.,0.,0.));
#12573=DIRECTION('',(0.,0.,-1.));
#12574=DIRECTION('center_axis',(0.,0.,-1.));
#12575=DIRECTION('ref_axis',(1.,0.,0.));
#12576=DIRECTION('',(0.,0.,-1.));
#12577=DIRECTION('center_axis',(1.,0.,0.));
#12578=DIRECTION('ref_axis',(0.,0.,1.));
#12579=DIRECTION('center_axis',(0.,0.,-1.));
#12580=DIRECTION('ref_axis',(1.,0.,0.));
#12581=DIRECTION('center_axis',(0.,1.,0.));
#12582=DIRECTION('ref_axis',(0.,0.,1.));
#12583=DIRECTION('',(0.,1.,0.));
#12584=DIRECTION('center_axis',(0.,1.,0.));
#12585=DIRECTION('ref_axis',(0.,0.,1.));
#12586=DIRECTION('',(0.,1.,0.));
#12587=DIRECTION('center_axis',(0.,-1.,0.));
#12588=DIRECTION('ref_axis',(0.,0.,-1.));
#12589=DIRECTION('',(-1.,0.,0.));
#12590=DIRECTION('',(-1.,0.,0.));
#12591=DIRECTION('center_axis',(0.,1.,0.));
#12592=DIRECTION('ref_axis',(0.,0.,1.));
#12593=DIRECTION('',(1.,0.,0.));
#12594=DIRECTION('',(1.,0.,0.));
#12595=DIRECTION('center_axis',(0.,0.,1.));
#12596=DIRECTION('ref_axis',(1.,0.,0.));
#12597=DIRECTION('center_axis',(0.,0.,1.));
#12598=DIRECTION('ref_axis',(1.,0.,0.));
#12599=DIRECTION('',(0.,0.,1.));
#12600=DIRECTION('',(1.,0.,0.));
#12601=DIRECTION('',(0.,0.,1.));
#12602=DIRECTION('',(1.,0.,0.));
#12603=DIRECTION('',(0.,0.,1.));
#12604=DIRECTION('',(1.,0.,0.));
#12605=DIRECTION('',(0.,0.,1.));
#12606=DIRECTION('',(1.,0.,0.));
#12607=DIRECTION('',(0.,0.,1.));
#12608=DIRECTION('',(1.,0.,0.));
#12609=DIRECTION('',(0.,0.,1.));
#12610=DIRECTION('',(1.,0.,0.));
#12611=DIRECTION('',(0.,0.,1.));
#12612=DIRECTION('',(1.,0.,0.));
#12613=DIRECTION('axis',(0.,0.,1.));
#12614=DIRECTION('refdir',(1.,0.,0.));
#12615=DIRECTION('center_axis',(0.,1.,0.));
#12616=DIRECTION('ref_axis',(-1.,0.,0.));
#12617=DIRECTION('',(-1.,0.,0.));
#12618=DIRECTION('',(0.,0.,1.));
#12619=DIRECTION('',(-1.,0.,0.));
#12620=DIRECTION('',(0.,0.,1.));
#12621=DIRECTION('center_axis',(1.,0.,0.));
#12622=DIRECTION('ref_axis',(0.,1.,0.));
#12623=DIRECTION('',(0.,1.,0.));
#12624=DIRECTION('',(0.,1.,0.));
#12625=DIRECTION('',(0.,0.,1.));
#12626=DIRECTION('center_axis',(0.,-1.,0.));
#12627=DIRECTION('ref_axis',(1.,0.,0.));
#12628=DIRECTION('',(1.,0.,0.));
#12629=DIRECTION('',(1.,0.,0.));
#12630=DIRECTION('',(0.,0.,1.));
#12631=DIRECTION('center_axis',(-1.,0.,0.));
#12632=DIRECTION('ref_axis',(0.,-1.,0.));
#12633=DIRECTION('',(0.,-1.,0.));
#12634=DIRECTION('',(0.,-1.,0.));
#12635=DIRECTION('center_axis',(0.,0.,1.));
#12636=DIRECTION('ref_axis',(1.,0.,0.));
#12637=DIRECTION('center_axis',(0.,0.,1.));
#12638=DIRECTION('ref_axis',(1.,0.,0.));
#12639=DIRECTION('axis',(0.,0.,1.));
#12640=DIRECTION('refdir',(1.,0.,0.));
#12641=DIRECTION('axis',(0.,0.,1.));
#12642=DIRECTION('refdir',(1.,0.,0.));
#12643=DIRECTION('center_axis',(1.,0.,0.));
#12644=DIRECTION('ref_axis',(0.,1.,0.));
#12645=DIRECTION('',(0.,0.,-1.));
#12646=DIRECTION('',(0.,1.,0.));
#12647=DIRECTION('',(0.,0.,1.));
#12648=DIRECTION('',(0.,-1.,0.));
#12649=DIRECTION('center_axis',(0.,1.,0.));
#12650=DIRECTION('ref_axis',(-1.,0.,0.));
#12651=DIRECTION('',(1.,0.,0.));
#12652=DIRECTION('',(-1.,0.,0.));
#12653=DIRECTION('',(0.,0.,1.));
#12654=DIRECTION('center_axis',(-1.,0.,0.));
#12655=DIRECTION('ref_axis',(0.,-1.,0.));
#12656=DIRECTION('',(0.,0.,1.));
#12657=DIRECTION('',(0.,1.,0.));
#12658=DIRECTION('',(0.,-1.,0.));
#12659=DIRECTION('center_axis',(0.,-1.,0.));
#12660=DIRECTION('ref_axis',(1.,0.,0.));
#12661=DIRECTION('',(-1.,0.,0.));
#12662=DIRECTION('',(0.,0.,1.));
#12663=DIRECTION('',(1.,0.,0.));
#12664=DIRECTION('',(0.,0.,1.));
#12665=DIRECTION('center_axis',(0.,-1.,0.));
#12666=DIRECTION('ref_axis',(1.,0.,0.));
#12667=DIRECTION('',(1.,0.,0.));
#12668=DIRECTION('',(0.,0.,1.));
#12669=DIRECTION('',(1.,0.,0.));
#12670=DIRECTION('center_axis',(-1.,0.,0.));
#12671=DIRECTION('ref_axis',(0.,-1.,0.));
#12672=DIRECTION('',(0.,0.,-1.));
#12673=DIRECTION('',(0.,-1.,0.));
#12674=DIRECTION('',(0.,0.,1.));
#12675=DIRECTION('',(0.,-1.,0.));
#12676=DIRECTION('center_axis',(1.,0.,0.));
#12677=DIRECTION('ref_axis',(0.,1.,0.));
#12678=DIRECTION('',(0.,0.,1.));
#12679=DIRECTION('',(0.,1.,0.));
#12680=DIRECTION('',(0.,0.,1.));
#12681=DIRECTION('',(0.,1.,0.));
#12682=DIRECTION('center_axis',(0.,1.,0.));
#12683=DIRECTION('ref_axis',(-1.,0.,0.));
#12684=DIRECTION('',(-1.,0.,0.));
#12685=DIRECTION('',(0.,0.,1.));
#12686=DIRECTION('',(-1.,0.,0.));
#12687=DIRECTION('',(0.,0.,1.));
#12688=DIRECTION('center_axis',(0.,-1.,0.));
#12689=DIRECTION('ref_axis',(1.,0.,0.));
#12690=DIRECTION('',(1.,0.,0.));
#12691=DIRECTION('',(1.,0.,0.));
#12692=DIRECTION('center_axis',(0.,0.,1.));
#12693=DIRECTION('ref_axis',(1.,0.,0.));
#12694=DIRECTION('center_axis',(0.,0.,1.));
#12695=DIRECTION('ref_axis',(1.,0.,0.));
#12696=DIRECTION('',(0.,0.,1.));
#12697=DIRECTION('center_axis',(0.,0.,-1.));
#12698=DIRECTION('ref_axis',(1.,0.,0.));
#12699=DIRECTION('center_axis',(0.,0.,1.));
#12700=DIRECTION('ref_axis',(1.,0.,0.));
#12701=DIRECTION('center_axis',(0.,0.,1.));
#12702=DIRECTION('ref_axis',(1.,0.,0.));
#12703=DIRECTION('',(0.,0.,1.));
#12704=DIRECTION('center_axis',(0.,0.,-1.));
#12705=DIRECTION('ref_axis',(1.,0.,0.));
#12706=DIRECTION('center_axis',(0.,0.,1.));
#12707=DIRECTION('ref_axis',(1.,0.,0.));
#12708=DIRECTION('center_axis',(0.,0.,1.));
#12709=DIRECTION('ref_axis',(1.,0.,0.));
#12710=DIRECTION('',(0.,0.,1.));
#12711=DIRECTION('center_axis',(0.,0.,-1.));
#12712=DIRECTION('ref_axis',(1.,0.,0.));
#12713=DIRECTION('center_axis',(0.,0.,1.));
#12714=DIRECTION('ref_axis',(1.,0.,0.));
#12715=DIRECTION('center_axis',(0.,0.,1.));
#12716=DIRECTION('ref_axis',(1.,0.,0.));
#12717=DIRECTION('',(0.,0.,1.));
#12718=DIRECTION('center_axis',(0.,0.,-1.));
#12719=DIRECTION('ref_axis',(1.,0.,0.));
#12720=DIRECTION('center_axis',(0.,-1.,0.));
#12721=DIRECTION('ref_axis',(1.,0.,0.));
#12722=DIRECTION('',(1.,0.,0.));
#12723=DIRECTION('',(0.,0.,1.));
#12724=DIRECTION('',(1.,0.,0.));
#12725=DIRECTION('',(0.,0.,1.));
#12726=DIRECTION('center_axis',(1.,0.,0.));
#12727=DIRECTION('ref_axis',(0.,1.,0.));
#12728=DIRECTION('',(0.,1.,0.));
#12729=DIRECTION('',(0.,1.,0.));
#12730=DIRECTION('',(0.,0.,1.));
#12731=DIRECTION('center_axis',(0.,1.,0.));
#12732=DIRECTION('ref_axis',(-1.,0.,0.));
#12733=DIRECTION('',(-1.,0.,0.));
#12734=DIRECTION('',(-1.,0.,0.));
#12735=DIRECTION('',(0.,0.,1.));
#12736=DIRECTION('center_axis',(-1.,0.,0.));
#12737=DIRECTION('ref_axis',(0.,-1.,0.));
#12738=DIRECTION('',(0.,-1.,0.));
#12739=DIRECTION('',(0.,-1.,0.));
#12740=DIRECTION('center_axis',(0.,-1.,0.));
#12741=DIRECTION('ref_axis',(1.,0.,0.));
#12742=DIRECTION('',(1.,0.,0.));
#12743=DIRECTION('',(0.,0.,1.));
#12744=DIRECTION('',(1.,0.,0.));
#12745=DIRECTION('',(0.,0.,1.));
#12746=DIRECTION('center_axis',(1.,0.,0.));
#12747=DIRECTION('ref_axis',(0.,1.,0.));
#12748=DIRECTION('',(0.,1.,0.));
#12749=DIRECTION('',(0.,1.,0.));
#12750=DIRECTION('',(0.,0.,1.));
#12751=DIRECTION('center_axis',(0.,1.,0.));
#12752=DIRECTION('ref_axis',(-1.,0.,0.));
#12753=DIRECTION('',(-1.,0.,0.));
#12754=DIRECTION('',(-1.,0.,0.));
#12755=DIRECTION('',(0.,0.,1.));
#12756=DIRECTION('center_axis',(-1.,0.,0.));
#12757=DIRECTION('ref_axis',(0.,-1.,0.));
#12758=DIRECTION('',(0.,-1.,0.));
#12759=DIRECTION('',(0.,-1.,0.));
#12760=DIRECTION('',(0.,0.,1.));
#12761=DIRECTION('center_axis',(0.,1.,0.));
#12762=DIRECTION('ref_axis',(-1.,0.,0.));
#12763=DIRECTION('',(-1.,0.,0.));
#12764=DIRECTION('',(-1.,0.,0.));
#12765=DIRECTION('',(0.,0.,1.));
#12766=DIRECTION('center_axis',(1.,0.,0.));
#12767=DIRECTION('ref_axis',(0.,1.,0.));
#12768=DIRECTION('',(0.,1.,0.));
#12769=DIRECTION('',(0.,1.,0.));
#12770=DIRECTION('',(0.,0.,1.));
#12771=DIRECTION('center_axis',(0.,-1.,0.));
#12772=DIRECTION('ref_axis',(1.,0.,0.));
#12773=DIRECTION('',(1.,0.,0.));
#12774=DIRECTION('',(1.,0.,0.));
#12775=DIRECTION('',(0.,0.,1.));
#12776=DIRECTION('center_axis',(-1.,0.,0.));
#12777=DIRECTION('ref_axis',(0.,-1.,0.));
#12778=DIRECTION('',(0.,-1.,0.));
#12779=DIRECTION('',(0.,-1.,0.));
#12780=DIRECTION('',(0.,0.,1.));
#12781=DIRECTION('center_axis',(0.,-1.,0.));
#12782=DIRECTION('ref_axis',(1.,0.,0.));
#12783=DIRECTION('',(1.,0.,0.));
#12784=DIRECTION('',(1.,0.,0.));
#12785=DIRECTION('',(0.,0.,1.));
#12786=DIRECTION('center_axis',(1.,0.,0.));
#12787=DIRECTION('ref_axis',(0.,1.,0.));
#12788=DIRECTION('',(0.,1.,0.));
#12789=DIRECTION('',(0.,1.,0.));
#12790=DIRECTION('',(0.,0.,1.));
#12791=DIRECTION('center_axis',(0.,1.,0.));
#12792=DIRECTION('ref_axis',(-1.,0.,0.));
#12793=DIRECTION('',(-1.,0.,0.));
#12794=DIRECTION('',(-1.,0.,0.));
#12795=DIRECTION('',(0.,0.,1.));
#12796=DIRECTION('center_axis',(-1.,0.,0.));
#12797=DIRECTION('ref_axis',(0.,-1.,0.));
#12798=DIRECTION('',(0.,-1.,0.));
#12799=DIRECTION('',(0.,-1.,0.));
#12800=DIRECTION('center_axis',(0.,-1.,0.));
#12801=DIRECTION('ref_axis',(1.,0.,0.));
#12802=DIRECTION('',(1.,0.,0.));
#12803=DIRECTION('',(0.,0.,1.));
#12804=DIRECTION('',(1.,0.,0.));
#12805=DIRECTION('',(0.,0.,1.));
#12806=DIRECTION('center_axis',(1.,0.,0.));
#12807=DIRECTION('ref_axis',(0.,1.,0.));
#12808=DIRECTION('',(0.,1.,0.));
#12809=DIRECTION('',(0.,1.,0.));
#12810=DIRECTION('',(0.,0.,1.));
#12811=DIRECTION('center_axis',(0.,-1.,0.));
#12812=DIRECTION('ref_axis',(1.,0.,0.));
#12813=DIRECTION('',(1.,0.,0.));
#12814=DIRECTION('',(1.,0.,0.));
#12815=DIRECTION('',(0.,0.,1.));
#12816=DIRECTION('center_axis',(-1.,0.,0.));
#12817=DIRECTION('ref_axis',(0.,-1.,0.));
#12818=DIRECTION('',(0.,-1.,0.));
#12819=DIRECTION('',(0.,-1.,0.));
#12820=DIRECTION('',(0.,0.,1.));
#12821=DIRECTION('center_axis',(0.,1.,0.));
#12822=DIRECTION('ref_axis',(-1.,0.,0.));
#12823=DIRECTION('',(-1.,0.,0.));
#12824=DIRECTION('',(-1.,0.,0.));
#12825=DIRECTION('',(0.,0.,1.));
#12826=DIRECTION('center_axis',(1.,0.,0.));
#12827=DIRECTION('ref_axis',(0.,1.,0.));
#12828=DIRECTION('',(0.,1.,0.));
#12829=DIRECTION('',(0.,1.,0.));
#12830=DIRECTION('',(0.,0.,1.));
#12831=DIRECTION('center_axis',(0.,1.,0.));
#12832=DIRECTION('ref_axis',(-1.,0.,0.));
#12833=DIRECTION('',(-1.,0.,0.));
#12834=DIRECTION('',(-1.,0.,0.));
#12835=DIRECTION('',(0.,0.,1.));
#12836=DIRECTION('center_axis',(-1.,0.,0.));
#12837=DIRECTION('ref_axis',(0.,-1.,0.));
#12838=DIRECTION('',(0.,-1.,0.));
#12839=DIRECTION('',(0.,-1.,0.));
#12840=DIRECTION('',(0.,0.,1.));
#12841=DIRECTION('center_axis',(0.,-1.,0.));
#12842=DIRECTION('ref_axis',(1.,0.,0.));
#12843=DIRECTION('',(1.,0.,0.));
#12844=DIRECTION('',(1.,0.,0.));
#12845=DIRECTION('',(0.,0.,1.));
#12846=DIRECTION('center_axis',(1.,0.,0.));
#12847=DIRECTION('ref_axis',(0.,1.,0.));
#12848=DIRECTION('',(0.,1.,0.));
#12849=DIRECTION('',(0.,1.,0.));
#12850=DIRECTION('',(0.,0.,1.));
#12851=DIRECTION('center_axis',(0.,1.,0.));
#12852=DIRECTION('ref_axis',(-1.,0.,0.));
#12853=DIRECTION('',(-1.,0.,0.));
#12854=DIRECTION('',(-1.,0.,0.));
#12855=DIRECTION('',(0.,0.,1.));
#12856=DIRECTION('center_axis',(-1.,0.,0.));
#12857=DIRECTION('ref_axis',(0.,-1.,0.));
#12858=DIRECTION('',(0.,-1.,0.));
#12859=DIRECTION('',(0.,-1.,0.));
#12860=DIRECTION('center_axis',(0.,1.,0.));
#12861=DIRECTION('ref_axis',(-1.,0.,0.));
#12862=DIRECTION('',(-1.,0.,0.));
#12863=DIRECTION('',(0.,0.,1.));
#12864=DIRECTION('',(-1.,0.,0.));
#12865=DIRECTION('',(0.,0.,1.));
#12866=DIRECTION('center_axis',(1.,0.,0.));
#12867=DIRECTION('ref_axis',(0.,1.,0.));
#12868=DIRECTION('',(0.,1.,0.));
#12869=DIRECTION('',(0.,1.,0.));
#12870=DIRECTION('',(0.,0.,1.));
#12871=DIRECTION('center_axis',(0.,1.,0.));
#12872=DIRECTION('ref_axis',(-1.,0.,0.));
#12873=DIRECTION('',(-1.,0.,0.));
#12874=DIRECTION('',(-1.,0.,0.));
#12875=DIRECTION('',(0.,0.,1.));
#12876=DIRECTION('center_axis',(-1.,0.,0.));
#12877=DIRECTION('ref_axis',(0.,-1.,0.));
#12878=DIRECTION('',(0.,-1.,0.));
#12879=DIRECTION('',(0.,-1.,0.));
#12880=DIRECTION('',(0.,0.,1.));
#12881=DIRECTION('center_axis',(0.,-1.,0.));
#12882=DIRECTION('ref_axis',(1.,0.,0.));
#12883=DIRECTION('',(1.,0.,0.));
#12884=DIRECTION('',(1.,0.,0.));
#12885=DIRECTION('',(0.,0.,1.));
#12886=DIRECTION('center_axis',(1.,0.,0.));
#12887=DIRECTION('ref_axis',(0.,1.,0.));
#12888=DIRECTION('',(0.,-1.,0.));
#12889=DIRECTION('',(0.,1.,0.));
#12890=DIRECTION('center_axis',(-1.,0.,0.));
#12891=DIRECTION('ref_axis',(0.,-1.,0.));
#12892=DIRECTION('',(0.,-1.,0.));
#12893=DIRECTION('',(0.,-1.,0.));
#12894=DIRECTION('',(0.,0.,1.));
#12895=DIRECTION('center_axis',(0.,-1.,0.));
#12896=DIRECTION('ref_axis',(1.,0.,0.));
#12897=DIRECTION('',(1.,0.,0.));
#12898=DIRECTION('',(1.,0.,0.));
#12899=DIRECTION('',(0.,0.,1.));
#12900=DIRECTION('center_axis',(1.,0.,0.));
#12901=DIRECTION('ref_axis',(0.,1.,0.));
#12902=DIRECTION('',(0.,1.,0.));
#12903=DIRECTION('',(0.,1.,0.));
#12904=DIRECTION('',(0.,0.,1.));
#12905=DIRECTION('center_axis',(0.,-1.,0.));
#12906=DIRECTION('ref_axis',(1.,0.,0.));
#12907=DIRECTION('',(1.,0.,0.));
#12908=DIRECTION('',(1.,0.,0.));
#12909=DIRECTION('center_axis',(-1.,0.,0.));
#12910=DIRECTION('ref_axis',(0.,-1.,0.));
#12911=DIRECTION('',(0.,-1.,0.));
#12912=DIRECTION('',(0.,-1.,0.));
#12913=DIRECTION('',(0.,0.,1.));
#12914=DIRECTION('center_axis',(0.,-1.,0.));
#12915=DIRECTION('ref_axis',(1.,0.,0.));
#12916=DIRECTION('',(1.,0.,0.));
#12917=DIRECTION('',(1.,0.,0.));
#12918=DIRECTION('',(0.,0.,1.));
#12919=DIRECTION('center_axis',(1.,0.,0.));
#12920=DIRECTION('ref_axis',(0.,1.,0.));
#12921=DIRECTION('',(0.,1.,0.));
#12922=DIRECTION('',(0.,1.,0.));
#12923=DIRECTION('',(0.,0.,1.));
#12924=DIRECTION('center_axis',(0.,1.,0.));
#12925=DIRECTION('ref_axis',(-1.,0.,0.));
#12926=DIRECTION('',(-1.,0.,0.));
#12927=DIRECTION('',(-1.,0.,0.));
#12928=DIRECTION('',(0.,0.,1.));
#12929=DIRECTION('center_axis',(-1.,0.,0.));
#12930=DIRECTION('ref_axis',(0.,-1.,0.));
#12931=DIRECTION('',(0.,-1.,0.));
#12932=DIRECTION('',(0.,-1.,0.));
#12933=DIRECTION('center_axis',(0.,-1.,0.));
#12934=DIRECTION('ref_axis',(1.,0.,0.));
#12935=DIRECTION('',(1.,0.,0.));
#12936=DIRECTION('',(0.,0.,1.));
#12937=DIRECTION('',(1.,0.,0.));
#12938=DIRECTION('',(0.,0.,1.));
#12939=DIRECTION('center_axis',(1.,0.,0.));
#12940=DIRECTION('ref_axis',(0.,1.,0.));
#12941=DIRECTION('',(0.,1.,0.));
#12942=DIRECTION('',(0.,1.,0.));
#12943=DIRECTION('',(0.,0.,1.));
#12944=DIRECTION('center_axis',(0.,1.,0.));
#12945=DIRECTION('ref_axis',(-1.,0.,0.));
#12946=DIRECTION('',(-1.,0.,0.));
#12947=DIRECTION('',(-1.,0.,0.));
#12948=DIRECTION('',(0.,0.,1.));
#12949=DIRECTION('center_axis',(-1.,0.,0.));
#12950=DIRECTION('ref_axis',(0.,-1.,0.));
#12951=DIRECTION('',(0.,-1.,0.));
#12952=DIRECTION('',(0.,-1.,0.));
#12953=DIRECTION('center_axis',(0.,1.,0.));
#12954=DIRECTION('ref_axis',(-1.,0.,0.));
#12955=DIRECTION('',(-1.,0.,0.));
#12956=DIRECTION('',(0.,0.,1.));
#12957=DIRECTION('',(-1.,0.,0.));
#12958=DIRECTION('center_axis',(1.,0.,0.));
#12959=DIRECTION('ref_axis',(0.,1.,0.));
#12960=DIRECTION('',(0.,1.,0.));
#12961=DIRECTION('',(0.,1.,0.));
#12962=DIRECTION('',(0.,0.,1.));
#12963=DIRECTION('center_axis',(0.,1.,0.));
#12964=DIRECTION('ref_axis',(-1.,0.,0.));
#12965=DIRECTION('',(-1.,0.,0.));
#12966=DIRECTION('',(-1.,0.,0.));
#12967=DIRECTION('',(0.,0.,1.));
#12968=DIRECTION('center_axis',(-1.,0.,0.));
#12969=DIRECTION('ref_axis',(0.,-1.,0.));
#12970=DIRECTION('',(0.,-1.,0.));
#12971=DIRECTION('',(0.,-1.,0.));
#12972=DIRECTION('',(0.,0.,1.));
#12973=DIRECTION('center_axis',(0.,1.,0.));
#12974=DIRECTION('ref_axis',(-1.,0.,0.));
#12975=DIRECTION('',(-1.,0.,0.));
#12976=DIRECTION('',(-1.,0.,0.));
#12977=DIRECTION('center_axis',(1.,0.,0.));
#12978=DIRECTION('ref_axis',(0.,1.,0.));
#12979=DIRECTION('',(0.,1.,0.));
#12980=DIRECTION('',(0.,1.,0.));
#12981=DIRECTION('',(0.,0.,1.));
#12982=DIRECTION('center_axis',(0.,1.,0.));
#12983=DIRECTION('ref_axis',(-1.,0.,0.));
#12984=DIRECTION('',(-1.,0.,0.));
#12985=DIRECTION('',(-1.,0.,0.));
#12986=DIRECTION('',(0.,0.,1.));
#12987=DIRECTION('center_axis',(-1.,0.,0.));
#12988=DIRECTION('ref_axis',(0.,-1.,0.));
#12989=DIRECTION('',(0.,-1.,0.));
#12990=DIRECTION('',(0.,-1.,0.));
#12991=DIRECTION('',(0.,0.,1.));
#12992=DIRECTION('center_axis',(0.,-1.,0.));
#12993=DIRECTION('ref_axis',(1.,0.,0.));
#12994=DIRECTION('',(1.,0.,0.));
#12995=DIRECTION('',(1.,0.,0.));
#12996=DIRECTION('',(0.,0.,1.));
#12997=DIRECTION('center_axis',(1.,0.,0.));
#12998=DIRECTION('ref_axis',(0.,1.,0.));
#12999=DIRECTION('',(0.,1.,0.));
#13000=DIRECTION('',(0.,1.,0.));
#13001=DIRECTION('',(0.,0.,1.));
#13002=DIRECTION('center_axis',(0.,-1.,0.));
#13003=DIRECTION('ref_axis',(1.,0.,0.));
#13004=DIRECTION('',(1.,0.,0.));
#13005=DIRECTION('',(1.,0.,0.));
#13006=DIRECTION('',(0.,0.,1.));
#13007=DIRECTION('center_axis',(-1.,0.,0.));
#13008=DIRECTION('ref_axis',(0.,-1.,0.));
#13009=DIRECTION('',(0.,-1.,0.));
#13010=DIRECTION('',(0.,-1.,0.));
#13011=DIRECTION('',(0.,0.,1.));
#13012=DIRECTION('center_axis',(0.,-1.,0.));
#13013=DIRECTION('ref_axis',(1.,0.,0.));
#13014=DIRECTION('',(1.,0.,0.));
#13015=DIRECTION('',(1.,0.,0.));
#13016=DIRECTION('',(0.,0.,1.));
#13017=DIRECTION('center_axis',(1.,0.,0.));
#13018=DIRECTION('ref_axis',(0.,1.,0.));
#13019=DIRECTION('',(0.,1.,0.));
#13020=DIRECTION('',(0.,1.,0.));
#13021=DIRECTION('',(0.,0.,1.));
#13022=DIRECTION('center_axis',(0.,1.,0.));
#13023=DIRECTION('ref_axis',(-1.,0.,0.));
#13024=DIRECTION('',(-1.,0.,0.));
#13025=DIRECTION('',(-1.,0.,0.));
#13026=DIRECTION('',(0.,0.,1.));
#13027=DIRECTION('center_axis',(-1.,0.,0.));
#13028=DIRECTION('ref_axis',(0.,-1.,0.));
#13029=DIRECTION('',(0.,-1.,0.));
#13030=DIRECTION('',(0.,-1.,0.));
#13031=DIRECTION('center_axis',(0.,1.,0.));
#13032=DIRECTION('ref_axis',(-1.,0.,0.));
#13033=DIRECTION('',(-1.,0.,0.));
#13034=DIRECTION('',(0.,0.,1.));
#13035=DIRECTION('',(-1.,0.,0.));
#13036=DIRECTION('',(0.,0.,1.));
#13037=DIRECTION('center_axis',(1.,0.,0.));
#13038=DIRECTION('ref_axis',(0.,1.,0.));
#13039=DIRECTION('',(0.,1.,0.));
#13040=DIRECTION('',(0.,1.,0.));
#13041=DIRECTION('',(0.,0.,1.));
#13042=DIRECTION('center_axis',(0.,-1.,0.));
#13043=DIRECTION('ref_axis',(1.,0.,0.));
#13044=DIRECTION('',(1.,0.,0.));
#13045=DIRECTION('',(1.,0.,0.));
#13046=DIRECTION('',(0.,0.,1.));
#13047=DIRECTION('center_axis',(-1.,0.,0.));
#13048=DIRECTION('ref_axis',(0.,-1.,0.));
#13049=DIRECTION('',(0.,-1.,0.));
#13050=DIRECTION('',(0.,-1.,0.));
#13051=DIRECTION('center_axis',(0.,0.,1.));
#13052=DIRECTION('ref_axis',(1.,0.,0.));
#13053=DIRECTION('center_axis',(0.,0.,1.));
#13054=DIRECTION('ref_axis',(1.,0.,0.));
#13055=DIRECTION('axis',(0.,0.,1.));
#13056=DIRECTION('refdir',(1.,0.,0.));
#13057=DIRECTION('center_axis',(0.,1.,0.));
#13058=DIRECTION('ref_axis',(-1.,0.,0.));
#13059=DIRECTION('',(-1.,0.,0.));
#13060=DIRECTION('',(0.,0.,1.));
#13061=DIRECTION('',(-1.,0.,0.));
#13062=DIRECTION('',(0.,0.,1.));
#13063=DIRECTION('center_axis',(1.,0.,0.));
#13064=DIRECTION('ref_axis',(0.,1.,0.));
#13065=DIRECTION('',(0.,1.,0.));
#13066=DIRECTION('',(0.,1.,0.));
#13067=DIRECTION('',(0.,0.,1.));
#13068=DIRECTION('center_axis',(0.,-1.,0.));
#13069=DIRECTION('ref_axis',(1.,0.,0.));
#13070=DIRECTION('',(1.,0.,0.));
#13071=DIRECTION('',(1.,0.,0.));
#13072=DIRECTION('',(0.,0.,1.));
#13073=DIRECTION('center_axis',(-1.,0.,0.));
#13074=DIRECTION('ref_axis',(0.,-1.,0.));
#13075=DIRECTION('',(0.,-1.,0.));
#13076=DIRECTION('',(0.,-1.,0.));
#13077=DIRECTION('center_axis',(0.,0.,1.));
#13078=DIRECTION('ref_axis',(1.,0.,0.));
#13079=DIRECTION('center_axis',(0.,0.,1.));
#13080=DIRECTION('ref_axis',(1.,0.,0.));
#13081=DIRECTION('axis',(0.,0.,1.));
#13082=DIRECTION('refdir',(1.,0.,0.));
#13083=DIRECTION('center_axis',(0.,1.,0.));
#13084=DIRECTION('ref_axis',(-1.,0.,0.));
#13085=DIRECTION('',(-1.,0.,0.));
#13086=DIRECTION('',(0.,0.,1.));
#13087=DIRECTION('',(-1.,0.,0.));
#13088=DIRECTION('',(0.,0.,1.));
#13089=DIRECTION('center_axis',(1.,0.,0.));
#13090=DIRECTION('ref_axis',(0.,1.,0.));
#13091=DIRECTION('',(0.,1.,0.));
#13092=DIRECTION('',(0.,1.,0.));
#13093=DIRECTION('',(0.,0.,1.));
#13094=DIRECTION('center_axis',(0.,-1.,0.));
#13095=DIRECTION('ref_axis',(1.,0.,0.));
#13096=DIRECTION('',(1.,0.,0.));
#13097=DIRECTION('',(1.,0.,0.));
#13098=DIRECTION('',(0.,0.,1.));
#13099=DIRECTION('center_axis',(-1.,0.,0.));
#13100=DIRECTION('ref_axis',(0.,-1.,0.));
#13101=DIRECTION('',(0.,-1.,0.));
#13102=DIRECTION('',(0.,-1.,0.));
#13103=DIRECTION('center_axis',(0.,0.,1.));
#13104=DIRECTION('ref_axis',(1.,0.,0.));
#13105=DIRECTION('center_axis',(0.,0.,1.));
#13106=DIRECTION('ref_axis',(1.,0.,0.));
#13107=DIRECTION('axis',(0.,0.,1.));
#13108=DIRECTION('refdir',(1.,0.,0.));
#13109=DIRECTION('center_axis',(0.,1.,0.));
#13110=DIRECTION('ref_axis',(-1.,0.,0.));
#13111=DIRECTION('',(-1.,0.,0.));
#13112=DIRECTION('',(0.,0.,1.));
#13113=DIRECTION('',(-1.,0.,0.));
#13114=DIRECTION('',(0.,0.,1.));
#13115=DIRECTION('center_axis',(1.,0.,0.));
#13116=DIRECTION('ref_axis',(0.,1.,0.));
#13117=DIRECTION('',(0.,1.,0.));
#13118=DIRECTION('',(0.,1.,0.));
#13119=DIRECTION('',(0.,0.,1.));
#13120=DIRECTION('center_axis',(0.,-1.,0.));
#13121=DIRECTION('ref_axis',(1.,0.,0.));
#13122=DIRECTION('',(1.,0.,0.));
#13123=DIRECTION('',(1.,0.,0.));
#13124=DIRECTION('',(0.,0.,1.));
#13125=DIRECTION('center_axis',(-1.,0.,0.));
#13126=DIRECTION('ref_axis',(0.,-1.,0.));
#13127=DIRECTION('',(0.,-1.,0.));
#13128=DIRECTION('',(0.,-1.,0.));
#13129=DIRECTION('center_axis',(0.,0.,1.));
#13130=DIRECTION('ref_axis',(1.,0.,0.));
#13131=DIRECTION('center_axis',(0.,0.,1.));
#13132=DIRECTION('ref_axis',(1.,0.,0.));
#13133=DIRECTION('axis',(0.,0.,1.));
#13134=DIRECTION('refdir',(1.,0.,0.));
#13135=DIRECTION('axis',(0.,0.,1.));
#13136=DIRECTION('refdir',(1.,0.,0.));
#13137=DIRECTION('axis',(0.,0.,1.));
#13138=DIRECTION('refdir',(1.,0.,0.));
#13139=DIRECTION('center_axis',(0.204534728335984,0.978859308023643,0.));
#13140=DIRECTION('ref_axis',(-0.978859308023643,0.204534728335984,0.));
#13141=DIRECTION('',(0.,0.,-1.));
#13142=DIRECTION('',(0.978859308023643,-0.204534728335984,0.));
#13143=DIRECTION('',(0.,0.,-1.));
#13144=DIRECTION('',(0.978859308023643,-0.204534728335984,0.));
#13145=DIRECTION('center_axis',(0.,0.,1.));
#13146=DIRECTION('ref_axis',(1.,0.,0.));
#13147=DIRECTION('',(0.978859308023643,0.204534728335984,0.));
#13148=DIRECTION('',(1.,0.,0.));
#13149=DIRECTION('',(-0.978859308023643,-0.204534728335984,0.));
#13150=DIRECTION('center_axis',(0.,0.,1.));
#13151=DIRECTION('ref_axis',(1.,0.,0.));
#13152=DIRECTION('',(1.,5.78241158658936E-16,0.));
#13153=DIRECTION('center_axis',(0.,0.,-1.));
#13154=DIRECTION('ref_axis',(-1.,0.,0.));
#13155=DIRECTION('',(1.,0.,0.));
#13156=DIRECTION('',(-0.978859308023643,0.204534728335984,0.));
#13157=DIRECTION('center_axis',(0.,0.,1.));
#13158=DIRECTION('ref_axis',(1.,0.,0.));
#13159=DIRECTION('center_axis',(0.,0.,-1.));
#13160=DIRECTION('ref_axis',(-1.,0.,0.));
#13161=DIRECTION('',(0.,1.,0.));
#13162=DIRECTION('',(-1.,0.,0.));
#13163=DIRECTION('',(0.,1.,0.));
#13164=DIRECTION('center_axis',(0.,0.,1.));
#13165=DIRECTION('ref_axis',(1.,0.,0.));
#13166=DIRECTION('center_axis',(0.,0.,-1.));
#13167=DIRECTION('ref_axis',(-1.,0.,0.));
#13168=DIRECTION('center_axis',(0.,0.,1.));
#13169=DIRECTION('ref_axis',(1.,0.,0.));
#13170=DIRECTION('',(-0.978859308023643,-0.204534728335984,0.));
#13171=DIRECTION('',(-1.,0.,0.));
#13172=DIRECTION('',(0.978859308023643,0.204534728335984,0.));
#13173=DIRECTION('center_axis',(0.,0.,1.));
#13174=DIRECTION('ref_axis',(-1.,0.,0.));
#13175=DIRECTION('',(1.,-5.78241158658936E-16,0.));
#13176=DIRECTION('center_axis',(0.,0.,-1.));
#13177=DIRECTION('ref_axis',(1.,0.,0.));
#13178=DIRECTION('',(-0.978859308023643,0.204534728335984,0.));
#13179=DIRECTION('',(-1.,0.,0.));
#13180=DIRECTION('',(0.978859308023643,-0.204534728335984,0.));
#13181=DIRECTION('center_axis',(0.,0.,1.));
#13182=DIRECTION('ref_axis',(-1.,0.,0.));
#13183=DIRECTION('center_axis',(0.,0.,-1.));
#13184=DIRECTION('ref_axis',(1.,0.,0.));
#13185=DIRECTION('',(0.,-1.,0.));
#13186=DIRECTION('',(-1.,0.,0.));
#13187=DIRECTION('',(0.,-1.,0.));
#13188=DIRECTION('center_axis',(0.,0.,1.));
#13189=DIRECTION('ref_axis',(-1.,0.,0.));
#13190=DIRECTION('center_axis',(0.,0.,-1.));
#13191=DIRECTION('ref_axis',(1.,0.,0.));
#13192=DIRECTION('center_axis',(0.,0.,1.));
#13193=DIRECTION('ref_axis',(1.,0.,0.));
#13194=DIRECTION('',(1.,0.,0.));
#13195=DIRECTION('',(0.978859308023643,0.204534728335984,0.));
#13196=DIRECTION('center_axis',(0.,0.,-1.));
#13197=DIRECTION('ref_axis',(-1.,0.,0.));
#13198=DIRECTION('center_axis',(0.,0.,1.));
#13199=DIRECTION('ref_axis',(1.,0.,0.));
#13200=DIRECTION('',(0.,1.,0.));
#13201=DIRECTION('',(-1.,0.,0.));
#13202=DIRECTION('',(0.,1.,0.));
#13203=DIRECTION('center_axis',(0.,0.,-1.));
#13204=DIRECTION('ref_axis',(-1.,0.,0.));
#13205=DIRECTION('center_axis',(0.,0.,1.));
#13206=DIRECTION('ref_axis',(1.,0.,0.));
#13207=DIRECTION('',(-0.978859308023643,0.204534728335984,0.));
#13208=DIRECTION('',(1.,0.,0.));
#13209=DIRECTION('center_axis',(0.,0.,-1.));
#13210=DIRECTION('ref_axis',(-1.,0.,0.));
#13211=DIRECTION('',(1.,5.78241158658936E-16,0.));
#13212=DIRECTION('center_axis',(0.,0.,1.));
#13213=DIRECTION('ref_axis',(1.,0.,0.));
#13214=DIRECTION('',(-0.978859308023643,-0.204534728335984,0.));
#13215=DIRECTION('center_axis',(0.,0.,1.));
#13216=DIRECTION('ref_axis',(1.,0.,0.));
#13217=DIRECTION('',(-1.,0.,0.));
#13218=DIRECTION('',(-0.978859308023643,-0.204534728335984,0.));
#13219=DIRECTION('center_axis',(0.,0.,-1.));
#13220=DIRECTION('ref_axis',(1.,0.,0.));
#13221=DIRECTION('center_axis',(0.,0.,1.));
#13222=DIRECTION('ref_axis',(-1.,0.,0.));
#13223=DIRECTION('',(0.,-1.,0.));
#13224=DIRECTION('',(-1.,0.,0.));
#13225=DIRECTION('',(0.,-1.,0.));
#13226=DIRECTION('center_axis',(0.,0.,-1.));
#13227=DIRECTION('ref_axis',(1.,0.,0.));
#13228=DIRECTION('center_axis',(0.,0.,1.));
#13229=DIRECTION('ref_axis',(-1.,0.,0.));
#13230=DIRECTION('',(0.978859308023643,-0.204534728335984,0.));
#13231=DIRECTION('',(-1.,0.,0.));
#13232=DIRECTION('',(-0.978859308023643,0.204534728335984,0.));
#13233=DIRECTION('center_axis',(0.,0.,-1.));
#13234=DIRECTION('ref_axis',(1.,0.,0.));
#13235=DIRECTION('',(1.,-5.78241158658936E-16,0.));
#13236=DIRECTION('center_axis',(0.,0.,1.));
#13237=DIRECTION('ref_axis',(-1.,0.,0.));
#13238=DIRECTION('',(0.978859308023643,0.204534728335984,0.));
#13239=DIRECTION('center_axis',(0.204534728335984,-0.978859308023643,0.));
#13240=DIRECTION('ref_axis',(-0.978859308023643,-0.204534728335984,0.));
#13241=DIRECTION('',(0.,0.,1.));
#13242=DIRECTION('',(0.,0.,-1.));
#13243=DIRECTION('center_axis',(-0.204534728335984,0.978859308023643,0.));
#13244=DIRECTION('ref_axis',(0.978859308023643,0.204534728335984,0.));
#13245=DIRECTION('',(0.,0.,1.));
#13246=DIRECTION('',(0.,0.,-1.));
#13247=DIRECTION('center_axis',(-0.204534728335984,-0.978859308023643,0.));
#13248=DIRECTION('ref_axis',(0.978859308023643,-0.204534728335984,0.));
#13249=DIRECTION('',(0.,0.,-1.));
#13250=DIRECTION('',(0.,0.,-1.));
#13251=DIRECTION('center_axis',(-1.,0.,0.));
#13252=DIRECTION('ref_axis',(0.,0.,1.));
#13253=DIRECTION('',(0.,0.,-1.));
#13254=DIRECTION('',(0.,1.,0.));
#13255=DIRECTION('',(0.,0.,-1.));
#13256=DIRECTION('',(0.,1.,0.));
#13257=DIRECTION('center_axis',(0.,0.,-1.));
#13258=DIRECTION('ref_axis',(-1.,0.,0.));
#13259=DIRECTION('center_axis',(0.,0.,1.));
#13260=DIRECTION('ref_axis',(1.,0.,0.));
#13261=DIRECTION('',(0.,0.,-1.));
#13262=DIRECTION('',(0.,0.,-1.));
#13263=DIRECTION('',(0.,0.,-1.));
#13264=DIRECTION('center_axis',(0.,0.,1.));
#13265=DIRECTION('ref_axis',(1.,0.,0.));
#13266=DIRECTION('center_axis',(-0.204534728335984,-0.978859308023643,0.));
#13267=DIRECTION('ref_axis',(0.978859308023643,-0.204534728335984,0.));
#13268=DIRECTION('',(0.,0.,-1.));
#13269=DIRECTION('center_axis',(0.,0.,-1.));
#13270=DIRECTION('ref_axis',(-1.,0.,0.));
#13271=DIRECTION('',(0.,0.,-1.));
#13272=DIRECTION('center_axis',(0.,0.,-1.));
#13273=DIRECTION('ref_axis',(-1.,0.,0.));
#13274=DIRECTION('',(0.,0.,-1.));
#13275=DIRECTION('center_axis',(-1.,0.,0.));
#13276=DIRECTION('ref_axis',(0.,0.,1.));
#13277=DIRECTION('',(0.,0.,-1.));
#13278=DIRECTION('center_axis',(0.,-1.,0.));
#13279=DIRECTION('ref_axis',(0.,0.,-1.));
#13280=DIRECTION('',(0.,0.,-1.));
#13281=DIRECTION('center_axis',(0.,1.,0.));
#13282=DIRECTION('ref_axis',(0.,0.,1.));
#13283=DIRECTION('center_axis',(-5.78241158658936E-16,1.,0.));
#13284=DIRECTION('ref_axis',(-1.,-5.78241158658936E-16,0.));
#13285=DIRECTION('',(0.,0.,-1.));
#13286=DIRECTION('',(0.,0.,-1.));
#13287=DIRECTION('center_axis',(-5.78241158658936E-16,1.,0.));
#13288=DIRECTION('ref_axis',(-1.,-5.78241158658936E-16,0.));
#13289=DIRECTION('center_axis',(0.,0.,-1.));
#13290=DIRECTION('ref_axis',(-1.,0.,0.));
#13291=DIRECTION('center_axis',(0.,0.,-1.));
#13292=DIRECTION('ref_axis',(-1.,0.,0.));
#13293=DIRECTION('',(0.,0.,-1.));
#13294=DIRECTION('',(0.,0.,-1.));
#13295=DIRECTION('center_axis',(0.,0.,1.));
#13296=DIRECTION('ref_axis',(1.,0.,0.));
#13297=DIRECTION('center_axis',(0.,0.,1.));
#13298=DIRECTION('ref_axis',(1.,0.,0.));
#13299=DIRECTION('',(0.,0.,-1.));
#13300=DIRECTION('center_axis',(-0.204534728335984,0.978859308023643,0.));
#13301=DIRECTION('ref_axis',(0.978859308023643,0.204534728335984,0.));
#13302=DIRECTION('',(0.,0.,-1.));
#13303=DIRECTION('center_axis',(0.,0.,-1.));
#13304=DIRECTION('ref_axis',(-1.,0.,0.));
#13305=DIRECTION('',(0.,0.,-1.));
#13306=DIRECTION('center_axis',(0.,0.,-1.));
#13307=DIRECTION('ref_axis',(-1.,0.,0.));
#13308=DIRECTION('',(0.,0.,-1.));
#13309=DIRECTION('center_axis',(-1.,0.,0.));
#13310=DIRECTION('ref_axis',(0.,0.,1.));
#13311=DIRECTION('',(0.,0.,-1.));
#13312=DIRECTION('center_axis',(0.,1.,0.));
#13313=DIRECTION('ref_axis',(0.,0.,-1.));
#13314=DIRECTION('',(0.,0.,-1.));
#13315=DIRECTION('center_axis',(0.,1.,0.));
#13316=DIRECTION('ref_axis',(0.,0.,1.));
#13317=DIRECTION('center_axis',(-5.78241158658936E-16,-1.,0.));
#13318=DIRECTION('ref_axis',(-1.,5.78241158658936E-16,0.));
#13319=DIRECTION('',(0.,0.,-1.));
#13320=DIRECTION('',(0.,0.,-1.));
#13321=DIRECTION('center_axis',(-5.78241158658936E-16,-1.,0.));
#13322=DIRECTION('ref_axis',(1.,-5.78241158658936E-16,0.));
#13323=DIRECTION('center_axis',(0.,0.,-1.));
#13324=DIRECTION('ref_axis',(-1.,0.,0.));
#13325=DIRECTION('center_axis',(1.,0.,0.));
#13326=DIRECTION('ref_axis',(0.,0.,1.));
#13327=DIRECTION('',(0.,0.,-1.));
#13328=DIRECTION('',(0.,-1.,0.));
#13329=DIRECTION('',(0.,0.,-1.));
#13330=DIRECTION('',(0.,-1.,0.));
#13331=DIRECTION('center_axis',(0.,0.,-1.));
#13332=DIRECTION('ref_axis',(1.,0.,0.));
#13333=DIRECTION('',(0.,0.,-1.));
#13334=DIRECTION('',(0.,0.,-1.));
#13335=DIRECTION('center_axis',(0.,0.,1.));
#13336=DIRECTION('ref_axis',(1.,0.,0.));
#13337=DIRECTION('center_axis',(0.,0.,1.));
#13338=DIRECTION('ref_axis',(1.,0.,0.));
#13339=DIRECTION('',(0.,0.,-1.));
#13340=DIRECTION('center_axis',(0.204534728335984,-0.978859308023643,0.));
#13341=DIRECTION('ref_axis',(-0.978859308023643,-0.204534728335984,0.));
#13342=DIRECTION('',(0.,0.,-1.));
#13343=DIRECTION('center_axis',(0.,0.,-1.));
#13344=DIRECTION('ref_axis',(1.,0.,0.));
#13345=DIRECTION('',(0.,0.,-1.));
#13346=DIRECTION('center_axis',(0.,0.,-1.));
#13347=DIRECTION('ref_axis',(1.,0.,0.));
#13348=DIRECTION('',(0.,0.,-1.));
#13349=DIRECTION('center_axis',(1.,0.,0.));
#13350=DIRECTION('ref_axis',(0.,0.,1.));
#13351=DIRECTION('center_axis',(0.,0.,-1.));
#13352=DIRECTION('ref_axis',(1.,0.,0.));
#13353=DIRECTION('center_axis',(0.,0.,-1.));
#13354=DIRECTION('ref_axis',(1.,0.,0.));
#13355=DIRECTION('center_axis',(0.,0.,1.));
#13356=DIRECTION('ref_axis',(1.,0.,0.));
#13357=DIRECTION('',(0.,0.,-1.));
#13358=DIRECTION('',(0.,0.,-1.));
#13359=DIRECTION('',(0.,0.,-1.));
#13360=DIRECTION('center_axis',(0.,0.,1.));
#13361=DIRECTION('ref_axis',(1.,0.,0.));
#13362=DIRECTION('center_axis',(0.204534728335984,0.978859308023643,0.));
#13363=DIRECTION('ref_axis',(-0.978859308023643,0.204534728335984,0.));
#13364=DIRECTION('',(0.,0.,-1.));
#13365=DIRECTION('center_axis',(0.,0.,-1.));
#13366=DIRECTION('ref_axis',(1.,0.,0.));
#13367=DIRECTION('',(0.,0.,-1.));
#13368=DIRECTION('center_axis',(0.,0.,-1.));
#13369=DIRECTION('ref_axis',(1.,0.,0.));
#13370=DIRECTION('',(0.,0.,-1.));
#13371=DIRECTION('center_axis',(1.,0.,0.));
#13372=DIRECTION('ref_axis',(0.,0.,1.));
#13373=DIRECTION('center_axis',(0.,0.,-1.));
#13374=DIRECTION('ref_axis',(1.,0.,0.));
#13375=DIRECTION('center_axis',(0.,1.,0.));
#13376=DIRECTION('ref_axis',(0.,0.,1.));
#13377=DIRECTION('',(0.,1.,0.));
#13378=DIRECTION('center_axis',(0.,1.,0.));
#13379=DIRECTION('ref_axis',(0.,0.,1.));
#13380=DIRECTION('',(0.,1.,0.));
#13381=DIRECTION('center_axis',(0.,-1.,0.));
#13382=DIRECTION('ref_axis',(0.,0.,-1.));
#13383=DIRECTION('',(-1.,0.,0.));
#13384=DIRECTION('',(-1.,0.,0.));
#13385=DIRECTION('center_axis',(0.,1.,0.));
#13386=DIRECTION('ref_axis',(0.,0.,1.));
#13387=DIRECTION('',(1.,0.,0.));
#13388=DIRECTION('',(1.,0.,0.));
#13389=DIRECTION('center_axis',(0.,0.,1.));
#13390=DIRECTION('ref_axis',(1.,0.,0.));
#13391=DIRECTION('center_axis',(0.,0.,1.));
#13392=DIRECTION('ref_axis',(1.,0.,0.));
#13393=DIRECTION('',(0.,0.,1.));
#13394=DIRECTION('',(1.,0.,0.));
#13395=DIRECTION('',(0.,0.,1.));
#13396=DIRECTION('',(1.,0.,0.));
#13397=DIRECTION('',(0.,0.,1.));
#13398=DIRECTION('',(1.,0.,0.));
#13399=DIRECTION('',(0.,0.,1.));
#13400=DIRECTION('',(1.,0.,0.));
#13401=DIRECTION('',(0.,0.,1.));
#13402=DIRECTION('',(1.,0.,0.));
#13403=DIRECTION('',(0.,0.,1.));
#13404=DIRECTION('',(1.,0.,0.));
#13405=DIRECTION('',(0.,0.,1.));
#13406=DIRECTION('',(1.,0.,0.));
#13407=DIRECTION('axis',(0.,0.,1.));
#13408=DIRECTION('refdir',(1.,0.,0.));
#13409=DIRECTION('center_axis',(0.,1.,0.));
#13410=DIRECTION('ref_axis',(-1.,0.,0.));
#13411=DIRECTION('',(-1.,0.,0.));
#13412=DIRECTION('',(0.,0.,1.));
#13413=DIRECTION('',(-1.,0.,0.));
#13414=DIRECTION('',(0.,0.,1.));
#13415=DIRECTION('center_axis',(1.,0.,0.));
#13416=DIRECTION('ref_axis',(0.,1.,0.));
#13417=DIRECTION('',(0.,1.,0.));
#13418=DIRECTION('',(0.,1.,0.));
#13419=DIRECTION('',(0.,0.,1.));
#13420=DIRECTION('center_axis',(0.,-1.,0.));
#13421=DIRECTION('ref_axis',(1.,0.,0.));
#13422=DIRECTION('',(1.,0.,0.));
#13423=DIRECTION('',(1.,0.,0.));
#13424=DIRECTION('',(0.,0.,1.));
#13425=DIRECTION('center_axis',(-1.,0.,0.));
#13426=DIRECTION('ref_axis',(0.,-1.,0.));
#13427=DIRECTION('',(0.,-1.,0.));
#13428=DIRECTION('',(0.,-1.,0.));
#13429=DIRECTION('center_axis',(0.,0.,1.));
#13430=DIRECTION('ref_axis',(1.,0.,0.));
#13431=DIRECTION('center_axis',(0.,0.,1.));
#13432=DIRECTION('ref_axis',(1.,0.,0.));
#13433=DIRECTION('axis',(0.,0.,1.));
#13434=DIRECTION('refdir',(1.,0.,0.));
#13435=DIRECTION('center_axis',(0.,0.,1.));
#13436=DIRECTION('ref_axis',(1.,0.,0.));
#13437=DIRECTION('center_axis',(0.,0.,1.));
#13438=DIRECTION('ref_axis',(1.,0.,0.));
#13439=DIRECTION('',(0.,0.,-1.));
#13440=DIRECTION('center_axis',(0.,0.,1.));
#13441=DIRECTION('ref_axis',(1.,0.,0.));
#13442=DIRECTION('center_axis',(0.,0.,1.));
#13443=DIRECTION('ref_axis',(1.,0.,0.));
#13444=DIRECTION('center_axis',(0.,0.,1.));
#13445=DIRECTION('ref_axis',(1.,0.,0.));
#13446=DIRECTION('',(0.,0.,1.));
#13447=DIRECTION('',(1.,0.,0.));
#13448=DIRECTION('',(0.,0.,1.));
#13449=DIRECTION('',(1.,0.,0.));
#13450=DIRECTION('',(0.,0.,1.));
#13451=DIRECTION('',(1.,0.,0.));
#13452=DIRECTION('',(0.,0.,1.));
#13453=DIRECTION('',(0.,-1.,0.));
#13454=DIRECTION('',(0.,0.,1.));
#13455=DIRECTION('',(1.,0.,0.));
#13456=DIRECTION('',(0.,0.,1.));
#13457=DIRECTION('',(1.,0.,0.));
#13458=DIRECTION('',(0.,0.,1.));
#13459=DIRECTION('',(1.,0.,0.));
#13460=DIRECTION('',(0.,0.,1.));
#13461=DIRECTION('',(1.,0.,0.));
#13462=DIRECTION('',(0.,0.,1.));
#13463=DIRECTION('',(1.,0.,0.));
#13464=DIRECTION('',(0.,0.,1.));
#13465=DIRECTION('',(1.,0.,0.));
#13466=DIRECTION('',(1.,0.,0.));
#13467=DIRECTION('',(0.,1.,0.));
#13468=DIRECTION('',(0.,0.,1.));
#13469=DIRECTION('',(1.,0.,0.));
#13470=DIRECTION('',(1.,0.,0.));
#13471=DIRECTION('',(0.,1.,0.));
#13472=DIRECTION('',(0.,0.,1.));
#13473=DIRECTION('',(1.,0.,0.));
#13474=CARTESIAN_POINT('',(0.,0.,0.));
#13475=CARTESIAN_POINT('',(0.,0.,0.));
#13476=CARTESIAN_POINT('',(0.,0.,0.));
#13477=CARTESIAN_POINT('Origin',(10.,-22.5,0.));
#13478=CARTESIAN_POINT('',(7.8,-22.5,0.));
#13479=CARTESIAN_POINT('Origin',(10.,-22.5,0.));
#13480=CARTESIAN_POINT('',(7.8,-22.5,4.));
#13481=CARTESIAN_POINT('',(7.8,-22.5,0.));
#13482=CARTESIAN_POINT('Origin',(10.,-22.5,4.));
#13483=CARTESIAN_POINT('Origin',(-10.,22.5,0.));
#13484=CARTESIAN_POINT('',(-12.2,22.5,0.));
#13485=CARTESIAN_POINT('Origin',(-10.,22.5,0.));
#13486=CARTESIAN_POINT('',(-12.2,22.5,4.));
#13487=CARTESIAN_POINT('',(-12.2,22.5,0.));
#13488=CARTESIAN_POINT('Origin',(-10.,22.5,4.));
#13489=CARTESIAN_POINT('Origin',(-10.,-22.5,0.));
#13490=CARTESIAN_POINT('',(-12.2,-22.5,0.));
#13491=CARTESIAN_POINT('Origin',(-10.,-22.5,0.));
#13492=CARTESIAN_POINT('',(-12.2,-22.5,4.));
#13493=CARTESIAN_POINT('',(-12.2,-22.5,0.));
#13494=CARTESIAN_POINT('Origin',(-10.,-22.5,4.));
#13495=CARTESIAN_POINT('Origin',(10.,22.5,0.));
#13496=CARTESIAN_POINT('',(7.8,22.5,0.));
#13497=CARTESIAN_POINT('Origin',(10.,22.5,0.));
#13498=CARTESIAN_POINT('',(7.8,22.5,4.));
#13499=CARTESIAN_POINT('',(7.8,22.5,0.));
#13500=CARTESIAN_POINT('Origin',(10.,22.5,4.));
#13501=CARTESIAN_POINT('Origin',(35.,35.,0.));
#13502=CARTESIAN_POINT('',(35.,35.,0.));
#13503=CARTESIAN_POINT('',(-35.,35.,0.));
#13504=CARTESIAN_POINT('',(35.,35.,0.));
#13505=CARTESIAN_POINT('',(-35.,35.,4.));
#13506=CARTESIAN_POINT('',(-35.,35.,0.));
#13507=CARTESIAN_POINT('',(35.,35.,4.));
#13508=CARTESIAN_POINT('',(35.,35.,4.));
#13509=CARTESIAN_POINT('',(35.,35.,0.));
#13510=CARTESIAN_POINT('Origin',(35.,-35.,0.));
#13511=CARTESIAN_POINT('',(35.,-35.,0.));
#13512=CARTESIAN_POINT('',(35.,-35.,0.));
#13513=CARTESIAN_POINT('',(35.,-35.,4.));
#13514=CARTESIAN_POINT('',(35.,-35.,4.));
#13515=CARTESIAN_POINT('',(35.,-35.,0.));
#13516=CARTESIAN_POINT('Origin',(-35.,-35.,0.));
#13517=CARTESIAN_POINT('',(-35.,-35.,0.));
#13518=CARTESIAN_POINT('',(-35.,-35.,0.));
#13519=CARTESIAN_POINT('',(-35.,-35.,4.));
#13520=CARTESIAN_POINT('',(-35.,-35.,4.));
#13521=CARTESIAN_POINT('',(-35.,-35.,0.));
#13522=CARTESIAN_POINT('Origin',(-35.,35.,0.));
#13523=CARTESIAN_POINT('',(-35.,35.,0.));
#13524=CARTESIAN_POINT('',(-35.,35.,4.));
#13525=CARTESIAN_POINT('Origin',(0.,0.,4.));
#13526=CARTESIAN_POINT('Origin',(0.,0.,0.));
#13527=CARTESIAN_POINT('',(0.,0.,0.));
#13528=CARTESIAN_POINT('Origin',(35.,-31.,4.));
#13529=CARTESIAN_POINT('',(35.,-31.,4.));
#13530=CARTESIAN_POINT('',(-35.,-31.,4.));
#13531=CARTESIAN_POINT('',(35.,-31.,4.));
#13532=CARTESIAN_POINT('',(-35.,-31.,6.));
#13533=CARTESIAN_POINT('',(-35.,-31.,4.));
#13534=CARTESIAN_POINT('',(35.,-31.,6.));
#13535=CARTESIAN_POINT('',(35.,-31.,6.));
#13536=CARTESIAN_POINT('',(35.,-31.,4.));
#13537=CARTESIAN_POINT('Origin',(35.,-35.,4.));
#13538=CARTESIAN_POINT('',(35.,-35.,4.));
#13539=CARTESIAN_POINT('',(35.,-35.,4.));
#13540=CARTESIAN_POINT('',(35.,-35.,6.));
#13541=CARTESIAN_POINT('',(35.,-35.,6.));
#13542=CARTESIAN_POINT('',(35.,-35.,4.));
#13543=CARTESIAN_POINT('Origin',(-35.,-35.,4.));
#13544=CARTESIAN_POINT('',(-35.,-35.,4.));
#13545=CARTESIAN_POINT('',(-35.,-35.,4.));
#13546=CARTESIAN_POINT('',(-35.,-35.,6.));
#13547=CARTESIAN_POINT('',(-35.,-35.,6.));
#13548=CARTESIAN_POINT('',(-35.,-35.,4.));
#13549=CARTESIAN_POINT('Origin',(-35.,-31.,4.));
#13550=CARTESIAN_POINT('',(-35.,-31.,4.));
#13551=CARTESIAN_POINT('',(-35.,-31.,6.));
#13552=CARTESIAN_POINT('Origin',(0.,-33.,6.));
#13553=CARTESIAN_POINT('Origin',(0.,-33.,4.));
#13554=CARTESIAN_POINT('',(0.,0.,0.));
#13555=CARTESIAN_POINT('Origin',(35.,35.,4.));
#13556=CARTESIAN_POINT('',(35.,35.,4.));
#13557=CARTESIAN_POINT('',(-35.,35.,4.));
#13558=CARTESIAN_POINT('',(35.,35.,4.));
#13559=CARTESIAN_POINT('',(-35.,35.,6.));
#13560=CARTESIAN_POINT('',(-35.,35.,4.));
#13561=CARTESIAN_POINT('',(35.,35.,6.));
#13562=CARTESIAN_POINT('',(35.,35.,6.));
#13563=CARTESIAN_POINT('',(35.,35.,4.));
#13564=CARTESIAN_POINT('Origin',(35.,31.,4.));
#13565=CARTESIAN_POINT('',(35.,31.,4.));
#13566=CARTESIAN_POINT('',(35.,31.,4.));
#13567=CARTESIAN_POINT('',(35.,31.,6.));
#13568=CARTESIAN_POINT('',(35.,31.,6.));
#13569=CARTESIAN_POINT('',(35.,31.,4.));
#13570=CARTESIAN_POINT('Origin',(-35.,31.,4.));
#13571=CARTESIAN_POINT('',(-35.,31.,4.));
#13572=CARTESIAN_POINT('',(-35.,31.,4.));
#13573=CARTESIAN_POINT('',(-35.,31.,6.));
#13574=CARTESIAN_POINT('',(-35.,31.,6.));
#13575=CARTESIAN_POINT('',(-35.,31.,4.));
#13576=CARTESIAN_POINT('Origin',(-35.,35.,4.));
#13577=CARTESIAN_POINT('',(-35.,35.,4.));
#13578=CARTESIAN_POINT('',(-35.,35.,6.));
#13579=CARTESIAN_POINT('Origin',(0.,33.,6.));
#13580=CARTESIAN_POINT('Origin',(0.,33.,4.));
#13581=CARTESIAN_POINT('',(0.,0.,0.));
#13582=CARTESIAN_POINT('',(0.,0.,0.));
#13583=CARTESIAN_POINT('Origin',(-11.,14.25,0.));
#13584=CARTESIAN_POINT('',(-11.,20.5,6.));
#13585=CARTESIAN_POINT('',(-11.,20.5,0.));
#13586=CARTESIAN_POINT('',(-11.,20.5,0.));
#13587=CARTESIAN_POINT('',(-11.,14.25,6.));
#13588=CARTESIAN_POINT('',(-11.,22.,6.));
#13589=CARTESIAN_POINT('',(-11.,14.25,0.));
#13590=CARTESIAN_POINT('',(-11.,14.25,0.));
#13591=CARTESIAN_POINT('',(-11.,22.,0.));
#13592=CARTESIAN_POINT('Origin',(11.,14.25,0.));
#13593=CARTESIAN_POINT('',(11.,14.25,0.));
#13594=CARTESIAN_POINT('',(-11.,14.25,0.));
#13595=CARTESIAN_POINT('',(11.,14.25,6.));
#13596=CARTESIAN_POINT('',(-11.,14.25,6.));
#13597=CARTESIAN_POINT('',(11.,14.25,0.));
#13598=CARTESIAN_POINT('Origin',(11.,22.,0.));
#13599=CARTESIAN_POINT('',(11.,20.5,0.));
#13600=CARTESIAN_POINT('',(11.,20.5,6.));
#13601=CARTESIAN_POINT('',(11.,20.5,0.));
#13602=CARTESIAN_POINT('',(11.,14.25,0.));
#13603=CARTESIAN_POINT('',(11.,14.25,6.));
#13604=CARTESIAN_POINT('Origin',(-13.,12.25,0.));
#13605=CARTESIAN_POINT('',(13.,12.25,0.));
#13606=CARTESIAN_POINT('',(-13.,12.25,0.));
#13607=CARTESIAN_POINT('',(13.,12.25,0.));
#13608=CARTESIAN_POINT('',(13.,12.25,6.));
#13609=CARTESIAN_POINT('',(13.,12.25,0.));
#13610=CARTESIAN_POINT('',(-13.,12.25,6.));
#13611=CARTESIAN_POINT('',(13.,12.25,6.));
#13612=CARTESIAN_POINT('',(-13.,12.25,0.));
#13613=CARTESIAN_POINT('Origin',(10.,20.5,0.));
#13614=CARTESIAN_POINT('',(10.,20.5,6.));
#13615=CARTESIAN_POINT('',(10.,20.5,6.));
#13616=CARTESIAN_POINT('',(10.,20.5,0.));
#13617=CARTESIAN_POINT('',(10.,20.5,0.));
#13618=CARTESIAN_POINT('',(10.,20.5,0.));
#13619=CARTESIAN_POINT('Origin',(11.,-14.25,0.));
#13620=CARTESIAN_POINT('',(11.,-20.5,6.));
#13621=CARTESIAN_POINT('',(11.,-20.5,0.));
#13622=CARTESIAN_POINT('',(11.,-20.5,0.));
#13623=CARTESIAN_POINT('',(11.,-14.25,6.));
#13624=CARTESIAN_POINT('',(11.,-14.25,6.));
#13625=CARTESIAN_POINT('',(11.,-14.25,0.));
#13626=CARTESIAN_POINT('',(11.,-14.25,0.));
#13627=CARTESIAN_POINT('',(11.,-14.25,0.));
#13628=CARTESIAN_POINT('Origin',(-11.,-22.,0.));
#13629=CARTESIAN_POINT('',(-11.,-20.5,0.));
#13630=CARTESIAN_POINT('',(-11.,-20.5,6.));
#13631=CARTESIAN_POINT('',(-11.,-20.5,0.));
#13632=CARTESIAN_POINT('',(-11.,-14.25,0.));
#13633=CARTESIAN_POINT('',(-11.,-22.,0.));
#13634=CARTESIAN_POINT('',(-11.,-14.25,6.));
#13635=CARTESIAN_POINT('',(-11.,-14.25,0.));
#13636=CARTESIAN_POINT('',(-11.,-22.,6.));
#13637=CARTESIAN_POINT('Origin',(13.,-12.25,0.));
#13638=CARTESIAN_POINT('',(13.,-12.25,0.));
#13639=CARTESIAN_POINT('',(-13.,-12.25,0.));
#13640=CARTESIAN_POINT('',(13.,-12.25,0.));
#13641=CARTESIAN_POINT('',(-13.,-12.25,6.));
#13642=CARTESIAN_POINT('',(-13.,-12.25,0.));
#13643=CARTESIAN_POINT('',(13.,-12.25,6.));
#13644=CARTESIAN_POINT('',(13.,-12.25,6.));
#13645=CARTESIAN_POINT('',(13.,-12.25,0.));
#13646=CARTESIAN_POINT('Origin',(-11.,-14.25,0.));
#13647=CARTESIAN_POINT('',(-11.,-14.25,0.));
#13648=CARTESIAN_POINT('',(-11.,-14.25,6.));
#13649=CARTESIAN_POINT('Origin',(-33.,33.,0.));
#13650=CARTESIAN_POINT('',(-34.1,33.,0.));
#13651=CARTESIAN_POINT('Origin',(-33.,33.,0.));
#13652=CARTESIAN_POINT('',(-34.1,33.,6.));
#13653=CARTESIAN_POINT('',(-34.1,33.,0.));
#13654=CARTESIAN_POINT('Origin',(-33.,33.,6.));
#13655=CARTESIAN_POINT('Origin',(33.,-33.,0.));
#13656=CARTESIAN_POINT('',(31.9,-33.,0.));
#13657=CARTESIAN_POINT('Origin',(33.,-33.,0.));
#13658=CARTESIAN_POINT('',(31.9,-33.,6.));
#13659=CARTESIAN_POINT('',(31.9,-33.,0.));
#13660=CARTESIAN_POINT('Origin',(33.,-33.,6.));
#13661=CARTESIAN_POINT('Origin',(-33.,-33.,0.));
#13662=CARTESIAN_POINT('',(-34.1,-33.,0.));
#13663=CARTESIAN_POINT('Origin',(-33.,-33.,0.));
#13664=CARTESIAN_POINT('',(-34.1,-33.,6.));
#13665=CARTESIAN_POINT('',(-34.1,-33.,0.));
#13666=CARTESIAN_POINT('Origin',(-33.,-33.,6.));
#13667=CARTESIAN_POINT('Origin',(33.,33.,0.));
#13668=CARTESIAN_POINT('',(31.9,33.,0.));
#13669=CARTESIAN_POINT('Origin',(33.,33.,0.));
#13670=CARTESIAN_POINT('',(31.9,33.,6.));
#13671=CARTESIAN_POINT('',(31.9,33.,0.));
#13672=CARTESIAN_POINT('Origin',(33.,33.,6.));
#13673=CARTESIAN_POINT('Origin',(13.,31.,0.));
#13674=CARTESIAN_POINT('',(13.,31.,0.));
#13675=CARTESIAN_POINT('',(31.,31.,0.));
#13676=CARTESIAN_POINT('',(13.,31.,0.));
#13677=CARTESIAN_POINT('',(31.,31.,6.));
#13678=CARTESIAN_POINT('',(31.,31.,0.));
#13679=CARTESIAN_POINT('',(13.,31.,6.));
#13680=CARTESIAN_POINT('',(13.,31.,6.));
#13681=CARTESIAN_POINT('',(13.,31.,0.));
#13682=CARTESIAN_POINT('Origin',(13.,22.25,0.));
#13683=CARTESIAN_POINT('',(13.,22.25,0.));
#13684=CARTESIAN_POINT('',(13.,22.25,0.));
#13685=CARTESIAN_POINT('',(13.,22.25,6.));
#13686=CARTESIAN_POINT('',(13.,22.25,6.));
#13687=CARTESIAN_POINT('',(13.,22.25,0.));
#13688=CARTESIAN_POINT('Origin',(27.,22.25,0.));
#13689=CARTESIAN_POINT('',(27.,22.25,0.));
#13690=CARTESIAN_POINT('',(27.,22.25,0.));
#13691=CARTESIAN_POINT('',(27.,22.25,6.));
#13692=CARTESIAN_POINT('',(27.,22.25,6.));
#13693=CARTESIAN_POINT('',(27.,22.25,0.));
#13694=CARTESIAN_POINT('Origin',(27.,23.5,0.));
#13695=CARTESIAN_POINT('',(27.,23.5,0.));
#13696=CARTESIAN_POINT('',(27.,23.5,0.));
#13697=CARTESIAN_POINT('',(27.,23.5,6.));
#13698=CARTESIAN_POINT('',(27.,23.5,6.));
#13699=CARTESIAN_POINT('',(27.,23.5,0.));
#13700=CARTESIAN_POINT('Origin',(29.,23.5,0.));
#13701=CARTESIAN_POINT('',(29.,23.5,0.));
#13702=CARTESIAN_POINT('',(29.,23.5,0.));
#13703=CARTESIAN_POINT('',(29.,23.5,6.));
#13704=CARTESIAN_POINT('',(29.,23.5,6.));
#13705=CARTESIAN_POINT('',(29.,23.5,0.));
#13706=CARTESIAN_POINT('Origin',(29.,-23.5,0.));
#13707=CARTESIAN_POINT('',(29.,-23.5,0.));
#13708=CARTESIAN_POINT('',(29.,-23.5,0.));
#13709=CARTESIAN_POINT('',(29.,-23.5,6.));
#13710=CARTESIAN_POINT('',(29.,-23.5,6.));
#13711=CARTESIAN_POINT('',(29.,-23.5,0.));
#13712=CARTESIAN_POINT('Origin',(27.,-23.5,0.));
#13713=CARTESIAN_POINT('',(27.,-23.5,0.));
#13714=CARTESIAN_POINT('',(27.,-23.5,0.));
#13715=CARTESIAN_POINT('',(27.,-23.5,6.));
#13716=CARTESIAN_POINT('',(27.,-23.5,6.));
#13717=CARTESIAN_POINT('',(27.,-23.5,0.));
#13718=CARTESIAN_POINT('Origin',(27.,-22.25,0.));
#13719=CARTESIAN_POINT('',(27.,-22.25,0.));
#13720=CARTESIAN_POINT('',(27.,-22.25,0.));
#13721=CARTESIAN_POINT('',(27.,-22.25,6.));
#13722=CARTESIAN_POINT('',(27.,-22.25,6.));
#13723=CARTESIAN_POINT('',(27.,-22.25,0.));
#13724=CARTESIAN_POINT('Origin',(13.,-22.25,0.));
#13725=CARTESIAN_POINT('',(13.,-22.25,0.));
#13726=CARTESIAN_POINT('',(13.,-22.25,0.));
#13727=CARTESIAN_POINT('',(13.,-22.25,6.));
#13728=CARTESIAN_POINT('',(13.,-22.25,6.));
#13729=CARTESIAN_POINT('',(13.,-22.25,0.));
#13730=CARTESIAN_POINT('Origin',(13.,-31.,0.));
#13731=CARTESIAN_POINT('',(13.,-31.,0.));
#13732=CARTESIAN_POINT('',(13.,-31.,0.));
#13733=CARTESIAN_POINT('',(13.,-31.,6.));
#13734=CARTESIAN_POINT('',(13.,-31.,6.));
#13735=CARTESIAN_POINT('',(13.,-31.,0.));
#13736=CARTESIAN_POINT('Origin',(31.,-31.,0.));
#13737=CARTESIAN_POINT('',(31.,-31.,0.));
#13738=CARTESIAN_POINT('',(31.,-31.,0.));
#13739=CARTESIAN_POINT('',(31.,-31.,6.));
#13740=CARTESIAN_POINT('',(31.,-31.,6.));
#13741=CARTESIAN_POINT('',(31.,-31.,0.));
#13742=CARTESIAN_POINT('Origin',(31.,31.,0.));
#13743=CARTESIAN_POINT('',(31.,31.,0.));
#13744=CARTESIAN_POINT('',(31.,31.,6.));
#13745=CARTESIAN_POINT('Origin',(13.,9.75,0.));
#13746=CARTESIAN_POINT('',(13.,9.75,0.));
#13747=CARTESIAN_POINT('',(27.,9.75,0.));
#13748=CARTESIAN_POINT('',(13.,9.75,0.));
#13749=CARTESIAN_POINT('',(27.,9.75,6.));
#13750=CARTESIAN_POINT('',(27.,9.75,0.));
#13751=CARTESIAN_POINT('',(13.,9.75,6.));
#13752=CARTESIAN_POINT('',(13.,9.75,6.));
#13753=CARTESIAN_POINT('',(13.,9.75,0.));
#13754=CARTESIAN_POINT('Origin',(13.,-9.75,0.));
#13755=CARTESIAN_POINT('',(13.,-9.75,0.));
#13756=CARTESIAN_POINT('',(13.,-9.75,0.));
#13757=CARTESIAN_POINT('',(13.,-9.75,6.));
#13758=CARTESIAN_POINT('',(13.,-9.75,6.));
#13759=CARTESIAN_POINT('',(13.,-9.75,0.));
#13760=CARTESIAN_POINT('Origin',(27.,-9.75,0.));
#13761=CARTESIAN_POINT('',(27.,-9.75,0.));
#13762=CARTESIAN_POINT('',(27.,-9.75,0.));
#13763=CARTESIAN_POINT('',(27.,-9.75,6.));
#13764=CARTESIAN_POINT('',(27.,-9.75,6.));
#13765=CARTESIAN_POINT('',(27.,-9.75,0.));
#13766=CARTESIAN_POINT('Origin',(27.,9.75,0.));
#13767=CARTESIAN_POINT('',(27.,9.75,0.));
#13768=CARTESIAN_POINT('',(27.,9.75,6.));
#13769=CARTESIAN_POINT('Origin',(-27.,-22.25,0.));
#13770=CARTESIAN_POINT('',(-27.,-22.25,0.));
#13771=CARTESIAN_POINT('',(-13.,-22.25,0.));
#13772=CARTESIAN_POINT('',(-27.,-22.25,0.));
#13773=CARTESIAN_POINT('',(-13.,-22.25,6.));
#13774=CARTESIAN_POINT('',(-13.,-22.25,0.));
#13775=CARTESIAN_POINT('',(-27.,-22.25,6.));
#13776=CARTESIAN_POINT('',(-27.,-22.25,6.));
#13777=CARTESIAN_POINT('',(-27.,-22.25,0.));
#13778=CARTESIAN_POINT('Origin',(-27.,-23.5,0.));
#13779=CARTESIAN_POINT('',(-27.,-23.5,0.));
#13780=CARTESIAN_POINT('',(-27.,-23.5,0.));
#13781=CARTESIAN_POINT('',(-27.,-23.5,6.));
#13782=CARTESIAN_POINT('',(-27.,-23.5,6.));
#13783=CARTESIAN_POINT('',(-27.,-23.5,0.));
#13784=CARTESIAN_POINT('Origin',(-29.,-23.5,0.));
#13785=CARTESIAN_POINT('',(-29.,-23.5,0.));
#13786=CARTESIAN_POINT('',(-29.,-23.5,0.));
#13787=CARTESIAN_POINT('',(-29.,-23.5,6.));
#13788=CARTESIAN_POINT('',(-29.,-23.5,6.));
#13789=CARTESIAN_POINT('',(-29.,-23.5,0.));
#13790=CARTESIAN_POINT('Origin',(-29.,23.5,0.));
#13791=CARTESIAN_POINT('',(-29.,23.5,0.));
#13792=CARTESIAN_POINT('',(-29.,23.5,0.));
#13793=CARTESIAN_POINT('',(-29.,23.5,6.));
#13794=CARTESIAN_POINT('',(-29.,23.5,6.));
#13795=CARTESIAN_POINT('',(-29.,23.5,0.));
#13796=CARTESIAN_POINT('Origin',(-27.,23.5,0.));
#13797=CARTESIAN_POINT('',(-27.,23.5,0.));
#13798=CARTESIAN_POINT('',(-27.,23.5,0.));
#13799=CARTESIAN_POINT('',(-27.,23.5,6.));
#13800=CARTESIAN_POINT('',(-27.,23.5,6.));
#13801=CARTESIAN_POINT('',(-27.,23.5,0.));
#13802=CARTESIAN_POINT('Origin',(-27.,22.25,0.));
#13803=CARTESIAN_POINT('',(-27.,22.25,0.));
#13804=CARTESIAN_POINT('',(-27.,22.25,0.));
#13805=CARTESIAN_POINT('',(-27.,22.25,6.));
#13806=CARTESIAN_POINT('',(-27.,22.25,6.));
#13807=CARTESIAN_POINT('',(-27.,22.25,0.));
#13808=CARTESIAN_POINT('Origin',(-13.,22.25,0.));
#13809=CARTESIAN_POINT('',(-13.,22.25,0.));
#13810=CARTESIAN_POINT('',(-13.,22.25,0.));
#13811=CARTESIAN_POINT('',(-13.,22.25,6.));
#13812=CARTESIAN_POINT('',(-13.,22.25,6.));
#13813=CARTESIAN_POINT('',(-13.,22.25,0.));
#13814=CARTESIAN_POINT('Origin',(-13.,31.,0.));
#13815=CARTESIAN_POINT('',(-13.,31.,0.));
#13816=CARTESIAN_POINT('',(-13.,31.,0.));
#13817=CARTESIAN_POINT('',(-13.,31.,6.));
#13818=CARTESIAN_POINT('',(-13.,31.,6.));
#13819=CARTESIAN_POINT('',(-13.,31.,0.));
#13820=CARTESIAN_POINT('Origin',(-31.,31.,0.));
#13821=CARTESIAN_POINT('',(-31.,31.,0.));
#13822=CARTESIAN_POINT('',(-31.,31.,0.));
#13823=CARTESIAN_POINT('',(-31.,31.,6.));
#13824=CARTESIAN_POINT('',(-31.,31.,6.));
#13825=CARTESIAN_POINT('',(-31.,31.,0.));
#13826=CARTESIAN_POINT('Origin',(-31.,-31.,0.));
#13827=CARTESIAN_POINT('',(-31.,-31.,0.));
#13828=CARTESIAN_POINT('',(-31.,-31.,0.));
#13829=CARTESIAN_POINT('',(-31.,-31.,6.));
#13830=CARTESIAN_POINT('',(-31.,-31.,6.));
#13831=CARTESIAN_POINT('',(-31.,-31.,0.));
#13832=CARTESIAN_POINT('Origin',(-13.,-31.,0.));
#13833=CARTESIAN_POINT('',(-13.,-31.,0.));
#13834=CARTESIAN_POINT('',(-13.,-31.,0.));
#13835=CARTESIAN_POINT('',(-13.,-31.,6.));
#13836=CARTESIAN_POINT('',(-13.,-31.,6.));
#13837=CARTESIAN_POINT('',(-13.,-31.,0.));
#13838=CARTESIAN_POINT('Origin',(-13.,-22.25,0.));
#13839=CARTESIAN_POINT('',(-13.,-22.25,0.));
#13840=CARTESIAN_POINT('',(-13.,-22.25,6.));
#13841=CARTESIAN_POINT('Origin',(-10.,-20.5,0.));
#13842=CARTESIAN_POINT('',(-10.,-20.5,6.));
#13843=CARTESIAN_POINT('',(-10.,-20.5,6.));
#13844=CARTESIAN_POINT('',(-10.,-20.5,0.));
#13845=CARTESIAN_POINT('',(-10.,-20.5,0.));
#13846=CARTESIAN_POINT('',(-10.,-20.5,0.));
#13847=CARTESIAN_POINT('Origin',(-10.,-31.,0.));
#13848=CARTESIAN_POINT('',(-10.,-31.,0.));
#13849=CARTESIAN_POINT('',(-10.,-31.,0.));
#13850=CARTESIAN_POINT('',(-10.,-31.,6.));
#13851=CARTESIAN_POINT('',(-10.,-31.,6.));
#13852=CARTESIAN_POINT('',(-10.,-31.,0.));
#13853=CARTESIAN_POINT('Origin',(10.,-31.,0.));
#13854=CARTESIAN_POINT('',(10.,-31.,0.));
#13855=CARTESIAN_POINT('',(10.,-31.,0.));
#13856=CARTESIAN_POINT('',(10.,-31.,6.));
#13857=CARTESIAN_POINT('',(10.,-31.,6.));
#13858=CARTESIAN_POINT('',(10.,-31.,0.));
#13859=CARTESIAN_POINT('Origin',(10.,-20.5,0.));
#13860=CARTESIAN_POINT('',(10.,-20.5,0.));
#13861=CARTESIAN_POINT('',(10.,-20.5,0.));
#13862=CARTESIAN_POINT('',(10.,-20.5,6.));
#13863=CARTESIAN_POINT('',(10.,-20.5,6.));
#13864=CARTESIAN_POINT('',(10.,-20.5,0.));
#13865=CARTESIAN_POINT('Origin',(13.,-20.5,0.));
#13866=CARTESIAN_POINT('',(13.,-20.5,0.));
#13867=CARTESIAN_POINT('',(13.,-20.5,6.));
#13868=CARTESIAN_POINT('Origin',(13.,-21.75,0.));
#13869=CARTESIAN_POINT('',(13.,-21.75,0.));
#13870=CARTESIAN_POINT('',(13.,-21.75,0.));
#13871=CARTESIAN_POINT('',(13.,-21.75,6.));
#13872=CARTESIAN_POINT('',(13.,-21.75,6.));
#13873=CARTESIAN_POINT('',(13.,-21.75,0.));
#13874=CARTESIAN_POINT('Origin',(27.,-21.75,0.));
#13875=CARTESIAN_POINT('',(27.,-21.75,0.));
#13876=CARTESIAN_POINT('',(27.,-21.75,0.));
#13877=CARTESIAN_POINT('',(27.,-21.75,6.));
#13878=CARTESIAN_POINT('',(27.,-21.75,6.));
#13879=CARTESIAN_POINT('',(27.,-21.75,0.));
#13880=CARTESIAN_POINT('Origin',(27.,-10.25,0.));
#13881=CARTESIAN_POINT('',(27.,-10.25,0.));
#13882=CARTESIAN_POINT('',(27.,-10.25,0.));
#13883=CARTESIAN_POINT('',(27.,-10.25,6.));
#13884=CARTESIAN_POINT('',(27.,-10.25,6.));
#13885=CARTESIAN_POINT('',(27.,-10.25,0.));
#13886=CARTESIAN_POINT('Origin',(13.,-10.25,0.));
#13887=CARTESIAN_POINT('',(13.,-10.25,0.));
#13888=CARTESIAN_POINT('',(13.,-10.25,0.));
#13889=CARTESIAN_POINT('',(13.,-10.25,6.));
#13890=CARTESIAN_POINT('',(13.,-10.25,6.));
#13891=CARTESIAN_POINT('',(13.,-10.25,0.));
#13892=CARTESIAN_POINT('Origin',(13.,-12.,0.));
#13893=CARTESIAN_POINT('',(13.,-12.,0.));
#13894=CARTESIAN_POINT('',(13.,-12.,0.));
#13895=CARTESIAN_POINT('',(13.,-12.,6.));
#13896=CARTESIAN_POINT('',(13.,-12.,6.));
#13897=CARTESIAN_POINT('',(13.,-12.,0.));
#13898=CARTESIAN_POINT('Origin',(-13.,-12.,0.));
#13899=CARTESIAN_POINT('',(-13.,-12.,0.));
#13900=CARTESIAN_POINT('',(-13.,-12.,0.));
#13901=CARTESIAN_POINT('',(-13.,-12.,6.));
#13902=CARTESIAN_POINT('',(-13.,-12.,6.));
#13903=CARTESIAN_POINT('',(-13.,-12.,0.));
#13904=CARTESIAN_POINT('Origin',(-13.,-10.25,0.));
#13905=CARTESIAN_POINT('',(-13.,-10.25,0.));
#13906=CARTESIAN_POINT('',(-13.,-10.25,0.));
#13907=CARTESIAN_POINT('',(-13.,-10.25,6.));
#13908=CARTESIAN_POINT('',(-13.,-10.25,6.));
#13909=CARTESIAN_POINT('',(-13.,-10.25,0.));
#13910=CARTESIAN_POINT('Origin',(-27.,-10.25,0.));
#13911=CARTESIAN_POINT('',(-27.,-10.25,0.));
#13912=CARTESIAN_POINT('',(-27.,-10.25,0.));
#13913=CARTESIAN_POINT('',(-27.,-10.25,6.));
#13914=CARTESIAN_POINT('',(-27.,-10.25,6.));
#13915=CARTESIAN_POINT('',(-27.,-10.25,0.));
#13916=CARTESIAN_POINT('Origin',(-27.,-21.75,0.));
#13917=CARTESIAN_POINT('',(-27.,-21.75,0.));
#13918=CARTESIAN_POINT('',(-27.,-21.75,0.));
#13919=CARTESIAN_POINT('',(-27.,-21.75,6.));
#13920=CARTESIAN_POINT('',(-27.,-21.75,6.));
#13921=CARTESIAN_POINT('',(-27.,-21.75,0.));
#13922=CARTESIAN_POINT('Origin',(-13.,-21.75,0.));
#13923=CARTESIAN_POINT('',(-13.,-21.75,0.));
#13924=CARTESIAN_POINT('',(-13.,-21.75,0.));
#13925=CARTESIAN_POINT('',(-13.,-21.75,6.));
#13926=CARTESIAN_POINT('',(-13.,-21.75,6.));
#13927=CARTESIAN_POINT('',(-13.,-21.75,0.));
#13928=CARTESIAN_POINT('Origin',(-13.,-20.5,0.));
#13929=CARTESIAN_POINT('',(-13.,-20.5,0.));
#13930=CARTESIAN_POINT('',(-13.,-12.25,6.));
#13931=CARTESIAN_POINT('Origin',(-27.,9.75,0.));
#13932=CARTESIAN_POINT('',(-27.,9.75,0.));
#13933=CARTESIAN_POINT('',(-13.,9.75,0.));
#13934=CARTESIAN_POINT('',(-27.,9.75,0.));
#13935=CARTESIAN_POINT('',(-13.,9.75,6.));
#13936=CARTESIAN_POINT('',(-13.,9.75,0.));
#13937=CARTESIAN_POINT('',(-27.,9.75,6.));
#13938=CARTESIAN_POINT('',(-27.,9.75,6.));
#13939=CARTESIAN_POINT('',(-27.,9.75,0.));
#13940=CARTESIAN_POINT('Origin',(-27.,-9.75,0.));
#13941=CARTESIAN_POINT('',(-27.,-9.75,0.));
#13942=CARTESIAN_POINT('',(-27.,-9.75,0.));
#13943=CARTESIAN_POINT('',(-27.,-9.75,6.));
#13944=CARTESIAN_POINT('',(-27.,-9.75,6.));
#13945=CARTESIAN_POINT('',(-27.,-9.75,0.));
#13946=CARTESIAN_POINT('Origin',(-13.,-9.75,0.));
#13947=CARTESIAN_POINT('',(-13.,-9.75,0.));
#13948=CARTESIAN_POINT('',(-13.,-9.75,0.));
#13949=CARTESIAN_POINT('',(-13.,-9.75,6.));
#13950=CARTESIAN_POINT('',(-13.,-9.75,6.));
#13951=CARTESIAN_POINT('',(-13.,-9.75,0.));
#13952=CARTESIAN_POINT('Origin',(-13.,9.75,0.));
#13953=CARTESIAN_POINT('',(-13.,9.75,0.));
#13954=CARTESIAN_POINT('',(-13.,9.75,6.));
#13955=CARTESIAN_POINT('Origin',(13.,12.,0.));
#13956=CARTESIAN_POINT('',(13.,12.,0.));
#13957=CARTESIAN_POINT('',(-13.,12.,0.));
#13958=CARTESIAN_POINT('',(13.,12.,0.));
#13959=CARTESIAN_POINT('',(-13.,12.,6.));
#13960=CARTESIAN_POINT('',(-13.,12.,0.));
#13961=CARTESIAN_POINT('',(13.,12.,6.));
#13962=CARTESIAN_POINT('',(13.,12.,6.));
#13963=CARTESIAN_POINT('',(13.,12.,0.));
#13964=CARTESIAN_POINT('Origin',(13.,10.25,0.));
#13965=CARTESIAN_POINT('',(13.,10.25,0.));
#13966=CARTESIAN_POINT('',(13.,10.25,0.));
#13967=CARTESIAN_POINT('',(13.,10.25,6.));
#13968=CARTESIAN_POINT('',(13.,10.25,6.));
#13969=CARTESIAN_POINT('',(13.,10.25,0.));
#13970=CARTESIAN_POINT('Origin',(27.,10.25,0.));
#13971=CARTESIAN_POINT('',(27.,10.25,0.));
#13972=CARTESIAN_POINT('',(27.,10.25,0.));
#13973=CARTESIAN_POINT('',(27.,10.25,6.));
#13974=CARTESIAN_POINT('',(27.,10.25,6.));
#13975=CARTESIAN_POINT('',(27.,10.25,0.));
#13976=CARTESIAN_POINT('Origin',(27.,21.75,0.));
#13977=CARTESIAN_POINT('',(27.,21.75,0.));
#13978=CARTESIAN_POINT('',(27.,21.75,0.));
#13979=CARTESIAN_POINT('',(27.,21.75,6.));
#13980=CARTESIAN_POINT('',(27.,21.75,6.));
#13981=CARTESIAN_POINT('',(27.,21.75,0.));
#13982=CARTESIAN_POINT('Origin',(13.,21.75,0.));
#13983=CARTESIAN_POINT('',(13.,21.75,0.));
#13984=CARTESIAN_POINT('',(13.,21.75,0.));
#13985=CARTESIAN_POINT('',(13.,21.75,6.));
#13986=CARTESIAN_POINT('',(13.,21.75,6.));
#13987=CARTESIAN_POINT('',(13.,21.75,0.));
#13988=CARTESIAN_POINT('Origin',(13.,20.5,0.));
#13989=CARTESIAN_POINT('',(13.,22.,0.));
#13990=CARTESIAN_POINT('',(13.,22.,6.));
#13991=CARTESIAN_POINT('Origin',(10.,31.,0.));
#13992=CARTESIAN_POINT('',(10.,31.,0.));
#13993=CARTESIAN_POINT('',(10.,31.,0.));
#13994=CARTESIAN_POINT('',(10.,31.,6.));
#13995=CARTESIAN_POINT('',(10.,31.,6.));
#13996=CARTESIAN_POINT('',(10.,31.,0.));
#13997=CARTESIAN_POINT('Origin',(-10.,31.,0.));
#13998=CARTESIAN_POINT('',(-10.,31.,0.));
#13999=CARTESIAN_POINT('',(-10.,31.,0.));
#14000=CARTESIAN_POINT('',(-10.,31.,6.));
#14001=CARTESIAN_POINT('',(-10.,31.,6.));
#14002=CARTESIAN_POINT('',(-10.,31.,0.));
#14003=CARTESIAN_POINT('Origin',(-10.,20.5,0.));
#14004=CARTESIAN_POINT('',(-10.,20.5,0.));
#14005=CARTESIAN_POINT('',(-10.,20.5,0.));
#14006=CARTESIAN_POINT('',(-10.,20.5,6.));
#14007=CARTESIAN_POINT('',(-10.,20.5,6.));
#14008=CARTESIAN_POINT('',(-10.,20.5,0.));
#14009=CARTESIAN_POINT('Origin',(-13.,20.5,0.));
#14010=CARTESIAN_POINT('',(-13.,20.5,0.));
#14011=CARTESIAN_POINT('',(-13.,20.5,6.));
#14012=CARTESIAN_POINT('Origin',(-13.,21.75,0.));
#14013=CARTESIAN_POINT('',(-13.,21.75,0.));
#14014=CARTESIAN_POINT('',(-13.,21.75,0.));
#14015=CARTESIAN_POINT('',(-13.,21.75,6.));
#14016=CARTESIAN_POINT('',(-13.,21.75,6.));
#14017=CARTESIAN_POINT('',(-13.,21.75,0.));
#14018=CARTESIAN_POINT('Origin',(-27.,21.75,0.));
#14019=CARTESIAN_POINT('',(-27.,21.75,0.));
#14020=CARTESIAN_POINT('',(-27.,21.75,0.));
#14021=CARTESIAN_POINT('',(-27.,21.75,6.));
#14022=CARTESIAN_POINT('',(-27.,21.75,6.));
#14023=CARTESIAN_POINT('',(-27.,21.75,0.));
#14024=CARTESIAN_POINT('Origin',(-27.,10.25,0.));
#14025=CARTESIAN_POINT('',(-27.,10.25,0.));
#14026=CARTESIAN_POINT('',(-27.,10.25,0.));
#14027=CARTESIAN_POINT('',(-27.,10.25,6.));
#14028=CARTESIAN_POINT('',(-27.,10.25,6.));
#14029=CARTESIAN_POINT('',(-27.,10.25,0.));
#14030=CARTESIAN_POINT('Origin',(-13.,10.25,0.));
#14031=CARTESIAN_POINT('',(-13.,10.25,0.));
#14032=CARTESIAN_POINT('',(-13.,10.25,0.));
#14033=CARTESIAN_POINT('',(-13.,10.25,6.));
#14034=CARTESIAN_POINT('',(-13.,10.25,6.));
#14035=CARTESIAN_POINT('',(-13.,10.25,0.));
#14036=CARTESIAN_POINT('Origin',(-13.,12.,0.));
#14037=CARTESIAN_POINT('',(-13.,12.,0.));
#14038=CARTESIAN_POINT('',(-13.,12.,6.));
#14039=CARTESIAN_POINT('Origin',(35.,35.,0.));
#14040=CARTESIAN_POINT('',(35.,35.,0.));
#14041=CARTESIAN_POINT('',(-35.,35.,0.));
#14042=CARTESIAN_POINT('',(35.,35.,0.));
#14043=CARTESIAN_POINT('',(-35.,35.,6.));
#14044=CARTESIAN_POINT('',(-35.,35.,0.));
#14045=CARTESIAN_POINT('',(35.,35.,6.));
#14046=CARTESIAN_POINT('',(35.,35.,6.));
#14047=CARTESIAN_POINT('',(35.,35.,0.));
#14048=CARTESIAN_POINT('Origin',(35.,-35.,0.));
#14049=CARTESIAN_POINT('',(35.,-35.,0.));
#14050=CARTESIAN_POINT('',(35.,-35.,0.));
#14051=CARTESIAN_POINT('',(35.,-35.,6.));
#14052=CARTESIAN_POINT('',(35.,-35.,6.));
#14053=CARTESIAN_POINT('',(35.,-35.,0.));
#14054=CARTESIAN_POINT('Origin',(-35.,-35.,0.));
#14055=CARTESIAN_POINT('',(-35.,-35.,0.));
#14056=CARTESIAN_POINT('',(-35.,-35.,0.));
#14057=CARTESIAN_POINT('',(-35.,-35.,6.));
#14058=CARTESIAN_POINT('',(-35.,-35.,6.));
#14059=CARTESIAN_POINT('',(-35.,-35.,0.));
#14060=CARTESIAN_POINT('Origin',(-35.,35.,0.));
#14061=CARTESIAN_POINT('',(-35.,35.,0.));
#14062=CARTESIAN_POINT('',(-35.,35.,6.));
#14063=CARTESIAN_POINT('Origin',(0.,0.,6.));
#14064=CARTESIAN_POINT('Origin',(0.,0.,0.));
#14065=CARTESIAN_POINT('',(0.,0.,0.));
#14066=CARTESIAN_POINT('Origin',(3.,-27.,9.));
#14067=CARTESIAN_POINT('',(3.,-27.,9.));
#14068=CARTESIAN_POINT('',(-3.,-27.,9.));
#14069=CARTESIAN_POINT('',(3.,-27.,9.));
#14070=CARTESIAN_POINT('',(-3.,-27.,23.));
#14071=CARTESIAN_POINT('',(-3.,-27.,9.));
#14072=CARTESIAN_POINT('',(3.,-27.,23.));
#14073=CARTESIAN_POINT('',(3.,-27.,23.));
#14074=CARTESIAN_POINT('',(3.,-27.,9.));
#14075=CARTESIAN_POINT('Origin',(3.,-30.,9.));
#14076=CARTESIAN_POINT('',(3.,-30.,9.));
#14077=CARTESIAN_POINT('',(3.,-30.,9.));
#14078=CARTESIAN_POINT('',(3.,-30.,23.));
#14079=CARTESIAN_POINT('',(3.,-30.,23.));
#14080=CARTESIAN_POINT('',(3.,-30.,9.));
#14081=CARTESIAN_POINT('Origin',(-3.,-30.,9.));
#14082=CARTESIAN_POINT('',(-3.,-30.,9.));
#14083=CARTESIAN_POINT('',(-3.,-30.,9.));
#14084=CARTESIAN_POINT('',(-3.,-30.,23.));
#14085=CARTESIAN_POINT('',(-3.,-30.,23.));
#14086=CARTESIAN_POINT('',(-3.,-30.,9.));
#14087=CARTESIAN_POINT('Origin',(-3.,-27.,9.));
#14088=CARTESIAN_POINT('',(-3.,-27.,9.));
#14089=CARTESIAN_POINT('',(-3.,-27.,23.));
#14090=CARTESIAN_POINT('Origin',(0.,-28.5,23.));
#14091=CARTESIAN_POINT('Origin',(0.,-28.5,9.));
#14092=CARTESIAN_POINT('',(0.,0.,0.));
#14093=CARTESIAN_POINT('Origin',(3.,-27.,6.));
#14094=CARTESIAN_POINT('',(3.,-27.,6.));
#14095=CARTESIAN_POINT('',(-3.,-27.,6.));
#14096=CARTESIAN_POINT('',(3.,-27.,6.));
#14097=CARTESIAN_POINT('',(-3.,-27.,9.));
#14098=CARTESIAN_POINT('',(-3.,-27.,6.));
#14099=CARTESIAN_POINT('',(3.,-27.,9.));
#14100=CARTESIAN_POINT('',(3.,-27.,9.));
#14101=CARTESIAN_POINT('',(3.,-27.,6.));
#14102=CARTESIAN_POINT('Origin',(3.,-35.,6.));
#14103=CARTESIAN_POINT('',(3.,-35.,6.));
#14104=CARTESIAN_POINT('',(3.,-35.,6.));
#14105=CARTESIAN_POINT('',(3.,-35.,9.));
#14106=CARTESIAN_POINT('',(3.,-35.,9.));
#14107=CARTESIAN_POINT('',(3.,-35.,6.));
#14108=CARTESIAN_POINT('Origin',(-3.,-35.,6.));
#14109=CARTESIAN_POINT('',(-3.,-35.,6.));
#14110=CARTESIAN_POINT('',(-3.,-35.,6.));
#14111=CARTESIAN_POINT('',(-3.,-35.,9.));
#14112=CARTESIAN_POINT('',(-3.,-35.,9.));
#14113=CARTESIAN_POINT('',(-3.,-35.,6.));
#14114=CARTESIAN_POINT('Origin',(-3.,-27.,6.));
#14115=CARTESIAN_POINT('',(-3.,-27.,6.));
#14116=CARTESIAN_POINT('',(-3.,-27.,9.));
#14117=CARTESIAN_POINT('Origin',(0.,-31.,9.));
#14118=CARTESIAN_POINT('Origin',(0.,-31.,6.));
#14119=CARTESIAN_POINT('',(0.,0.,0.));
#14120=CARTESIAN_POINT('Origin',(3.,-8.,6.));
#14121=CARTESIAN_POINT('',(3.,-8.,6.));
#14122=CARTESIAN_POINT('',(-3.,-8.,6.));
#14123=CARTESIAN_POINT('',(3.,-8.,6.));
#14124=CARTESIAN_POINT('',(-3.,-8.,23.));
#14125=CARTESIAN_POINT('',(-3.,-8.,6.));
#14126=CARTESIAN_POINT('',(3.,-8.,23.));
#14127=CARTESIAN_POINT('',(3.,-8.,23.));
#14128=CARTESIAN_POINT('',(3.,-8.,6.));
#14129=CARTESIAN_POINT('Origin',(3.,-12.,6.));
#14130=CARTESIAN_POINT('',(3.,-12.,6.));
#14131=CARTESIAN_POINT('',(3.,-12.,6.));
#14132=CARTESIAN_POINT('',(3.,-12.,23.));
#14133=CARTESIAN_POINT('',(3.,-12.,23.));
#14134=CARTESIAN_POINT('',(3.,-12.,6.));
#14135=CARTESIAN_POINT('Origin',(-3.,-12.,6.));
#14136=CARTESIAN_POINT('',(-3.,-12.,6.));
#14137=CARTESIAN_POINT('',(-3.,-12.,6.));
#14138=CARTESIAN_POINT('',(-3.,-12.,23.));
#14139=CARTESIAN_POINT('',(-3.,-12.,23.));
#14140=CARTESIAN_POINT('',(-3.,-12.,6.));
#14141=CARTESIAN_POINT('Origin',(-3.,-8.,6.));
#14142=CARTESIAN_POINT('',(-3.,-8.,6.));
#14143=CARTESIAN_POINT('',(-3.,-8.,23.));
#14144=CARTESIAN_POINT('Origin',(0.,-10.,23.));
#14145=CARTESIAN_POINT('Origin',(0.,-10.,6.));
#14146=CARTESIAN_POINT('',(0.,0.,0.));
#14147=CARTESIAN_POINT('',(0.,0.,0.));
#14148=CARTESIAN_POINT('',(0.,0.,0.));
#14149=CARTESIAN_POINT('Origin',(2.02156355725676,5.50789821315063,2.5));
#14150=CARTESIAN_POINT('',(7.70466061128746,4.3204030312331,2.5));
#14151=CARTESIAN_POINT('',(7.70466061128746,4.3204030312331,-2.5));
#14152=CARTESIAN_POINT('',(7.70466061128747,4.3204030312331,2.5));
#14153=CARTESIAN_POINT('',(2.02156355725676,5.50789821315063,2.5));
#14154=CARTESIAN_POINT('',(2.02156355725676,5.50789821315063,2.5));
#14155=CARTESIAN_POINT('',(2.02156355725676,5.50789821315063,-2.5));
#14156=CARTESIAN_POINT('',(2.02156355725676,5.50789821315063,2.5));
#14157=CARTESIAN_POINT('',(2.02156355725676,5.50789821315063,-2.5));
#14158=CARTESIAN_POINT('Origin',(11.7600194248998,1.5,2.5));
#14159=CARTESIAN_POINT('',(-12.3493486196704,4.3204030312331,2.5));
#14160=CARTESIAN_POINT('',(-2.21587154917594,6.43781455577308,2.5));
#14161=CARTESIAN_POINT('',(-12.3493486196704,4.3204030312331,2.5));
#14162=CARTESIAN_POINT('',(-7.70466061128747,4.3204030312331,2.5));
#14163=CARTESIAN_POINT('',(11.7600194248998,4.3204030312331,2.5));
#14164=CARTESIAN_POINT('',(-2.02156355725676,5.50789821315063,2.5));
#14165=CARTESIAN_POINT('',(-2.02156355725676,5.50789821315063,2.5));
#14166=CARTESIAN_POINT('',(-1.5,5.56180697769034,2.5));
#14167=CARTESIAN_POINT('Origin',(-1.5,3.01180697769034,2.5));
#14168=CARTESIAN_POINT('',(1.5,5.56180697769034,2.5));
#14169=CARTESIAN_POINT('',(2.51443626280321E-16,5.56180697769033,2.5));
#14170=CARTESIAN_POINT('Origin',(1.5,3.01180697769034,2.5));
#14171=CARTESIAN_POINT('',(12.3493486196704,4.3204030312331,2.5));
#14172=CARTESIAN_POINT('',(11.7600194248998,4.3204030312331,2.5));
#14173=CARTESIAN_POINT('',(2.21587154917594,6.43781455577308,2.5));
#14174=CARTESIAN_POINT('',(12.3493486196704,4.3204030312331,2.5));
#14175=CARTESIAN_POINT('',(1.5,6.51180697769033,2.5));
#14176=CARTESIAN_POINT('Origin',(1.5,3.01180697769034,2.5));
#14177=CARTESIAN_POINT('',(1.25,6.76180697769034,2.5));
#14178=CARTESIAN_POINT('Origin',(1.5,6.76180697769034,2.5));
#14179=CARTESIAN_POINT('',(1.25,7.5,2.5));
#14180=CARTESIAN_POINT('',(1.25,7.5,2.5));
#14181=CARTESIAN_POINT('',(-1.25,7.5,2.5));
#14182=CARTESIAN_POINT('',(1.40834381901946E-17,7.5,2.5));
#14183=CARTESIAN_POINT('',(-1.25,6.76180697769034,2.5));
#14184=CARTESIAN_POINT('',(-1.25,7.5,2.5));
#14185=CARTESIAN_POINT('',(-1.5,6.51180697769033,2.5));
#14186=CARTESIAN_POINT('Origin',(-1.5,6.76180697769034,2.5));
#14187=CARTESIAN_POINT('Origin',(-1.5,3.01180697769034,2.5));
#14188=CARTESIAN_POINT('Origin',(11.7600194248998,1.5,2.5));
#14189=CARTESIAN_POINT('',(12.3493486196704,-4.3204030312331,2.5));
#14190=CARTESIAN_POINT('',(2.21587154917594,-6.43781455577308,2.5));
#14191=CARTESIAN_POINT('',(12.3493486196704,-4.3204030312331,2.5));
#14192=CARTESIAN_POINT('',(7.70466061128747,-4.3204030312331,2.5));
#14193=CARTESIAN_POINT('',(11.7600194248998,-4.3204030312331,2.5));
#14194=CARTESIAN_POINT('',(2.02156355725676,-5.50789821315063,2.5));
#14195=CARTESIAN_POINT('',(2.02156355725676,-5.50789821315063,2.5));
#14196=CARTESIAN_POINT('',(1.5,-5.56180697769034,2.5));
#14197=CARTESIAN_POINT('Origin',(1.5,-3.01180697769034,2.5));
#14198=CARTESIAN_POINT('',(-1.5,-5.56180697769034,2.5));
#14199=CARTESIAN_POINT('',(2.51443626280321E-16,-5.56180697769033,2.5));
#14200=CARTESIAN_POINT('',(-2.02156355725676,-5.50789821315063,2.5));
#14201=CARTESIAN_POINT('Origin',(-1.5,-3.01180697769034,2.5));
#14202=CARTESIAN_POINT('',(-7.70466061128747,-4.3204030312331,2.5));
#14203=CARTESIAN_POINT('',(-2.02156355725676,-5.50789821315063,2.5));
#14204=CARTESIAN_POINT('',(-12.3493486196704,-4.3204030312331,2.5));
#14205=CARTESIAN_POINT('',(11.7600194248998,-4.3204030312331,2.5));
#14206=CARTESIAN_POINT('',(-2.21587154917594,-6.43781455577308,2.5));
#14207=CARTESIAN_POINT('',(-12.3493486196704,-4.3204030312331,2.5));
#14208=CARTESIAN_POINT('',(-1.5,-6.51180697769033,2.5));
#14209=CARTESIAN_POINT('Origin',(-1.5,-3.01180697769034,2.5));
#14210=CARTESIAN_POINT('',(-1.25,-6.76180697769034,2.5));
#14211=CARTESIAN_POINT('Origin',(-1.5,-6.76180697769034,2.5));
#14212=CARTESIAN_POINT('',(-1.25,-7.5,2.5));
#14213=CARTESIAN_POINT('',(-1.25,-7.5,2.5));
#14214=CARTESIAN_POINT('',(1.25,-7.5,2.5));
#14215=CARTESIAN_POINT('',(1.40834381901946E-17,-7.5,2.5));
#14216=CARTESIAN_POINT('',(1.25,-6.76180697769034,2.5));
#14217=CARTESIAN_POINT('',(1.25,-7.5,2.5));
#14218=CARTESIAN_POINT('',(1.5,-6.51180697769033,2.5));
#14219=CARTESIAN_POINT('Origin',(1.5,-6.76180697769034,2.5));
#14220=CARTESIAN_POINT('Origin',(1.5,-3.01180697769034,2.5));
#14221=CARTESIAN_POINT('Origin',(11.7600194248998,1.5,-2.5));
#14222=CARTESIAN_POINT('',(-12.3493486196704,4.3204030312331,-2.5));
#14223=CARTESIAN_POINT('',(-7.70466061128747,4.3204030312331,-2.5));
#14224=CARTESIAN_POINT('',(11.7600194248998,4.3204030312331,-2.5));
#14225=CARTESIAN_POINT('',(-2.21587154917594,6.43781455577308,-2.5));
#14226=CARTESIAN_POINT('',(-12.3493486196704,4.3204030312331,-2.5));
#14227=CARTESIAN_POINT('',(-1.5,6.51180697769033,-2.5));
#14228=CARTESIAN_POINT('Origin',(-1.5,3.01180697769034,-2.5));
#14229=CARTESIAN_POINT('',(-1.25,6.76180697769034,-2.5));
#14230=CARTESIAN_POINT('Origin',(-1.5,6.76180697769034,-2.5));
#14231=CARTESIAN_POINT('',(-1.25,7.5,-2.5));
#14232=CARTESIAN_POINT('',(-1.25,7.5,-2.5));
#14233=CARTESIAN_POINT('',(1.25,7.5,-2.5));
#14234=CARTESIAN_POINT('',(1.40834381901946E-17,7.5,-2.5));
#14235=CARTESIAN_POINT('',(1.25,6.76180697769034,-2.5));
#14236=CARTESIAN_POINT('',(1.25,7.5,-2.5));
#14237=CARTESIAN_POINT('',(1.5,6.51180697769033,-2.5));
#14238=CARTESIAN_POINT('Origin',(1.5,6.76180697769034,-2.5));
#14239=CARTESIAN_POINT('',(2.21587154917594,6.43781455577308,-2.5));
#14240=CARTESIAN_POINT('Origin',(1.5,3.01180697769034,-2.5));
#14241=CARTESIAN_POINT('',(12.3493486196704,4.3204030312331,-2.5));
#14242=CARTESIAN_POINT('',(12.3493486196704,4.3204030312331,-2.5));
#14243=CARTESIAN_POINT('',(11.7600194248998,4.3204030312331,-2.5));
#14244=CARTESIAN_POINT('',(1.5,5.56180697769034,-2.5));
#14245=CARTESIAN_POINT('Origin',(1.5,3.01180697769034,-2.5));
#14246=CARTESIAN_POINT('',(-1.5,5.56180697769034,-2.5));
#14247=CARTESIAN_POINT('',(2.51443626280321E-16,5.56180697769033,-2.5));
#14248=CARTESIAN_POINT('',(-2.02156355725676,5.50789821315063,-2.5));
#14249=CARTESIAN_POINT('Origin',(-1.5,3.01180697769034,-2.5));
#14250=CARTESIAN_POINT('',(-2.02156355725676,5.50789821315063,-2.5));
#14251=CARTESIAN_POINT('Origin',(11.7600194248998,1.5,-2.5));
#14252=CARTESIAN_POINT('',(12.3493486196704,-4.3204030312331,-2.5));
#14253=CARTESIAN_POINT('',(7.70466061128747,-4.3204030312331,-2.5));
#14254=CARTESIAN_POINT('',(11.7600194248998,-4.3204030312331,-2.5));
#14255=CARTESIAN_POINT('',(2.21587154917594,-6.43781455577308,-2.5));
#14256=CARTESIAN_POINT('',(12.3493486196704,-4.3204030312331,-2.5));
#14257=CARTESIAN_POINT('',(1.5,-6.51180697769033,-2.5));
#14258=CARTESIAN_POINT('Origin',(1.5,-3.01180697769034,-2.5));
#14259=CARTESIAN_POINT('',(1.25,-6.76180697769034,-2.5));
#14260=CARTESIAN_POINT('Origin',(1.5,-6.76180697769034,-2.5));
#14261=CARTESIAN_POINT('',(1.25,-7.5,-2.5));
#14262=CARTESIAN_POINT('',(1.25,-7.5,-2.5));
#14263=CARTESIAN_POINT('',(-1.25,-7.5,-2.5));
#14264=CARTESIAN_POINT('',(1.40834381901946E-17,-7.5,-2.5));
#14265=CARTESIAN_POINT('',(-1.25,-6.76180697769034,-2.5));
#14266=CARTESIAN_POINT('',(-1.25,-7.5,-2.5));
#14267=CARTESIAN_POINT('',(-1.5,-6.51180697769033,-2.5));
#14268=CARTESIAN_POINT('Origin',(-1.5,-6.76180697769034,-2.5));
#14269=CARTESIAN_POINT('',(-2.21587154917594,-6.43781455577308,-2.5));
#14270=CARTESIAN_POINT('Origin',(-1.5,-3.01180697769034,-2.5));
#14271=CARTESIAN_POINT('',(-12.3493486196704,-4.3204030312331,-2.5));
#14272=CARTESIAN_POINT('',(-12.3493486196704,-4.3204030312331,-2.5));
#14273=CARTESIAN_POINT('',(-7.70466061128747,-4.3204030312331,-2.5));
#14274=CARTESIAN_POINT('',(11.7600194248998,-4.3204030312331,-2.5));
#14275=CARTESIAN_POINT('',(-2.02156355725676,-5.50789821315063,-2.5));
#14276=CARTESIAN_POINT('',(-2.02156355725676,-5.50789821315063,-2.5));
#14277=CARTESIAN_POINT('',(-1.5,-5.56180697769034,-2.5));
#14278=CARTESIAN_POINT('Origin',(-1.5,-3.01180697769034,-2.5));
#14279=CARTESIAN_POINT('',(1.5,-5.56180697769034,-2.5));
#14280=CARTESIAN_POINT('',(2.51443626280321E-16,-5.56180697769033,-2.5));
#14281=CARTESIAN_POINT('',(2.02156355725676,-5.50789821315063,-2.5));
#14282=CARTESIAN_POINT('Origin',(1.5,-3.01180697769034,-2.5));
#14283=CARTESIAN_POINT('',(2.02156355725676,-5.50789821315063,-2.5));
#14284=CARTESIAN_POINT('Origin',(2.02156355725676,-5.50789821315063,2.5));
#14285=CARTESIAN_POINT('',(7.70466061128747,-4.3204030312331,2.5));
#14286=CARTESIAN_POINT('',(2.02156355725676,-5.50789821315063,2.5));
#14287=CARTESIAN_POINT('Origin',(-2.02156355725676,5.50789821315063,2.5));
#14288=CARTESIAN_POINT('',(-7.70466061128747,4.3204030312331,2.5));
#14289=CARTESIAN_POINT('',(-2.02156355725676,5.50789821315063,2.5));
#14290=CARTESIAN_POINT('Origin',(-2.02156355725676,-5.50789821315063,2.5));
#14291=CARTESIAN_POINT('',(-7.70466061128747,-4.3204030312331,2.5));
#14292=CARTESIAN_POINT('',(-2.02156355725676,-5.50789821315063,2.5));
#14293=CARTESIAN_POINT('Origin',(14.6413354711533,0.,2.5));
#14294=CARTESIAN_POINT('',(14.6413354711533,-1.5,5.));
#14295=CARTESIAN_POINT('',(14.6413354711533,-1.5,-5.));
#14296=CARTESIAN_POINT('',(14.6413354711533,-1.5,2.5));
#14297=CARTESIAN_POINT('',(14.6413354711533,1.5,-5.));
#14298=CARTESIAN_POINT('',(14.6413354711533,-1.5,-5.));
#14299=CARTESIAN_POINT('',(14.6413354711533,1.5,5.));
#14300=CARTESIAN_POINT('',(14.6413354711533,1.5,2.5));
#14301=CARTESIAN_POINT('',(14.6413354711533,-1.5,5.));
#14302=CARTESIAN_POINT('Origin',(11.7600194248998,1.5,2.5));
#14303=CARTESIAN_POINT('',(12.3493486196704,4.3204030312331,-5.));
#14304=CARTESIAN_POINT('Origin',(11.7600194248998,1.5,-5.));
#14305=CARTESIAN_POINT('',(12.3493486196704,4.3204030312331,5.));
#14306=CARTESIAN_POINT('',(12.3493486196704,4.3204030312331,2.5));
#14307=CARTESIAN_POINT('',(12.3493486196704,4.3204030312331,5.));
#14308=CARTESIAN_POINT('',(12.3493486196704,4.3204030312331,5.));
#14309=CARTESIAN_POINT('Origin',(11.7600194248998,1.5,5.));
#14310=CARTESIAN_POINT('Origin',(12.3493486196704,4.3204030312331,2.5));
#14311=CARTESIAN_POINT('',(2.21587154917594,6.43781455577308,2.5));
#14312=CARTESIAN_POINT('Origin',(1.5,3.01180697769034,2.5));
#14313=CARTESIAN_POINT('',(1.5,6.51180697769033,2.5));
#14314=CARTESIAN_POINT('Origin',(1.5,6.76180697769034,2.5));
#14315=CARTESIAN_POINT('',(1.25,6.76180697769034,2.5));
#14316=CARTESIAN_POINT('Origin',(1.25,7.5,2.5));
#14317=CARTESIAN_POINT('',(1.25,7.5,2.5));
#14318=CARTESIAN_POINT('Origin',(1.40834381901946E-17,7.5,2.5));
#14319=CARTESIAN_POINT('',(-1.25,7.5,2.5));
#14320=CARTESIAN_POINT('',(-9.79717439317879E-17,7.5,-0.799999999999997));
#14321=CARTESIAN_POINT('Origin',(0.,7.5,0.));
#14322=CARTESIAN_POINT('Origin',(2.51443626280321E-16,5.56180697769033,
2.5));
#14323=CARTESIAN_POINT('',(1.5,5.56180697769034,2.5));
#14324=CARTESIAN_POINT('',(-1.5,5.56180697769034,2.5));
#14325=CARTESIAN_POINT('',(-9.79717439317879E-17,5.56180697769033,-0.799999999999997));
#14326=CARTESIAN_POINT('Origin',(0.,5.56180697769033,0.));
#14327=CARTESIAN_POINT('Origin',(1.5,3.01180697769034,2.5));
#14328=CARTESIAN_POINT('Origin',(11.7600194248998,-1.5,2.5));
#14329=CARTESIAN_POINT('',(12.3493486196704,-4.3204030312331,2.5));
#14330=CARTESIAN_POINT('',(12.3493486196704,-4.3204030312331,-5.));
#14331=CARTESIAN_POINT('',(12.3493486196704,-4.3204030312331,5.));
#14332=CARTESIAN_POINT('Origin',(11.7600194248998,-1.5,-5.));
#14333=CARTESIAN_POINT('',(12.3493486196704,-4.3204030312331,5.));
#14334=CARTESIAN_POINT('Origin',(11.7600194248998,-1.5,5.));
#14335=CARTESIAN_POINT('',(12.3493486196704,-4.3204030312331,5.));
#14336=CARTESIAN_POINT('Origin',(12.3493486196704,-4.3204030312331,2.5));
#14337=CARTESIAN_POINT('',(2.21587154917594,-6.43781455577308,2.5));
#14338=CARTESIAN_POINT('Origin',(1.5,-3.01180697769034,2.5));
#14339=CARTESIAN_POINT('',(1.5,-6.51180697769033,2.5));
#14340=CARTESIAN_POINT('Origin',(1.5,-6.76180697769034,2.5));
#14341=CARTESIAN_POINT('',(1.25,-6.76180697769034,2.5));
#14342=CARTESIAN_POINT('Origin',(1.25,-7.5,2.5));
#14343=CARTESIAN_POINT('',(1.25,-7.5,2.5));
#14344=CARTESIAN_POINT('Origin',(1.40834381901946E-17,-7.5,2.5));
#14345=CARTESIAN_POINT('',(-1.25,-7.5,2.5));
#14346=CARTESIAN_POINT('',(-9.79717439317879E-17,-7.5,-0.799999999999997));
#14347=CARTESIAN_POINT('Origin',(0.,-7.5,0.));
#14348=CARTESIAN_POINT('Origin',(2.51443626280321E-16,-5.56180697769033,
2.5));
#14349=CARTESIAN_POINT('',(-1.5,-5.56180697769034,2.5));
#14350=CARTESIAN_POINT('',(1.5,-5.56180697769034,2.5));
#14351=CARTESIAN_POINT('',(-9.79717439317879E-17,-5.56180697769034,-0.799999999999997));
#14352=CARTESIAN_POINT('Origin',(0.,-5.56180697769033,0.));
#14353=CARTESIAN_POINT('Origin',(1.5,-3.01180697769034,2.5));
#14354=CARTESIAN_POINT('Origin',(-14.6413354711533,0.,2.5));
#14355=CARTESIAN_POINT('',(-14.6413354711533,1.5,5.));
#14356=CARTESIAN_POINT('',(-14.6413354711533,1.5,-5.));
#14357=CARTESIAN_POINT('',(-14.6413354711533,1.5,2.5));
#14358=CARTESIAN_POINT('',(-14.6413354711533,-1.5,-5.));
#14359=CARTESIAN_POINT('',(-14.6413354711533,-1.5,-5.));
#14360=CARTESIAN_POINT('',(-14.6413354711533,-1.5,5.));
#14361=CARTESIAN_POINT('',(-14.6413354711533,-1.5,2.5));
#14362=CARTESIAN_POINT('',(-14.6413354711533,-1.5,5.));
#14363=CARTESIAN_POINT('Origin',(-11.7600194248998,1.5,2.5));
#14364=CARTESIAN_POINT('',(-12.3493486196704,4.3204030312331,2.5));
#14365=CARTESIAN_POINT('',(-12.3493486196704,4.3204030312331,-5.));
#14366=CARTESIAN_POINT('',(-12.3493486196704,4.3204030312331,5.));
#14367=CARTESIAN_POINT('Origin',(-11.7600194248998,1.5,-5.));
#14368=CARTESIAN_POINT('',(-12.3493486196704,4.3204030312331,5.));
#14369=CARTESIAN_POINT('Origin',(-11.7600194248998,1.5,5.));
#14370=CARTESIAN_POINT('',(-12.3493486196704,4.3204030312331,5.));
#14371=CARTESIAN_POINT('Origin',(-12.3493486196704,4.3204030312331,2.5));
#14372=CARTESIAN_POINT('',(-2.21587154917594,6.43781455577308,2.5));
#14373=CARTESIAN_POINT('Origin',(-1.5,3.01180697769034,2.5));
#14374=CARTESIAN_POINT('',(-1.5,6.51180697769033,2.5));
#14375=CARTESIAN_POINT('Origin',(-1.5,6.76180697769034,2.5));
#14376=CARTESIAN_POINT('',(-1.25,6.76180697769034,2.5));
#14377=CARTESIAN_POINT('Origin',(-1.25,7.5,2.5));
#14378=CARTESIAN_POINT('Origin',(-1.5,3.01180697769034,2.5));
#14379=CARTESIAN_POINT('Origin',(-11.7600194248998,-1.5,2.5));
#14380=CARTESIAN_POINT('',(-12.3493486196704,-4.3204030312331,-5.));
#14381=CARTESIAN_POINT('Origin',(-11.7600194248998,-1.5,-5.));
#14382=CARTESIAN_POINT('',(-12.3493486196704,-4.3204030312331,5.));
#14383=CARTESIAN_POINT('',(-12.3493486196704,-4.3204030312331,2.5));
#14384=CARTESIAN_POINT('',(-12.3493486196704,-4.3204030312331,5.));
#14385=CARTESIAN_POINT('',(-12.3493486196704,-4.3204030312331,5.));
#14386=CARTESIAN_POINT('Origin',(-11.7600194248998,-1.5,5.));
#14387=CARTESIAN_POINT('Origin',(-12.3493486196704,-4.3204030312331,2.5));
#14388=CARTESIAN_POINT('',(-2.21587154917594,-6.43781455577308,2.5));
#14389=CARTESIAN_POINT('Origin',(-1.5,-3.01180697769034,2.5));
#14390=CARTESIAN_POINT('',(-1.5,-6.51180697769033,2.5));
#14391=CARTESIAN_POINT('Origin',(-1.5,-6.76180697769034,2.5));
#14392=CARTESIAN_POINT('',(-1.25,-6.76180697769034,2.5));
#14393=CARTESIAN_POINT('Origin',(-1.25,-7.5,2.5));
#14394=CARTESIAN_POINT('Origin',(-1.5,-3.01180697769034,2.5));
#14395=CARTESIAN_POINT('Origin',(0.,7.5,0.));
#14396=CARTESIAN_POINT('',(-9.79717439317879E-17,7.5,-0.799999999999997));
#14397=CARTESIAN_POINT('Origin',(0.,7.5,0.));
#14398=CARTESIAN_POINT('',(-9.79717439317879E-17,7.5,-0.799999999999997));
#14399=CARTESIAN_POINT('Origin',(-12.3493486196704,4.3204030312331,5.));
#14400=CARTESIAN_POINT('',(-12.3493486196704,4.3204030312331,-5.));
#14401=CARTESIAN_POINT('',(-12.3493486196704,4.3204030312331,5.));
#14402=CARTESIAN_POINT('Origin',(-12.3493486196704,-4.3204030312331,5.));
#14403=CARTESIAN_POINT('',(-12.3493486196704,-4.3204030312331,5.));
#14404=CARTESIAN_POINT('',(-12.3493486196704,-4.3204030312331,-5.));
#14405=CARTESIAN_POINT('Origin',(11.7600194248998,1.5,5.));
#14406=CARTESIAN_POINT('Origin',(11.7600194248998,1.5,-5.));
#14407=CARTESIAN_POINT('',(0.,0.,0.));
#14408=CARTESIAN_POINT('',(0.,0.,0.));
#14409=CARTESIAN_POINT('',(0.,0.,0.));
#14410=CARTESIAN_POINT('',(0.,0.,0.));
#14411=CARTESIAN_POINT('',(0.,0.,0.));
#14412=CARTESIAN_POINT('',(0.,0.,0.));
#14413=CARTESIAN_POINT('',(0.,-19.5,15.));
#14414=CARTESIAN_POINT('',(0.,0.,0.));
#14415=CARTESIAN_POINT('Origin',(10.,10.,12.));
#14416=CARTESIAN_POINT('',(10.,10.,12.));
#14417=CARTESIAN_POINT('',(-7.,10.,12.));
#14418=CARTESIAN_POINT('',(10.,10.,12.));
#14419=CARTESIAN_POINT('',(-7.,10.,26.));
#14420=CARTESIAN_POINT('',(-7.,10.,12.));
#14421=CARTESIAN_POINT('',(10.,10.,26.));
#14422=CARTESIAN_POINT('',(10.,10.,26.));
#14423=CARTESIAN_POINT('',(10.,10.,12.));
#14424=CARTESIAN_POINT('Origin',(10.,-10.,12.));
#14425=CARTESIAN_POINT('',(10.,-10.,12.));
#14426=CARTESIAN_POINT('',(10.,-10.,12.));
#14427=CARTESIAN_POINT('',(10.,-10.,26.));
#14428=CARTESIAN_POINT('',(10.,-10.,26.));
#14429=CARTESIAN_POINT('',(10.,-10.,12.));
#14430=CARTESIAN_POINT('Origin',(-7.,-10.,12.));
#14431=CARTESIAN_POINT('',(-7.,-10.,12.));
#14432=CARTESIAN_POINT('',(-7.,-10.,12.));
#14433=CARTESIAN_POINT('',(-7.,-10.,26.));
#14434=CARTESIAN_POINT('',(-7.,-10.,26.));
#14435=CARTESIAN_POINT('',(-7.,-10.,12.));
#14436=CARTESIAN_POINT('Origin',(-7.,10.,12.));
#14437=CARTESIAN_POINT('',(-7.,10.,12.));
#14438=CARTESIAN_POINT('',(-7.,10.,26.));
#14439=CARTESIAN_POINT('Origin',(1.5,0.,26.));
#14440=CARTESIAN_POINT('Origin',(1.5,0.,12.));
#14441=CARTESIAN_POINT('',(0.,0.,0.));
#14442=CARTESIAN_POINT('Origin',(10.,35.,26.));
#14443=CARTESIAN_POINT('',(10.,35.,26.));
#14444=CARTESIAN_POINT('',(-7.,35.,26.));
#14445=CARTESIAN_POINT('',(10.,35.,26.));
#14446=CARTESIAN_POINT('',(-7.,35.,29.));
#14447=CARTESIAN_POINT('',(-7.,35.,26.));
#14448=CARTESIAN_POINT('',(10.,35.,29.));
#14449=CARTESIAN_POINT('',(10.,35.,29.));
#14450=CARTESIAN_POINT('',(10.,35.,26.));
#14451=CARTESIAN_POINT('Origin',(10.,-35.,26.));
#14452=CARTESIAN_POINT('',(10.,-35.,26.));
#14453=CARTESIAN_POINT('',(10.,-35.,26.));
#14454=CARTESIAN_POINT('',(10.,-35.,29.));
#14455=CARTESIAN_POINT('',(10.,-35.,29.));
#14456=CARTESIAN_POINT('',(10.,-35.,26.));
#14457=CARTESIAN_POINT('Origin',(-7.,-35.,26.));
#14458=CARTESIAN_POINT('',(-7.,-35.,26.));
#14459=CARTESIAN_POINT('',(-7.,-35.,26.));
#14460=CARTESIAN_POINT('',(-7.,-35.,29.));
#14461=CARTESIAN_POINT('',(-7.,-35.,29.));
#14462=CARTESIAN_POINT('',(-7.,-35.,26.));
#14463=CARTESIAN_POINT('Origin',(-7.,35.,26.));
#14464=CARTESIAN_POINT('',(-7.,35.,26.));
#14465=CARTESIAN_POINT('',(-7.,35.,29.));
#14466=CARTESIAN_POINT('Origin',(1.5,0.,29.));
#14467=CARTESIAN_POINT('Origin',(1.5,0.,26.));
#14468=CARTESIAN_POINT('',(0.,0.,0.));
#14469=CARTESIAN_POINT('Origin',(10.,-31.,29.));
#14470=CARTESIAN_POINT('',(10.,-31.,29.));
#14471=CARTESIAN_POINT('',(-10.,-31.,29.));
#14472=CARTESIAN_POINT('',(10.,-31.,29.));
#14473=CARTESIAN_POINT('',(-10.,-31.,32.));
#14474=CARTESIAN_POINT('',(-10.,-31.,29.));
#14475=CARTESIAN_POINT('',(10.,-31.,32.));
#14476=CARTESIAN_POINT('',(10.,-31.,32.));
#14477=CARTESIAN_POINT('',(10.,-31.,29.));
#14478=CARTESIAN_POINT('Origin',(10.,-35.,29.));
#14479=CARTESIAN_POINT('',(10.,-35.,29.));
#14480=CARTESIAN_POINT('',(10.,-35.,29.));
#14481=CARTESIAN_POINT('',(10.,-35.,32.));
#14482=CARTESIAN_POINT('',(10.,-35.,32.));
#14483=CARTESIAN_POINT('',(10.,-35.,29.));
#14484=CARTESIAN_POINT('Origin',(-10.,-35.,29.));
#14485=CARTESIAN_POINT('',(-10.,-35.,29.));
#14486=CARTESIAN_POINT('',(-10.,-35.,29.));
#14487=CARTESIAN_POINT('',(-10.,-35.,32.));
#14488=CARTESIAN_POINT('',(-10.,-35.,32.));
#14489=CARTESIAN_POINT('',(-10.,-35.,29.));
#14490=CARTESIAN_POINT('Origin',(-10.,-31.,29.));
#14491=CARTESIAN_POINT('',(-10.,-31.,29.));
#14492=CARTESIAN_POINT('',(-10.,-31.,32.));
#14493=CARTESIAN_POINT('Origin',(0.,-33.,32.));
#14494=CARTESIAN_POINT('Origin',(0.,-33.,29.));
#14495=CARTESIAN_POINT('',(0.,0.,0.));
#14496=CARTESIAN_POINT('Origin',(10.,35.,29.));
#14497=CARTESIAN_POINT('',(10.,35.,29.));
#14498=CARTESIAN_POINT('',(-10.,35.,29.));
#14499=CARTESIAN_POINT('',(10.,35.,29.));
#14500=CARTESIAN_POINT('',(-10.,35.,32.));
#14501=CARTESIAN_POINT('',(-10.,35.,29.));
#14502=CARTESIAN_POINT('',(10.,35.,32.));
#14503=CARTESIAN_POINT('',(10.,35.,32.));
#14504=CARTESIAN_POINT('',(10.,35.,29.));
#14505=CARTESIAN_POINT('Origin',(10.,31.,29.));
#14506=CARTESIAN_POINT('',(10.,31.,29.));
#14507=CARTESIAN_POINT('',(10.,31.,29.));
#14508=CARTESIAN_POINT('',(10.,31.,32.));
#14509=CARTESIAN_POINT('',(10.,31.,32.));
#14510=CARTESIAN_POINT('',(10.,31.,29.));
#14511=CARTESIAN_POINT('Origin',(-10.,31.,29.));
#14512=CARTESIAN_POINT('',(-10.,31.,29.));
#14513=CARTESIAN_POINT('',(-10.,31.,29.));
#14514=CARTESIAN_POINT('',(-10.,31.,32.));
#14515=CARTESIAN_POINT('',(-10.,31.,32.));
#14516=CARTESIAN_POINT('',(-10.,31.,29.));
#14517=CARTESIAN_POINT('Origin',(-10.,35.,29.));
#14518=CARTESIAN_POINT('',(-10.,35.,29.));
#14519=CARTESIAN_POINT('',(-10.,35.,32.));
#14520=CARTESIAN_POINT('Origin',(0.,33.,32.));
#14521=CARTESIAN_POINT('Origin',(0.,33.,29.));
#14522=CARTESIAN_POINT('',(0.,0.,0.));
#14523=CARTESIAN_POINT('',(0.,0.,0.));
#14524=CARTESIAN_POINT('Origin',(-11.,14.25,0.));
#14525=CARTESIAN_POINT('',(-11.,20.5,6.));
#14526=CARTESIAN_POINT('',(-11.,20.5,0.));
#14527=CARTESIAN_POINT('',(-11.,20.5,0.));
#14528=CARTESIAN_POINT('',(-11.,14.25,6.));
#14529=CARTESIAN_POINT('',(-11.,22.,6.));
#14530=CARTESIAN_POINT('',(-11.,14.25,0.));
#14531=CARTESIAN_POINT('',(-11.,14.25,0.));
#14532=CARTESIAN_POINT('',(-11.,22.,0.));
#14533=CARTESIAN_POINT('Origin',(11.,14.25,0.));
#14534=CARTESIAN_POINT('',(11.,14.25,0.));
#14535=CARTESIAN_POINT('',(-11.,14.25,0.));
#14536=CARTESIAN_POINT('',(11.,14.25,6.));
#14537=CARTESIAN_POINT('',(-11.,14.25,6.));
#14538=CARTESIAN_POINT('',(11.,14.25,0.));
#14539=CARTESIAN_POINT('Origin',(11.,22.,0.));
#14540=CARTESIAN_POINT('',(11.,20.5,0.));
#14541=CARTESIAN_POINT('',(11.,20.5,6.));
#14542=CARTESIAN_POINT('',(11.,20.5,0.));
#14543=CARTESIAN_POINT('',(11.,14.25,0.));
#14544=CARTESIAN_POINT('',(11.,14.25,6.));
#14545=CARTESIAN_POINT('Origin',(-13.,12.25,0.));
#14546=CARTESIAN_POINT('',(13.,12.25,0.));
#14547=CARTESIAN_POINT('',(-13.,12.25,0.));
#14548=CARTESIAN_POINT('',(13.,12.25,0.));
#14549=CARTESIAN_POINT('',(13.,12.25,6.));
#14550=CARTESIAN_POINT('',(13.,12.25,0.));
#14551=CARTESIAN_POINT('',(-13.,12.25,6.));
#14552=CARTESIAN_POINT('',(13.,12.25,6.));
#14553=CARTESIAN_POINT('',(-13.,12.25,0.));
#14554=CARTESIAN_POINT('Origin',(10.,20.5,0.));
#14555=CARTESIAN_POINT('',(10.,20.5,6.));
#14556=CARTESIAN_POINT('',(10.,20.5,6.));
#14557=CARTESIAN_POINT('',(10.,20.5,0.));
#14558=CARTESIAN_POINT('',(10.,20.5,0.));
#14559=CARTESIAN_POINT('',(10.,20.5,0.));
#14560=CARTESIAN_POINT('Origin',(11.,-14.25,0.));
#14561=CARTESIAN_POINT('',(11.,-20.5,6.));
#14562=CARTESIAN_POINT('',(11.,-20.5,0.));
#14563=CARTESIAN_POINT('',(11.,-20.5,0.));
#14564=CARTESIAN_POINT('',(11.,-14.25,6.));
#14565=CARTESIAN_POINT('',(11.,-14.25,6.));
#14566=CARTESIAN_POINT('',(11.,-14.25,0.));
#14567=CARTESIAN_POINT('',(11.,-14.25,0.));
#14568=CARTESIAN_POINT('',(11.,-14.25,0.));
#14569=CARTESIAN_POINT('Origin',(-11.,-22.,0.));
#14570=CARTESIAN_POINT('',(-11.,-20.5,0.));
#14571=CARTESIAN_POINT('',(-11.,-20.5,6.));
#14572=CARTESIAN_POINT('',(-11.,-20.5,0.));
#14573=CARTESIAN_POINT('',(-11.,-14.25,0.));
#14574=CARTESIAN_POINT('',(-11.,-22.,0.));
#14575=CARTESIAN_POINT('',(-11.,-14.25,6.));
#14576=CARTESIAN_POINT('',(-11.,-14.25,0.));
#14577=CARTESIAN_POINT('',(-11.,-22.,6.));
#14578=CARTESIAN_POINT('Origin',(13.,-12.25,0.));
#14579=CARTESIAN_POINT('',(13.,-12.25,0.));
#14580=CARTESIAN_POINT('',(-13.,-12.25,0.));
#14581=CARTESIAN_POINT('',(13.,-12.25,0.));
#14582=CARTESIAN_POINT('',(-13.,-12.25,6.));
#14583=CARTESIAN_POINT('',(-13.,-12.25,0.));
#14584=CARTESIAN_POINT('',(13.,-12.25,6.));
#14585=CARTESIAN_POINT('',(13.,-12.25,6.));
#14586=CARTESIAN_POINT('',(13.,-12.25,0.));
#14587=CARTESIAN_POINT('Origin',(-11.,-14.25,0.));
#14588=CARTESIAN_POINT('',(-11.,-14.25,0.));
#14589=CARTESIAN_POINT('',(-11.,-14.25,6.));
#14590=CARTESIAN_POINT('Origin',(-33.,33.,0.));
#14591=CARTESIAN_POINT('',(-34.1,33.,0.));
#14592=CARTESIAN_POINT('Origin',(-33.,33.,0.));
#14593=CARTESIAN_POINT('',(-34.1,33.,6.));
#14594=CARTESIAN_POINT('',(-34.1,33.,0.));
#14595=CARTESIAN_POINT('Origin',(-33.,33.,6.));
#14596=CARTESIAN_POINT('Origin',(33.,-33.,0.));
#14597=CARTESIAN_POINT('',(31.9,-33.,0.));
#14598=CARTESIAN_POINT('Origin',(33.,-33.,0.));
#14599=CARTESIAN_POINT('',(31.9,-33.,6.));
#14600=CARTESIAN_POINT('',(31.9,-33.,0.));
#14601=CARTESIAN_POINT('Origin',(33.,-33.,6.));
#14602=CARTESIAN_POINT('Origin',(-33.,-33.,0.));
#14603=CARTESIAN_POINT('',(-34.1,-33.,0.));
#14604=CARTESIAN_POINT('Origin',(-33.,-33.,0.));
#14605=CARTESIAN_POINT('',(-34.1,-33.,6.));
#14606=CARTESIAN_POINT('',(-34.1,-33.,0.));
#14607=CARTESIAN_POINT('Origin',(-33.,-33.,6.));
#14608=CARTESIAN_POINT('Origin',(33.,33.,0.));
#14609=CARTESIAN_POINT('',(31.9,33.,0.));
#14610=CARTESIAN_POINT('Origin',(33.,33.,0.));
#14611=CARTESIAN_POINT('',(31.9,33.,6.));
#14612=CARTESIAN_POINT('',(31.9,33.,0.));
#14613=CARTESIAN_POINT('Origin',(33.,33.,6.));
#14614=CARTESIAN_POINT('Origin',(-27.,9.75,0.));
#14615=CARTESIAN_POINT('',(-27.,9.75,0.));
#14616=CARTESIAN_POINT('',(-13.,9.75,0.));
#14617=CARTESIAN_POINT('',(-27.,9.75,0.));
#14618=CARTESIAN_POINT('',(-13.,9.75,6.));
#14619=CARTESIAN_POINT('',(-13.,9.75,0.));
#14620=CARTESIAN_POINT('',(-27.,9.75,6.));
#14621=CARTESIAN_POINT('',(-27.,9.75,6.));
#14622=CARTESIAN_POINT('',(-27.,9.75,0.));
#14623=CARTESIAN_POINT('Origin',(-27.,-9.75,0.));
#14624=CARTESIAN_POINT('',(-27.,-9.75,0.));
#14625=CARTESIAN_POINT('',(-27.,-9.75,0.));
#14626=CARTESIAN_POINT('',(-27.,-9.75,6.));
#14627=CARTESIAN_POINT('',(-27.,-9.75,6.));
#14628=CARTESIAN_POINT('',(-27.,-9.75,0.));
#14629=CARTESIAN_POINT('Origin',(-13.,-9.75,0.));
#14630=CARTESIAN_POINT('',(-13.,-9.75,0.));
#14631=CARTESIAN_POINT('',(-13.,-9.75,0.));
#14632=CARTESIAN_POINT('',(-13.,-9.75,6.));
#14633=CARTESIAN_POINT('',(-13.,-9.75,6.));
#14634=CARTESIAN_POINT('',(-13.,-9.75,0.));
#14635=CARTESIAN_POINT('Origin',(-13.,9.75,0.));
#14636=CARTESIAN_POINT('',(-13.,9.75,0.));
#14637=CARTESIAN_POINT('',(-13.,9.75,6.));
#14638=CARTESIAN_POINT('Origin',(13.,9.75,0.));
#14639=CARTESIAN_POINT('',(13.,9.75,0.));
#14640=CARTESIAN_POINT('',(27.,9.75,0.));
#14641=CARTESIAN_POINT('',(13.,9.75,0.));
#14642=CARTESIAN_POINT('',(27.,9.75,6.));
#14643=CARTESIAN_POINT('',(27.,9.75,0.));
#14644=CARTESIAN_POINT('',(13.,9.75,6.));
#14645=CARTESIAN_POINT('',(13.,9.75,6.));
#14646=CARTESIAN_POINT('',(13.,9.75,0.));
#14647=CARTESIAN_POINT('Origin',(13.,-9.75,0.));
#14648=CARTESIAN_POINT('',(13.,-9.75,0.));
#14649=CARTESIAN_POINT('',(13.,-9.75,0.));
#14650=CARTESIAN_POINT('',(13.,-9.75,6.));
#14651=CARTESIAN_POINT('',(13.,-9.75,6.));
#14652=CARTESIAN_POINT('',(13.,-9.75,0.));
#14653=CARTESIAN_POINT('Origin',(27.,-9.75,0.));
#14654=CARTESIAN_POINT('',(27.,-9.75,0.));
#14655=CARTESIAN_POINT('',(27.,-9.75,0.));
#14656=CARTESIAN_POINT('',(27.,-9.75,6.));
#14657=CARTESIAN_POINT('',(27.,-9.75,6.));
#14658=CARTESIAN_POINT('',(27.,-9.75,0.));
#14659=CARTESIAN_POINT('Origin',(27.,9.75,0.));
#14660=CARTESIAN_POINT('',(27.,9.75,0.));
#14661=CARTESIAN_POINT('',(27.,9.75,6.));
#14662=CARTESIAN_POINT('Origin',(13.,12.,0.));
#14663=CARTESIAN_POINT('',(13.,12.,0.));
#14664=CARTESIAN_POINT('',(-13.,12.,0.));
#14665=CARTESIAN_POINT('',(13.,12.,0.));
#14666=CARTESIAN_POINT('',(-13.,12.,6.));
#14667=CARTESIAN_POINT('',(-13.,12.,0.));
#14668=CARTESIAN_POINT('',(13.,12.,6.));
#14669=CARTESIAN_POINT('',(13.,12.,6.));
#14670=CARTESIAN_POINT('',(13.,12.,0.));
#14671=CARTESIAN_POINT('Origin',(13.,10.25,0.));
#14672=CARTESIAN_POINT('',(13.,10.25,0.));
#14673=CARTESIAN_POINT('',(13.,10.25,0.));
#14674=CARTESIAN_POINT('',(13.,10.25,6.));
#14675=CARTESIAN_POINT('',(13.,10.25,6.));
#14676=CARTESIAN_POINT('',(13.,10.25,0.));
#14677=CARTESIAN_POINT('Origin',(27.,10.25,0.));
#14678=CARTESIAN_POINT('',(27.,10.25,0.));
#14679=CARTESIAN_POINT('',(27.,10.25,0.));
#14680=CARTESIAN_POINT('',(27.,10.25,6.));
#14681=CARTESIAN_POINT('',(27.,10.25,6.));
#14682=CARTESIAN_POINT('',(27.,10.25,0.));
#14683=CARTESIAN_POINT('Origin',(27.,21.75,0.));
#14684=CARTESIAN_POINT('',(27.,21.75,0.));
#14685=CARTESIAN_POINT('',(27.,21.75,0.));
#14686=CARTESIAN_POINT('',(27.,21.75,6.));
#14687=CARTESIAN_POINT('',(27.,21.75,6.));
#14688=CARTESIAN_POINT('',(27.,21.75,0.));
#14689=CARTESIAN_POINT('Origin',(13.,21.75,0.));
#14690=CARTESIAN_POINT('',(13.,21.75,0.));
#14691=CARTESIAN_POINT('',(13.,21.75,0.));
#14692=CARTESIAN_POINT('',(13.,21.75,6.));
#14693=CARTESIAN_POINT('',(13.,21.75,6.));
#14694=CARTESIAN_POINT('',(13.,21.75,0.));
#14695=CARTESIAN_POINT('Origin',(13.,20.5,0.));
#14696=CARTESIAN_POINT('',(13.,22.,0.));
#14697=CARTESIAN_POINT('',(13.,22.,6.));
#14698=CARTESIAN_POINT('Origin',(10.,31.,0.));
#14699=CARTESIAN_POINT('',(10.,31.,0.));
#14700=CARTESIAN_POINT('',(10.,31.,0.));
#14701=CARTESIAN_POINT('',(10.,31.,6.));
#14702=CARTESIAN_POINT('',(10.,31.,6.));
#14703=CARTESIAN_POINT('',(10.,31.,0.));
#14704=CARTESIAN_POINT('Origin',(-10.,31.,0.));
#14705=CARTESIAN_POINT('',(-10.,31.,0.));
#14706=CARTESIAN_POINT('',(-10.,31.,0.));
#14707=CARTESIAN_POINT('',(-10.,31.,6.));
#14708=CARTESIAN_POINT('',(-10.,31.,6.));
#14709=CARTESIAN_POINT('',(-10.,31.,0.));
#14710=CARTESIAN_POINT('Origin',(-10.,20.5,0.));
#14711=CARTESIAN_POINT('',(-10.,20.5,0.));
#14712=CARTESIAN_POINT('',(-10.,20.5,0.));
#14713=CARTESIAN_POINT('',(-10.,20.5,6.));
#14714=CARTESIAN_POINT('',(-10.,20.5,6.));
#14715=CARTESIAN_POINT('',(-10.,20.5,0.));
#14716=CARTESIAN_POINT('Origin',(-13.,20.5,0.));
#14717=CARTESIAN_POINT('',(-13.,20.5,0.));
#14718=CARTESIAN_POINT('',(-13.,20.5,6.));
#14719=CARTESIAN_POINT('Origin',(-13.,21.75,0.));
#14720=CARTESIAN_POINT('',(-13.,21.75,0.));
#14721=CARTESIAN_POINT('',(-13.,21.75,0.));
#14722=CARTESIAN_POINT('',(-13.,21.75,6.));
#14723=CARTESIAN_POINT('',(-13.,21.75,6.));
#14724=CARTESIAN_POINT('',(-13.,21.75,0.));
#14725=CARTESIAN_POINT('Origin',(-27.,21.75,0.));
#14726=CARTESIAN_POINT('',(-27.,21.75,0.));
#14727=CARTESIAN_POINT('',(-27.,21.75,0.));
#14728=CARTESIAN_POINT('',(-27.,21.75,6.));
#14729=CARTESIAN_POINT('',(-27.,21.75,6.));
#14730=CARTESIAN_POINT('',(-27.,21.75,0.));
#14731=CARTESIAN_POINT('Origin',(-27.,10.25,0.));
#14732=CARTESIAN_POINT('',(-27.,10.25,0.));
#14733=CARTESIAN_POINT('',(-27.,10.25,0.));
#14734=CARTESIAN_POINT('',(-27.,10.25,6.));
#14735=CARTESIAN_POINT('',(-27.,10.25,6.));
#14736=CARTESIAN_POINT('',(-27.,10.25,0.));
#14737=CARTESIAN_POINT('Origin',(-13.,10.25,0.));
#14738=CARTESIAN_POINT('',(-13.,10.25,0.));
#14739=CARTESIAN_POINT('',(-13.,10.25,0.));
#14740=CARTESIAN_POINT('',(-13.,10.25,6.));
#14741=CARTESIAN_POINT('',(-13.,10.25,6.));
#14742=CARTESIAN_POINT('',(-13.,10.25,0.));
#14743=CARTESIAN_POINT('Origin',(-13.,12.,0.));
#14744=CARTESIAN_POINT('',(-13.,12.,0.));
#14745=CARTESIAN_POINT('',(-13.,12.,6.));
#14746=CARTESIAN_POINT('Origin',(13.,31.,0.));
#14747=CARTESIAN_POINT('',(13.,31.,0.));
#14748=CARTESIAN_POINT('',(31.,31.,0.));
#14749=CARTESIAN_POINT('',(13.,31.,0.));
#14750=CARTESIAN_POINT('',(31.,31.,6.));
#14751=CARTESIAN_POINT('',(31.,31.,0.));
#14752=CARTESIAN_POINT('',(13.,31.,6.));
#14753=CARTESIAN_POINT('',(13.,31.,6.));
#14754=CARTESIAN_POINT('',(13.,31.,0.));
#14755=CARTESIAN_POINT('Origin',(13.,22.25,0.));
#14756=CARTESIAN_POINT('',(13.,22.25,0.));
#14757=CARTESIAN_POINT('',(13.,22.25,0.));
#14758=CARTESIAN_POINT('',(13.,22.25,6.));
#14759=CARTESIAN_POINT('',(13.,22.25,6.));
#14760=CARTESIAN_POINT('',(13.,22.25,0.));
#14761=CARTESIAN_POINT('Origin',(27.,22.25,0.));
#14762=CARTESIAN_POINT('',(27.,22.25,0.));
#14763=CARTESIAN_POINT('',(27.,22.25,0.));
#14764=CARTESIAN_POINT('',(27.,22.25,6.));
#14765=CARTESIAN_POINT('',(27.,22.25,6.));
#14766=CARTESIAN_POINT('',(27.,22.25,0.));
#14767=CARTESIAN_POINT('Origin',(27.,23.5,0.));
#14768=CARTESIAN_POINT('',(27.,23.5,0.));
#14769=CARTESIAN_POINT('',(27.,23.5,0.));
#14770=CARTESIAN_POINT('',(27.,23.5,6.));
#14771=CARTESIAN_POINT('',(27.,23.5,6.));
#14772=CARTESIAN_POINT('',(27.,23.5,0.));
#14773=CARTESIAN_POINT('Origin',(29.,23.5,0.));
#14774=CARTESIAN_POINT('',(29.,23.5,0.));
#14775=CARTESIAN_POINT('',(29.,23.5,0.));
#14776=CARTESIAN_POINT('',(29.,23.5,6.));
#14777=CARTESIAN_POINT('',(29.,23.5,6.));
#14778=CARTESIAN_POINT('',(29.,23.5,0.));
#14779=CARTESIAN_POINT('Origin',(29.,-23.5,0.));
#14780=CARTESIAN_POINT('',(29.,-23.5,0.));
#14781=CARTESIAN_POINT('',(29.,-23.5,0.));
#14782=CARTESIAN_POINT('',(29.,-23.5,6.));
#14783=CARTESIAN_POINT('',(29.,-23.5,6.));
#14784=CARTESIAN_POINT('',(29.,-23.5,0.));
#14785=CARTESIAN_POINT('Origin',(27.,-23.5,0.));
#14786=CARTESIAN_POINT('',(27.,-23.5,0.));
#14787=CARTESIAN_POINT('',(27.,-23.5,0.));
#14788=CARTESIAN_POINT('',(27.,-23.5,6.));
#14789=CARTESIAN_POINT('',(27.,-23.5,6.));
#14790=CARTESIAN_POINT('',(27.,-23.5,0.));
#14791=CARTESIAN_POINT('Origin',(27.,-22.25,0.));
#14792=CARTESIAN_POINT('',(27.,-22.25,0.));
#14793=CARTESIAN_POINT('',(27.,-22.25,0.));
#14794=CARTESIAN_POINT('',(27.,-22.25,6.));
#14795=CARTESIAN_POINT('',(27.,-22.25,6.));
#14796=CARTESIAN_POINT('',(27.,-22.25,0.));
#14797=CARTESIAN_POINT('Origin',(13.,-22.25,0.));
#14798=CARTESIAN_POINT('',(13.,-22.25,0.));
#14799=CARTESIAN_POINT('',(13.,-22.25,0.));
#14800=CARTESIAN_POINT('',(13.,-22.25,6.));
#14801=CARTESIAN_POINT('',(13.,-22.25,6.));
#14802=CARTESIAN_POINT('',(13.,-22.25,0.));
#14803=CARTESIAN_POINT('Origin',(13.,-31.,0.));
#14804=CARTESIAN_POINT('',(13.,-31.,0.));
#14805=CARTESIAN_POINT('',(13.,-31.,0.));
#14806=CARTESIAN_POINT('',(13.,-31.,6.));
#14807=CARTESIAN_POINT('',(13.,-31.,6.));
#14808=CARTESIAN_POINT('',(13.,-31.,0.));
#14809=CARTESIAN_POINT('Origin',(31.,-31.,0.));
#14810=CARTESIAN_POINT('',(31.,-31.,0.));
#14811=CARTESIAN_POINT('',(31.,-31.,0.));
#14812=CARTESIAN_POINT('',(31.,-31.,6.));
#14813=CARTESIAN_POINT('',(31.,-31.,6.));
#14814=CARTESIAN_POINT('',(31.,-31.,0.));
#14815=CARTESIAN_POINT('Origin',(31.,31.,0.));
#14816=CARTESIAN_POINT('',(31.,31.,0.));
#14817=CARTESIAN_POINT('',(31.,31.,6.));
#14818=CARTESIAN_POINT('Origin',(-27.,-22.25,0.));
#14819=CARTESIAN_POINT('',(-27.,-22.25,0.));
#14820=CARTESIAN_POINT('',(-13.,-22.25,0.));
#14821=CARTESIAN_POINT('',(-27.,-22.25,0.));
#14822=CARTESIAN_POINT('',(-13.,-22.25,6.));
#14823=CARTESIAN_POINT('',(-13.,-22.25,0.));
#14824=CARTESIAN_POINT('',(-27.,-22.25,6.));
#14825=CARTESIAN_POINT('',(-27.,-22.25,6.));
#14826=CARTESIAN_POINT('',(-27.,-22.25,0.));
#14827=CARTESIAN_POINT('Origin',(-27.,-23.5,0.));
#14828=CARTESIAN_POINT('',(-27.,-23.5,0.));
#14829=CARTESIAN_POINT('',(-27.,-23.5,0.));
#14830=CARTESIAN_POINT('',(-27.,-23.5,6.));
#14831=CARTESIAN_POINT('',(-27.,-23.5,6.));
#14832=CARTESIAN_POINT('',(-27.,-23.5,0.));
#14833=CARTESIAN_POINT('Origin',(-29.,-23.5,0.));
#14834=CARTESIAN_POINT('',(-29.,-23.5,0.));
#14835=CARTESIAN_POINT('',(-29.,-23.5,0.));
#14836=CARTESIAN_POINT('',(-29.,-23.5,6.));
#14837=CARTESIAN_POINT('',(-29.,-23.5,6.));
#14838=CARTESIAN_POINT('',(-29.,-23.5,0.));
#14839=CARTESIAN_POINT('Origin',(-29.,23.5,0.));
#14840=CARTESIAN_POINT('',(-29.,23.5,0.));
#14841=CARTESIAN_POINT('',(-29.,23.5,0.));
#14842=CARTESIAN_POINT('',(-29.,23.5,6.));
#14843=CARTESIAN_POINT('',(-29.,23.5,6.));
#14844=CARTESIAN_POINT('',(-29.,23.5,0.));
#14845=CARTESIAN_POINT('Origin',(-27.,23.5,0.));
#14846=CARTESIAN_POINT('',(-27.,23.5,0.));
#14847=CARTESIAN_POINT('',(-27.,23.5,0.));
#14848=CARTESIAN_POINT('',(-27.,23.5,6.));
#14849=CARTESIAN_POINT('',(-27.,23.5,6.));
#14850=CARTESIAN_POINT('',(-27.,23.5,0.));
#14851=CARTESIAN_POINT('Origin',(-27.,22.25,0.));
#14852=CARTESIAN_POINT('',(-27.,22.25,0.));
#14853=CARTESIAN_POINT('',(-27.,22.25,0.));
#14854=CARTESIAN_POINT('',(-27.,22.25,6.));
#14855=CARTESIAN_POINT('',(-27.,22.25,6.));
#14856=CARTESIAN_POINT('',(-27.,22.25,0.));
#14857=CARTESIAN_POINT('Origin',(-13.,22.25,0.));
#14858=CARTESIAN_POINT('',(-13.,22.25,0.));
#14859=CARTESIAN_POINT('',(-13.,22.25,0.));
#14860=CARTESIAN_POINT('',(-13.,22.25,6.));
#14861=CARTESIAN_POINT('',(-13.,22.25,6.));
#14862=CARTESIAN_POINT('',(-13.,22.25,0.));
#14863=CARTESIAN_POINT('Origin',(-13.,31.,0.));
#14864=CARTESIAN_POINT('',(-13.,31.,0.));
#14865=CARTESIAN_POINT('',(-13.,31.,0.));
#14866=CARTESIAN_POINT('',(-13.,31.,6.));
#14867=CARTESIAN_POINT('',(-13.,31.,6.));
#14868=CARTESIAN_POINT('',(-13.,31.,0.));
#14869=CARTESIAN_POINT('Origin',(-31.,31.,0.));
#14870=CARTESIAN_POINT('',(-31.,31.,0.));
#14871=CARTESIAN_POINT('',(-31.,31.,0.));
#14872=CARTESIAN_POINT('',(-31.,31.,6.));
#14873=CARTESIAN_POINT('',(-31.,31.,6.));
#14874=CARTESIAN_POINT('',(-31.,31.,0.));
#14875=CARTESIAN_POINT('Origin',(-31.,-31.,0.));
#14876=CARTESIAN_POINT('',(-31.,-31.,0.));
#14877=CARTESIAN_POINT('',(-31.,-31.,0.));
#14878=CARTESIAN_POINT('',(-31.,-31.,6.));
#14879=CARTESIAN_POINT('',(-31.,-31.,6.));
#14880=CARTESIAN_POINT('',(-31.,-31.,0.));
#14881=CARTESIAN_POINT('Origin',(-13.,-31.,0.));
#14882=CARTESIAN_POINT('',(-13.,-31.,0.));
#14883=CARTESIAN_POINT('',(-13.,-31.,0.));
#14884=CARTESIAN_POINT('',(-13.,-31.,6.));
#14885=CARTESIAN_POINT('',(-13.,-31.,6.));
#14886=CARTESIAN_POINT('',(-13.,-31.,0.));
#14887=CARTESIAN_POINT('Origin',(-13.,-22.25,0.));
#14888=CARTESIAN_POINT('',(-13.,-22.25,0.));
#14889=CARTESIAN_POINT('',(-13.,-22.25,6.));
#14890=CARTESIAN_POINT('Origin',(-10.,-20.5,0.));
#14891=CARTESIAN_POINT('',(-10.,-20.5,6.));
#14892=CARTESIAN_POINT('',(-10.,-20.5,6.));
#14893=CARTESIAN_POINT('',(-10.,-20.5,0.));
#14894=CARTESIAN_POINT('',(-10.,-20.5,0.));
#14895=CARTESIAN_POINT('',(-10.,-20.5,0.));
#14896=CARTESIAN_POINT('Origin',(-10.,-31.,0.));
#14897=CARTESIAN_POINT('',(-10.,-31.,0.));
#14898=CARTESIAN_POINT('',(-10.,-31.,0.));
#14899=CARTESIAN_POINT('',(-10.,-31.,6.));
#14900=CARTESIAN_POINT('',(-10.,-31.,6.));
#14901=CARTESIAN_POINT('',(-10.,-31.,0.));
#14902=CARTESIAN_POINT('Origin',(10.,-31.,0.));
#14903=CARTESIAN_POINT('',(10.,-31.,0.));
#14904=CARTESIAN_POINT('',(10.,-31.,0.));
#14905=CARTESIAN_POINT('',(10.,-31.,6.));
#14906=CARTESIAN_POINT('',(10.,-31.,6.));
#14907=CARTESIAN_POINT('',(10.,-31.,0.));
#14908=CARTESIAN_POINT('Origin',(10.,-20.5,0.));
#14909=CARTESIAN_POINT('',(10.,-20.5,0.));
#14910=CARTESIAN_POINT('',(10.,-20.5,0.));
#14911=CARTESIAN_POINT('',(10.,-20.5,6.));
#14912=CARTESIAN_POINT('',(10.,-20.5,6.));
#14913=CARTESIAN_POINT('',(10.,-20.5,0.));
#14914=CARTESIAN_POINT('Origin',(13.,-20.5,0.));
#14915=CARTESIAN_POINT('',(13.,-20.5,0.));
#14916=CARTESIAN_POINT('',(13.,-20.5,6.));
#14917=CARTESIAN_POINT('Origin',(13.,-21.75,0.));
#14918=CARTESIAN_POINT('',(13.,-21.75,0.));
#14919=CARTESIAN_POINT('',(13.,-21.75,0.));
#14920=CARTESIAN_POINT('',(13.,-21.75,6.));
#14921=CARTESIAN_POINT('',(13.,-21.75,6.));
#14922=CARTESIAN_POINT('',(13.,-21.75,0.));
#14923=CARTESIAN_POINT('Origin',(27.,-21.75,0.));
#14924=CARTESIAN_POINT('',(27.,-21.75,0.));
#14925=CARTESIAN_POINT('',(27.,-21.75,0.));
#14926=CARTESIAN_POINT('',(27.,-21.75,6.));
#14927=CARTESIAN_POINT('',(27.,-21.75,6.));
#14928=CARTESIAN_POINT('',(27.,-21.75,0.));
#14929=CARTESIAN_POINT('Origin',(27.,-10.25,0.));
#14930=CARTESIAN_POINT('',(27.,-10.25,0.));
#14931=CARTESIAN_POINT('',(27.,-10.25,0.));
#14932=CARTESIAN_POINT('',(27.,-10.25,6.));
#14933=CARTESIAN_POINT('',(27.,-10.25,6.));
#14934=CARTESIAN_POINT('',(27.,-10.25,0.));
#14935=CARTESIAN_POINT('Origin',(13.,-10.25,0.));
#14936=CARTESIAN_POINT('',(13.,-10.25,0.));
#14937=CARTESIAN_POINT('',(13.,-10.25,0.));
#14938=CARTESIAN_POINT('',(13.,-10.25,6.));
#14939=CARTESIAN_POINT('',(13.,-10.25,6.));
#14940=CARTESIAN_POINT('',(13.,-10.25,0.));
#14941=CARTESIAN_POINT('Origin',(13.,-12.,0.));
#14942=CARTESIAN_POINT('',(13.,-12.,0.));
#14943=CARTESIAN_POINT('',(13.,-12.,0.));
#14944=CARTESIAN_POINT('',(13.,-12.,6.));
#14945=CARTESIAN_POINT('',(13.,-12.,6.));
#14946=CARTESIAN_POINT('',(13.,-12.,0.));
#14947=CARTESIAN_POINT('Origin',(-13.,-12.,0.));
#14948=CARTESIAN_POINT('',(-13.,-12.,0.));
#14949=CARTESIAN_POINT('',(-13.,-12.,0.));
#14950=CARTESIAN_POINT('',(-13.,-12.,6.));
#14951=CARTESIAN_POINT('',(-13.,-12.,6.));
#14952=CARTESIAN_POINT('',(-13.,-12.,0.));
#14953=CARTESIAN_POINT('Origin',(-13.,-10.25,0.));
#14954=CARTESIAN_POINT('',(-13.,-10.25,0.));
#14955=CARTESIAN_POINT('',(-13.,-10.25,0.));
#14956=CARTESIAN_POINT('',(-13.,-10.25,6.));
#14957=CARTESIAN_POINT('',(-13.,-10.25,6.));
#14958=CARTESIAN_POINT('',(-13.,-10.25,0.));
#14959=CARTESIAN_POINT('Origin',(-27.,-10.25,0.));
#14960=CARTESIAN_POINT('',(-27.,-10.25,0.));
#14961=CARTESIAN_POINT('',(-27.,-10.25,0.));
#14962=CARTESIAN_POINT('',(-27.,-10.25,6.));
#14963=CARTESIAN_POINT('',(-27.,-10.25,6.));
#14964=CARTESIAN_POINT('',(-27.,-10.25,0.));
#14965=CARTESIAN_POINT('Origin',(-27.,-21.75,0.));
#14966=CARTESIAN_POINT('',(-27.,-21.75,0.));
#14967=CARTESIAN_POINT('',(-27.,-21.75,0.));
#14968=CARTESIAN_POINT('',(-27.,-21.75,6.));
#14969=CARTESIAN_POINT('',(-27.,-21.75,6.));
#14970=CARTESIAN_POINT('',(-27.,-21.75,0.));
#14971=CARTESIAN_POINT('Origin',(-13.,-21.75,0.));
#14972=CARTESIAN_POINT('',(-13.,-21.75,0.));
#14973=CARTESIAN_POINT('',(-13.,-21.75,0.));
#14974=CARTESIAN_POINT('',(-13.,-21.75,6.));
#14975=CARTESIAN_POINT('',(-13.,-21.75,6.));
#14976=CARTESIAN_POINT('',(-13.,-21.75,0.));
#14977=CARTESIAN_POINT('Origin',(-13.,-20.5,0.));
#14978=CARTESIAN_POINT('',(-13.,-20.5,0.));
#14979=CARTESIAN_POINT('',(-13.,-12.25,6.));
#14980=CARTESIAN_POINT('Origin',(35.,35.,0.));
#14981=CARTESIAN_POINT('',(35.,35.,0.));
#14982=CARTESIAN_POINT('',(-35.,35.,0.));
#14983=CARTESIAN_POINT('',(35.,35.,0.));
#14984=CARTESIAN_POINT('',(-35.,35.,6.));
#14985=CARTESIAN_POINT('',(-35.,35.,0.));
#14986=CARTESIAN_POINT('',(35.,35.,6.));
#14987=CARTESIAN_POINT('',(35.,35.,6.));
#14988=CARTESIAN_POINT('',(35.,35.,0.));
#14989=CARTESIAN_POINT('Origin',(35.,-35.,0.));
#14990=CARTESIAN_POINT('',(35.,-35.,0.));
#14991=CARTESIAN_POINT('',(35.,-35.,0.));
#14992=CARTESIAN_POINT('',(35.,-35.,6.));
#14993=CARTESIAN_POINT('',(35.,-35.,6.));
#14994=CARTESIAN_POINT('',(35.,-35.,0.));
#14995=CARTESIAN_POINT('Origin',(-35.,-35.,0.));
#14996=CARTESIAN_POINT('',(-35.,-35.,0.));
#14997=CARTESIAN_POINT('',(-35.,-35.,0.));
#14998=CARTESIAN_POINT('',(-35.,-35.,6.));
#14999=CARTESIAN_POINT('',(-35.,-35.,6.));
#15000=CARTESIAN_POINT('',(-35.,-35.,0.));
#15001=CARTESIAN_POINT('Origin',(-35.,35.,0.));
#15002=CARTESIAN_POINT('',(-35.,35.,0.));
#15003=CARTESIAN_POINT('',(-35.,35.,6.));
#15004=CARTESIAN_POINT('Origin',(0.,0.,6.));
#15005=CARTESIAN_POINT('Origin',(0.,0.,0.));
#15006=CARTESIAN_POINT('',(0.,0.,0.));
#15007=CARTESIAN_POINT('Origin',(3.,-27.,9.));
#15008=CARTESIAN_POINT('',(3.,-27.,9.));
#15009=CARTESIAN_POINT('',(-3.,-27.,9.));
#15010=CARTESIAN_POINT('',(3.,-27.,9.));
#15011=CARTESIAN_POINT('',(-3.,-27.,23.));
#15012=CARTESIAN_POINT('',(-3.,-27.,9.));
#15013=CARTESIAN_POINT('',(3.,-27.,23.));
#15014=CARTESIAN_POINT('',(3.,-27.,23.));
#15015=CARTESIAN_POINT('',(3.,-27.,9.));
#15016=CARTESIAN_POINT('Origin',(3.,-30.,9.));
#15017=CARTESIAN_POINT('',(3.,-30.,9.));
#15018=CARTESIAN_POINT('',(3.,-30.,9.));
#15019=CARTESIAN_POINT('',(3.,-30.,23.));
#15020=CARTESIAN_POINT('',(3.,-30.,23.));
#15021=CARTESIAN_POINT('',(3.,-30.,9.));
#15022=CARTESIAN_POINT('Origin',(-3.,-30.,9.));
#15023=CARTESIAN_POINT('',(-3.,-30.,9.));
#15024=CARTESIAN_POINT('',(-3.,-30.,9.));
#15025=CARTESIAN_POINT('',(-3.,-30.,23.));
#15026=CARTESIAN_POINT('',(-3.,-30.,23.));
#15027=CARTESIAN_POINT('',(-3.,-30.,9.));
#15028=CARTESIAN_POINT('Origin',(-3.,-27.,9.));
#15029=CARTESIAN_POINT('',(-3.,-27.,9.));
#15030=CARTESIAN_POINT('',(-3.,-27.,23.));
#15031=CARTESIAN_POINT('Origin',(0.,-28.5,23.));
#15032=CARTESIAN_POINT('Origin',(0.,-28.5,9.));
#15033=CARTESIAN_POINT('',(0.,0.,0.));
#15034=CARTESIAN_POINT('Origin',(3.,-27.,6.));
#15035=CARTESIAN_POINT('',(3.,-27.,6.));
#15036=CARTESIAN_POINT('',(-3.,-27.,6.));
#15037=CARTESIAN_POINT('',(3.,-27.,6.));
#15038=CARTESIAN_POINT('',(-3.,-27.,9.));
#15039=CARTESIAN_POINT('',(-3.,-27.,6.));
#15040=CARTESIAN_POINT('',(3.,-27.,9.));
#15041=CARTESIAN_POINT('',(3.,-27.,9.));
#15042=CARTESIAN_POINT('',(3.,-27.,6.));
#15043=CARTESIAN_POINT('Origin',(3.,-35.,6.));
#15044=CARTESIAN_POINT('',(3.,-35.,6.));
#15045=CARTESIAN_POINT('',(3.,-35.,6.));
#15046=CARTESIAN_POINT('',(3.,-35.,9.));
#15047=CARTESIAN_POINT('',(3.,-35.,9.));
#15048=CARTESIAN_POINT('',(3.,-35.,6.));
#15049=CARTESIAN_POINT('Origin',(-3.,-35.,6.));
#15050=CARTESIAN_POINT('',(-3.,-35.,6.));
#15051=CARTESIAN_POINT('',(-3.,-35.,6.));
#15052=CARTESIAN_POINT('',(-3.,-35.,9.));
#15053=CARTESIAN_POINT('',(-3.,-35.,9.));
#15054=CARTESIAN_POINT('',(-3.,-35.,6.));
#15055=CARTESIAN_POINT('Origin',(-3.,-27.,6.));
#15056=CARTESIAN_POINT('',(-3.,-27.,6.));
#15057=CARTESIAN_POINT('',(-3.,-27.,9.));
#15058=CARTESIAN_POINT('Origin',(0.,-31.,9.));
#15059=CARTESIAN_POINT('Origin',(0.,-31.,6.));
#15060=CARTESIAN_POINT('',(0.,0.,0.));
#15061=CARTESIAN_POINT('Origin',(3.,-8.,6.));
#15062=CARTESIAN_POINT('',(3.,-8.,6.));
#15063=CARTESIAN_POINT('',(-3.,-8.,6.));
#15064=CARTESIAN_POINT('',(3.,-8.,6.));
#15065=CARTESIAN_POINT('',(-3.,-8.,23.));
#15066=CARTESIAN_POINT('',(-3.,-8.,6.));
#15067=CARTESIAN_POINT('',(3.,-8.,23.));
#15068=CARTESIAN_POINT('',(3.,-8.,23.));
#15069=CARTESIAN_POINT('',(3.,-8.,6.));
#15070=CARTESIAN_POINT('Origin',(3.,-12.,6.));
#15071=CARTESIAN_POINT('',(3.,-12.,6.));
#15072=CARTESIAN_POINT('',(3.,-12.,6.));
#15073=CARTESIAN_POINT('',(3.,-12.,23.));
#15074=CARTESIAN_POINT('',(3.,-12.,23.));
#15075=CARTESIAN_POINT('',(3.,-12.,6.));
#15076=CARTESIAN_POINT('Origin',(-3.,-12.,6.));
#15077=CARTESIAN_POINT('',(-3.,-12.,6.));
#15078=CARTESIAN_POINT('',(-3.,-12.,6.));
#15079=CARTESIAN_POINT('',(-3.,-12.,23.));
#15080=CARTESIAN_POINT('',(-3.,-12.,23.));
#15081=CARTESIAN_POINT('',(-3.,-12.,6.));
#15082=CARTESIAN_POINT('Origin',(-3.,-8.,6.));
#15083=CARTESIAN_POINT('',(-3.,-8.,6.));
#15084=CARTESIAN_POINT('',(-3.,-8.,23.));
#15085=CARTESIAN_POINT('Origin',(0.,-10.,23.));
#15086=CARTESIAN_POINT('Origin',(0.,-10.,6.));
#15087=CARTESIAN_POINT('',(0.,0.,0.));
#15088=CARTESIAN_POINT('',(0.,0.,0.));
#15089=CARTESIAN_POINT('',(0.,0.,0.));
#15090=CARTESIAN_POINT('Origin',(2.02156355725676,5.50789821315063,2.5));
#15091=CARTESIAN_POINT('',(7.70466061128746,4.3204030312331,2.5));
#15092=CARTESIAN_POINT('',(7.70466061128746,4.3204030312331,-2.5));
#15093=CARTESIAN_POINT('',(7.70466061128747,4.3204030312331,2.5));
#15094=CARTESIAN_POINT('',(2.02156355725676,5.50789821315063,2.5));
#15095=CARTESIAN_POINT('',(2.02156355725676,5.50789821315063,2.5));
#15096=CARTESIAN_POINT('',(2.02156355725676,5.50789821315063,-2.5));
#15097=CARTESIAN_POINT('',(2.02156355725676,5.50789821315063,2.5));
#15098=CARTESIAN_POINT('',(2.02156355725676,5.50789821315063,-2.5));
#15099=CARTESIAN_POINT('Origin',(11.7600194248998,1.5,2.5));
#15100=CARTESIAN_POINT('',(-12.3493486196704,4.3204030312331,2.5));
#15101=CARTESIAN_POINT('',(-2.21587154917594,6.43781455577308,2.5));
#15102=CARTESIAN_POINT('',(-12.3493486196704,4.3204030312331,2.5));
#15103=CARTESIAN_POINT('',(-7.70466061128747,4.3204030312331,2.5));
#15104=CARTESIAN_POINT('',(11.7600194248998,4.3204030312331,2.5));
#15105=CARTESIAN_POINT('',(-2.02156355725676,5.50789821315063,2.5));
#15106=CARTESIAN_POINT('',(-2.02156355725676,5.50789821315063,2.5));
#15107=CARTESIAN_POINT('',(-1.5,5.56180697769034,2.5));
#15108=CARTESIAN_POINT('Origin',(-1.5,3.01180697769034,2.5));
#15109=CARTESIAN_POINT('',(1.5,5.56180697769034,2.5));
#15110=CARTESIAN_POINT('',(2.51443626280321E-16,5.56180697769033,2.5));
#15111=CARTESIAN_POINT('Origin',(1.5,3.01180697769034,2.5));
#15112=CARTESIAN_POINT('',(12.3493486196704,4.3204030312331,2.5));
#15113=CARTESIAN_POINT('',(11.7600194248998,4.3204030312331,2.5));
#15114=CARTESIAN_POINT('',(2.21587154917594,6.43781455577308,2.5));
#15115=CARTESIAN_POINT('',(12.3493486196704,4.3204030312331,2.5));
#15116=CARTESIAN_POINT('',(1.5,6.51180697769033,2.5));
#15117=CARTESIAN_POINT('Origin',(1.5,3.01180697769034,2.5));
#15118=CARTESIAN_POINT('',(1.25,6.76180697769034,2.5));
#15119=CARTESIAN_POINT('Origin',(1.5,6.76180697769034,2.5));
#15120=CARTESIAN_POINT('',(1.25,7.5,2.5));
#15121=CARTESIAN_POINT('',(1.25,7.5,2.5));
#15122=CARTESIAN_POINT('',(-1.25,7.5,2.5));
#15123=CARTESIAN_POINT('',(1.40834381901946E-17,7.5,2.5));
#15124=CARTESIAN_POINT('',(-1.25,6.76180697769034,2.5));
#15125=CARTESIAN_POINT('',(-1.25,7.5,2.5));
#15126=CARTESIAN_POINT('',(-1.5,6.51180697769033,2.5));
#15127=CARTESIAN_POINT('Origin',(-1.5,6.76180697769034,2.5));
#15128=CARTESIAN_POINT('Origin',(-1.5,3.01180697769034,2.5));
#15129=CARTESIAN_POINT('Origin',(11.7600194248998,1.5,2.5));
#15130=CARTESIAN_POINT('',(12.3493486196704,-4.3204030312331,2.5));
#15131=CARTESIAN_POINT('',(2.21587154917594,-6.43781455577308,2.5));
#15132=CARTESIAN_POINT('',(12.3493486196704,-4.3204030312331,2.5));
#15133=CARTESIAN_POINT('',(7.70466061128747,-4.3204030312331,2.5));
#15134=CARTESIAN_POINT('',(11.7600194248998,-4.3204030312331,2.5));
#15135=CARTESIAN_POINT('',(2.02156355725676,-5.50789821315063,2.5));
#15136=CARTESIAN_POINT('',(2.02156355725676,-5.50789821315063,2.5));
#15137=CARTESIAN_POINT('',(1.5,-5.56180697769034,2.5));
#15138=CARTESIAN_POINT('Origin',(1.5,-3.01180697769034,2.5));
#15139=CARTESIAN_POINT('',(-1.5,-5.56180697769034,2.5));
#15140=CARTESIAN_POINT('',(2.51443626280321E-16,-5.56180697769033,2.5));
#15141=CARTESIAN_POINT('',(-2.02156355725676,-5.50789821315063,2.5));
#15142=CARTESIAN_POINT('Origin',(-1.5,-3.01180697769034,2.5));
#15143=CARTESIAN_POINT('',(-7.70466061128747,-4.3204030312331,2.5));
#15144=CARTESIAN_POINT('',(-2.02156355725676,-5.50789821315063,2.5));
#15145=CARTESIAN_POINT('',(-12.3493486196704,-4.3204030312331,2.5));
#15146=CARTESIAN_POINT('',(11.7600194248998,-4.3204030312331,2.5));
#15147=CARTESIAN_POINT('',(-2.21587154917594,-6.43781455577308,2.5));
#15148=CARTESIAN_POINT('',(-12.3493486196704,-4.3204030312331,2.5));
#15149=CARTESIAN_POINT('',(-1.5,-6.51180697769033,2.5));
#15150=CARTESIAN_POINT('Origin',(-1.5,-3.01180697769034,2.5));
#15151=CARTESIAN_POINT('',(-1.25,-6.76180697769034,2.5));
#15152=CARTESIAN_POINT('Origin',(-1.5,-6.76180697769034,2.5));
#15153=CARTESIAN_POINT('',(-1.25,-7.5,2.5));
#15154=CARTESIAN_POINT('',(-1.25,-7.5,2.5));
#15155=CARTESIAN_POINT('',(1.25,-7.5,2.5));
#15156=CARTESIAN_POINT('',(1.40834381901946E-17,-7.5,2.5));
#15157=CARTESIAN_POINT('',(1.25,-6.76180697769034,2.5));
#15158=CARTESIAN_POINT('',(1.25,-7.5,2.5));
#15159=CARTESIAN_POINT('',(1.5,-6.51180697769033,2.5));
#15160=CARTESIAN_POINT('Origin',(1.5,-6.76180697769034,2.5));
#15161=CARTESIAN_POINT('Origin',(1.5,-3.01180697769034,2.5));
#15162=CARTESIAN_POINT('Origin',(11.7600194248998,1.5,-2.5));
#15163=CARTESIAN_POINT('',(-12.3493486196704,4.3204030312331,-2.5));
#15164=CARTESIAN_POINT('',(-7.70466061128747,4.3204030312331,-2.5));
#15165=CARTESIAN_POINT('',(11.7600194248998,4.3204030312331,-2.5));
#15166=CARTESIAN_POINT('',(-2.21587154917594,6.43781455577308,-2.5));
#15167=CARTESIAN_POINT('',(-12.3493486196704,4.3204030312331,-2.5));
#15168=CARTESIAN_POINT('',(-1.5,6.51180697769033,-2.5));
#15169=CARTESIAN_POINT('Origin',(-1.5,3.01180697769034,-2.5));
#15170=CARTESIAN_POINT('',(-1.25,6.76180697769034,-2.5));
#15171=CARTESIAN_POINT('Origin',(-1.5,6.76180697769034,-2.5));
#15172=CARTESIAN_POINT('',(-1.25,7.5,-2.5));
#15173=CARTESIAN_POINT('',(-1.25,7.5,-2.5));
#15174=CARTESIAN_POINT('',(1.25,7.5,-2.5));
#15175=CARTESIAN_POINT('',(1.40834381901946E-17,7.5,-2.5));
#15176=CARTESIAN_POINT('',(1.25,6.76180697769034,-2.5));
#15177=CARTESIAN_POINT('',(1.25,7.5,-2.5));
#15178=CARTESIAN_POINT('',(1.5,6.51180697769033,-2.5));
#15179=CARTESIAN_POINT('Origin',(1.5,6.76180697769034,-2.5));
#15180=CARTESIAN_POINT('',(2.21587154917594,6.43781455577308,-2.5));
#15181=CARTESIAN_POINT('Origin',(1.5,3.01180697769034,-2.5));
#15182=CARTESIAN_POINT('',(12.3493486196704,4.3204030312331,-2.5));
#15183=CARTESIAN_POINT('',(12.3493486196704,4.3204030312331,-2.5));
#15184=CARTESIAN_POINT('',(11.7600194248998,4.3204030312331,-2.5));
#15185=CARTESIAN_POINT('',(1.5,5.56180697769034,-2.5));
#15186=CARTESIAN_POINT('Origin',(1.5,3.01180697769034,-2.5));
#15187=CARTESIAN_POINT('',(-1.5,5.56180697769034,-2.5));
#15188=CARTESIAN_POINT('',(2.51443626280321E-16,5.56180697769033,-2.5));
#15189=CARTESIAN_POINT('',(-2.02156355725676,5.50789821315063,-2.5));
#15190=CARTESIAN_POINT('Origin',(-1.5,3.01180697769034,-2.5));
#15191=CARTESIAN_POINT('',(-2.02156355725676,5.50789821315063,-2.5));
#15192=CARTESIAN_POINT('Origin',(11.7600194248998,1.5,-2.5));
#15193=CARTESIAN_POINT('',(12.3493486196704,-4.3204030312331,-2.5));
#15194=CARTESIAN_POINT('',(7.70466061128747,-4.3204030312331,-2.5));
#15195=CARTESIAN_POINT('',(11.7600194248998,-4.3204030312331,-2.5));
#15196=CARTESIAN_POINT('',(2.21587154917594,-6.43781455577308,-2.5));
#15197=CARTESIAN_POINT('',(12.3493486196704,-4.3204030312331,-2.5));
#15198=CARTESIAN_POINT('',(1.5,-6.51180697769033,-2.5));
#15199=CARTESIAN_POINT('Origin',(1.5,-3.01180697769034,-2.5));
#15200=CARTESIAN_POINT('',(1.25,-6.76180697769034,-2.5));
#15201=CARTESIAN_POINT('Origin',(1.5,-6.76180697769034,-2.5));
#15202=CARTESIAN_POINT('',(1.25,-7.5,-2.5));
#15203=CARTESIAN_POINT('',(1.25,-7.5,-2.5));
#15204=CARTESIAN_POINT('',(-1.25,-7.5,-2.5));
#15205=CARTESIAN_POINT('',(1.40834381901946E-17,-7.5,-2.5));
#15206=CARTESIAN_POINT('',(-1.25,-6.76180697769034,-2.5));
#15207=CARTESIAN_POINT('',(-1.25,-7.5,-2.5));
#15208=CARTESIAN_POINT('',(-1.5,-6.51180697769033,-2.5));
#15209=CARTESIAN_POINT('Origin',(-1.5,-6.76180697769034,-2.5));
#15210=CARTESIAN_POINT('',(-2.21587154917594,-6.43781455577308,-2.5));
#15211=CARTESIAN_POINT('Origin',(-1.5,-3.01180697769034,-2.5));
#15212=CARTESIAN_POINT('',(-12.3493486196704,-4.3204030312331,-2.5));
#15213=CARTESIAN_POINT('',(-12.3493486196704,-4.3204030312331,-2.5));
#15214=CARTESIAN_POINT('',(-7.70466061128747,-4.3204030312331,-2.5));
#15215=CARTESIAN_POINT('',(11.7600194248998,-4.3204030312331,-2.5));
#15216=CARTESIAN_POINT('',(-2.02156355725676,-5.50789821315063,-2.5));
#15217=CARTESIAN_POINT('',(-2.02156355725676,-5.50789821315063,-2.5));
#15218=CARTESIAN_POINT('',(-1.5,-5.56180697769034,-2.5));
#15219=CARTESIAN_POINT('Origin',(-1.5,-3.01180697769034,-2.5));
#15220=CARTESIAN_POINT('',(1.5,-5.56180697769034,-2.5));
#15221=CARTESIAN_POINT('',(2.51443626280321E-16,-5.56180697769033,-2.5));
#15222=CARTESIAN_POINT('',(2.02156355725676,-5.50789821315063,-2.5));
#15223=CARTESIAN_POINT('Origin',(1.5,-3.01180697769034,-2.5));
#15224=CARTESIAN_POINT('',(2.02156355725676,-5.50789821315063,-2.5));
#15225=CARTESIAN_POINT('Origin',(2.02156355725676,-5.50789821315063,2.5));
#15226=CARTESIAN_POINT('',(7.70466061128747,-4.3204030312331,2.5));
#15227=CARTESIAN_POINT('',(2.02156355725676,-5.50789821315063,2.5));
#15228=CARTESIAN_POINT('Origin',(-2.02156355725676,5.50789821315063,2.5));
#15229=CARTESIAN_POINT('',(-7.70466061128747,4.3204030312331,2.5));
#15230=CARTESIAN_POINT('',(-2.02156355725676,5.50789821315063,2.5));
#15231=CARTESIAN_POINT('Origin',(-2.02156355725676,-5.50789821315063,2.5));
#15232=CARTESIAN_POINT('',(-7.70466061128747,-4.3204030312331,2.5));
#15233=CARTESIAN_POINT('',(-2.02156355725676,-5.50789821315063,2.5));
#15234=CARTESIAN_POINT('Origin',(14.6413354711533,0.,2.5));
#15235=CARTESIAN_POINT('',(14.6413354711533,-1.5,5.));
#15236=CARTESIAN_POINT('',(14.6413354711533,-1.5,-5.));
#15237=CARTESIAN_POINT('',(14.6413354711533,-1.5,2.5));
#15238=CARTESIAN_POINT('',(14.6413354711533,1.5,-5.));
#15239=CARTESIAN_POINT('',(14.6413354711533,-1.5,-5.));
#15240=CARTESIAN_POINT('',(14.6413354711533,1.5,5.));
#15241=CARTESIAN_POINT('',(14.6413354711533,1.5,2.5));
#15242=CARTESIAN_POINT('',(14.6413354711533,-1.5,5.));
#15243=CARTESIAN_POINT('Origin',(11.7600194248998,1.5,2.5));
#15244=CARTESIAN_POINT('',(12.3493486196704,4.3204030312331,-5.));
#15245=CARTESIAN_POINT('Origin',(11.7600194248998,1.5,-5.));
#15246=CARTESIAN_POINT('',(12.3493486196704,4.3204030312331,5.));
#15247=CARTESIAN_POINT('',(12.3493486196704,4.3204030312331,2.5));
#15248=CARTESIAN_POINT('',(12.3493486196704,4.3204030312331,5.));
#15249=CARTESIAN_POINT('',(12.3493486196704,4.3204030312331,5.));
#15250=CARTESIAN_POINT('Origin',(11.7600194248998,1.5,5.));
#15251=CARTESIAN_POINT('Origin',(12.3493486196704,4.3204030312331,2.5));
#15252=CARTESIAN_POINT('',(2.21587154917594,6.43781455577308,2.5));
#15253=CARTESIAN_POINT('Origin',(1.5,3.01180697769034,2.5));
#15254=CARTESIAN_POINT('',(1.5,6.51180697769033,2.5));
#15255=CARTESIAN_POINT('Origin',(1.5,6.76180697769034,2.5));
#15256=CARTESIAN_POINT('',(1.25,6.76180697769034,2.5));
#15257=CARTESIAN_POINT('Origin',(1.25,7.5,2.5));
#15258=CARTESIAN_POINT('',(1.25,7.5,2.5));
#15259=CARTESIAN_POINT('Origin',(1.40834381901946E-17,7.5,2.5));
#15260=CARTESIAN_POINT('',(-1.25,7.5,2.5));
#15261=CARTESIAN_POINT('',(-9.79717439317879E-17,7.5,-0.799999999999997));
#15262=CARTESIAN_POINT('Origin',(0.,7.5,0.));
#15263=CARTESIAN_POINT('Origin',(2.51443626280321E-16,5.56180697769033,
2.5));
#15264=CARTESIAN_POINT('',(1.5,5.56180697769034,2.5));
#15265=CARTESIAN_POINT('',(-1.5,5.56180697769034,2.5));
#15266=CARTESIAN_POINT('',(-9.79717439317879E-17,5.56180697769033,-0.799999999999997));
#15267=CARTESIAN_POINT('Origin',(0.,5.56180697769033,0.));
#15268=CARTESIAN_POINT('Origin',(1.5,3.01180697769034,2.5));
#15269=CARTESIAN_POINT('Origin',(11.7600194248998,-1.5,2.5));
#15270=CARTESIAN_POINT('',(12.3493486196704,-4.3204030312331,2.5));
#15271=CARTESIAN_POINT('',(12.3493486196704,-4.3204030312331,-5.));
#15272=CARTESIAN_POINT('',(12.3493486196704,-4.3204030312331,5.));
#15273=CARTESIAN_POINT('Origin',(11.7600194248998,-1.5,-5.));
#15274=CARTESIAN_POINT('',(12.3493486196704,-4.3204030312331,5.));
#15275=CARTESIAN_POINT('Origin',(11.7600194248998,-1.5,5.));
#15276=CARTESIAN_POINT('',(12.3493486196704,-4.3204030312331,5.));
#15277=CARTESIAN_POINT('Origin',(12.3493486196704,-4.3204030312331,2.5));
#15278=CARTESIAN_POINT('',(2.21587154917594,-6.43781455577308,2.5));
#15279=CARTESIAN_POINT('Origin',(1.5,-3.01180697769034,2.5));
#15280=CARTESIAN_POINT('',(1.5,-6.51180697769033,2.5));
#15281=CARTESIAN_POINT('Origin',(1.5,-6.76180697769034,2.5));
#15282=CARTESIAN_POINT('',(1.25,-6.76180697769034,2.5));
#15283=CARTESIAN_POINT('Origin',(1.25,-7.5,2.5));
#15284=CARTESIAN_POINT('',(1.25,-7.5,2.5));
#15285=CARTESIAN_POINT('Origin',(1.40834381901946E-17,-7.5,2.5));
#15286=CARTESIAN_POINT('',(-1.25,-7.5,2.5));
#15287=CARTESIAN_POINT('',(-9.79717439317879E-17,-7.5,-0.799999999999997));
#15288=CARTESIAN_POINT('Origin',(0.,-7.5,0.));
#15289=CARTESIAN_POINT('Origin',(2.51443626280321E-16,-5.56180697769033,
2.5));
#15290=CARTESIAN_POINT('',(-1.5,-5.56180697769034,2.5));
#15291=CARTESIAN_POINT('',(1.5,-5.56180697769034,2.5));
#15292=CARTESIAN_POINT('',(-9.79717439317879E-17,-5.56180697769034,-0.799999999999997));
#15293=CARTESIAN_POINT('Origin',(0.,-5.56180697769033,0.));
#15294=CARTESIAN_POINT('Origin',(1.5,-3.01180697769034,2.5));
#15295=CARTESIAN_POINT('Origin',(-14.6413354711533,0.,2.5));
#15296=CARTESIAN_POINT('',(-14.6413354711533,1.5,5.));
#15297=CARTESIAN_POINT('',(-14.6413354711533,1.5,-5.));
#15298=CARTESIAN_POINT('',(-14.6413354711533,1.5,2.5));
#15299=CARTESIAN_POINT('',(-14.6413354711533,-1.5,-5.));
#15300=CARTESIAN_POINT('',(-14.6413354711533,-1.5,-5.));
#15301=CARTESIAN_POINT('',(-14.6413354711533,-1.5,5.));
#15302=CARTESIAN_POINT('',(-14.6413354711533,-1.5,2.5));
#15303=CARTESIAN_POINT('',(-14.6413354711533,-1.5,5.));
#15304=CARTESIAN_POINT('Origin',(-11.7600194248998,1.5,2.5));
#15305=CARTESIAN_POINT('',(-12.3493486196704,4.3204030312331,2.5));
#15306=CARTESIAN_POINT('',(-12.3493486196704,4.3204030312331,-5.));
#15307=CARTESIAN_POINT('',(-12.3493486196704,4.3204030312331,5.));
#15308=CARTESIAN_POINT('Origin',(-11.7600194248998,1.5,-5.));
#15309=CARTESIAN_POINT('',(-12.3493486196704,4.3204030312331,5.));
#15310=CARTESIAN_POINT('Origin',(-11.7600194248998,1.5,5.));
#15311=CARTESIAN_POINT('',(-12.3493486196704,4.3204030312331,5.));
#15312=CARTESIAN_POINT('Origin',(-12.3493486196704,4.3204030312331,2.5));
#15313=CARTESIAN_POINT('',(-2.21587154917594,6.43781455577308,2.5));
#15314=CARTESIAN_POINT('Origin',(-1.5,3.01180697769034,2.5));
#15315=CARTESIAN_POINT('',(-1.5,6.51180697769033,2.5));
#15316=CARTESIAN_POINT('Origin',(-1.5,6.76180697769034,2.5));
#15317=CARTESIAN_POINT('',(-1.25,6.76180697769034,2.5));
#15318=CARTESIAN_POINT('Origin',(-1.25,7.5,2.5));
#15319=CARTESIAN_POINT('Origin',(-1.5,3.01180697769034,2.5));
#15320=CARTESIAN_POINT('Origin',(-11.7600194248998,-1.5,2.5));
#15321=CARTESIAN_POINT('',(-12.3493486196704,-4.3204030312331,-5.));
#15322=CARTESIAN_POINT('Origin',(-11.7600194248998,-1.5,-5.));
#15323=CARTESIAN_POINT('',(-12.3493486196704,-4.3204030312331,5.));
#15324=CARTESIAN_POINT('',(-12.3493486196704,-4.3204030312331,2.5));
#15325=CARTESIAN_POINT('',(-12.3493486196704,-4.3204030312331,5.));
#15326=CARTESIAN_POINT('',(-12.3493486196704,-4.3204030312331,5.));
#15327=CARTESIAN_POINT('Origin',(-11.7600194248998,-1.5,5.));
#15328=CARTESIAN_POINT('Origin',(-12.3493486196704,-4.3204030312331,2.5));
#15329=CARTESIAN_POINT('',(-2.21587154917594,-6.43781455577308,2.5));
#15330=CARTESIAN_POINT('Origin',(-1.5,-3.01180697769034,2.5));
#15331=CARTESIAN_POINT('',(-1.5,-6.51180697769033,2.5));
#15332=CARTESIAN_POINT('Origin',(-1.5,-6.76180697769034,2.5));
#15333=CARTESIAN_POINT('',(-1.25,-6.76180697769034,2.5));
#15334=CARTESIAN_POINT('Origin',(-1.25,-7.5,2.5));
#15335=CARTESIAN_POINT('Origin',(-1.5,-3.01180697769034,2.5));
#15336=CARTESIAN_POINT('Origin',(0.,7.5,0.));
#15337=CARTESIAN_POINT('',(-9.79717439317879E-17,7.5,-0.799999999999997));
#15338=CARTESIAN_POINT('Origin',(0.,7.5,0.));
#15339=CARTESIAN_POINT('',(-9.79717439317879E-17,7.5,-0.799999999999997));
#15340=CARTESIAN_POINT('Origin',(-12.3493486196704,4.3204030312331,5.));
#15341=CARTESIAN_POINT('',(-12.3493486196704,4.3204030312331,-5.));
#15342=CARTESIAN_POINT('',(-12.3493486196704,4.3204030312331,5.));
#15343=CARTESIAN_POINT('Origin',(-12.3493486196704,-4.3204030312331,5.));
#15344=CARTESIAN_POINT('',(-12.3493486196704,-4.3204030312331,5.));
#15345=CARTESIAN_POINT('',(-12.3493486196704,-4.3204030312331,-5.));
#15346=CARTESIAN_POINT('Origin',(11.7600194248998,1.5,5.));
#15347=CARTESIAN_POINT('Origin',(11.7600194248998,1.5,-5.));
#15348=CARTESIAN_POINT('',(0.,0.,0.));
#15349=CARTESIAN_POINT('',(0.,0.,0.));
#15350=CARTESIAN_POINT('',(0.,0.,0.));
#15351=CARTESIAN_POINT('',(0.,0.,0.));
#15352=CARTESIAN_POINT('',(0.,0.,0.));
#15353=CARTESIAN_POINT('',(0.,0.,0.));
#15354=CARTESIAN_POINT('',(0.,-19.5,15.));
#15355=CARTESIAN_POINT('',(0.,0.,0.));
#15356=CARTESIAN_POINT('Origin',(32.,8.,38.));
#15357=CARTESIAN_POINT('',(32.,8.,38.));
#15358=CARTESIAN_POINT('',(-10.,8.,38.));
#15359=CARTESIAN_POINT('',(32.,8.,38.));
#15360=CARTESIAN_POINT('',(-10.,8.,56.));
#15361=CARTESIAN_POINT('',(-10.,8.,38.));
#15362=CARTESIAN_POINT('',(32.,8.,56.));
#15363=CARTESIAN_POINT('',(32.,8.,56.));
#15364=CARTESIAN_POINT('',(32.,8.,38.));
#15365=CARTESIAN_POINT('Origin',(32.,-8.,38.));
#15366=CARTESIAN_POINT('',(32.,-8.,38.));
#15367=CARTESIAN_POINT('',(32.,-8.,38.));
#15368=CARTESIAN_POINT('',(32.,-8.,56.));
#15369=CARTESIAN_POINT('',(32.,-8.,56.));
#15370=CARTESIAN_POINT('',(32.,-8.,38.));
#15371=CARTESIAN_POINT('Origin',(-10.,-8.,38.));
#15372=CARTESIAN_POINT('',(-10.,-8.,38.));
#15373=CARTESIAN_POINT('',(-10.,-8.,38.));
#15374=CARTESIAN_POINT('',(-10.,-8.,56.));
#15375=CARTESIAN_POINT('',(-10.,-8.,56.));
#15376=CARTESIAN_POINT('',(-10.,-8.,38.));
#15377=CARTESIAN_POINT('Origin',(-10.,8.,38.));
#15378=CARTESIAN_POINT('',(-10.,8.,38.));
#15379=CARTESIAN_POINT('',(-10.,8.,56.));
#15380=CARTESIAN_POINT('Origin',(11.,0.,56.));
#15381=CARTESIAN_POINT('Origin',(11.,0.,38.));
#15382=CARTESIAN_POINT('',(0.,0.,0.));
#15383=CARTESIAN_POINT('',(0.,0.,0.));
#15384=CARTESIAN_POINT('Origin',(-11.,11.75,0.));
#15385=CARTESIAN_POINT('',(-11.,16.5,6.));
#15386=CARTESIAN_POINT('',(-11.,16.5,0.));
#15387=CARTESIAN_POINT('',(-11.,16.5,0.));
#15388=CARTESIAN_POINT('',(-11.,11.75,6.));
#15389=CARTESIAN_POINT('',(-11.,18.,6.));
#15390=CARTESIAN_POINT('',(-11.,11.75,0.));
#15391=CARTESIAN_POINT('',(-11.,11.75,0.));
#15392=CARTESIAN_POINT('',(-11.,18.,0.));
#15393=CARTESIAN_POINT('Origin',(11.,11.75,0.));
#15394=CARTESIAN_POINT('',(11.,11.75,0.));
#15395=CARTESIAN_POINT('',(-11.,11.75,0.));
#15396=CARTESIAN_POINT('',(11.,11.75,6.));
#15397=CARTESIAN_POINT('',(-11.,11.75,6.));
#15398=CARTESIAN_POINT('',(11.,11.75,0.));
#15399=CARTESIAN_POINT('Origin',(11.,18.,0.));
#15400=CARTESIAN_POINT('',(11.,16.5,0.));
#15401=CARTESIAN_POINT('',(11.,16.5,6.));
#15402=CARTESIAN_POINT('',(11.,16.5,0.));
#15403=CARTESIAN_POINT('',(11.,11.75,0.));
#15404=CARTESIAN_POINT('',(11.,11.75,6.));
#15405=CARTESIAN_POINT('Origin',(-13.,9.75,0.));
#15406=CARTESIAN_POINT('',(13.,9.75,0.));
#15407=CARTESIAN_POINT('',(-13.,9.75,0.));
#15408=CARTESIAN_POINT('',(13.,9.75,0.));
#15409=CARTESIAN_POINT('',(13.,9.75,6.));
#15410=CARTESIAN_POINT('',(13.,9.75,0.));
#15411=CARTESIAN_POINT('',(-13.,9.75,6.));
#15412=CARTESIAN_POINT('',(13.,9.75,6.));
#15413=CARTESIAN_POINT('',(-13.,9.75,0.));
#15414=CARTESIAN_POINT('Origin',(10.,16.5,0.));
#15415=CARTESIAN_POINT('',(10.,16.5,6.));
#15416=CARTESIAN_POINT('',(10.,16.5,6.));
#15417=CARTESIAN_POINT('',(10.,16.5,0.));
#15418=CARTESIAN_POINT('',(10.,16.5,0.));
#15419=CARTESIAN_POINT('',(10.,16.5,0.));
#15420=CARTESIAN_POINT('Origin',(11.,-11.75,0.));
#15421=CARTESIAN_POINT('',(11.,-16.5,6.));
#15422=CARTESIAN_POINT('',(11.,-16.5,0.));
#15423=CARTESIAN_POINT('',(11.,-16.5,0.));
#15424=CARTESIAN_POINT('',(11.,-11.75,6.));
#15425=CARTESIAN_POINT('',(11.,-11.75,6.));
#15426=CARTESIAN_POINT('',(11.,-11.75,0.));
#15427=CARTESIAN_POINT('',(11.,-11.75,0.));
#15428=CARTESIAN_POINT('',(11.,-11.75,0.));
#15429=CARTESIAN_POINT('Origin',(-11.,-18.,0.));
#15430=CARTESIAN_POINT('',(-11.,-16.5,0.));
#15431=CARTESIAN_POINT('',(-11.,-16.5,6.));
#15432=CARTESIAN_POINT('',(-11.,-16.5,0.));
#15433=CARTESIAN_POINT('',(-11.,-11.75,0.));
#15434=CARTESIAN_POINT('',(-11.,-18.,0.));
#15435=CARTESIAN_POINT('',(-11.,-11.75,6.));
#15436=CARTESIAN_POINT('',(-11.,-11.75,0.));
#15437=CARTESIAN_POINT('',(-11.,-18.,6.));
#15438=CARTESIAN_POINT('Origin',(13.,-9.75,0.));
#15439=CARTESIAN_POINT('',(13.,-9.75,0.));
#15440=CARTESIAN_POINT('',(-13.,-9.75,0.));
#15441=CARTESIAN_POINT('',(13.,-9.75,0.));
#15442=CARTESIAN_POINT('',(-13.,-9.75,6.));
#15443=CARTESIAN_POINT('',(-13.,-9.75,0.));
#15444=CARTESIAN_POINT('',(13.,-9.75,6.));
#15445=CARTESIAN_POINT('',(13.,-9.75,6.));
#15446=CARTESIAN_POINT('',(13.,-9.75,0.));
#15447=CARTESIAN_POINT('Origin',(-11.,-11.75,0.));
#15448=CARTESIAN_POINT('',(-11.,-11.75,0.));
#15449=CARTESIAN_POINT('',(-11.,-11.75,6.));
#15450=CARTESIAN_POINT('Origin',(-33.,23.,0.));
#15451=CARTESIAN_POINT('',(-34.1,23.,0.));
#15452=CARTESIAN_POINT('Origin',(-33.,23.,0.));
#15453=CARTESIAN_POINT('',(-34.1,23.,6.));
#15454=CARTESIAN_POINT('',(-34.1,23.,0.));
#15455=CARTESIAN_POINT('Origin',(-33.,23.,6.));
#15456=CARTESIAN_POINT('Origin',(33.,-23.,0.));
#15457=CARTESIAN_POINT('',(31.9,-23.,0.));
#15458=CARTESIAN_POINT('Origin',(33.,-23.,0.));
#15459=CARTESIAN_POINT('',(31.9,-23.,6.));
#15460=CARTESIAN_POINT('',(31.9,-23.,0.));
#15461=CARTESIAN_POINT('Origin',(33.,-23.,6.));
#15462=CARTESIAN_POINT('Origin',(-33.,-23.,0.));
#15463=CARTESIAN_POINT('',(-34.1,-23.,0.));
#15464=CARTESIAN_POINT('Origin',(-33.,-23.,0.));
#15465=CARTESIAN_POINT('',(-34.1,-23.,6.));
#15466=CARTESIAN_POINT('',(-34.1,-23.,0.));
#15467=CARTESIAN_POINT('Origin',(-33.,-23.,6.));
#15468=CARTESIAN_POINT('Origin',(33.,23.,0.));
#15469=CARTESIAN_POINT('',(31.9,23.,0.));
#15470=CARTESIAN_POINT('Origin',(33.,23.,0.));
#15471=CARTESIAN_POINT('',(31.9,23.,6.));
#15472=CARTESIAN_POINT('',(31.9,23.,0.));
#15473=CARTESIAN_POINT('Origin',(33.,23.,6.));
#15474=CARTESIAN_POINT('Origin',(-27.,7.25,0.));
#15475=CARTESIAN_POINT('',(-27.,7.25,0.));
#15476=CARTESIAN_POINT('',(-13.,7.25,0.));
#15477=CARTESIAN_POINT('',(-27.,7.25,0.));
#15478=CARTESIAN_POINT('',(-13.,7.25,6.));
#15479=CARTESIAN_POINT('',(-13.,7.25,0.));
#15480=CARTESIAN_POINT('',(-27.,7.25,6.));
#15481=CARTESIAN_POINT('',(-27.,7.25,6.));
#15482=CARTESIAN_POINT('',(-27.,7.25,0.));
#15483=CARTESIAN_POINT('Origin',(-27.,-7.25,0.));
#15484=CARTESIAN_POINT('',(-27.,-7.25,0.));
#15485=CARTESIAN_POINT('',(-27.,-7.25,0.));
#15486=CARTESIAN_POINT('',(-27.,-7.25,6.));
#15487=CARTESIAN_POINT('',(-27.,-7.25,6.));
#15488=CARTESIAN_POINT('',(-27.,-7.25,0.));
#15489=CARTESIAN_POINT('Origin',(-13.,-7.25,0.));
#15490=CARTESIAN_POINT('',(-13.,-7.25,0.));
#15491=CARTESIAN_POINT('',(-13.,-7.25,0.));
#15492=CARTESIAN_POINT('',(-13.,-7.25,6.));
#15493=CARTESIAN_POINT('',(-13.,-7.25,6.));
#15494=CARTESIAN_POINT('',(-13.,-7.25,0.));
#15495=CARTESIAN_POINT('Origin',(-13.,7.25,0.));
#15496=CARTESIAN_POINT('',(-13.,7.25,0.));
#15497=CARTESIAN_POINT('',(-13.,7.25,6.));
#15498=CARTESIAN_POINT('Origin',(13.,21.,0.));
#15499=CARTESIAN_POINT('',(13.,21.,0.));
#15500=CARTESIAN_POINT('',(31.,21.,0.));
#15501=CARTESIAN_POINT('',(13.,21.,0.));
#15502=CARTESIAN_POINT('',(31.,21.,6.));
#15503=CARTESIAN_POINT('',(31.,21.,0.));
#15504=CARTESIAN_POINT('',(13.,21.,6.));
#15505=CARTESIAN_POINT('',(13.,21.,6.));
#15506=CARTESIAN_POINT('',(13.,21.,0.));
#15507=CARTESIAN_POINT('Origin',(13.,18.25,0.));
#15508=CARTESIAN_POINT('',(13.,18.25,0.));
#15509=CARTESIAN_POINT('',(13.,18.25,0.));
#15510=CARTESIAN_POINT('',(13.,18.25,6.));
#15511=CARTESIAN_POINT('',(13.,18.25,6.));
#15512=CARTESIAN_POINT('',(13.,18.25,0.));
#15513=CARTESIAN_POINT('Origin',(27.,18.25,0.));
#15514=CARTESIAN_POINT('',(27.,18.25,0.));
#15515=CARTESIAN_POINT('',(27.,18.25,0.));
#15516=CARTESIAN_POINT('',(27.,18.25,6.));
#15517=CARTESIAN_POINT('',(27.,18.25,6.));
#15518=CARTESIAN_POINT('',(27.,18.25,0.));
#15519=CARTESIAN_POINT('Origin',(27.,19.5,0.));
#15520=CARTESIAN_POINT('',(27.,19.5,0.));
#15521=CARTESIAN_POINT('',(27.,19.5,0.));
#15522=CARTESIAN_POINT('',(27.,19.5,6.));
#15523=CARTESIAN_POINT('',(27.,19.5,6.));
#15524=CARTESIAN_POINT('',(27.,19.5,0.));
#15525=CARTESIAN_POINT('Origin',(29.,19.5,0.));
#15526=CARTESIAN_POINT('',(29.,19.5,0.));
#15527=CARTESIAN_POINT('',(29.,19.5,0.));
#15528=CARTESIAN_POINT('',(29.,19.5,6.));
#15529=CARTESIAN_POINT('',(29.,19.5,6.));
#15530=CARTESIAN_POINT('',(29.,19.5,0.));
#15531=CARTESIAN_POINT('Origin',(29.,-19.5,0.));
#15532=CARTESIAN_POINT('',(29.,-19.5,0.));
#15533=CARTESIAN_POINT('',(29.,-19.5,0.));
#15534=CARTESIAN_POINT('',(29.,-19.5,6.));
#15535=CARTESIAN_POINT('',(29.,-19.5,6.));
#15536=CARTESIAN_POINT('',(29.,-19.5,0.));
#15537=CARTESIAN_POINT('Origin',(27.,-19.5,0.));
#15538=CARTESIAN_POINT('',(27.,-19.5,0.));
#15539=CARTESIAN_POINT('',(27.,-19.5,0.));
#15540=CARTESIAN_POINT('',(27.,-19.5,6.));
#15541=CARTESIAN_POINT('',(27.,-19.5,6.));
#15542=CARTESIAN_POINT('',(27.,-19.5,0.));
#15543=CARTESIAN_POINT('Origin',(27.,-18.25,0.));
#15544=CARTESIAN_POINT('',(27.,-18.25,0.));
#15545=CARTESIAN_POINT('',(27.,-18.25,0.));
#15546=CARTESIAN_POINT('',(27.,-18.25,6.));
#15547=CARTESIAN_POINT('',(27.,-18.25,6.));
#15548=CARTESIAN_POINT('',(27.,-18.25,0.));
#15549=CARTESIAN_POINT('Origin',(13.,-18.25,0.));
#15550=CARTESIAN_POINT('',(13.,-18.25,0.));
#15551=CARTESIAN_POINT('',(13.,-18.25,0.));
#15552=CARTESIAN_POINT('',(13.,-18.25,6.));
#15553=CARTESIAN_POINT('',(13.,-18.25,6.));
#15554=CARTESIAN_POINT('',(13.,-18.25,0.));
#15555=CARTESIAN_POINT('Origin',(13.,-21.,0.));
#15556=CARTESIAN_POINT('',(13.,-21.,0.));
#15557=CARTESIAN_POINT('',(13.,-21.,0.));
#15558=CARTESIAN_POINT('',(13.,-21.,6.));
#15559=CARTESIAN_POINT('',(13.,-21.,6.));
#15560=CARTESIAN_POINT('',(13.,-21.,0.));
#15561=CARTESIAN_POINT('Origin',(31.,-21.,0.));
#15562=CARTESIAN_POINT('',(31.,-21.,0.));
#15563=CARTESIAN_POINT('',(31.,-21.,0.));
#15564=CARTESIAN_POINT('',(31.,-21.,6.));
#15565=CARTESIAN_POINT('',(31.,-21.,6.));
#15566=CARTESIAN_POINT('',(31.,-21.,0.));
#15567=CARTESIAN_POINT('Origin',(31.,21.,0.));
#15568=CARTESIAN_POINT('',(31.,21.,0.));
#15569=CARTESIAN_POINT('',(31.,21.,6.));
#15570=CARTESIAN_POINT('Origin',(-27.,-18.25,0.));
#15571=CARTESIAN_POINT('',(-27.,-18.25,0.));
#15572=CARTESIAN_POINT('',(-13.,-18.25,0.));
#15573=CARTESIAN_POINT('',(-27.,-18.25,0.));
#15574=CARTESIAN_POINT('',(-13.,-18.25,6.));
#15575=CARTESIAN_POINT('',(-13.,-18.25,0.));
#15576=CARTESIAN_POINT('',(-27.,-18.25,6.));
#15577=CARTESIAN_POINT('',(-27.,-18.25,6.));
#15578=CARTESIAN_POINT('',(-27.,-18.25,0.));
#15579=CARTESIAN_POINT('Origin',(-27.,-19.5,0.));
#15580=CARTESIAN_POINT('',(-27.,-19.5,0.));
#15581=CARTESIAN_POINT('',(-27.,-19.5,0.));
#15582=CARTESIAN_POINT('',(-27.,-19.5,6.));
#15583=CARTESIAN_POINT('',(-27.,-19.5,6.));
#15584=CARTESIAN_POINT('',(-27.,-19.5,0.));
#15585=CARTESIAN_POINT('Origin',(-29.,-19.5,0.));
#15586=CARTESIAN_POINT('',(-29.,-19.5,0.));
#15587=CARTESIAN_POINT('',(-29.,-19.5,0.));
#15588=CARTESIAN_POINT('',(-29.,-19.5,6.));
#15589=CARTESIAN_POINT('',(-29.,-19.5,6.));
#15590=CARTESIAN_POINT('',(-29.,-19.5,0.));
#15591=CARTESIAN_POINT('Origin',(-29.,19.5,0.));
#15592=CARTESIAN_POINT('',(-29.,19.5,0.));
#15593=CARTESIAN_POINT('',(-29.,19.5,0.));
#15594=CARTESIAN_POINT('',(-29.,19.5,6.));
#15595=CARTESIAN_POINT('',(-29.,19.5,6.));
#15596=CARTESIAN_POINT('',(-29.,19.5,0.));
#15597=CARTESIAN_POINT('Origin',(-27.,19.5,0.));
#15598=CARTESIAN_POINT('',(-27.,19.5,0.));
#15599=CARTESIAN_POINT('',(-27.,19.5,0.));
#15600=CARTESIAN_POINT('',(-27.,19.5,6.));
#15601=CARTESIAN_POINT('',(-27.,19.5,6.));
#15602=CARTESIAN_POINT('',(-27.,19.5,0.));
#15603=CARTESIAN_POINT('Origin',(-27.,18.25,0.));
#15604=CARTESIAN_POINT('',(-27.,18.25,0.));
#15605=CARTESIAN_POINT('',(-27.,18.25,0.));
#15606=CARTESIAN_POINT('',(-27.,18.25,6.));
#15607=CARTESIAN_POINT('',(-27.,18.25,6.));
#15608=CARTESIAN_POINT('',(-27.,18.25,0.));
#15609=CARTESIAN_POINT('Origin',(-13.,18.25,0.));
#15610=CARTESIAN_POINT('',(-13.,18.25,0.));
#15611=CARTESIAN_POINT('',(-13.,18.25,0.));
#15612=CARTESIAN_POINT('',(-13.,18.25,6.));
#15613=CARTESIAN_POINT('',(-13.,18.25,6.));
#15614=CARTESIAN_POINT('',(-13.,18.25,0.));
#15615=CARTESIAN_POINT('Origin',(-13.,21.,0.));
#15616=CARTESIAN_POINT('',(-13.,21.,0.));
#15617=CARTESIAN_POINT('',(-13.,21.,0.));
#15618=CARTESIAN_POINT('',(-13.,21.,6.));
#15619=CARTESIAN_POINT('',(-13.,21.,6.));
#15620=CARTESIAN_POINT('',(-13.,21.,0.));
#15621=CARTESIAN_POINT('Origin',(-31.,21.,0.));
#15622=CARTESIAN_POINT('',(-31.,21.,0.));
#15623=CARTESIAN_POINT('',(-31.,21.,0.));
#15624=CARTESIAN_POINT('',(-31.,21.,6.));
#15625=CARTESIAN_POINT('',(-31.,21.,6.));
#15626=CARTESIAN_POINT('',(-31.,21.,0.));
#15627=CARTESIAN_POINT('Origin',(-31.,-21.,0.));
#15628=CARTESIAN_POINT('',(-31.,-21.,0.));
#15629=CARTESIAN_POINT('',(-31.,-21.,0.));
#15630=CARTESIAN_POINT('',(-31.,-21.,6.));
#15631=CARTESIAN_POINT('',(-31.,-21.,6.));
#15632=CARTESIAN_POINT('',(-31.,-21.,0.));
#15633=CARTESIAN_POINT('Origin',(-13.,-21.,0.));
#15634=CARTESIAN_POINT('',(-13.,-21.,0.));
#15635=CARTESIAN_POINT('',(-13.,-21.,0.));
#15636=CARTESIAN_POINT('',(-13.,-21.,6.));
#15637=CARTESIAN_POINT('',(-13.,-21.,6.));
#15638=CARTESIAN_POINT('',(-13.,-21.,0.));
#15639=CARTESIAN_POINT('Origin',(-13.,-18.25,0.));
#15640=CARTESIAN_POINT('',(-13.,-18.25,0.));
#15641=CARTESIAN_POINT('',(-13.,-18.25,6.));
#15642=CARTESIAN_POINT('Origin',(13.,9.5,0.));
#15643=CARTESIAN_POINT('',(13.,9.5,0.));
#15644=CARTESIAN_POINT('',(-13.,9.5,0.));
#15645=CARTESIAN_POINT('',(13.,9.5,0.));
#15646=CARTESIAN_POINT('',(-13.,9.5,6.));
#15647=CARTESIAN_POINT('',(-13.,9.5,0.));
#15648=CARTESIAN_POINT('',(13.,9.5,6.));
#15649=CARTESIAN_POINT('',(13.,9.5,6.));
#15650=CARTESIAN_POINT('',(13.,9.5,0.));
#15651=CARTESIAN_POINT('Origin',(13.,7.75,0.));
#15652=CARTESIAN_POINT('',(13.,7.75,0.));
#15653=CARTESIAN_POINT('',(13.,7.75,0.));
#15654=CARTESIAN_POINT('',(13.,7.75,6.));
#15655=CARTESIAN_POINT('',(13.,7.75,6.));
#15656=CARTESIAN_POINT('',(13.,7.75,0.));
#15657=CARTESIAN_POINT('Origin',(27.,7.75,0.));
#15658=CARTESIAN_POINT('',(27.,7.75,0.));
#15659=CARTESIAN_POINT('',(27.,7.75,0.));
#15660=CARTESIAN_POINT('',(27.,7.75,6.));
#15661=CARTESIAN_POINT('',(27.,7.75,6.));
#15662=CARTESIAN_POINT('',(27.,7.75,0.));
#15663=CARTESIAN_POINT('Origin',(27.,17.75,0.));
#15664=CARTESIAN_POINT('',(27.,17.75,0.));
#15665=CARTESIAN_POINT('',(27.,17.75,0.));
#15666=CARTESIAN_POINT('',(27.,17.75,6.));
#15667=CARTESIAN_POINT('',(27.,17.75,6.));
#15668=CARTESIAN_POINT('',(27.,17.75,0.));
#15669=CARTESIAN_POINT('Origin',(13.,17.75,0.));
#15670=CARTESIAN_POINT('',(13.,17.75,0.));
#15671=CARTESIAN_POINT('',(13.,17.75,0.));
#15672=CARTESIAN_POINT('',(13.,17.75,6.));
#15673=CARTESIAN_POINT('',(13.,17.75,6.));
#15674=CARTESIAN_POINT('',(13.,17.75,0.));
#15675=CARTESIAN_POINT('Origin',(13.,16.5,0.));
#15676=CARTESIAN_POINT('',(13.,18.,0.));
#15677=CARTESIAN_POINT('',(13.,18.,6.));
#15678=CARTESIAN_POINT('Origin',(10.,21.,0.));
#15679=CARTESIAN_POINT('',(10.,21.,0.));
#15680=CARTESIAN_POINT('',(10.,21.,0.));
#15681=CARTESIAN_POINT('',(10.,21.,6.));
#15682=CARTESIAN_POINT('',(10.,21.,6.));
#15683=CARTESIAN_POINT('',(10.,21.,0.));
#15684=CARTESIAN_POINT('Origin',(-10.,21.,0.));
#15685=CARTESIAN_POINT('',(-10.,21.,0.));
#15686=CARTESIAN_POINT('',(-10.,21.,0.));
#15687=CARTESIAN_POINT('',(-10.,21.,6.));
#15688=CARTESIAN_POINT('',(-10.,21.,6.));
#15689=CARTESIAN_POINT('',(-10.,21.,0.));
#15690=CARTESIAN_POINT('Origin',(-10.,16.5,0.));
#15691=CARTESIAN_POINT('',(-10.,16.5,0.));
#15692=CARTESIAN_POINT('',(-10.,16.5,0.));
#15693=CARTESIAN_POINT('',(-10.,16.5,6.));
#15694=CARTESIAN_POINT('',(-10.,16.5,6.));
#15695=CARTESIAN_POINT('',(-10.,16.5,0.));
#15696=CARTESIAN_POINT('Origin',(-13.,16.5,0.));
#15697=CARTESIAN_POINT('',(-13.,16.5,0.));
#15698=CARTESIAN_POINT('',(-13.,16.5,6.));
#15699=CARTESIAN_POINT('Origin',(-13.,17.75,0.));
#15700=CARTESIAN_POINT('',(-13.,17.75,0.));
#15701=CARTESIAN_POINT('',(-13.,17.75,0.));
#15702=CARTESIAN_POINT('',(-13.,17.75,6.));
#15703=CARTESIAN_POINT('',(-13.,17.75,6.));
#15704=CARTESIAN_POINT('',(-13.,17.75,0.));
#15705=CARTESIAN_POINT('Origin',(-27.,17.75,0.));
#15706=CARTESIAN_POINT('',(-27.,17.75,0.));
#15707=CARTESIAN_POINT('',(-27.,17.75,0.));
#15708=CARTESIAN_POINT('',(-27.,17.75,6.));
#15709=CARTESIAN_POINT('',(-27.,17.75,6.));
#15710=CARTESIAN_POINT('',(-27.,17.75,0.));
#15711=CARTESIAN_POINT('Origin',(-27.,7.75,0.));
#15712=CARTESIAN_POINT('',(-27.,7.75,0.));
#15713=CARTESIAN_POINT('',(-27.,7.75,0.));
#15714=CARTESIAN_POINT('',(-27.,7.75,6.));
#15715=CARTESIAN_POINT('',(-27.,7.75,6.));
#15716=CARTESIAN_POINT('',(-27.,7.75,0.));
#15717=CARTESIAN_POINT('Origin',(-13.,7.75,0.));
#15718=CARTESIAN_POINT('',(-13.,7.75,0.));
#15719=CARTESIAN_POINT('',(-13.,7.75,0.));
#15720=CARTESIAN_POINT('',(-13.,7.75,6.));
#15721=CARTESIAN_POINT('',(-13.,7.75,6.));
#15722=CARTESIAN_POINT('',(-13.,7.75,0.));
#15723=CARTESIAN_POINT('Origin',(-13.,9.5,0.));
#15724=CARTESIAN_POINT('',(-13.,9.5,0.));
#15725=CARTESIAN_POINT('',(-13.,9.5,6.));
#15726=CARTESIAN_POINT('Origin',(13.,7.25,0.));
#15727=CARTESIAN_POINT('',(13.,7.25,0.));
#15728=CARTESIAN_POINT('',(27.,7.25,0.));
#15729=CARTESIAN_POINT('',(13.,7.25,0.));
#15730=CARTESIAN_POINT('',(27.,7.25,6.));
#15731=CARTESIAN_POINT('',(27.,7.25,0.));
#15732=CARTESIAN_POINT('',(13.,7.25,6.));
#15733=CARTESIAN_POINT('',(13.,7.25,6.));
#15734=CARTESIAN_POINT('',(13.,7.25,0.));
#15735=CARTESIAN_POINT('Origin',(13.,-7.25,0.));
#15736=CARTESIAN_POINT('',(13.,-7.25,0.));
#15737=CARTESIAN_POINT('',(13.,-7.25,0.));
#15738=CARTESIAN_POINT('',(13.,-7.25,6.));
#15739=CARTESIAN_POINT('',(13.,-7.25,6.));
#15740=CARTESIAN_POINT('',(13.,-7.25,0.));
#15741=CARTESIAN_POINT('Origin',(27.,-7.25,0.));
#15742=CARTESIAN_POINT('',(27.,-7.25,0.));
#15743=CARTESIAN_POINT('',(27.,-7.25,0.));
#15744=CARTESIAN_POINT('',(27.,-7.25,6.));
#15745=CARTESIAN_POINT('',(27.,-7.25,6.));
#15746=CARTESIAN_POINT('',(27.,-7.25,0.));
#15747=CARTESIAN_POINT('Origin',(27.,7.25,0.));
#15748=CARTESIAN_POINT('',(27.,7.25,0.));
#15749=CARTESIAN_POINT('',(27.,7.25,6.));
#15750=CARTESIAN_POINT('Origin',(-10.,-16.5,0.));
#15751=CARTESIAN_POINT('',(-10.,-16.5,6.));
#15752=CARTESIAN_POINT('',(-10.,-16.5,6.));
#15753=CARTESIAN_POINT('',(-10.,-16.5,0.));
#15754=CARTESIAN_POINT('',(-10.,-16.5,0.));
#15755=CARTESIAN_POINT('',(-10.,-16.5,0.));
#15756=CARTESIAN_POINT('Origin',(-10.,-21.,0.));
#15757=CARTESIAN_POINT('',(-10.,-21.,0.));
#15758=CARTESIAN_POINT('',(-10.,-21.,0.));
#15759=CARTESIAN_POINT('',(-10.,-21.,6.));
#15760=CARTESIAN_POINT('',(-10.,-21.,6.));
#15761=CARTESIAN_POINT('',(-10.,-21.,0.));
#15762=CARTESIAN_POINT('Origin',(10.,-21.,0.));
#15763=CARTESIAN_POINT('',(10.,-21.,0.));
#15764=CARTESIAN_POINT('',(10.,-21.,0.));
#15765=CARTESIAN_POINT('',(10.,-21.,6.));
#15766=CARTESIAN_POINT('',(10.,-21.,6.));
#15767=CARTESIAN_POINT('',(10.,-21.,0.));
#15768=CARTESIAN_POINT('Origin',(10.,-16.5,0.));
#15769=CARTESIAN_POINT('',(10.,-16.5,0.));
#15770=CARTESIAN_POINT('',(10.,-16.5,0.));
#15771=CARTESIAN_POINT('',(10.,-16.5,6.));
#15772=CARTESIAN_POINT('',(10.,-16.5,6.));
#15773=CARTESIAN_POINT('',(10.,-16.5,0.));
#15774=CARTESIAN_POINT('Origin',(13.,-16.5,0.));
#15775=CARTESIAN_POINT('',(13.,-16.5,0.));
#15776=CARTESIAN_POINT('',(13.,-16.5,6.));
#15777=CARTESIAN_POINT('Origin',(13.,-17.75,0.));
#15778=CARTESIAN_POINT('',(13.,-17.75,0.));
#15779=CARTESIAN_POINT('',(13.,-17.75,0.));
#15780=CARTESIAN_POINT('',(13.,-17.75,6.));
#15781=CARTESIAN_POINT('',(13.,-17.75,6.));
#15782=CARTESIAN_POINT('',(13.,-17.75,0.));
#15783=CARTESIAN_POINT('Origin',(27.,-17.75,0.));
#15784=CARTESIAN_POINT('',(27.,-17.75,0.));
#15785=CARTESIAN_POINT('',(27.,-17.75,0.));
#15786=CARTESIAN_POINT('',(27.,-17.75,6.));
#15787=CARTESIAN_POINT('',(27.,-17.75,6.));
#15788=CARTESIAN_POINT('',(27.,-17.75,0.));
#15789=CARTESIAN_POINT('Origin',(27.,-7.75,0.));
#15790=CARTESIAN_POINT('',(27.,-7.75,0.));
#15791=CARTESIAN_POINT('',(27.,-7.75,0.));
#15792=CARTESIAN_POINT('',(27.,-7.75,6.));
#15793=CARTESIAN_POINT('',(27.,-7.75,6.));
#15794=CARTESIAN_POINT('',(27.,-7.75,0.));
#15795=CARTESIAN_POINT('Origin',(13.,-7.75,0.));
#15796=CARTESIAN_POINT('',(13.,-7.75,0.));
#15797=CARTESIAN_POINT('',(13.,-7.75,0.));
#15798=CARTESIAN_POINT('',(13.,-7.75,6.));
#15799=CARTESIAN_POINT('',(13.,-7.75,6.));
#15800=CARTESIAN_POINT('',(13.,-7.75,0.));
#15801=CARTESIAN_POINT('Origin',(13.,-9.5,0.));
#15802=CARTESIAN_POINT('',(13.,-9.5,0.));
#15803=CARTESIAN_POINT('',(13.,-9.5,0.));
#15804=CARTESIAN_POINT('',(13.,-9.5,6.));
#15805=CARTESIAN_POINT('',(13.,-9.5,6.));
#15806=CARTESIAN_POINT('',(13.,-9.5,0.));
#15807=CARTESIAN_POINT('Origin',(-13.,-9.5,0.));
#15808=CARTESIAN_POINT('',(-13.,-9.5,0.));
#15809=CARTESIAN_POINT('',(-13.,-9.5,0.));
#15810=CARTESIAN_POINT('',(-13.,-9.5,6.));
#15811=CARTESIAN_POINT('',(-13.,-9.5,6.));
#15812=CARTESIAN_POINT('',(-13.,-9.5,0.));
#15813=CARTESIAN_POINT('Origin',(-13.,-7.75,0.));
#15814=CARTESIAN_POINT('',(-13.,-7.75,0.));
#15815=CARTESIAN_POINT('',(-13.,-7.75,0.));
#15816=CARTESIAN_POINT('',(-13.,-7.75,6.));
#15817=CARTESIAN_POINT('',(-13.,-7.75,6.));
#15818=CARTESIAN_POINT('',(-13.,-7.75,0.));
#15819=CARTESIAN_POINT('Origin',(-27.,-7.75,0.));
#15820=CARTESIAN_POINT('',(-27.,-7.75,0.));
#15821=CARTESIAN_POINT('',(-27.,-7.75,0.));
#15822=CARTESIAN_POINT('',(-27.,-7.75,6.));
#15823=CARTESIAN_POINT('',(-27.,-7.75,6.));
#15824=CARTESIAN_POINT('',(-27.,-7.75,0.));
#15825=CARTESIAN_POINT('Origin',(-27.,-17.75,0.));
#15826=CARTESIAN_POINT('',(-27.,-17.75,0.));
#15827=CARTESIAN_POINT('',(-27.,-17.75,0.));
#15828=CARTESIAN_POINT('',(-27.,-17.75,6.));
#15829=CARTESIAN_POINT('',(-27.,-17.75,6.));
#15830=CARTESIAN_POINT('',(-27.,-17.75,0.));
#15831=CARTESIAN_POINT('Origin',(-13.,-17.75,0.));
#15832=CARTESIAN_POINT('',(-13.,-17.75,0.));
#15833=CARTESIAN_POINT('',(-13.,-17.75,0.));
#15834=CARTESIAN_POINT('',(-13.,-17.75,6.));
#15835=CARTESIAN_POINT('',(-13.,-17.75,6.));
#15836=CARTESIAN_POINT('',(-13.,-17.75,0.));
#15837=CARTESIAN_POINT('Origin',(-13.,-16.5,0.));
#15838=CARTESIAN_POINT('',(-13.,-16.5,0.));
#15839=CARTESIAN_POINT('',(-13.,-9.75,6.));
#15840=CARTESIAN_POINT('Origin',(35.,25.,0.));
#15841=CARTESIAN_POINT('',(35.,25.,0.));
#15842=CARTESIAN_POINT('',(-35.,25.,0.));
#15843=CARTESIAN_POINT('',(35.,25.,0.));
#15844=CARTESIAN_POINT('',(-35.,25.,6.));
#15845=CARTESIAN_POINT('',(-35.,25.,0.));
#15846=CARTESIAN_POINT('',(35.,25.,6.));
#15847=CARTESIAN_POINT('',(35.,25.,6.));
#15848=CARTESIAN_POINT('',(35.,25.,0.));
#15849=CARTESIAN_POINT('Origin',(35.,-25.,0.));
#15850=CARTESIAN_POINT('',(35.,-25.,0.));
#15851=CARTESIAN_POINT('',(35.,-25.,0.));
#15852=CARTESIAN_POINT('',(35.,-25.,6.));
#15853=CARTESIAN_POINT('',(35.,-25.,6.));
#15854=CARTESIAN_POINT('',(35.,-25.,0.));
#15855=CARTESIAN_POINT('Origin',(-35.,-25.,0.));
#15856=CARTESIAN_POINT('',(-35.,-25.,0.));
#15857=CARTESIAN_POINT('',(-35.,-25.,0.));
#15858=CARTESIAN_POINT('',(-35.,-25.,6.));
#15859=CARTESIAN_POINT('',(-35.,-25.,6.));
#15860=CARTESIAN_POINT('',(-35.,-25.,0.));
#15861=CARTESIAN_POINT('Origin',(-35.,25.,0.));
#15862=CARTESIAN_POINT('',(-35.,25.,0.));
#15863=CARTESIAN_POINT('',(-35.,25.,6.));
#15864=CARTESIAN_POINT('Origin',(0.,0.,6.));
#15865=CARTESIAN_POINT('Origin',(0.,0.,0.));
#15866=CARTESIAN_POINT('',(0.,0.,0.));
#15867=CARTESIAN_POINT('Origin',(3.,-24.5,9.));
#15868=CARTESIAN_POINT('',(3.,-24.5,9.));
#15869=CARTESIAN_POINT('',(-3.,-24.5,9.));
#15870=CARTESIAN_POINT('',(3.,-24.5,9.));
#15871=CARTESIAN_POINT('',(-3.,-24.5,23.));
#15872=CARTESIAN_POINT('',(-3.,-24.5,9.));
#15873=CARTESIAN_POINT('',(3.,-24.5,23.));
#15874=CARTESIAN_POINT('',(3.,-24.5,23.));
#15875=CARTESIAN_POINT('',(3.,-24.5,9.));
#15876=CARTESIAN_POINT('Origin',(3.,-27.5,9.));
#15877=CARTESIAN_POINT('',(3.,-27.5,9.));
#15878=CARTESIAN_POINT('',(3.,-27.5,9.));
#15879=CARTESIAN_POINT('',(3.,-27.5,23.));
#15880=CARTESIAN_POINT('',(3.,-27.5,23.));
#15881=CARTESIAN_POINT('',(3.,-27.5,9.));
#15882=CARTESIAN_POINT('Origin',(-3.,-27.5,9.));
#15883=CARTESIAN_POINT('',(-3.,-27.5,9.));
#15884=CARTESIAN_POINT('',(-3.,-27.5,9.));
#15885=CARTESIAN_POINT('',(-3.,-27.5,23.));
#15886=CARTESIAN_POINT('',(-3.,-27.5,23.));
#15887=CARTESIAN_POINT('',(-3.,-27.5,9.));
#15888=CARTESIAN_POINT('Origin',(-3.,-24.5,9.));
#15889=CARTESIAN_POINT('',(-3.,-24.5,9.));
#15890=CARTESIAN_POINT('',(-3.,-24.5,23.));
#15891=CARTESIAN_POINT('Origin',(0.,-26.,23.));
#15892=CARTESIAN_POINT('Origin',(0.,-26.,9.));
#15893=CARTESIAN_POINT('',(0.,0.,0.));
#15894=CARTESIAN_POINT('Origin',(3.,-21.,6.));
#15895=CARTESIAN_POINT('',(3.,-21.,6.));
#15896=CARTESIAN_POINT('',(-3.,-21.,6.));
#15897=CARTESIAN_POINT('',(3.,-21.,6.));
#15898=CARTESIAN_POINT('',(-3.,-21.,9.));
#15899=CARTESIAN_POINT('',(-3.,-21.,6.));
#15900=CARTESIAN_POINT('',(3.,-21.,9.));
#15901=CARTESIAN_POINT('',(3.,-21.,9.));
#15902=CARTESIAN_POINT('',(3.,-21.,6.));
#15903=CARTESIAN_POINT('Origin',(3.,-27.5,6.));
#15904=CARTESIAN_POINT('',(3.,-27.5,6.));
#15905=CARTESIAN_POINT('',(3.,-27.5,6.));
#15906=CARTESIAN_POINT('',(3.,-27.5,9.));
#15907=CARTESIAN_POINT('',(3.,-27.5,9.));
#15908=CARTESIAN_POINT('',(3.,-27.5,6.));
#15909=CARTESIAN_POINT('Origin',(-3.,-27.5,6.));
#15910=CARTESIAN_POINT('',(-3.,-27.5,6.));
#15911=CARTESIAN_POINT('',(-3.,-27.5,6.));
#15912=CARTESIAN_POINT('',(-3.,-27.5,9.));
#15913=CARTESIAN_POINT('',(-3.,-27.5,9.));
#15914=CARTESIAN_POINT('',(-3.,-27.5,6.));
#15915=CARTESIAN_POINT('Origin',(-3.,-21.,6.));
#15916=CARTESIAN_POINT('',(-3.,-21.,6.));
#15917=CARTESIAN_POINT('',(-3.,-21.,9.));
#15918=CARTESIAN_POINT('Origin',(0.,-24.25,9.));
#15919=CARTESIAN_POINT('Origin',(0.,-24.25,6.));
#15920=CARTESIAN_POINT('',(0.,0.,0.));
#15921=CARTESIAN_POINT('Origin',(3.,-5.5,6.));
#15922=CARTESIAN_POINT('',(3.,-5.5,6.));
#15923=CARTESIAN_POINT('',(-3.,-5.5,6.));
#15924=CARTESIAN_POINT('',(3.,-5.5,6.));
#15925=CARTESIAN_POINT('',(-3.,-5.5,23.));
#15926=CARTESIAN_POINT('',(-3.,-5.5,6.));
#15927=CARTESIAN_POINT('',(3.,-5.5,23.));
#15928=CARTESIAN_POINT('',(3.,-5.5,23.));
#15929=CARTESIAN_POINT('',(3.,-5.5,6.));
#15930=CARTESIAN_POINT('Origin',(3.,-9.5,6.));
#15931=CARTESIAN_POINT('',(3.,-9.5,6.));
#15932=CARTESIAN_POINT('',(3.,-9.5,6.));
#15933=CARTESIAN_POINT('',(3.,-9.5,23.));
#15934=CARTESIAN_POINT('',(3.,-9.5,23.));
#15935=CARTESIAN_POINT('',(3.,-9.5,6.));
#15936=CARTESIAN_POINT('Origin',(-3.,-9.5,6.));
#15937=CARTESIAN_POINT('',(-3.,-9.5,6.));
#15938=CARTESIAN_POINT('',(-3.,-9.5,6.));
#15939=CARTESIAN_POINT('',(-3.,-9.5,23.));
#15940=CARTESIAN_POINT('',(-3.,-9.5,23.));
#15941=CARTESIAN_POINT('',(-3.,-9.5,6.));
#15942=CARTESIAN_POINT('Origin',(-3.,-5.5,6.));
#15943=CARTESIAN_POINT('',(-3.,-5.5,6.));
#15944=CARTESIAN_POINT('',(-3.,-5.5,23.));
#15945=CARTESIAN_POINT('Origin',(0.,-7.5,23.));
#15946=CARTESIAN_POINT('Origin',(0.,-7.5,6.));
#15947=CARTESIAN_POINT('',(0.,0.,0.));
#15948=CARTESIAN_POINT('',(0.,0.,0.));
#15949=CARTESIAN_POINT('',(0.,0.,0.));
#15950=CARTESIAN_POINT('Origin',(2.02156355725676,5.50789821315063,2.5));
#15951=CARTESIAN_POINT('',(7.70466061128746,4.3204030312331,2.5));
#15952=CARTESIAN_POINT('',(7.70466061128746,4.3204030312331,-2.5));
#15953=CARTESIAN_POINT('',(7.70466061128747,4.3204030312331,2.5));
#15954=CARTESIAN_POINT('',(2.02156355725676,5.50789821315063,2.5));
#15955=CARTESIAN_POINT('',(2.02156355725676,5.50789821315063,2.5));
#15956=CARTESIAN_POINT('',(2.02156355725676,5.50789821315063,-2.5));
#15957=CARTESIAN_POINT('',(2.02156355725676,5.50789821315063,2.5));
#15958=CARTESIAN_POINT('',(2.02156355725676,5.50789821315063,-2.5));
#15959=CARTESIAN_POINT('Origin',(11.7600194248998,1.5,2.5));
#15960=CARTESIAN_POINT('',(-12.3493486196704,4.3204030312331,2.5));
#15961=CARTESIAN_POINT('',(-2.21587154917594,6.43781455577308,2.5));
#15962=CARTESIAN_POINT('',(-12.3493486196704,4.3204030312331,2.5));
#15963=CARTESIAN_POINT('',(-7.70466061128747,4.3204030312331,2.5));
#15964=CARTESIAN_POINT('',(11.7600194248998,4.3204030312331,2.5));
#15965=CARTESIAN_POINT('',(-2.02156355725676,5.50789821315063,2.5));
#15966=CARTESIAN_POINT('',(-2.02156355725676,5.50789821315063,2.5));
#15967=CARTESIAN_POINT('',(-1.5,5.56180697769034,2.5));
#15968=CARTESIAN_POINT('Origin',(-1.5,3.01180697769034,2.5));
#15969=CARTESIAN_POINT('',(1.5,5.56180697769034,2.5));
#15970=CARTESIAN_POINT('',(2.51443626280321E-16,5.56180697769033,2.5));
#15971=CARTESIAN_POINT('Origin',(1.5,3.01180697769034,2.5));
#15972=CARTESIAN_POINT('',(12.3493486196704,4.3204030312331,2.5));
#15973=CARTESIAN_POINT('',(11.7600194248998,4.3204030312331,2.5));
#15974=CARTESIAN_POINT('',(2.21587154917594,6.43781455577308,2.5));
#15975=CARTESIAN_POINT('',(12.3493486196704,4.3204030312331,2.5));
#15976=CARTESIAN_POINT('',(1.5,6.51180697769033,2.5));
#15977=CARTESIAN_POINT('Origin',(1.5,3.01180697769034,2.5));
#15978=CARTESIAN_POINT('',(1.25,6.76180697769034,2.5));
#15979=CARTESIAN_POINT('Origin',(1.5,6.76180697769034,2.5));
#15980=CARTESIAN_POINT('',(1.25,7.5,2.5));
#15981=CARTESIAN_POINT('',(1.25,7.5,2.5));
#15982=CARTESIAN_POINT('',(-1.25,7.5,2.5));
#15983=CARTESIAN_POINT('',(1.40834381901946E-17,7.5,2.5));
#15984=CARTESIAN_POINT('',(-1.25,6.76180697769034,2.5));
#15985=CARTESIAN_POINT('',(-1.25,7.5,2.5));
#15986=CARTESIAN_POINT('',(-1.5,6.51180697769033,2.5));
#15987=CARTESIAN_POINT('Origin',(-1.5,6.76180697769034,2.5));
#15988=CARTESIAN_POINT('Origin',(-1.5,3.01180697769034,2.5));
#15989=CARTESIAN_POINT('Origin',(11.7600194248998,1.5,2.5));
#15990=CARTESIAN_POINT('',(12.3493486196704,-4.3204030312331,2.5));
#15991=CARTESIAN_POINT('',(2.21587154917594,-6.43781455577308,2.5));
#15992=CARTESIAN_POINT('',(12.3493486196704,-4.3204030312331,2.5));
#15993=CARTESIAN_POINT('',(7.70466061128747,-4.3204030312331,2.5));
#15994=CARTESIAN_POINT('',(11.7600194248998,-4.3204030312331,2.5));
#15995=CARTESIAN_POINT('',(2.02156355725676,-5.50789821315063,2.5));
#15996=CARTESIAN_POINT('',(2.02156355725676,-5.50789821315063,2.5));
#15997=CARTESIAN_POINT('',(1.5,-5.56180697769034,2.5));
#15998=CARTESIAN_POINT('Origin',(1.5,-3.01180697769034,2.5));
#15999=CARTESIAN_POINT('',(-1.5,-5.56180697769034,2.5));
#16000=CARTESIAN_POINT('',(2.51443626280321E-16,-5.56180697769033,2.5));
#16001=CARTESIAN_POINT('',(-2.02156355725676,-5.50789821315063,2.5));
#16002=CARTESIAN_POINT('Origin',(-1.5,-3.01180697769034,2.5));
#16003=CARTESIAN_POINT('',(-7.70466061128747,-4.3204030312331,2.5));
#16004=CARTESIAN_POINT('',(-2.02156355725676,-5.50789821315063,2.5));
#16005=CARTESIAN_POINT('',(-12.3493486196704,-4.3204030312331,2.5));
#16006=CARTESIAN_POINT('',(11.7600194248998,-4.3204030312331,2.5));
#16007=CARTESIAN_POINT('',(-2.21587154917594,-6.43781455577308,2.5));
#16008=CARTESIAN_POINT('',(-12.3493486196704,-4.3204030312331,2.5));
#16009=CARTESIAN_POINT('',(-1.5,-6.51180697769033,2.5));
#16010=CARTESIAN_POINT('Origin',(-1.5,-3.01180697769034,2.5));
#16011=CARTESIAN_POINT('',(-1.25,-6.76180697769034,2.5));
#16012=CARTESIAN_POINT('Origin',(-1.5,-6.76180697769034,2.5));
#16013=CARTESIAN_POINT('',(-1.25,-7.5,2.5));
#16014=CARTESIAN_POINT('',(-1.25,-7.5,2.5));
#16015=CARTESIAN_POINT('',(1.25,-7.5,2.5));
#16016=CARTESIAN_POINT('',(1.40834381901946E-17,-7.5,2.5));
#16017=CARTESIAN_POINT('',(1.25,-6.76180697769034,2.5));
#16018=CARTESIAN_POINT('',(1.25,-7.5,2.5));
#16019=CARTESIAN_POINT('',(1.5,-6.51180697769033,2.5));
#16020=CARTESIAN_POINT('Origin',(1.5,-6.76180697769034,2.5));
#16021=CARTESIAN_POINT('Origin',(1.5,-3.01180697769034,2.5));
#16022=CARTESIAN_POINT('Origin',(11.7600194248998,1.5,-2.5));
#16023=CARTESIAN_POINT('',(-12.3493486196704,4.3204030312331,-2.5));
#16024=CARTESIAN_POINT('',(-7.70466061128747,4.3204030312331,-2.5));
#16025=CARTESIAN_POINT('',(11.7600194248998,4.3204030312331,-2.5));
#16026=CARTESIAN_POINT('',(-2.21587154917594,6.43781455577308,-2.5));
#16027=CARTESIAN_POINT('',(-12.3493486196704,4.3204030312331,-2.5));
#16028=CARTESIAN_POINT('',(-1.5,6.51180697769033,-2.5));
#16029=CARTESIAN_POINT('Origin',(-1.5,3.01180697769034,-2.5));
#16030=CARTESIAN_POINT('',(-1.25,6.76180697769034,-2.5));
#16031=CARTESIAN_POINT('Origin',(-1.5,6.76180697769034,-2.5));
#16032=CARTESIAN_POINT('',(-1.25,7.5,-2.5));
#16033=CARTESIAN_POINT('',(-1.25,7.5,-2.5));
#16034=CARTESIAN_POINT('',(1.25,7.5,-2.5));
#16035=CARTESIAN_POINT('',(1.40834381901946E-17,7.5,-2.5));
#16036=CARTESIAN_POINT('',(1.25,6.76180697769034,-2.5));
#16037=CARTESIAN_POINT('',(1.25,7.5,-2.5));
#16038=CARTESIAN_POINT('',(1.5,6.51180697769033,-2.5));
#16039=CARTESIAN_POINT('Origin',(1.5,6.76180697769034,-2.5));
#16040=CARTESIAN_POINT('',(2.21587154917594,6.43781455577308,-2.5));
#16041=CARTESIAN_POINT('Origin',(1.5,3.01180697769034,-2.5));
#16042=CARTESIAN_POINT('',(12.3493486196704,4.3204030312331,-2.5));
#16043=CARTESIAN_POINT('',(12.3493486196704,4.3204030312331,-2.5));
#16044=CARTESIAN_POINT('',(11.7600194248998,4.3204030312331,-2.5));
#16045=CARTESIAN_POINT('',(1.5,5.56180697769034,-2.5));
#16046=CARTESIAN_POINT('Origin',(1.5,3.01180697769034,-2.5));
#16047=CARTESIAN_POINT('',(-1.5,5.56180697769034,-2.5));
#16048=CARTESIAN_POINT('',(2.51443626280321E-16,5.56180697769033,-2.5));
#16049=CARTESIAN_POINT('',(-2.02156355725676,5.50789821315063,-2.5));
#16050=CARTESIAN_POINT('Origin',(-1.5,3.01180697769034,-2.5));
#16051=CARTESIAN_POINT('',(-2.02156355725676,5.50789821315063,-2.5));
#16052=CARTESIAN_POINT('Origin',(11.7600194248998,1.5,-2.5));
#16053=CARTESIAN_POINT('',(12.3493486196704,-4.3204030312331,-2.5));
#16054=CARTESIAN_POINT('',(7.70466061128747,-4.3204030312331,-2.5));
#16055=CARTESIAN_POINT('',(11.7600194248998,-4.3204030312331,-2.5));
#16056=CARTESIAN_POINT('',(2.21587154917594,-6.43781455577308,-2.5));
#16057=CARTESIAN_POINT('',(12.3493486196704,-4.3204030312331,-2.5));
#16058=CARTESIAN_POINT('',(1.5,-6.51180697769033,-2.5));
#16059=CARTESIAN_POINT('Origin',(1.5,-3.01180697769034,-2.5));
#16060=CARTESIAN_POINT('',(1.25,-6.76180697769034,-2.5));
#16061=CARTESIAN_POINT('Origin',(1.5,-6.76180697769034,-2.5));
#16062=CARTESIAN_POINT('',(1.25,-7.5,-2.5));
#16063=CARTESIAN_POINT('',(1.25,-7.5,-2.5));
#16064=CARTESIAN_POINT('',(-1.25,-7.5,-2.5));
#16065=CARTESIAN_POINT('',(1.40834381901946E-17,-7.5,-2.5));
#16066=CARTESIAN_POINT('',(-1.25,-6.76180697769034,-2.5));
#16067=CARTESIAN_POINT('',(-1.25,-7.5,-2.5));
#16068=CARTESIAN_POINT('',(-1.5,-6.51180697769033,-2.5));
#16069=CARTESIAN_POINT('Origin',(-1.5,-6.76180697769034,-2.5));
#16070=CARTESIAN_POINT('',(-2.21587154917594,-6.43781455577308,-2.5));
#16071=CARTESIAN_POINT('Origin',(-1.5,-3.01180697769034,-2.5));
#16072=CARTESIAN_POINT('',(-12.3493486196704,-4.3204030312331,-2.5));
#16073=CARTESIAN_POINT('',(-12.3493486196704,-4.3204030312331,-2.5));
#16074=CARTESIAN_POINT('',(-7.70466061128747,-4.3204030312331,-2.5));
#16075=CARTESIAN_POINT('',(11.7600194248998,-4.3204030312331,-2.5));
#16076=CARTESIAN_POINT('',(-2.02156355725676,-5.50789821315063,-2.5));
#16077=CARTESIAN_POINT('',(-2.02156355725676,-5.50789821315063,-2.5));
#16078=CARTESIAN_POINT('',(-1.5,-5.56180697769034,-2.5));
#16079=CARTESIAN_POINT('Origin',(-1.5,-3.01180697769034,-2.5));
#16080=CARTESIAN_POINT('',(1.5,-5.56180697769034,-2.5));
#16081=CARTESIAN_POINT('',(2.51443626280321E-16,-5.56180697769033,-2.5));
#16082=CARTESIAN_POINT('',(2.02156355725676,-5.50789821315063,-2.5));
#16083=CARTESIAN_POINT('Origin',(1.5,-3.01180697769034,-2.5));
#16084=CARTESIAN_POINT('',(2.02156355725676,-5.50789821315063,-2.5));
#16085=CARTESIAN_POINT('Origin',(2.02156355725676,-5.50789821315063,2.5));
#16086=CARTESIAN_POINT('',(7.70466061128747,-4.3204030312331,2.5));
#16087=CARTESIAN_POINT('',(2.02156355725676,-5.50789821315063,2.5));
#16088=CARTESIAN_POINT('Origin',(-2.02156355725676,5.50789821315063,2.5));
#16089=CARTESIAN_POINT('',(-7.70466061128747,4.3204030312331,2.5));
#16090=CARTESIAN_POINT('',(-2.02156355725676,5.50789821315063,2.5));
#16091=CARTESIAN_POINT('Origin',(-2.02156355725676,-5.50789821315063,2.5));
#16092=CARTESIAN_POINT('',(-7.70466061128747,-4.3204030312331,2.5));
#16093=CARTESIAN_POINT('',(-2.02156355725676,-5.50789821315063,2.5));
#16094=CARTESIAN_POINT('Origin',(14.6413354711533,0.,2.5));
#16095=CARTESIAN_POINT('',(14.6413354711533,-1.5,5.));
#16096=CARTESIAN_POINT('',(14.6413354711533,-1.5,-5.));
#16097=CARTESIAN_POINT('',(14.6413354711533,-1.5,2.5));
#16098=CARTESIAN_POINT('',(14.6413354711533,1.5,-5.));
#16099=CARTESIAN_POINT('',(14.6413354711533,-1.5,-5.));
#16100=CARTESIAN_POINT('',(14.6413354711533,1.5,5.));
#16101=CARTESIAN_POINT('',(14.6413354711533,1.5,2.5));
#16102=CARTESIAN_POINT('',(14.6413354711533,-1.5,5.));
#16103=CARTESIAN_POINT('Origin',(11.7600194248998,1.5,2.5));
#16104=CARTESIAN_POINT('',(12.3493486196704,4.3204030312331,-5.));
#16105=CARTESIAN_POINT('Origin',(11.7600194248998,1.5,-5.));
#16106=CARTESIAN_POINT('',(12.3493486196704,4.3204030312331,5.));
#16107=CARTESIAN_POINT('',(12.3493486196704,4.3204030312331,2.5));
#16108=CARTESIAN_POINT('',(12.3493486196704,4.3204030312331,5.));
#16109=CARTESIAN_POINT('',(12.3493486196704,4.3204030312331,5.));
#16110=CARTESIAN_POINT('Origin',(11.7600194248998,1.5,5.));
#16111=CARTESIAN_POINT('Origin',(12.3493486196704,4.3204030312331,2.5));
#16112=CARTESIAN_POINT('',(2.21587154917594,6.43781455577308,2.5));
#16113=CARTESIAN_POINT('Origin',(1.5,3.01180697769034,2.5));
#16114=CARTESIAN_POINT('',(1.5,6.51180697769033,2.5));
#16115=CARTESIAN_POINT('Origin',(1.5,6.76180697769034,2.5));
#16116=CARTESIAN_POINT('',(1.25,6.76180697769034,2.5));
#16117=CARTESIAN_POINT('Origin',(1.25,7.5,2.5));
#16118=CARTESIAN_POINT('',(1.25,7.5,2.5));
#16119=CARTESIAN_POINT('Origin',(1.40834381901946E-17,7.5,2.5));
#16120=CARTESIAN_POINT('',(-1.25,7.5,2.5));
#16121=CARTESIAN_POINT('',(-9.79717439317879E-17,7.5,-0.799999999999997));
#16122=CARTESIAN_POINT('Origin',(0.,7.5,0.));
#16123=CARTESIAN_POINT('Origin',(2.51443626280321E-16,5.56180697769033,
2.5));
#16124=CARTESIAN_POINT('',(1.5,5.56180697769034,2.5));
#16125=CARTESIAN_POINT('',(-1.5,5.56180697769034,2.5));
#16126=CARTESIAN_POINT('',(-9.79717439317879E-17,5.56180697769033,-0.799999999999997));
#16127=CARTESIAN_POINT('Origin',(0.,5.56180697769033,0.));
#16128=CARTESIAN_POINT('Origin',(1.5,3.01180697769034,2.5));
#16129=CARTESIAN_POINT('Origin',(11.7600194248998,-1.5,2.5));
#16130=CARTESIAN_POINT('',(12.3493486196704,-4.3204030312331,2.5));
#16131=CARTESIAN_POINT('',(12.3493486196704,-4.3204030312331,-5.));
#16132=CARTESIAN_POINT('',(12.3493486196704,-4.3204030312331,5.));
#16133=CARTESIAN_POINT('Origin',(11.7600194248998,-1.5,-5.));
#16134=CARTESIAN_POINT('',(12.3493486196704,-4.3204030312331,5.));
#16135=CARTESIAN_POINT('Origin',(11.7600194248998,-1.5,5.));
#16136=CARTESIAN_POINT('',(12.3493486196704,-4.3204030312331,5.));
#16137=CARTESIAN_POINT('Origin',(12.3493486196704,-4.3204030312331,2.5));
#16138=CARTESIAN_POINT('',(2.21587154917594,-6.43781455577308,2.5));
#16139=CARTESIAN_POINT('Origin',(1.5,-3.01180697769034,2.5));
#16140=CARTESIAN_POINT('',(1.5,-6.51180697769033,2.5));
#16141=CARTESIAN_POINT('Origin',(1.5,-6.76180697769034,2.5));
#16142=CARTESIAN_POINT('',(1.25,-6.76180697769034,2.5));
#16143=CARTESIAN_POINT('Origin',(1.25,-7.5,2.5));
#16144=CARTESIAN_POINT('',(1.25,-7.5,2.5));
#16145=CARTESIAN_POINT('Origin',(1.40834381901946E-17,-7.5,2.5));
#16146=CARTESIAN_POINT('',(-1.25,-7.5,2.5));
#16147=CARTESIAN_POINT('',(-9.79717439317879E-17,-7.5,-0.799999999999997));
#16148=CARTESIAN_POINT('Origin',(0.,-7.5,0.));
#16149=CARTESIAN_POINT('Origin',(2.51443626280321E-16,-5.56180697769033,
2.5));
#16150=CARTESIAN_POINT('',(-1.5,-5.56180697769034,2.5));
#16151=CARTESIAN_POINT('',(1.5,-5.56180697769034,2.5));
#16152=CARTESIAN_POINT('',(-9.79717439317879E-17,-5.56180697769034,-0.799999999999997));
#16153=CARTESIAN_POINT('Origin',(0.,-5.56180697769033,0.));
#16154=CARTESIAN_POINT('Origin',(1.5,-3.01180697769034,2.5));
#16155=CARTESIAN_POINT('Origin',(-14.6413354711533,0.,2.5));
#16156=CARTESIAN_POINT('',(-14.6413354711533,1.5,5.));
#16157=CARTESIAN_POINT('',(-14.6413354711533,1.5,-5.));
#16158=CARTESIAN_POINT('',(-14.6413354711533,1.5,2.5));
#16159=CARTESIAN_POINT('',(-14.6413354711533,-1.5,-5.));
#16160=CARTESIAN_POINT('',(-14.6413354711533,-1.5,-5.));
#16161=CARTESIAN_POINT('',(-14.6413354711533,-1.5,5.));
#16162=CARTESIAN_POINT('',(-14.6413354711533,-1.5,2.5));
#16163=CARTESIAN_POINT('',(-14.6413354711533,-1.5,5.));
#16164=CARTESIAN_POINT('Origin',(-11.7600194248998,1.5,2.5));
#16165=CARTESIAN_POINT('',(-12.3493486196704,4.3204030312331,2.5));
#16166=CARTESIAN_POINT('',(-12.3493486196704,4.3204030312331,-5.));
#16167=CARTESIAN_POINT('',(-12.3493486196704,4.3204030312331,5.));
#16168=CARTESIAN_POINT('Origin',(-11.7600194248998,1.5,-5.));
#16169=CARTESIAN_POINT('',(-12.3493486196704,4.3204030312331,5.));
#16170=CARTESIAN_POINT('Origin',(-11.7600194248998,1.5,5.));
#16171=CARTESIAN_POINT('',(-12.3493486196704,4.3204030312331,5.));
#16172=CARTESIAN_POINT('Origin',(-12.3493486196704,4.3204030312331,2.5));
#16173=CARTESIAN_POINT('',(-2.21587154917594,6.43781455577308,2.5));
#16174=CARTESIAN_POINT('Origin',(-1.5,3.01180697769034,2.5));
#16175=CARTESIAN_POINT('',(-1.5,6.51180697769033,2.5));
#16176=CARTESIAN_POINT('Origin',(-1.5,6.76180697769034,2.5));
#16177=CARTESIAN_POINT('',(-1.25,6.76180697769034,2.5));
#16178=CARTESIAN_POINT('Origin',(-1.25,7.5,2.5));
#16179=CARTESIAN_POINT('Origin',(-1.5,3.01180697769034,2.5));
#16180=CARTESIAN_POINT('Origin',(-11.7600194248998,-1.5,2.5));
#16181=CARTESIAN_POINT('',(-12.3493486196704,-4.3204030312331,-5.));
#16182=CARTESIAN_POINT('Origin',(-11.7600194248998,-1.5,-5.));
#16183=CARTESIAN_POINT('',(-12.3493486196704,-4.3204030312331,5.));
#16184=CARTESIAN_POINT('',(-12.3493486196704,-4.3204030312331,2.5));
#16185=CARTESIAN_POINT('',(-12.3493486196704,-4.3204030312331,5.));
#16186=CARTESIAN_POINT('',(-12.3493486196704,-4.3204030312331,5.));
#16187=CARTESIAN_POINT('Origin',(-11.7600194248998,-1.5,5.));
#16188=CARTESIAN_POINT('Origin',(-12.3493486196704,-4.3204030312331,2.5));
#16189=CARTESIAN_POINT('',(-2.21587154917594,-6.43781455577308,2.5));
#16190=CARTESIAN_POINT('Origin',(-1.5,-3.01180697769034,2.5));
#16191=CARTESIAN_POINT('',(-1.5,-6.51180697769033,2.5));
#16192=CARTESIAN_POINT('Origin',(-1.5,-6.76180697769034,2.5));
#16193=CARTESIAN_POINT('',(-1.25,-6.76180697769034,2.5));
#16194=CARTESIAN_POINT('Origin',(-1.25,-7.5,2.5));
#16195=CARTESIAN_POINT('Origin',(-1.5,-3.01180697769034,2.5));
#16196=CARTESIAN_POINT('Origin',(0.,7.5,0.));
#16197=CARTESIAN_POINT('',(-9.79717439317879E-17,7.5,-0.799999999999997));
#16198=CARTESIAN_POINT('Origin',(0.,7.5,0.));
#16199=CARTESIAN_POINT('',(-9.79717439317879E-17,7.5,-0.799999999999997));
#16200=CARTESIAN_POINT('Origin',(-12.3493486196704,4.3204030312331,5.));
#16201=CARTESIAN_POINT('',(-12.3493486196704,4.3204030312331,-5.));
#16202=CARTESIAN_POINT('',(-12.3493486196704,4.3204030312331,5.));
#16203=CARTESIAN_POINT('Origin',(-12.3493486196704,-4.3204030312331,5.));
#16204=CARTESIAN_POINT('',(-12.3493486196704,-4.3204030312331,5.));
#16205=CARTESIAN_POINT('',(-12.3493486196704,-4.3204030312331,-5.));
#16206=CARTESIAN_POINT('Origin',(11.7600194248998,1.5,5.));
#16207=CARTESIAN_POINT('Origin',(11.7600194248998,1.5,-5.));
#16208=CARTESIAN_POINT('',(0.,0.,0.));
#16209=CARTESIAN_POINT('',(0.,0.,0.));
#16210=CARTESIAN_POINT('',(0.,0.,0.));
#16211=CARTESIAN_POINT('',(0.,0.,0.));
#16212=CARTESIAN_POINT('',(0.,0.,0.));
#16213=CARTESIAN_POINT('',(0.,0.,0.));
#16214=CARTESIAN_POINT('',(0.,-17.,15.));
#16215=CARTESIAN_POINT('',(0.,0.,0.));
#16216=CARTESIAN_POINT('Origin',(61.,3.,78.));
#16217=CARTESIAN_POINT('',(61.,3.,78.));
#16218=CARTESIAN_POINT('',(32.,3.,78.));
#16219=CARTESIAN_POINT('',(61.,3.,78.));
#16220=CARTESIAN_POINT('',(32.,3.,84.));
#16221=CARTESIAN_POINT('',(32.,3.,78.));
#16222=CARTESIAN_POINT('',(61.,3.,84.));
#16223=CARTESIAN_POINT('',(61.,3.,84.));
#16224=CARTESIAN_POINT('',(61.,3.,78.));
#16225=CARTESIAN_POINT('Origin',(61.,-3.,78.));
#16226=CARTESIAN_POINT('',(61.,-3.,78.));
#16227=CARTESIAN_POINT('',(61.,-3.,78.));
#16228=CARTESIAN_POINT('',(61.,-3.,84.));
#16229=CARTESIAN_POINT('',(61.,-3.,84.));
#16230=CARTESIAN_POINT('',(61.,-3.,78.));
#16231=CARTESIAN_POINT('Origin',(32.,-3.,78.));
#16232=CARTESIAN_POINT('',(32.,-3.,78.));
#16233=CARTESIAN_POINT('',(32.,-3.,78.));
#16234=CARTESIAN_POINT('',(32.,-3.,84.));
#16235=CARTESIAN_POINT('',(32.,-3.,84.));
#16236=CARTESIAN_POINT('',(32.,-3.,78.));
#16237=CARTESIAN_POINT('Origin',(32.,3.,78.));
#16238=CARTESIAN_POINT('',(32.,3.,78.));
#16239=CARTESIAN_POINT('',(32.,3.,84.));
#16240=CARTESIAN_POINT('Origin',(46.5,0.,84.));
#16241=CARTESIAN_POINT('Origin',(46.5,0.,78.));
#16242=CARTESIAN_POINT('',(0.,0.,0.));
#16243=CARTESIAN_POINT('Origin',(0.,0.,0.));
#16244=CARTESIAN_POINT('',(-0.0625,-7.65404249467096E-18,5.));
#16245=CARTESIAN_POINT('Origin',(0.,0.,5.));
#16246=CARTESIAN_POINT('',(-0.0625,-7.65404249467096E-18,0.));
#16247=CARTESIAN_POINT('',(-0.0625,-7.65404249467096E-18,0.));
#16248=CARTESIAN_POINT('Origin',(0.,0.,0.));
#16249=CARTESIAN_POINT('Origin',(0.,0.,5.));
#16250=CARTESIAN_POINT('Origin',(0.,0.,0.));
#16251=CARTESIAN_POINT('',(0.,0.,0.));
#16252=CARTESIAN_POINT('',(0.,0.,0.));
#16253=CARTESIAN_POINT('',(0.,0.,0.));
#16254=CARTESIAN_POINT('',(0.,0.,6.));
#16255=CARTESIAN_POINT('',(0.,0.,0.));
#16256=CARTESIAN_POINT('',(0.,0.,0.));
#16257=CARTESIAN_POINT('',(0.,0.,0.));
#16258=CARTESIAN_POINT('',(0.,0.,0.));
#16259=CARTESIAN_POINT('',(0.,0.,32.));
#16260=CARTESIAN_POINT('',(0.,0.,0.));
#16261=CARTESIAN_POINT('',(26.,0.,81.));
#16262=CARTESIAN_POINT('',(0.,0.,0.));
#16263=CARTESIAN_POINT('',(61.,0.,81.));
#16264=CARTESIAN_POINT('',(0.,0.,0.));
#16265=UNCERTAINTY_MEASURE_WITH_UNIT(LENGTH_MEASURE(0.01),#16339,
'DISTANCE_ACCURACY_VALUE',
'Maximum model space distance between geometric entities at asserted c
onnectivities');
#16266=UNCERTAINTY_MEASURE_WITH_UNIT(LENGTH_MEASURE(0.01),#16339,
'DISTANCE_ACCURACY_VALUE',
'Maximum model space distance between geometric entities at asserted c
onnectivities');
#16267=UNCERTAINTY_MEASURE_WITH_UNIT(LENGTH_MEASURE(0.01),#16339,
'DISTANCE_ACCURACY_VALUE',
'Maximum model space distance between geometric entities at asserted c
onnectivities');
#16268=UNCERTAINTY_MEASURE_WITH_UNIT(LENGTH_MEASURE(0.01),#16339,
'DISTANCE_ACCURACY_VALUE',
'Maximum model space distance between geometric entities at asserted c
onnectivities');
#16269=UNCERTAINTY_MEASURE_WITH_UNIT(LENGTH_MEASURE(0.01),#16339,
'DISTANCE_ACCURACY_VALUE',
'Maximum model space distance between geometric entities at asserted c
onnectivities');
#16270=UNCERTAINTY_MEASURE_WITH_UNIT(LENGTH_MEASURE(0.01),#16339,
'DISTANCE_ACCURACY_VALUE',
'Maximum model space distance between geometric entities at asserted c
onnectivities');
#16271=UNCERTAINTY_MEASURE_WITH_UNIT(LENGTH_MEASURE(0.01),#16339,
'DISTANCE_ACCURACY_VALUE',
'Maximum model space distance between geometric entities at asserted c
onnectivities');
#16272=UNCERTAINTY_MEASURE_WITH_UNIT(LENGTH_MEASURE(0.01),#16339,
'DISTANCE_ACCURACY_VALUE',
'Maximum model space distance between geometric entities at asserted c
onnectivities');
#16273=UNCERTAINTY_MEASURE_WITH_UNIT(LENGTH_MEASURE(0.01),#16339,
'DISTANCE_ACCURACY_VALUE',
'Maximum model space distance between geometric entities at asserted c
onnectivities');
#16274=UNCERTAINTY_MEASURE_WITH_UNIT(LENGTH_MEASURE(0.01),#16339,
'DISTANCE_ACCURACY_VALUE',
'Maximum model space distance between geometric entities at asserted c
onnectivities');
#16275=UNCERTAINTY_MEASURE_WITH_UNIT(LENGTH_MEASURE(0.01),#16339,
'DISTANCE_ACCURACY_VALUE',
'Maximum model space distance between geometric entities at asserted c
onnectivities');
#16276=UNCERTAINTY_MEASURE_WITH_UNIT(LENGTH_MEASURE(0.01),#16339,
'DISTANCE_ACCURACY_VALUE',
'Maximum model space distance between geometric entities at asserted c
onnectivities');
#16277=UNCERTAINTY_MEASURE_WITH_UNIT(LENGTH_MEASURE(0.01),#16339,
'DISTANCE_ACCURACY_VALUE',
'Maximum model space distance between geometric entities at asserted c
onnectivities');
#16278=UNCERTAINTY_MEASURE_WITH_UNIT(LENGTH_MEASURE(0.01),#16339,
'DISTANCE_ACCURACY_VALUE',
'Maximum model space distance between geometric entities at asserted c
onnectivities');
#16279=UNCERTAINTY_MEASURE_WITH_UNIT(LENGTH_MEASURE(0.01),#16339,
'DISTANCE_ACCURACY_VALUE',
'Maximum model space distance between geometric entities at asserted c
onnectivities');
#16280=UNCERTAINTY_MEASURE_WITH_UNIT(LENGTH_MEASURE(0.01),#16339,
'DISTANCE_ACCURACY_VALUE',
'Maximum model space distance between geometric entities at asserted c
onnectivities');
#16281=UNCERTAINTY_MEASURE_WITH_UNIT(LENGTH_MEASURE(0.01),#16339,
'DISTANCE_ACCURACY_VALUE',
'Maximum model space distance between geometric entities at asserted c
onnectivities');
#16282=UNCERTAINTY_MEASURE_WITH_UNIT(LENGTH_MEASURE(0.01),#16339,
'DISTANCE_ACCURACY_VALUE',
'Maximum model space distance between geometric entities at asserted c
onnectivities');
#16283=UNCERTAINTY_MEASURE_WITH_UNIT(LENGTH_MEASURE(0.01),#16339,
'DISTANCE_ACCURACY_VALUE',
'Maximum model space distance between geometric entities at asserted c
onnectivities');
#16284=UNCERTAINTY_MEASURE_WITH_UNIT(LENGTH_MEASURE(0.01),#16339,
'DISTANCE_ACCURACY_VALUE',
'Maximum model space distance between geometric entities at asserted c
onnectivities');
#16285=UNCERTAINTY_MEASURE_WITH_UNIT(LENGTH_MEASURE(0.01),#16339,
'DISTANCE_ACCURACY_VALUE',
'Maximum model space distance between geometric entities at asserted c
onnectivities');
#16286=UNCERTAINTY_MEASURE_WITH_UNIT(LENGTH_MEASURE(0.01),#16339,
'DISTANCE_ACCURACY_VALUE',
'Maximum model space distance between geometric entities at asserted c
onnectivities');
#16287=UNCERTAINTY_MEASURE_WITH_UNIT(LENGTH_MEASURE(0.01),#16339,
'DISTANCE_ACCURACY_VALUE',
'Maximum model space distance between geometric entities at asserted c
onnectivities');
#16288=UNCERTAINTY_MEASURE_WITH_UNIT(LENGTH_MEASURE(0.01),#16339,
'DISTANCE_ACCURACY_VALUE',
'Maximum model space distance between geometric entities at asserted c
onnectivities');
#16289=UNCERTAINTY_MEASURE_WITH_UNIT(LENGTH_MEASURE(0.01),#16339,
'DISTANCE_ACCURACY_VALUE',
'Maximum model space distance between geometric entities at asserted c
onnectivities');
#16290=UNCERTAINTY_MEASURE_WITH_UNIT(LENGTH_MEASURE(0.01),#16339,
'DISTANCE_ACCURACY_VALUE',
'Maximum model space distance between geometric entities at asserted c
onnectivities');
#16291=UNCERTAINTY_MEASURE_WITH_UNIT(LENGTH_MEASURE(0.01),#16339,
'DISTANCE_ACCURACY_VALUE',
'Maximum model space distance between geometric entities at asserted c
onnectivities');
#16292=UNCERTAINTY_MEASURE_WITH_UNIT(LENGTH_MEASURE(0.01),#16339,
'DISTANCE_ACCURACY_VALUE',
'Maximum model space distance between geometric entities at asserted c
onnectivities');
#16293=UNCERTAINTY_MEASURE_WITH_UNIT(LENGTH_MEASURE(0.01),#16339,
'DISTANCE_ACCURACY_VALUE',
'Maximum model space distance between geometric entities at asserted c
onnectivities');
#16294=UNCERTAINTY_MEASURE_WITH_UNIT(LENGTH_MEASURE(0.01),#16339,
'DISTANCE_ACCURACY_VALUE',
'Maximum model space distance between geometric entities at asserted c
onnectivities');
#16295=UNCERTAINTY_MEASURE_WITH_UNIT(LENGTH_MEASURE(0.01),#16339,
'DISTANCE_ACCURACY_VALUE',
'Maximum model space distance between geometric entities at asserted c
onnectivities');
#16296=UNCERTAINTY_MEASURE_WITH_UNIT(LENGTH_MEASURE(0.01),#16339,
'DISTANCE_ACCURACY_VALUE',
'Maximum model space distance between geometric entities at asserted c
onnectivities');
#16297=UNCERTAINTY_MEASURE_WITH_UNIT(LENGTH_MEASURE(0.01),#16339,
'DISTANCE_ACCURACY_VALUE',
'Maximum model space distance between geometric entities at asserted c
onnectivities');
#16298=UNCERTAINTY_MEASURE_WITH_UNIT(LENGTH_MEASURE(0.01),#16339,
'DISTANCE_ACCURACY_VALUE',
'Maximum model space distance between geometric entities at asserted c
onnectivities');
#16299=UNCERTAINTY_MEASURE_WITH_UNIT(LENGTH_MEASURE(0.01),#16339,
'DISTANCE_ACCURACY_VALUE',
'Maximum model space distance between geometric entities at asserted c
onnectivities');
#16300=UNCERTAINTY_MEASURE_WITH_UNIT(LENGTH_MEASURE(0.01),#16339,
'DISTANCE_ACCURACY_VALUE',
'Maximum model space distance between geometric entities at asserted c
onnectivities');
#16301=UNCERTAINTY_MEASURE_WITH_UNIT(LENGTH_MEASURE(0.01),#16339,
'DISTANCE_ACCURACY_VALUE',
'Maximum model space distance between geometric entities at asserted c
onnectivities');
#16302=(
GEOMETRIC_REPRESENTATION_CONTEXT(3)
GLOBAL_UNCERTAINTY_ASSIGNED_CONTEXT((#16265))
GLOBAL_UNIT_ASSIGNED_CONTEXT((#16339,#16341,#16342))
REPRESENTATION_CONTEXT('','3D')
);
#16303=(
GEOMETRIC_REPRESENTATION_CONTEXT(3)
GLOBAL_UNCERTAINTY_ASSIGNED_CONTEXT((#16266))
GLOBAL_UNIT_ASSIGNED_CONTEXT((#16339,#16341,#16342))
REPRESENTATION_CONTEXT('','3D')
);
#16304=(
GEOMETRIC_REPRESENTATION_CONTEXT(3)
GLOBAL_UNCERTAINTY_ASSIGNED_CONTEXT((#16267))
GLOBAL_UNIT_ASSIGNED_CONTEXT((#16339,#16341,#16342))
REPRESENTATION_CONTEXT('','3D')
);
#16305=(
GEOMETRIC_REPRESENTATION_CONTEXT(3)
GLOBAL_UNCERTAINTY_ASSIGNED_CONTEXT((#16268))
GLOBAL_UNIT_ASSIGNED_CONTEXT((#16339,#16341,#16342))
REPRESENTATION_CONTEXT('','3D')
);
#16306=(
GEOMETRIC_REPRESENTATION_CONTEXT(3)
GLOBAL_UNCERTAINTY_ASSIGNED_CONTEXT((#16269))
GLOBAL_UNIT_ASSIGNED_CONTEXT((#16339,#16341,#16342))
REPRESENTATION_CONTEXT('','3D')
);
#16307=(
GEOMETRIC_REPRESENTATION_CONTEXT(3)
GLOBAL_UNCERTAINTY_ASSIGNED_CONTEXT((#16270))
GLOBAL_UNIT_ASSIGNED_CONTEXT((#16339,#16341,#16342))
REPRESENTATION_CONTEXT('','3D')
);
#16308=(
GEOMETRIC_REPRESENTATION_CONTEXT(3)
GLOBAL_UNCERTAINTY_ASSIGNED_CONTEXT((#16271))
GLOBAL_UNIT_ASSIGNED_CONTEXT((#16339,#16341,#16342))
REPRESENTATION_CONTEXT('','3D')
);
#16309=(
GEOMETRIC_REPRESENTATION_CONTEXT(3)
GLOBAL_UNCERTAINTY_ASSIGNED_CONTEXT((#16272))
GLOBAL_UNIT_ASSIGNED_CONTEXT((#16339,#16341,#16342))
REPRESENTATION_CONTEXT('','3D')
);
#16310=(
GEOMETRIC_REPRESENTATION_CONTEXT(3)
GLOBAL_UNCERTAINTY_ASSIGNED_CONTEXT((#16273))
GLOBAL_UNIT_ASSIGNED_CONTEXT((#16339,#16341,#16342))
REPRESENTATION_CONTEXT('','3D')
);
#16311=(
GEOMETRIC_REPRESENTATION_CONTEXT(3)
GLOBAL_UNCERTAINTY_ASSIGNED_CONTEXT((#16274))
GLOBAL_UNIT_ASSIGNED_CONTEXT((#16339,#16341,#16342))
REPRESENTATION_CONTEXT('','3D')
);
#16312=(
GEOMETRIC_REPRESENTATION_CONTEXT(3)
GLOBAL_UNCERTAINTY_ASSIGNED_CONTEXT((#16275))
GLOBAL_UNIT_ASSIGNED_CONTEXT((#16339,#16341,#16342))
REPRESENTATION_CONTEXT('','3D')
);
#16313=(
GEOMETRIC_REPRESENTATION_CONTEXT(3)
GLOBAL_UNCERTAINTY_ASSIGNED_CONTEXT((#16276))
GLOBAL_UNIT_ASSIGNED_CONTEXT((#16339,#16341,#16342))
REPRESENTATION_CONTEXT('','3D')
);
#16314=(
GEOMETRIC_REPRESENTATION_CONTEXT(3)
GLOBAL_UNCERTAINTY_ASSIGNED_CONTEXT((#16277))
GLOBAL_UNIT_ASSIGNED_CONTEXT((#16339,#16341,#16342))
REPRESENTATION_CONTEXT('','3D')
);
#16315=(
GEOMETRIC_REPRESENTATION_CONTEXT(3)
GLOBAL_UNCERTAINTY_ASSIGNED_CONTEXT((#16278))
GLOBAL_UNIT_ASSIGNED_CONTEXT((#16339,#16341,#16342))
REPRESENTATION_CONTEXT('','3D')
);
#16316=(
GEOMETRIC_REPRESENTATION_CONTEXT(3)
GLOBAL_UNCERTAINTY_ASSIGNED_CONTEXT((#16279))
GLOBAL_UNIT_ASSIGNED_CONTEXT((#16339,#16341,#16342))
REPRESENTATION_CONTEXT('','3D')
);
#16317=(
GEOMETRIC_REPRESENTATION_CONTEXT(3)
GLOBAL_UNCERTAINTY_ASSIGNED_CONTEXT((#16280))
GLOBAL_UNIT_ASSIGNED_CONTEXT((#16339,#16341,#16342))
REPRESENTATION_CONTEXT('','3D')
);
#16318=(
GEOMETRIC_REPRESENTATION_CONTEXT(3)
GLOBAL_UNCERTAINTY_ASSIGNED_CONTEXT((#16281))
GLOBAL_UNIT_ASSIGNED_CONTEXT((#16339,#16341,#16342))
REPRESENTATION_CONTEXT('','3D')
);
#16319=(
GEOMETRIC_REPRESENTATION_CONTEXT(3)
GLOBAL_UNCERTAINTY_ASSIGNED_CONTEXT((#16282))
GLOBAL_UNIT_ASSIGNED_CONTEXT((#16339,#16341,#16342))
REPRESENTATION_CONTEXT('','3D')
);
#16320=(
GEOMETRIC_REPRESENTATION_CONTEXT(3)
GLOBAL_UNCERTAINTY_ASSIGNED_CONTEXT((#16283))
GLOBAL_UNIT_ASSIGNED_CONTEXT((#16339,#16341,#16342))
REPRESENTATION_CONTEXT('','3D')
);
#16321=(
GEOMETRIC_REPRESENTATION_CONTEXT(3)
GLOBAL_UNCERTAINTY_ASSIGNED_CONTEXT((#16284))
GLOBAL_UNIT_ASSIGNED_CONTEXT((#16339,#16341,#16342))
REPRESENTATION_CONTEXT('','3D')
);
#16322=(
GEOMETRIC_REPRESENTATION_CONTEXT(3)
GLOBAL_UNCERTAINTY_ASSIGNED_CONTEXT((#16285))
GLOBAL_UNIT_ASSIGNED_CONTEXT((#16339,#16341,#16342))
REPRESENTATION_CONTEXT('','3D')
);
#16323=(
GEOMETRIC_REPRESENTATION_CONTEXT(3)
GLOBAL_UNCERTAINTY_ASSIGNED_CONTEXT((#16286))
GLOBAL_UNIT_ASSIGNED_CONTEXT((#16339,#16341,#16342))
REPRESENTATION_CONTEXT('','3D')
);
#16324=(
GEOMETRIC_REPRESENTATION_CONTEXT(3)
GLOBAL_UNCERTAINTY_ASSIGNED_CONTEXT((#16287))
GLOBAL_UNIT_ASSIGNED_CONTEXT((#16339,#16341,#16342))
REPRESENTATION_CONTEXT('','3D')
);
#16325=(
GEOMETRIC_REPRESENTATION_CONTEXT(3)
GLOBAL_UNCERTAINTY_ASSIGNED_CONTEXT((#16288))
GLOBAL_UNIT_ASSIGNED_CONTEXT((#16339,#16341,#16342))
REPRESENTATION_CONTEXT('','3D')
);
#16326=(
GEOMETRIC_REPRESENTATION_CONTEXT(3)
GLOBAL_UNCERTAINTY_ASSIGNED_CONTEXT((#16289))
GLOBAL_UNIT_ASSIGNED_CONTEXT((#16339,#16341,#16342))
REPRESENTATION_CONTEXT('','3D')
);
#16327=(
GEOMETRIC_REPRESENTATION_CONTEXT(3)
GLOBAL_UNCERTAINTY_ASSIGNED_CONTEXT((#16290))
GLOBAL_UNIT_ASSIGNED_CONTEXT((#16339,#16341,#16342))
REPRESENTATION_CONTEXT('','3D')
);
#16328=(
GEOMETRIC_REPRESENTATION_CONTEXT(3)
GLOBAL_UNCERTAINTY_ASSIGNED_CONTEXT((#16291))
GLOBAL_UNIT_ASSIGNED_CONTEXT((#16339,#16341,#16342))
REPRESENTATION_CONTEXT('','3D')
);
#16329=(
GEOMETRIC_REPRESENTATION_CONTEXT(3)
GLOBAL_UNCERTAINTY_ASSIGNED_CONTEXT((#16292))
GLOBAL_UNIT_ASSIGNED_CONTEXT((#16339,#16341,#16342))
REPRESENTATION_CONTEXT('','3D')
);
#16330=(
GEOMETRIC_REPRESENTATION_CONTEXT(3)
GLOBAL_UNCERTAINTY_ASSIGNED_CONTEXT((#16293))
GLOBAL_UNIT_ASSIGNED_CONTEXT((#16339,#16341,#16342))
REPRESENTATION_CONTEXT('','3D')
);
#16331=(
GEOMETRIC_REPRESENTATION_CONTEXT(3)
GLOBAL_UNCERTAINTY_ASSIGNED_CONTEXT((#16294))
GLOBAL_UNIT_ASSIGNED_CONTEXT((#16339,#16341,#16342))
REPRESENTATION_CONTEXT('','3D')
);
#16332=(
GEOMETRIC_REPRESENTATION_CONTEXT(3)
GLOBAL_UNCERTAINTY_ASSIGNED_CONTEXT((#16295))
GLOBAL_UNIT_ASSIGNED_CONTEXT((#16339,#16341,#16342))
REPRESENTATION_CONTEXT('','3D')
);
#16333=(
GEOMETRIC_REPRESENTATION_CONTEXT(3)
GLOBAL_UNCERTAINTY_ASSIGNED_CONTEXT((#16296))
GLOBAL_UNIT_ASSIGNED_CONTEXT((#16339,#16341,#16342))
REPRESENTATION_CONTEXT('','3D')
);
#16334=(
GEOMETRIC_REPRESENTATION_CONTEXT(3)
GLOBAL_UNCERTAINTY_ASSIGNED_CONTEXT((#16297))
GLOBAL_UNIT_ASSIGNED_CONTEXT((#16339,#16341,#16342))
REPRESENTATION_CONTEXT('','3D')
);
#16335=(
GEOMETRIC_REPRESENTATION_CONTEXT(3)
GLOBAL_UNCERTAINTY_ASSIGNED_CONTEXT((#16298))
GLOBAL_UNIT_ASSIGNED_CONTEXT((#16339,#16341,#16342))
REPRESENTATION_CONTEXT('','3D')
);
#16336=(
GEOMETRIC_REPRESENTATION_CONTEXT(3)
GLOBAL_UNCERTAINTY_ASSIGNED_CONTEXT((#16299))
GLOBAL_UNIT_ASSIGNED_CONTEXT((#16339,#16341,#16342))
REPRESENTATION_CONTEXT('','3D')
);
#16337=(
GEOMETRIC_REPRESENTATION_CONTEXT(3)
GLOBAL_UNCERTAINTY_ASSIGNED_CONTEXT((#16300))
GLOBAL_UNIT_ASSIGNED_CONTEXT((#16339,#16341,#16342))
REPRESENTATION_CONTEXT('','3D')
);
#16338=(
GEOMETRIC_REPRESENTATION_CONTEXT(3)
GLOBAL_UNCERTAINTY_ASSIGNED_CONTEXT((#16301))
GLOBAL_UNIT_ASSIGNED_CONTEXT((#16339,#16341,#16342))
REPRESENTATION_CONTEXT('','3D')
);
#16339=(
LENGTH_UNIT()
NAMED_UNIT(*)
SI_UNIT(.MILLI.,.METRE.)
);
#16340=(
LENGTH_UNIT()
NAMED_UNIT(*)
SI_UNIT($,.METRE.)
);
#16341=(
NAMED_UNIT(*)
PLANE_ANGLE_UNIT()
SI_UNIT($,.RADIAN.)
);
#16342=(
NAMED_UNIT(*)
SI_UNIT($,.STERADIAN.)
SOLID_ANGLE_UNIT()
);
#16343=SHAPE_DEFINITION_REPRESENTATION(#16379,#16450);
#16344=SHAPE_DEFINITION_REPRESENTATION(#16380,#16451);
#16345=SHAPE_DEFINITION_REPRESENTATION(#16381,#16452);
#16346=SHAPE_DEFINITION_REPRESENTATION(#16382,#16453);
#16347=SHAPE_DEFINITION_REPRESENTATION(#16383,#16454);
#16348=SHAPE_DEFINITION_REPRESENTATION(#16384,#16455);
#16349=SHAPE_DEFINITION_REPRESENTATION(#16385,#16456);
#16350=SHAPE_DEFINITION_REPRESENTATION(#16386,#16457);
#16351=SHAPE_DEFINITION_REPRESENTATION(#16387,#16458);
#16352=SHAPE_DEFINITION_REPRESENTATION(#16388,#16459);
#16353=SHAPE_DEFINITION_REPRESENTATION(#16389,#16460);
#16354=SHAPE_DEFINITION_REPRESENTATION(#16390,#16461);
#16355=SHAPE_DEFINITION_REPRESENTATION(#16391,#16462);
#16356=SHAPE_DEFINITION_REPRESENTATION(#16399,#16463);
#16357=SHAPE_DEFINITION_REPRESENTATION(#16400,#16464);
#16358=SHAPE_DEFINITION_REPRESENTATION(#16401,#16465);
#16359=SHAPE_DEFINITION_REPRESENTATION(#16402,#16466);
#16360=SHAPE_DEFINITION_REPRESENTATION(#16403,#16467);
#16361=SHAPE_DEFINITION_REPRESENTATION(#16404,#16468);
#16362=SHAPE_DEFINITION_REPRESENTATION(#16405,#16469);
#16363=SHAPE_DEFINITION_REPRESENTATION(#16406,#16470);
#16364=SHAPE_DEFINITION_REPRESENTATION(#16407,#16471);
#16365=SHAPE_DEFINITION_REPRESENTATION(#16408,#16472);
#16366=SHAPE_DEFINITION_REPRESENTATION(#16409,#16473);
#16367=SHAPE_DEFINITION_REPRESENTATION(#16410,#16474);
#16368=SHAPE_DEFINITION_REPRESENTATION(#16418,#16475);
#16369=SHAPE_DEFINITION_REPRESENTATION(#16419,#16476);
#16370=SHAPE_DEFINITION_REPRESENTATION(#16420,#16477);
#16371=SHAPE_DEFINITION_REPRESENTATION(#16421,#16478);
#16372=SHAPE_DEFINITION_REPRESENTATION(#16422,#16479);
#16373=SHAPE_DEFINITION_REPRESENTATION(#16423,#16480);
#16374=SHAPE_DEFINITION_REPRESENTATION(#16424,#16481);
#16375=SHAPE_DEFINITION_REPRESENTATION(#16425,#16482);
#16376=SHAPE_DEFINITION_REPRESENTATION(#16426,#16483);
#16377=SHAPE_DEFINITION_REPRESENTATION(#16434,#16484);
#16378=SHAPE_DEFINITION_REPRESENTATION(#16435,#16485);
#16379=PRODUCT_DEFINITION_SHAPE('',$,#16487);
#16380=PRODUCT_DEFINITION_SHAPE('',$,#16488);
#16381=PRODUCT_DEFINITION_SHAPE('',$,#16489);
#16382=PRODUCT_DEFINITION_SHAPE('',$,#16490);
#16383=PRODUCT_DEFINITION_SHAPE('',$,#16491);
#16384=PRODUCT_DEFINITION_SHAPE('',$,#16492);
#16385=PRODUCT_DEFINITION_SHAPE('',$,#16493);
#16386=PRODUCT_DEFINITION_SHAPE('',$,#16494);
#16387=PRODUCT_DEFINITION_SHAPE('',$,#16495);
#16388=PRODUCT_DEFINITION_SHAPE('',$,#16496);
#16389=PRODUCT_DEFINITION_SHAPE('',$,#16497);
#16390=PRODUCT_DEFINITION_SHAPE('',$,#16498);
#16391=PRODUCT_DEFINITION_SHAPE('',$,#16499);
#16392=PRODUCT_DEFINITION_SHAPE($,$,#116);
#16393=PRODUCT_DEFINITION_SHAPE($,$,#117);
#16394=PRODUCT_DEFINITION_SHAPE($,$,#118);
#16395=PRODUCT_DEFINITION_SHAPE($,$,#119);
#16396=PRODUCT_DEFINITION_SHAPE($,$,#120);
#16397=PRODUCT_DEFINITION_SHAPE($,$,#121);
#16398=PRODUCT_DEFINITION_SHAPE($,$,#122);
#16399=PRODUCT_DEFINITION_SHAPE('',$,#16500);
#16400=PRODUCT_DEFINITION_SHAPE('',$,#16501);
#16401=PRODUCT_DEFINITION_SHAPE('',$,#16502);
#16402=PRODUCT_DEFINITION_SHAPE('',$,#16503);
#16403=PRODUCT_DEFINITION_SHAPE('',$,#16504);
#16404=PRODUCT_DEFINITION_SHAPE('',$,#16505);
#16405=PRODUCT_DEFINITION_SHAPE('',$,#16506);
#16406=PRODUCT_DEFINITION_SHAPE('',$,#16507);
#16407=PRODUCT_DEFINITION_SHAPE('',$,#16508);
#16408=PRODUCT_DEFINITION_SHAPE('',$,#16509);
#16409=PRODUCT_DEFINITION_SHAPE('',$,#16510);
#16410=PRODUCT_DEFINITION_SHAPE('',$,#16511);
#16411=PRODUCT_DEFINITION_SHAPE($,$,#123);
#16412=PRODUCT_DEFINITION_SHAPE($,$,#124);
#16413=PRODUCT_DEFINITION_SHAPE($,$,#125);
#16414=PRODUCT_DEFINITION_SHAPE($,$,#126);
#16415=PRODUCT_DEFINITION_SHAPE($,$,#127);
#16416=PRODUCT_DEFINITION_SHAPE($,$,#128);
#16417=PRODUCT_DEFINITION_SHAPE($,$,#129);
#16418=PRODUCT_DEFINITION_SHAPE('',$,#16512);
#16419=PRODUCT_DEFINITION_SHAPE('',$,#16513);
#16420=PRODUCT_DEFINITION_SHAPE('',$,#16514);
#16421=PRODUCT_DEFINITION_SHAPE('',$,#16515);
#16422=PRODUCT_DEFINITION_SHAPE('',$,#16516);
#16423=PRODUCT_DEFINITION_SHAPE('',$,#16517);
#16424=PRODUCT_DEFINITION_SHAPE('',$,#16518);
#16425=PRODUCT_DEFINITION_SHAPE('',$,#16519);
#16426=PRODUCT_DEFINITION_SHAPE('',$,#16520);
#16427=PRODUCT_DEFINITION_SHAPE($,$,#130);
#16428=PRODUCT_DEFINITION_SHAPE($,$,#131);
#16429=PRODUCT_DEFINITION_SHAPE($,$,#132);
#16430=PRODUCT_DEFINITION_SHAPE($,$,#133);
#16431=PRODUCT_DEFINITION_SHAPE($,$,#134);
#16432=PRODUCT_DEFINITION_SHAPE($,$,#135);
#16433=PRODUCT_DEFINITION_SHAPE($,$,#136);
#16434=PRODUCT_DEFINITION_SHAPE('',$,#16521);
#16435=PRODUCT_DEFINITION_SHAPE('',$,#16522);
#16436=PRODUCT_DEFINITION_SHAPE($,$,#137);
#16437=PRODUCT_DEFINITION_SHAPE($,$,#138);
#16438=PRODUCT_DEFINITION_SHAPE($,$,#139);
#16439=PRODUCT_DEFINITION_SHAPE($,$,#140);
#16440=PRODUCT_DEFINITION_SHAPE($,$,#141);
#16441=PRODUCT_DEFINITION_SHAPE($,$,#142);
#16442=PRODUCT_DEFINITION_SHAPE($,$,#143);
#16443=PRODUCT_DEFINITION_SHAPE($,$,#144);
#16444=PRODUCT_DEFINITION_SHAPE($,$,#145);
#16445=PRODUCT_DEFINITION_SHAPE($,$,#146);
#16446=PRODUCT_DEFINITION_SHAPE($,$,#147);
#16447=PRODUCT_DEFINITION_SHAPE($,$,#148);
#16448=PRODUCT_DEFINITION_SHAPE($,$,#149);
#16449=PRODUCT_DEFINITION_SHAPE($,$,#150);
#16450=SHAPE_REPRESENTATION('',(#10157,#10862),#16302);
#16451=SHAPE_REPRESENTATION('',(#10158,#10849,#10850,#10851,#10852,#10853,
#10854,#10855,#10856,#10857,#10858,#10859,#10860,#10861),#16303);
#16452=SHAPE_REPRESENTATION('',(#10159),#16304);
#16453=SHAPE_REPRESENTATION('',(#10178),#16305);
#16454=SHAPE_REPRESENTATION('',(#10185),#16306);
#16455=SHAPE_REPRESENTATION('',(#10192,#10390,#10391,#10392,#10393,#10394),
#16307);
#16456=SHAPE_REPRESENTATION('',(#10193),#16308);
#16457=SHAPE_REPRESENTATION('',(#10284),#16309);
#16458=SHAPE_REPRESENTATION('',(#10291),#16310);
#16459=SHAPE_REPRESENTATION('',(#10298),#16311);
#16460=SHAPE_REPRESENTATION('',(#10305,#10389),#16312);
#16461=SHAPE_REPRESENTATION('',(#10306,#10388),#16313);
#16462=SHAPE_REPRESENTATION('',(#10307),#16314);
#16463=SHAPE_REPRESENTATION('',(#10395),#16315);
#16464=SHAPE_REPRESENTATION('',(#10402),#16316);
#16465=SHAPE_REPRESENTATION('',(#10409),#16317);
#16466=SHAPE_REPRESENTATION('',(#10416),#16318);
#16467=SHAPE_REPRESENTATION('',(#10423,#10621,#10622,#10623,#10624,#10625),
#16319);
#16468=SHAPE_REPRESENTATION('',(#10424),#16320);
#16469=SHAPE_REPRESENTATION('',(#10515),#16321);
#16470=SHAPE_REPRESENTATION('',(#10522),#16322);
#16471=SHAPE_REPRESENTATION('',(#10529),#16323);
#16472=SHAPE_REPRESENTATION('',(#10536,#10620),#16324);
#16473=SHAPE_REPRESENTATION('',(#10537,#10619),#16325);
#16474=SHAPE_REPRESENTATION('',(#10538),#16326);
#16475=SHAPE_REPRESENTATION('',(#10626),#16327);
#16476=SHAPE_REPRESENTATION('',(#10633,#10831,#10832,#10833,#10834,#10835),
#16328);
#16477=SHAPE_REPRESENTATION('',(#10634),#16329);
#16478=SHAPE_REPRESENTATION('',(#10725),#16330);
#16479=SHAPE_REPRESENTATION('',(#10732),#16331);
#16480=SHAPE_REPRESENTATION('',(#10739),#16332);
#16481=SHAPE_REPRESENTATION('',(#10746,#10830),#16333);
#16482=SHAPE_REPRESENTATION('',(#10747,#10829),#16334);
#16483=SHAPE_REPRESENTATION('',(#10748),#16335);
#16484=SHAPE_REPRESENTATION('',(#10836),#16336);
#16485=SHAPE_REPRESENTATION('',(#10843),#16337);
#16486=PRODUCT_DEFINITION_CONTEXT('part definition',#16596,'design');
#16487=PRODUCT_DEFINITION('2026-09-07-17-54-11-031','(Unsaved)',#16523,
#16486);
#16488=PRODUCT_DEFINITION('2026-09-07-17-54-11-734',
'APA60S XYZ - P0 Packaging and Guide Concept',#16524,#16486);
#16489=PRODUCT_DEFINITION('2026-09-07-17-54-11-794',
'00 Coarse carriage adapter - preliminary',#16525,#16486);
#16490=PRODUCT_DEFINITION('2026-09-07-17-54-11-936',
'01 X fixed-frame support left',#16526,#16486);
#16491=PRODUCT_DEFINITION('2026-09-07-17-54-12-021',
'02 X fixed-frame support right',#16527,#16486);
#16492=PRODUCT_DEFINITION('2026-09-07-17-54-12-147',
'10 X AXIS - optical - outer',#16528,#16486);
#16493=PRODUCT_DEFINITION('2026-09-07-17-54-12-176',
'01 Monolithic folded guide - NOT RELEASED',#16529,#16486);
#16494=PRODUCT_DEFINITION('2026-09-07-17-54-12-689',
'02 Fixed APA mounting pedestal',#16530,#16486);
#16495=PRODUCT_DEFINITION('2026-09-07-17-54-12-838',
'03 Fixed pedestal support',#16531,#16486);
#16496=PRODUCT_DEFINITION('2026-09-07-17-54-13-023',
'04 Carriage mounting land - coupling TBD',#16532,#16486);
#16497=PRODUCT_DEFINITION('2026-09-07-17-54-13-269',
'05 CEDRAT APA60S vendor STEP',#16533,#16486);
#16498=PRODUCT_DEFINITION('000612-ICD-02','000612-ICD-02',#16534,#16486);
#16499=PRODUCT_DEFINITION('000917','000917',#16535,#16486);
#16500=PRODUCT_DEFINITION('2026-09-07-17-54-15-336',
'11 X carriage central riser',#16536,#16486);
#16501=PRODUCT_DEFINITION('2026-09-07-17-54-15-579',
'12 X carriage bridge below Y frame',#16537,#16486);
#16502=PRODUCT_DEFINITION('2026-09-07-17-54-15-847',
'13 Y fixed frame rear seat',#16538,#16486);
#16503=PRODUCT_DEFINITION('2026-09-07-17-54-16-142',
'14 Y fixed frame front seat',#16539,#16486);
#16504=PRODUCT_DEFINITION('2026-09-07-17-54-16-466',
'20 Y AXIS - lateral - middle',#16540,#16486);
#16505=PRODUCT_DEFINITION('2026-09-07-17-54-16-531',
'01 Monolithic folded guide - NOT RELEASED (1)',#16541,#16486);
#16506=PRODUCT_DEFINITION('2026-09-07-17-54-17-632',
'02 Fixed APA mounting pedestal (1)',#16542,#16486);
#16507=PRODUCT_DEFINITION('2026-09-07-17-54-17-946',
'03 Fixed pedestal support (1)',#16543,#16486);
#16508=PRODUCT_DEFINITION('2026-09-07-17-54-18-306',
'04 Carriage mounting land - coupling TBD (1)',#16544,#16486);
#16509=PRODUCT_DEFINITION('2026-09-07-17-54-18-574',
'05 CEDRAT APA60S vendor STEP (1)',#16545,#16486);
#16510=PRODUCT_DEFINITION('000612-ICD-02_1','000612-ICD-02 (1)',#16546,
#16486);
#16511=PRODUCT_DEFINITION('000917_1','000917 (1)',#16547,#16486);
#16512=PRODUCT_DEFINITION('2026-09-07-17-54-20-597',
'21 Y carriage to Z fixed frame pedestal',#16548,#16486);
#16513=PRODUCT_DEFINITION('2026-09-07-17-54-20-925',
'30 Z AXIS - vertical - inner',#16549,#16486);
#16514=PRODUCT_DEFINITION('2026-09-07-17-54-21-007',
'01 Monolithic folded guide - NOT RELEASED (2)',#16550,#16486);
#16515=PRODUCT_DEFINITION('2026-09-07-17-54-22-234',
'02 Fixed APA mounting pedestal (2)',#16551,#16486);
#16516=PRODUCT_DEFINITION('2026-09-07-17-54-22-637',
'03 Fixed pedestal support (2)',#16552,#16486);
#16517=PRODUCT_DEFINITION('2026-09-07-17-54-23-065',
'04 Carriage mounting land - coupling TBD (2)',#16553,#16486);
#16518=PRODUCT_DEFINITION('2026-09-07-17-54-23-647',
'05 CEDRAT APA60S vendor STEP (2)',#16554,#16486);
#16519=PRODUCT_DEFINITION('000612-ICD-02_2','000612-ICD-02 (2)',#16555,
#16486);
#16520=PRODUCT_DEFINITION('000917_2','000917 (2)',#16556,#16486);
#16521=PRODUCT_DEFINITION('2026-09-07-17-54-26-494',
'40 Replaceable fiber nose - PLACEHOLDER',#16557,#16486);
#16522=PRODUCT_DEFINITION('2026-09-07-17-54-26-979',
'41 Fiber tip envelope - 125um diameter',#16558,#16486);
#16523=PRODUCT_DEFINITION_FORMATION('',$,#16598);
#16524=PRODUCT_DEFINITION_FORMATION('',$,#16599);
#16525=PRODUCT_DEFINITION_FORMATION('',$,#16600);
#16526=PRODUCT_DEFINITION_FORMATION('',$,#16601);
#16527=PRODUCT_DEFINITION_FORMATION('',$,#16602);
#16528=PRODUCT_DEFINITION_FORMATION('',$,#16603);
#16529=PRODUCT_DEFINITION_FORMATION('',$,#16604);
#16530=PRODUCT_DEFINITION_FORMATION('',$,#16605);
#16531=PRODUCT_DEFINITION_FORMATION('',$,#16606);
#16532=PRODUCT_DEFINITION_FORMATION('',$,#16607);
#16533=PRODUCT_DEFINITION_FORMATION('',$,#16608);
#16534=PRODUCT_DEFINITION_FORMATION('',$,#16609);
#16535=PRODUCT_DEFINITION_FORMATION('',$,#16610);
#16536=PRODUCT_DEFINITION_FORMATION('',$,#16611);
#16537=PRODUCT_DEFINITION_FORMATION('',$,#16612);
#16538=PRODUCT_DEFINITION_FORMATION('',$,#16613);
#16539=PRODUCT_DEFINITION_FORMATION('',$,#16614);
#16540=PRODUCT_DEFINITION_FORMATION('',$,#16615);
#16541=PRODUCT_DEFINITION_FORMATION('',$,#16616);
#16542=PRODUCT_DEFINITION_FORMATION('',$,#16617);
#16543=PRODUCT_DEFINITION_FORMATION('',$,#16618);
#16544=PRODUCT_DEFINITION_FORMATION('',$,#16619);
#16545=PRODUCT_DEFINITION_FORMATION('',$,#16620);
#16546=PRODUCT_DEFINITION_FORMATION('',$,#16621);
#16547=PRODUCT_DEFINITION_FORMATION('',$,#16622);
#16548=PRODUCT_DEFINITION_FORMATION('',$,#16623);
#16549=PRODUCT_DEFINITION_FORMATION('',$,#16624);
#16550=PRODUCT_DEFINITION_FORMATION('',$,#16625);
#16551=PRODUCT_DEFINITION_FORMATION('',$,#16626);
#16552=PRODUCT_DEFINITION_FORMATION('',$,#16627);
#16553=PRODUCT_DEFINITION_FORMATION('',$,#16628);
#16554=PRODUCT_DEFINITION_FORMATION('',$,#16629);
#16555=PRODUCT_DEFINITION_FORMATION('',$,#16630);
#16556=PRODUCT_DEFINITION_FORMATION('',$,#16631);
#16557=PRODUCT_DEFINITION_FORMATION('',$,#16632);
#16558=PRODUCT_DEFINITION_FORMATION('',$,#16633);
#16559=PRODUCT_RELATED_PRODUCT_CATEGORY('(Unsaved)','(Unsaved)',(#16598));
#16560=PRODUCT_RELATED_PRODUCT_CATEGORY(
'APA60S XYZ - P0 Packaging and Guide Concept',
'APA60S XYZ - P0 Packaging and Guide Concept',(#16599));
#16561=PRODUCT_RELATED_PRODUCT_CATEGORY(
'00 Coarse carriage adapter - preliminary',
'00 Coarse carriage adapter - preliminary',(#16600));
#16562=PRODUCT_RELATED_PRODUCT_CATEGORY('01 X fixed-frame support left',
'01 X fixed-frame support left',(#16601));
#16563=PRODUCT_RELATED_PRODUCT_CATEGORY(
'02 X fixed-frame support right','02 X fixed-frame support right',(#16602));
#16564=PRODUCT_RELATED_PRODUCT_CATEGORY('10 X AXIS - optical - outer',
'10 X AXIS - optical - outer',(#16603));
#16565=PRODUCT_RELATED_PRODUCT_CATEGORY(
'01 Monolithic folded guide - NOT RELEASED',
'01 Monolithic folded guide - NOT RELEASED',(#16604));
#16566=PRODUCT_RELATED_PRODUCT_CATEGORY(
'02 Fixed APA mounting pedestal','02 Fixed APA mounting pedestal',(#16605));
#16567=PRODUCT_RELATED_PRODUCT_CATEGORY('03 Fixed pedestal support',
'03 Fixed pedestal support',(#16606));
#16568=PRODUCT_RELATED_PRODUCT_CATEGORY(
'04 Carriage mounting land - coupling TBD',
'04 Carriage mounting land - coupling TBD',(#16607));
#16569=PRODUCT_RELATED_PRODUCT_CATEGORY('05 CEDRAT APA60S vendor STEP',
'05 CEDRAT APA60S vendor STEP',(#16608));
#16570=PRODUCT_RELATED_PRODUCT_CATEGORY('000612-ICD-02','000612-ICD-02',
(#16609));
#16571=PRODUCT_RELATED_PRODUCT_CATEGORY('000917','000917',(#16610));
#16572=PRODUCT_RELATED_PRODUCT_CATEGORY('11 X carriage central riser',
'11 X carriage central riser',(#16611));
#16573=PRODUCT_RELATED_PRODUCT_CATEGORY(
'12 X carriage bridge below Y frame',
'12 X carriage bridge below Y frame',(#16612));
#16574=PRODUCT_RELATED_PRODUCT_CATEGORY('13 Y fixed frame rear seat',
'13 Y fixed frame rear seat',(#16613));
#16575=PRODUCT_RELATED_PRODUCT_CATEGORY('14 Y fixed frame front seat',
'14 Y fixed frame front seat',(#16614));
#16576=PRODUCT_RELATED_PRODUCT_CATEGORY('20 Y AXIS - lateral - middle',
'20 Y AXIS - lateral - middle',(#16615));
#16577=PRODUCT_RELATED_PRODUCT_CATEGORY(
'01 Monolithic folded guide - NOT RELEASED (1)',
'01 Monolithic folded guide - NOT RELEASED (1)',(#16616));
#16578=PRODUCT_RELATED_PRODUCT_CATEGORY(
'02 Fixed APA mounting pedestal (1)',
'02 Fixed APA mounting pedestal (1)',(#16617));
#16579=PRODUCT_RELATED_PRODUCT_CATEGORY('03 Fixed pedestal support (1)',
'03 Fixed pedestal support (1)',(#16618));
#16580=PRODUCT_RELATED_PRODUCT_CATEGORY(
'04 Carriage mounting land - coupling TBD (1)',
'04 Carriage mounting land - coupling TBD (1)',(#16619));
#16581=PRODUCT_RELATED_PRODUCT_CATEGORY(
'05 CEDRAT APA60S vendor STEP (1)','05 CEDRAT APA60S vendor STEP (1)',(#16620));
#16582=PRODUCT_RELATED_PRODUCT_CATEGORY('000612-ICD-02 (1)',
'000612-ICD-02 (1)',(#16621));
#16583=PRODUCT_RELATED_PRODUCT_CATEGORY('000917 (1)','000917 (1)',(#16622));
#16584=PRODUCT_RELATED_PRODUCT_CATEGORY(
'21 Y carriage to Z fixed frame pedestal',
'21 Y carriage to Z fixed frame pedestal',(#16623));
#16585=PRODUCT_RELATED_PRODUCT_CATEGORY('30 Z AXIS - vertical - inner',
'30 Z AXIS - vertical - inner',(#16624));
#16586=PRODUCT_RELATED_PRODUCT_CATEGORY(
'01 Monolithic folded guide - NOT RELEASED (2)',
'01 Monolithic folded guide - NOT RELEASED (2)',(#16625));
#16587=PRODUCT_RELATED_PRODUCT_CATEGORY(
'02 Fixed APA mounting pedestal (2)',
'02 Fixed APA mounting pedestal (2)',(#16626));
#16588=PRODUCT_RELATED_PRODUCT_CATEGORY('03 Fixed pedestal support (2)',
'03 Fixed pedestal support (2)',(#16627));
#16589=PRODUCT_RELATED_PRODUCT_CATEGORY(
'04 Carriage mounting land - coupling TBD (2)',
'04 Carriage mounting land - coupling TBD (2)',(#16628));
#16590=PRODUCT_RELATED_PRODUCT_CATEGORY(
'05 CEDRAT APA60S vendor STEP (2)','05 CEDRAT APA60S vendor STEP (2)',(#16629));
#16591=PRODUCT_RELATED_PRODUCT_CATEGORY('000612-ICD-02 (2)',
'000612-ICD-02 (2)',(#16630));
#16592=PRODUCT_RELATED_PRODUCT_CATEGORY('000917 (2)','000917 (2)',(#16631));
#16593=PRODUCT_RELATED_PRODUCT_CATEGORY(
'40 Replaceable fiber nose - PLACEHOLDER',
'40 Replaceable fiber nose - PLACEHOLDER',(#16632));
#16594=PRODUCT_RELATED_PRODUCT_CATEGORY(
'41 Fiber tip envelope - 125um diameter',
'41 Fiber tip envelope - 125um diameter',(#16633));
#16595=APPLICATION_PROTOCOL_DEFINITION('international standard',
'automotive_design',2009,#16596);
#16596=APPLICATION_CONTEXT(
'Core Data for Automotive Mechanical Design Process');
#16597=PRODUCT_CONTEXT('part definition',#16596,'mechanical');
#16598=PRODUCT('2026-09-07-17-54-11-031','(Unsaved)',$,(#16597));
#16599=PRODUCT('2026-09-07-17-54-11-734',
'APA60S XYZ - P0 Packaging and Guide Concept',
'PRELIMINARY ONLY. X optical / Y lateral / Z up. 300 g capacity target
, normal holder represented by an unverified lightweight envelope. No 
FEA or manufacturing release. See README in exported folder.',(#16597));
#16600=PRODUCT('2026-09-07-17-54-11-794',
'00 Coarse carriage adapter - preliminary',$,(#16597));
#16601=PRODUCT('2026-09-07-17-54-11-936',
'01 X fixed-frame support left',$,(#16597));
#16602=PRODUCT('2026-09-07-17-54-12-021',
'02 X fixed-frame support right',$,(#16597));
#16603=PRODUCT('2026-09-07-17-54-12-147','10 X AXIS - optical - outer',

'CONCEPT P0: local Y is motion, local Z is guide depth. Sharp leaf roo
ts and coupling require FEA/redesign before manufacture. No motion joi
nts represent elastic deformation.',(#16597));
#16604=PRODUCT('2026-09-07-17-54-12-176',
'01 Monolithic folded guide - NOT RELEASED',$,(#16597));
#16605=PRODUCT('2026-09-07-17-54-12-689',
'02 Fixed APA mounting pedestal',$,(#16597));
#16606=PRODUCT('2026-09-07-17-54-12-838','03 Fixed pedestal support',$,
(#16597));
#16607=PRODUCT('2026-09-07-17-54-13-023',
'04 Carriage mounting land - coupling TBD',
'Rigid placeholder. Replace with axially stiff angular/transverse reli
ef coupling after vendor off-axis stiffness/limits are obtained.',(#16597));
#16608=PRODUCT('2026-09-07-17-54-13-269','05 CEDRAT APA60S vendor STEP',
$,(#16597));
#16609=PRODUCT('000612-ICD-02','000612-ICD-02',$,(#16597));
#16610=PRODUCT('000917','000917',$,(#16597));
#16611=PRODUCT('2026-09-07-17-54-15-336','11 X carriage central riser',
$,(#16597));
#16612=PRODUCT('2026-09-07-17-54-15-579',
'12 X carriage bridge below Y frame',$,(#16597));
#16613=PRODUCT('2026-09-07-17-54-15-847','13 Y fixed frame rear seat',$,
(#16597));
#16614=PRODUCT('2026-09-07-17-54-16-142','14 Y fixed frame front seat',
$,(#16597));
#16615=PRODUCT('2026-09-07-17-54-16-466','20 Y AXIS - lateral - middle',

'CONCEPT P0: local Y is motion, local Z is guide depth. Sharp leaf roo
ts and coupling require FEA/redesign before manufacture. No motion joi
nts represent elastic deformation.',(#16597));
#16616=PRODUCT('2026-09-07-17-54-16-531',
'01 Monolithic folded guide - NOT RELEASED (1)',$,(#16597));
#16617=PRODUCT('2026-09-07-17-54-17-632',
'02 Fixed APA mounting pedestal (1)',$,(#16597));
#16618=PRODUCT('2026-09-07-17-54-17-946',
'03 Fixed pedestal support (1)',$,(#16597));
#16619=PRODUCT('2026-09-07-17-54-18-306',
'04 Carriage mounting land - coupling TBD (1)',
'Rigid placeholder. Replace with axially stiff angular/transverse reli
ef coupling after vendor off-axis stiffness/limits are obtained.',(#16597));
#16620=PRODUCT('2026-09-07-17-54-18-574',
'05 CEDRAT APA60S vendor STEP (1)',$,(#16597));
#16621=PRODUCT('000612-ICD-02_1','000612-ICD-02 (1)',$,(#16597));
#16622=PRODUCT('000917_1','000917 (1)',$,(#16597));
#16623=PRODUCT('2026-09-07-17-54-20-597',
'21 Y carriage to Z fixed frame pedestal',$,(#16597));
#16624=PRODUCT('2026-09-07-17-54-20-925','30 Z AXIS - vertical - inner',

'CONCEPT P0: local Y is motion, local Z is guide depth. Sharp leaf roo
ts and coupling require FEA/redesign before manufacture. No motion joi
nts represent elastic deformation.',(#16597));
#16625=PRODUCT('2026-09-07-17-54-21-007',
'01 Monolithic folded guide - NOT RELEASED (2)',$,(#16597));
#16626=PRODUCT('2026-09-07-17-54-22-234',
'02 Fixed APA mounting pedestal (2)',$,(#16597));
#16627=PRODUCT('2026-09-07-17-54-22-637',
'03 Fixed pedestal support (2)',$,(#16597));
#16628=PRODUCT('2026-09-07-17-54-23-065',
'04 Carriage mounting land - coupling TBD (2)',
'Rigid placeholder. Replace with axially stiff angular/transverse reli
ef coupling after vendor off-axis stiffness/limits are obtained.',(#16597));
#16629=PRODUCT('2026-09-07-17-54-23-647',
'05 CEDRAT APA60S vendor STEP (2)',$,(#16597));
#16630=PRODUCT('000612-ICD-02_2','000612-ICD-02 (2)',$,(#16597));
#16631=PRODUCT('000917_2','000917 (2)',$,(#16597));
#16632=PRODUCT('2026-09-07-17-54-26-494',
'40 Replaceable fiber nose - PLACEHOLDER',
'Unconfirmed holder envelope. Optical center Z81, Y0. Real mass, clamp
 design, roll, protrusion and COM must replace this placeholder.',(#16597));
#16633=PRODUCT('2026-09-07-17-54-26-979',
'41 Fiber tip envelope - 125um diameter',$,(#16597));
#16634=PRESENTATION_STYLE_ASSIGNMENT((#16636));
#16635=PRESENTATION_STYLE_ASSIGNMENT((#16637));
#16636=SURFACE_STYLE_USAGE(.BOTH.,#16638);
#16637=SURFACE_STYLE_USAGE(.BOTH.,#16639);
#16638=SURFACE_SIDE_STYLE('',(#16640));
#16639=SURFACE_SIDE_STYLE('',(#16641));
#16640=SURFACE_STYLE_FILL_AREA(#16642);
#16641=SURFACE_STYLE_FILL_AREA(#16643);
#16642=FILL_AREA_STYLE('Steel - Satin',(#16644));
#16643=FILL_AREA_STYLE('Opaque(123,125,126)',(#16645));
#16644=FILL_AREA_STYLE_COLOUR('Steel - Satin',#16646);
#16645=FILL_AREA_STYLE_COLOUR('Opaque(123,125,126)',#16647);
#16646=COLOUR_RGB('Steel - Satin',0.627450980392157,0.627450980392157,0.627450980392157);
#16647=COLOUR_RGB('Opaque(123,125,126)',0.482352941176471,0.490196078431373,
0.494117647058824);
ENDSEC;
END-ISO-10303-21;
