ISO-10303-21;
HEADER;
/* Generated by software containing ST-Developer
 * from STEP Tools, Inc. (www.steptools.com) 
 */

FILE_DESCRIPTION(
/* description */ (
'CONCEPT P0: local Y is motion, local Z is guide depth. Sharp leaf roo
ts and coupling require FEA/redesign before manufacture. No motion joi
nts represent elastic deformation.'),
/* implementation_level */ '2;1');

FILE_NAME(
/* name */ 'APA60S_Z_axis_P0.step',
/* time_stamp */ '2026-09-07T17:28:08-07:00',
/* author */ (''),
/* organization */ (''),
/* preprocessor_version */ 'ST-DEVELOPER v20.1',
/* originating_system */ 'Autodesk Translation Framework v15.8.0.0',
/* authorisation */ '');

FILE_SCHEMA (('AUTOMOTIVE_DESIGN { 1 0 10303 214 3 1 1 }'));
ENDSEC;

DATA;
#10=MECHANICAL_DESIGN_GEOMETRIC_PRESENTATION_REPRESENTATION('',(#61,#62,
#63,#64,#65,#66,#67),#4911);
#11=ITEM_DEFINED_TRANSFORMATION($,$,#3147,#3228);
#12=ITEM_DEFINED_TRANSFORMATION($,$,#3146,#3229);
#13=ITEM_DEFINED_TRANSFORMATION($,$,#3055,#3258);
#14=ITEM_DEFINED_TRANSFORMATION($,$,#3138,#3259);
#15=ITEM_DEFINED_TRANSFORMATION($,$,#3145,#3260);
#16=ITEM_DEFINED_TRANSFORMATION($,$,#3230,#3261);
#17=ITEM_DEFINED_TRANSFORMATION($,$,#3237,#3262);
#18=ITEM_DEFINED_TRANSFORMATION($,$,#3244,#3263);
#19=ITEM_DEFINED_TRANSFORMATION($,$,#3251,#3264);
#20=(
REPRESENTATION_RELATIONSHIP($,$,#4950,#4949)
REPRESENTATION_RELATIONSHIP_WITH_TRANSFORMATION(#11)
SHAPE_REPRESENTATION_RELATIONSHIP()
);
#21=(
REPRESENTATION_RELATIONSHIP($,$,#4949,#4948)
REPRESENTATION_RELATIONSHIP_WITH_TRANSFORMATION(#12)
SHAPE_REPRESENTATION_RELATIONSHIP()
);
#22=(
REPRESENTATION_RELATIONSHIP($,$,#4946,#4945)
REPRESENTATION_RELATIONSHIP_WITH_TRANSFORMATION(#13)
SHAPE_REPRESENTATION_RELATIONSHIP()
);
#23=(
REPRESENTATION_RELATIONSHIP($,$,#4947,#4945)
REPRESENTATION_RELATIONSHIP_WITH_TRANSFORMATION(#14)
SHAPE_REPRESENTATION_RELATIONSHIP()
);
#24=(
REPRESENTATION_RELATIONSHIP($,$,#4948,#4945)
REPRESENTATION_RELATIONSHIP_WITH_TRANSFORMATION(#15)
SHAPE_REPRESENTATION_RELATIONSHIP()
);
#25=(
REPRESENTATION_RELATIONSHIP($,$,#4951,#4945)
REPRESENTATION_RELATIONSHIP_WITH_TRANSFORMATION(#16)
SHAPE_REPRESENTATION_RELATIONSHIP()
);
#26=(
REPRESENTATION_RELATIONSHIP($,$,#4952,#4945)
REPRESENTATION_RELATIONSHIP_WITH_TRANSFORMATION(#17)
SHAPE_REPRESENTATION_RELATIONSHIP()
);
#27=(
REPRESENTATION_RELATIONSHIP($,$,#4953,#4945)
REPRESENTATION_RELATIONSHIP_WITH_TRANSFORMATION(#18)
SHAPE_REPRESENTATION_RELATIONSHIP()
);
#28=(
REPRESENTATION_RELATIONSHIP($,$,#4954,#4945)
REPRESENTATION_RELATIONSHIP_WITH_TRANSFORMATION(#19)
SHAPE_REPRESENTATION_RELATIONSHIP()
);
#29=CONTEXT_DEPENDENT_SHAPE_REPRESENTATION(#20,#4932);
#30=CONTEXT_DEPENDENT_SHAPE_REPRESENTATION(#21,#4933);
#31=CONTEXT_DEPENDENT_SHAPE_REPRESENTATION(#22,#4938);
#32=CONTEXT_DEPENDENT_SHAPE_REPRESENTATION(#23,#4939);
#33=CONTEXT_DEPENDENT_SHAPE_REPRESENTATION(#24,#4940);
#34=CONTEXT_DEPENDENT_SHAPE_REPRESENTATION(#25,#4941);
#35=CONTEXT_DEPENDENT_SHAPE_REPRESENTATION(#26,#4942);
#36=CONTEXT_DEPENDENT_SHAPE_REPRESENTATION(#27,#4943);
#37=CONTEXT_DEPENDENT_SHAPE_REPRESENTATION(#28,#4944);
#38=NEXT_ASSEMBLY_USAGE_OCCURRENCE('000917 (2):1','000917 (2):1',
'000917 (2):1',#4960,#4961,'000917 (2):1');
#39=NEXT_ASSEMBLY_USAGE_OCCURRENCE('000612-ICD-02 (2):1',
'000612-ICD-02 (2):1','000612-ICD-02 (2):1',#4959,#4960,
'000612-ICD-02 (2):1');
#40=NEXT_ASSEMBLY_USAGE_OCCURRENCE(
'01 Monolithic folded guide - NOT RELEASED (2):1',
'01 Monolithic folded guide - NOT RELEASED (2):1',
'01 Monolithic folded guide - NOT RELEASED (2):1',#4956,#4957,
'01 Monolithic folded guide - NOT RELEASED (2):1');
#41=NEXT_ASSEMBLY_USAGE_OCCURRENCE(
'04 Carriage mounting land - coupling TBD (2):1',
'04 Carriage mounting land - coupling TBD (2):1',
'04 Carriage mounting land - coupling TBD (2):1',#4956,#4958,
'04 Carriage mounting land - coupling TBD (2):1');
#42=NEXT_ASSEMBLY_USAGE_OCCURRENCE('05 CEDRAT APA60S vendor STEP (2):1',
'05 CEDRAT APA60S vendor STEP (2):1',
'05 CEDRAT APA60S vendor STEP (2):1',#4956,#4959,
'05 CEDRAT APA60S vendor STEP (2):1');
#43=NEXT_ASSEMBLY_USAGE_OCCURRENCE('06 Handling stop x-7 (2):1',
'06 Handling stop x-7 (2):1','06 Handling stop x-7 (2):1',#4956,#4962,
'06 Handling stop x-7 (2):1');
#44=NEXT_ASSEMBLY_USAGE_OCCURRENCE('06 Handling stop x7 (2):1',
'06 Handling stop x7 (2):1','06 Handling stop x7 (2):1',#4956,#4963,
'06 Handling stop x7 (2):1');
#45=NEXT_ASSEMBLY_USAGE_OCCURRENCE(
'02 Fixed APA mounting pedestal (2):1',
'02 Fixed APA mounting pedestal (2):1',
'02 Fixed APA mounting pedestal (2):1',#4956,#4964,
'02 Fixed APA mounting pedestal (2):1');
#46=NEXT_ASSEMBLY_USAGE_OCCURRENCE('03 Fixed pedestal support (2):1',
'03 Fixed pedestal support (2):1','03 Fixed pedestal support (2):1',#4956,
#4965,'03 Fixed pedestal support (2):1');
#47=SHAPE_REPRESENTATION_RELATIONSHIP('SRR','None',#4946,#54);
#48=SHAPE_REPRESENTATION_RELATIONSHIP('SRR','None',#4947,#55);
#49=SHAPE_REPRESENTATION_RELATIONSHIP('SRR','None',#4950,#56);
#50=SHAPE_REPRESENTATION_RELATIONSHIP('SRR','None',#4951,#57);
#51=SHAPE_REPRESENTATION_RELATIONSHIP('SRR','None',#4952,#58);
#52=SHAPE_REPRESENTATION_RELATIONSHIP('SRR','None',#4953,#59);
#53=SHAPE_REPRESENTATION_RELATIONSHIP('SRR','None',#4954,#60);
#54=ADVANCED_BREP_SHAPE_REPRESENTATION('',(#68),#4902);
#55=ADVANCED_BREP_SHAPE_REPRESENTATION('',(#69),#4903);
#56=ADVANCED_BREP_SHAPE_REPRESENTATION('',(#70),#4906);
#57=ADVANCED_BREP_SHAPE_REPRESENTATION('',(#71),#4907);
#58=ADVANCED_BREP_SHAPE_REPRESENTATION('',(#72),#4908);
#59=ADVANCED_BREP_SHAPE_REPRESENTATION('',(#73),#4909);
#60=ADVANCED_BREP_SHAPE_REPRESENTATION('',(#74),#4910);
#61=STYLED_ITEM('',(#4999),#68);
#62=STYLED_ITEM('',(#4999),#69);
#63=STYLED_ITEM('',(#5000),#70);
#64=STYLED_ITEM('',(#4999),#71);
#65=STYLED_ITEM('',(#4999),#72);
#66=STYLED_ITEM('',(#4999),#73);
#67=STYLED_ITEM('',(#4999),#74);
#68=MANIFOLD_SOLID_BREP(
'APA60S XYZ - P0 Packaging and Guide Concept:1+30 Z AXIS - vertical - 
inner:1+01 Monolithic folded guide - NOT RELEASED (2):1',#2969);
#69=MANIFOLD_SOLID_BREP(
'APA60S XYZ - P0 Packaging and Guide Concept:1+30 Z AXIS - vertical - 
inner:1+04 Carriage mounting land - coupling TBD (2):1',#2970);
#70=MANIFOLD_SOLID_BREP(
'APA60S XYZ - P0 Packaging and Guide Concept:1+30 Z AXIS - vertical - 
inner:1+05 CEDRAT APA60S vendor STEP (2):1+000612-ICD-02 (2):1+000917 
(2):1',#2971);
#71=MANIFOLD_SOLID_BREP(
'APA60S XYZ - P0 Packaging and Guide Concept:1+30 Z AXIS - vertical - 
inner:1+06 Handling stop x-7 (2):1',#2972);
#72=MANIFOLD_SOLID_BREP(
'APA60S XYZ - P0 Packaging and Guide Concept:1+30 Z AXIS - vertical - 
inner:1+06 Handling stop x7 (2):1',#2973);
#73=MANIFOLD_SOLID_BREP(
'APA60S XYZ - P0 Packaging and Guide Concept:1+30 Z AXIS - vertical - 
inner:1+02 Fixed APA mounting pedestal (2):1',#2974);
#74=MANIFOLD_SOLID_BREP(
'APA60S XYZ - P0 Packaging and Guide Concept:1+30 Z AXIS - vertical - 
inner:1+03 Fixed pedestal support (2):1',#2975);
#75=FACE_BOUND('',#446,.T.);
#76=FACE_BOUND('',#447,.T.);
#77=FACE_BOUND('',#448,.T.);
#78=FACE_BOUND('',#449,.T.);
#79=FACE_BOUND('',#450,.T.);
#80=FACE_BOUND('',#451,.T.);
#81=FACE_BOUND('',#452,.T.);
#82=FACE_BOUND('',#453,.T.);
#83=FACE_BOUND('',#454,.T.);
#84=FACE_BOUND('',#455,.T.);
#85=FACE_BOUND('',#457,.T.);
#86=FACE_BOUND('',#458,.T.);
#87=FACE_BOUND('',#459,.T.);
#88=FACE_BOUND('',#460,.T.);
#89=FACE_BOUND('',#461,.T.);
#90=FACE_BOUND('',#462,.T.);
#91=FACE_BOUND('',#463,.T.);
#92=FACE_BOUND('',#464,.T.);
#93=FACE_BOUND('',#465,.T.);
#94=FACE_BOUND('',#466,.T.);
#95=FACE_BOUND('',#488,.T.);
#96=FACE_BOUND('',#490,.T.);
#97=FACE_BOUND('',#498,.T.);
#98=FACE_BOUND('',#500,.T.);
#99=PLANE('',#3068);
#100=PLANE('',#3069);
#101=PLANE('',#3070);
#102=PLANE('',#3071);
#103=PLANE('',#3072);
#104=PLANE('',#3073);
#105=PLANE('',#3074);
#106=PLANE('',#3075);
#107=PLANE('',#3076);
#108=PLANE('',#3077);
#109=PLANE('',#3078);
#110=PLANE('',#3079);
#111=PLANE('',#3080);
#112=PLANE('',#3081);
#113=PLANE('',#3082);
#114=PLANE('',#3083);
#115=PLANE('',#3084);
#116=PLANE('',#3085);
#117=PLANE('',#3086);
#118=PLANE('',#3087);
#119=PLANE('',#3088);
#120=PLANE('',#3089);
#121=PLANE('',#3090);
#122=PLANE('',#3091);
#123=PLANE('',#3092);
#124=PLANE('',#3093);
#125=PLANE('',#3094);
#126=PLANE('',#3095);
#127=PLANE('',#3096);
#128=PLANE('',#3097);
#129=PLANE('',#3098);
#130=PLANE('',#3099);
#131=PLANE('',#3100);
#132=PLANE('',#3101);
#133=PLANE('',#3102);
#134=PLANE('',#3103);
#135=PLANE('',#3104);
#136=PLANE('',#3105);
#137=PLANE('',#3106);
#138=PLANE('',#3107);
#139=PLANE('',#3108);
#140=PLANE('',#3109);
#141=PLANE('',#3110);
#142=PLANE('',#3111);
#143=PLANE('',#3112);
#144=PLANE('',#3113);
#145=PLANE('',#3114);
#146=PLANE('',#3115);
#147=PLANE('',#3116);
#148=PLANE('',#3117);
#149=PLANE('',#3118);
#150=PLANE('',#3119);
#151=PLANE('',#3120);
#152=PLANE('',#3121);
#153=PLANE('',#3122);
#154=PLANE('',#3123);
#155=PLANE('',#3124);
#156=PLANE('',#3125);
#157=PLANE('',#3126);
#158=PLANE('',#3127);
#159=PLANE('',#3128);
#160=PLANE('',#3129);
#161=PLANE('',#3130);
#162=PLANE('',#3131);
#163=PLANE('',#3132);
#164=PLANE('',#3133);
#165=PLANE('',#3134);
#166=PLANE('',#3135);
#167=PLANE('',#3136);
#168=PLANE('',#3137);
#169=PLANE('',#3139);
#170=PLANE('',#3140);
#171=PLANE('',#3141);
#172=PLANE('',#3142);
#173=PLANE('',#3143);
#174=PLANE('',#3144);
#175=PLANE('',#3148);
#176=PLANE('',#3149);
#177=PLANE('',#3156);
#178=PLANE('',#3163);
#179=PLANE('',#3170);
#180=PLANE('',#3177);
#181=PLANE('',#3178);
#182=PLANE('',#3179);
#183=PLANE('',#3180);
#184=PLANE('',#3184);
#185=PLANE('',#3187);
#186=PLANE('',#3188);
#187=PLANE('',#3190);
#188=PLANE('',#3196);
#189=PLANE('',#3199);
#190=PLANE('',#3200);
#191=PLANE('',#3202);
#192=PLANE('',#3205);
#193=PLANE('',#3209);
#194=PLANE('',#3212);
#195=PLANE('',#3217);
#196=PLANE('',#3220);
#197=PLANE('',#3224);
#198=PLANE('',#3225);
#199=PLANE('',#3226);
#200=PLANE('',#3227);
#201=PLANE('',#3231);
#202=PLANE('',#3232);
#203=PLANE('',#3233);
#204=PLANE('',#3234);
#205=PLANE('',#3235);
#206=PLANE('',#3236);
#207=PLANE('',#3238);
#208=PLANE('',#3239);
#209=PLANE('',#3240);
#210=PLANE('',#3241);
#211=PLANE('',#3242);
#212=PLANE('',#3243);
#213=PLANE('',#3245);
#214=PLANE('',#3246);
#215=PLANE('',#3247);
#216=PLANE('',#3248);
#217=PLANE('',#3249);
#218=PLANE('',#3250);
#219=PLANE('',#3252);
#220=PLANE('',#3253);
#221=PLANE('',#3254);
#222=PLANE('',#3255);
#223=PLANE('',#3256);
#224=PLANE('',#3257);
#225=FACE_OUTER_BOUND('',#373,.T.);
#226=FACE_OUTER_BOUND('',#374,.T.);
#227=FACE_OUTER_BOUND('',#375,.T.);
#228=FACE_OUTER_BOUND('',#376,.T.);
#229=FACE_OUTER_BOUND('',#377,.T.);
#230=FACE_OUTER_BOUND('',#378,.T.);
#231=FACE_OUTER_BOUND('',#379,.T.);
#232=FACE_OUTER_BOUND('',#380,.T.);
#233=FACE_OUTER_BOUND('',#381,.T.);
#234=FACE_OUTER_BOUND('',#382,.T.);
#235=FACE_OUTER_BOUND('',#383,.T.);
#236=FACE_OUTER_BOUND('',#384,.T.);
#237=FACE_OUTER_BOUND('',#385,.T.);
#238=FACE_OUTER_BOUND('',#386,.T.);
#239=FACE_OUTER_BOUND('',#387,.T.);
#240=FACE_OUTER_BOUND('',#388,.T.);
#241=FACE_OUTER_BOUND('',#389,.T.);
#242=FACE_OUTER_BOUND('',#390,.T.);
#243=FACE_OUTER_BOUND('',#391,.T.);
#244=FACE_OUTER_BOUND('',#392,.T.);
#245=FACE_OUTER_BOUND('',#393,.T.);
#246=FACE_OUTER_BOUND('',#394,.T.);
#247=FACE_OUTER_BOUND('',#395,.T.);
#248=FACE_OUTER_BOUND('',#396,.T.);
#249=FACE_OUTER_BOUND('',#397,.T.);
#250=FACE_OUTER_BOUND('',#398,.T.);
#251=FACE_OUTER_BOUND('',#399,.T.);
#252=FACE_OUTER_BOUND('',#400,.T.);
#253=FACE_OUTER_BOUND('',#401,.T.);
#254=FACE_OUTER_BOUND('',#402,.T.);
#255=FACE_OUTER_BOUND('',#403,.T.);
#256=FACE_OUTER_BOUND('',#404,.T.);
#257=FACE_OUTER_BOUND('',#405,.T.);
#258=FACE_OUTER_BOUND('',#406,.T.);
#259=FACE_OUTER_BOUND('',#407,.T.);
#260=FACE_OUTER_BOUND('',#408,.T.);
#261=FACE_OUTER_BOUND('',#409,.T.);
#262=FACE_OUTER_BOUND('',#410,.T.);
#263=FACE_OUTER_BOUND('',#411,.T.);
#264=FACE_OUTER_BOUND('',#412,.T.);
#265=FACE_OUTER_BOUND('',#413,.T.);
#266=FACE_OUTER_BOUND('',#414,.T.);
#267=FACE_OUTER_BOUND('',#415,.T.);
#268=FACE_OUTER_BOUND('',#416,.T.);
#269=FACE_OUTER_BOUND('',#417,.T.);
#270=FACE_OUTER_BOUND('',#418,.T.);
#271=FACE_OUTER_BOUND('',#419,.T.);
#272=FACE_OUTER_BOUND('',#420,.T.);
#273=FACE_OUTER_BOUND('',#421,.T.);
#274=FACE_OUTER_BOUND('',#422,.T.);
#275=FACE_OUTER_BOUND('',#423,.T.);
#276=FACE_OUTER_BOUND('',#424,.T.);
#277=FACE_OUTER_BOUND('',#425,.T.);
#278=FACE_OUTER_BOUND('',#426,.T.);
#279=FACE_OUTER_BOUND('',#427,.T.);
#280=FACE_OUTER_BOUND('',#428,.T.);
#281=FACE_OUTER_BOUND('',#429,.T.);
#282=FACE_OUTER_BOUND('',#430,.T.);
#283=FACE_OUTER_BOUND('',#431,.T.);
#284=FACE_OUTER_BOUND('',#432,.T.);
#285=FACE_OUTER_BOUND('',#433,.T.);
#286=FACE_OUTER_BOUND('',#434,.T.);
#287=FACE_OUTER_BOUND('',#435,.T.);
#288=FACE_OUTER_BOUND('',#436,.T.);
#289=FACE_OUTER_BOUND('',#437,.T.);
#290=FACE_OUTER_BOUND('',#438,.T.);
#291=FACE_OUTER_BOUND('',#439,.T.);
#292=FACE_OUTER_BOUND('',#440,.T.);
#293=FACE_OUTER_BOUND('',#441,.T.);
#294=FACE_OUTER_BOUND('',#442,.T.);
#295=FACE_OUTER_BOUND('',#443,.T.);
#296=FACE_OUTER_BOUND('',#444,.T.);
#297=FACE_OUTER_BOUND('',#445,.T.);
#298=FACE_OUTER_BOUND('',#456,.T.);
#299=FACE_OUTER_BOUND('',#467,.T.);
#300=FACE_OUTER_BOUND('',#468,.T.);
#301=FACE_OUTER_BOUND('',#469,.T.);
#302=FACE_OUTER_BOUND('',#470,.T.);
#303=FACE_OUTER_BOUND('',#471,.T.);
#304=FACE_OUTER_BOUND('',#472,.T.);
#305=FACE_OUTER_BOUND('',#473,.T.);
#306=FACE_OUTER_BOUND('',#474,.T.);
#307=FACE_OUTER_BOUND('',#475,.T.);
#308=FACE_OUTER_BOUND('',#476,.T.);
#309=FACE_OUTER_BOUND('',#477,.T.);
#310=FACE_OUTER_BOUND('',#478,.T.);
#311=FACE_OUTER_BOUND('',#479,.T.);
#312=FACE_OUTER_BOUND('',#480,.T.);
#313=FACE_OUTER_BOUND('',#481,.T.);
#314=FACE_OUTER_BOUND('',#482,.T.);
#315=FACE_OUTER_BOUND('',#483,.T.);
#316=FACE_OUTER_BOUND('',#484,.T.);
#317=FACE_OUTER_BOUND('',#485,.T.);
#318=FACE_OUTER_BOUND('',#486,.T.);
#319=FACE_OUTER_BOUND('',#487,.T.);
#320=FACE_OUTER_BOUND('',#489,.T.);
#321=FACE_OUTER_BOUND('',#491,.T.);
#322=FACE_OUTER_BOUND('',#492,.T.);
#323=FACE_OUTER_BOUND('',#493,.T.);
#324=FACE_OUTER_BOUND('',#494,.T.);
#325=FACE_OUTER_BOUND('',#495,.T.);
#326=FACE_OUTER_BOUND('',#496,.T.);
#327=FACE_OUTER_BOUND('',#497,.T.);
#328=FACE_OUTER_BOUND('',#499,.T.);
#329=FACE_OUTER_BOUND('',#501,.T.);
#330=FACE_OUTER_BOUND('',#502,.T.);
#331=FACE_OUTER_BOUND('',#503,.T.);
#332=FACE_OUTER_BOUND('',#504,.T.);
#333=FACE_OUTER_BOUND('',#505,.T.);
#334=FACE_OUTER_BOUND('',#506,.T.);
#335=FACE_OUTER_BOUND('',#507,.T.);
#336=FACE_OUTER_BOUND('',#508,.T.);
#337=FACE_OUTER_BOUND('',#509,.T.);
#338=FACE_OUTER_BOUND('',#510,.T.);
#339=FACE_OUTER_BOUND('',#511,.T.);
#340=FACE_OUTER_BOUND('',#512,.T.);
#341=FACE_OUTER_BOUND('',#513,.T.);
#342=FACE_OUTER_BOUND('',#514,.T.);
#343=FACE_OUTER_BOUND('',#515,.T.);
#344=FACE_OUTER_BOUND('',#516,.T.);
#345=FACE_OUTER_BOUND('',#517,.T.);
#346=FACE_OUTER_BOUND('',#518,.T.);
#347=FACE_OUTER_BOUND('',#519,.T.);
#348=FACE_OUTER_BOUND('',#520,.T.);
#349=FACE_OUTER_BOUND('',#521,.T.);
#350=FACE_OUTER_BOUND('',#522,.T.);
#351=FACE_OUTER_BOUND('',#523,.T.);
#352=FACE_OUTER_BOUND('',#524,.T.);
#353=FACE_OUTER_BOUND('',#525,.T.);
#354=FACE_OUTER_BOUND('',#526,.T.);
#355=FACE_OUTER_BOUND('',#527,.T.);
#356=FACE_OUTER_BOUND('',#528,.T.);
#357=FACE_OUTER_BOUND('',#529,.T.);
#358=FACE_OUTER_BOUND('',#530,.T.);
#359=FACE_OUTER_BOUND('',#531,.T.);
#360=FACE_OUTER_BOUND('',#532,.T.);
#361=FACE_OUTER_BOUND('',#533,.T.);
#362=FACE_OUTER_BOUND('',#534,.T.);
#363=FACE_OUTER_BOUND('',#535,.T.);
#364=FACE_OUTER_BOUND('',#536,.T.);
#365=FACE_OUTER_BOUND('',#537,.T.);
#366=FACE_OUTER_BOUND('',#538,.T.);
#367=FACE_OUTER_BOUND('',#539,.T.);
#368=FACE_OUTER_BOUND('',#540,.T.);
#369=FACE_OUTER_BOUND('',#541,.T.);
#370=FACE_OUTER_BOUND('',#542,.T.);
#371=FACE_OUTER_BOUND('',#543,.T.);
#372=FACE_OUTER_BOUND('',#544,.T.);
#373=EDGE_LOOP('',(#1987,#1988,#1989,#1990));
#374=EDGE_LOOP('',(#1991,#1992,#1993,#1994));
#375=EDGE_LOOP('',(#1995,#1996,#1997,#1998));
#376=EDGE_LOOP('',(#1999,#2000,#2001,#2002));
#377=EDGE_LOOP('',(#2003,#2004,#2005,#2006));
#378=EDGE_LOOP('',(#2007,#2008,#2009,#2010));
#379=EDGE_LOOP('',(#2011,#2012,#2013,#2014));
#380=EDGE_LOOP('',(#2015,#2016,#2017,#2018));
#381=EDGE_LOOP('',(#2019,#2020,#2021,#2022));
#382=EDGE_LOOP('',(#2023,#2024,#2025,#2026));
#383=EDGE_LOOP('',(#2027,#2028,#2029,#2030));
#384=EDGE_LOOP('',(#2031,#2032,#2033,#2034));
#385=EDGE_LOOP('',(#2035,#2036,#2037,#2038));
#386=EDGE_LOOP('',(#2039,#2040,#2041,#2042));
#387=EDGE_LOOP('',(#2043,#2044,#2045,#2046));
#388=EDGE_LOOP('',(#2047,#2048,#2049,#2050));
#389=EDGE_LOOP('',(#2051,#2052,#2053,#2054));
#390=EDGE_LOOP('',(#2055,#2056,#2057,#2058));
#391=EDGE_LOOP('',(#2059,#2060,#2061,#2062));
#392=EDGE_LOOP('',(#2063,#2064,#2065,#2066));
#393=EDGE_LOOP('',(#2067,#2068,#2069,#2070));
#394=EDGE_LOOP('',(#2071,#2072,#2073,#2074));
#395=EDGE_LOOP('',(#2075,#2076,#2077,#2078));
#396=EDGE_LOOP('',(#2079,#2080,#2081,#2082));
#397=EDGE_LOOP('',(#2083,#2084,#2085,#2086));
#398=EDGE_LOOP('',(#2087,#2088,#2089,#2090));
#399=EDGE_LOOP('',(#2091,#2092,#2093,#2094));
#400=EDGE_LOOP('',(#2095,#2096,#2097,#2098));
#401=EDGE_LOOP('',(#2099,#2100,#2101,#2102));
#402=EDGE_LOOP('',(#2103,#2104,#2105,#2106));
#403=EDGE_LOOP('',(#2107,#2108,#2109,#2110));
#404=EDGE_LOOP('',(#2111,#2112,#2113,#2114));
#405=EDGE_LOOP('',(#2115,#2116,#2117,#2118));
#406=EDGE_LOOP('',(#2119,#2120,#2121,#2122));
#407=EDGE_LOOP('',(#2123,#2124,#2125,#2126));
#408=EDGE_LOOP('',(#2127,#2128,#2129,#2130));
#409=EDGE_LOOP('',(#2131,#2132,#2133,#2134));
#410=EDGE_LOOP('',(#2135,#2136,#2137,#2138));
#411=EDGE_LOOP('',(#2139,#2140,#2141,#2142));
#412=EDGE_LOOP('',(#2143,#2144,#2145,#2146));
#413=EDGE_LOOP('',(#2147,#2148,#2149,#2150));
#414=EDGE_LOOP('',(#2151,#2152,#2153,#2154));
#415=EDGE_LOOP('',(#2155,#2156,#2157,#2158));
#416=EDGE_LOOP('',(#2159,#2160,#2161,#2162));
#417=EDGE_LOOP('',(#2163,#2164,#2165,#2166));
#418=EDGE_LOOP('',(#2167,#2168,#2169,#2170));
#419=EDGE_LOOP('',(#2171,#2172,#2173,#2174));
#420=EDGE_LOOP('',(#2175,#2176,#2177,#2178));
#421=EDGE_LOOP('',(#2179,#2180,#2181,#2182));
#422=EDGE_LOOP('',(#2183,#2184,#2185,#2186));
#423=EDGE_LOOP('',(#2187,#2188,#2189,#2190));
#424=EDGE_LOOP('',(#2191,#2192,#2193,#2194));
#425=EDGE_LOOP('',(#2195,#2196,#2197,#2198));
#426=EDGE_LOOP('',(#2199,#2200,#2201,#2202));
#427=EDGE_LOOP('',(#2203,#2204,#2205,#2206));
#428=EDGE_LOOP('',(#2207,#2208,#2209,#2210));
#429=EDGE_LOOP('',(#2211,#2212,#2213,#2214));
#430=EDGE_LOOP('',(#2215,#2216,#2217,#2218));
#431=EDGE_LOOP('',(#2219,#2220,#2221,#2222));
#432=EDGE_LOOP('',(#2223,#2224,#2225,#2226));
#433=EDGE_LOOP('',(#2227,#2228,#2229,#2230));
#434=EDGE_LOOP('',(#2231,#2232,#2233,#2234));
#435=EDGE_LOOP('',(#2235,#2236,#2237,#2238));
#436=EDGE_LOOP('',(#2239,#2240,#2241,#2242));
#437=EDGE_LOOP('',(#2243,#2244,#2245,#2246));
#438=EDGE_LOOP('',(#2247,#2248,#2249,#2250));
#439=EDGE_LOOP('',(#2251,#2252,#2253,#2254));
#440=EDGE_LOOP('',(#2255,#2256,#2257,#2258));
#441=EDGE_LOOP('',(#2259,#2260,#2261,#2262));
#442=EDGE_LOOP('',(#2263,#2264,#2265,#2266));
#443=EDGE_LOOP('',(#2267,#2268,#2269,#2270));
#444=EDGE_LOOP('',(#2271,#2272,#2273,#2274));
#445=EDGE_LOOP('',(#2275,#2276,#2277,#2278));
#446=EDGE_LOOP('',(#2279,#2280,#2281,#2282,#2283,#2284,#2285,#2286,#2287,
#2288,#2289,#2290));
#447=EDGE_LOOP('',(#2291,#2292,#2293,#2294,#2295,#2296,#2297,#2298,#2299,
#2300,#2301,#2302));
#448=EDGE_LOOP('',(#2303,#2304,#2305,#2306,#2307,#2308,#2309,#2310,#2311,
#2312,#2313,#2314,#2315,#2316,#2317,#2318));
#449=EDGE_LOOP('',(#2319,#2320,#2321,#2322));
#450=EDGE_LOOP('',(#2323,#2324,#2325,#2326,#2327,#2328,#2329,#2330,#2331,
#2332,#2333,#2334,#2335,#2336,#2337,#2338));
#451=EDGE_LOOP('',(#2339,#2340,#2341,#2342));
#452=EDGE_LOOP('',(#2343));
#453=EDGE_LOOP('',(#2344));
#454=EDGE_LOOP('',(#2345));
#455=EDGE_LOOP('',(#2346));
#456=EDGE_LOOP('',(#2347,#2348,#2349,#2350));
#457=EDGE_LOOP('',(#2351,#2352,#2353,#2354,#2355,#2356,#2357,#2358,#2359,
#2360,#2361,#2362));
#458=EDGE_LOOP('',(#2363,#2364,#2365,#2366,#2367,#2368,#2369,#2370,#2371,
#2372,#2373,#2374));
#459=EDGE_LOOP('',(#2375,#2376,#2377,#2378,#2379,#2380,#2381,#2382,#2383,
#2384,#2385,#2386,#2387,#2388,#2389,#2390));
#460=EDGE_LOOP('',(#2391,#2392,#2393,#2394));
#461=EDGE_LOOP('',(#2395,#2396,#2397,#2398,#2399,#2400,#2401,#2402,#2403,
#2404,#2405,#2406,#2407,#2408,#2409,#2410));
#462=EDGE_LOOP('',(#2411,#2412,#2413,#2414));
#463=EDGE_LOOP('',(#2415));
#464=EDGE_LOOP('',(#2416));
#465=EDGE_LOOP('',(#2417));
#466=EDGE_LOOP('',(#2418));
#467=EDGE_LOOP('',(#2419,#2420,#2421,#2422));
#468=EDGE_LOOP('',(#2423,#2424,#2425,#2426));
#469=EDGE_LOOP('',(#2427,#2428,#2429,#2430));
#470=EDGE_LOOP('',(#2431,#2432,#2433,#2434));
#471=EDGE_LOOP('',(#2435,#2436,#2437,#2438));
#472=EDGE_LOOP('',(#2439,#2440,#2441,#2442));
#473=EDGE_LOOP('',(#2443,#2444,#2445,#2446));
#474=EDGE_LOOP('',(#2447,#2448,#2449,#2450,#2451,#2452,#2453,#2454,#2455,
#2456,#2457,#2458,#2459,#2460,#2461,#2462));
#475=EDGE_LOOP('',(#2463,#2464,#2465,#2466,#2467,#2468,#2469,#2470,#2471,
#2472,#2473,#2474,#2475,#2476,#2477,#2478));
#476=EDGE_LOOP('',(#2479,#2480,#2481,#2482,#2483,#2484,#2485,#2486,#2487,
#2488,#2489,#2490,#2491,#2492,#2493,#2494));
#477=EDGE_LOOP('',(#2495,#2496,#2497,#2498,#2499,#2500,#2501,#2502,#2503,
#2504,#2505,#2506,#2507,#2508,#2509,#2510));
#478=EDGE_LOOP('',(#2511,#2512,#2513,#2514));
#479=EDGE_LOOP('',(#2515,#2516,#2517,#2518));
#480=EDGE_LOOP('',(#2519,#2520,#2521,#2522));
#481=EDGE_LOOP('',(#2523,#2524,#2525,#2526));
#482=EDGE_LOOP('',(#2527,#2528,#2529,#2530,#2531,#2532));
#483=EDGE_LOOP('',(#2533,#2534,#2535,#2536));
#484=EDGE_LOOP('',(#2537,#2538,#2539,#2540));
#485=EDGE_LOOP('',(#2541,#2542,#2543,#2544));
#486=EDGE_LOOP('',(#2545,#2546,#2547,#2548));
#487=EDGE_LOOP('',(#2549,#2550,#2551,#2552));
#488=EDGE_LOOP('',(#2553));
#489=EDGE_LOOP('',(#2554,#2555,#2556,#2557));
#490=EDGE_LOOP('',(#2558));
#491=EDGE_LOOP('',(#2559,#2560,#2561,#2562));
#492=EDGE_LOOP('',(#2563,#2564,#2565,#2566,#2567,#2568));
#493=EDGE_LOOP('',(#2569,#2570,#2571,#2572));
#494=EDGE_LOOP('',(#2573,#2574,#2575,#2576));
#495=EDGE_LOOP('',(#2577,#2578,#2579,#2580));
#496=EDGE_LOOP('',(#2581,#2582,#2583,#2584));
#497=EDGE_LOOP('',(#2585,#2586,#2587,#2588));
#498=EDGE_LOOP('',(#2589));
#499=EDGE_LOOP('',(#2590,#2591,#2592,#2593));
#500=EDGE_LOOP('',(#2594));
#501=EDGE_LOOP('',(#2595,#2596,#2597,#2598));
#502=EDGE_LOOP('',(#2599,#2600,#2601,#2602));
#503=EDGE_LOOP('',(#2603,#2604,#2605,#2606,#2607,#2608));
#504=EDGE_LOOP('',(#2609,#2610,#2611,#2612));
#505=EDGE_LOOP('',(#2613,#2614,#2615,#2616));
#506=EDGE_LOOP('',(#2617,#2618,#2619,#2620));
#507=EDGE_LOOP('',(#2621,#2622,#2623,#2624));
#508=EDGE_LOOP('',(#2625,#2626,#2627,#2628));
#509=EDGE_LOOP('',(#2629,#2630,#2631,#2632,#2633,#2634));
#510=EDGE_LOOP('',(#2635,#2636,#2637,#2638));
#511=EDGE_LOOP('',(#2639,#2640,#2641,#2642));
#512=EDGE_LOOP('',(#2643,#2644,#2645,#2646));
#513=EDGE_LOOP('',(#2647,#2648,#2649,#2650));
#514=EDGE_LOOP('',(#2651,#2652,#2653,#2654));
#515=EDGE_LOOP('',(#2655,#2656,#2657,#2658));
#516=EDGE_LOOP('',(#2659,#2660,#2661,#2662));
#517=EDGE_LOOP('',(#2663,#2664,#2665,#2666,#2667,#2668,#2669,#2670,#2671,
#2672,#2673,#2674));
#518=EDGE_LOOP('',(#2675,#2676,#2677,#2678,#2679,#2680,#2681,#2682,#2683,
#2684,#2685,#2686));
#519=EDGE_LOOP('',(#2687,#2688,#2689,#2690,#2691,#2692,#2693,#2694));
#520=EDGE_LOOP('',(#2695,#2696,#2697,#2698,#2699,#2700,#2701,#2702));
#521=EDGE_LOOP('',(#2703,#2704,#2705,#2706));
#522=EDGE_LOOP('',(#2707,#2708,#2709,#2710));
#523=EDGE_LOOP('',(#2711,#2712,#2713,#2714));
#524=EDGE_LOOP('',(#2715,#2716,#2717,#2718));
#525=EDGE_LOOP('',(#2719,#2720,#2721,#2722));
#526=EDGE_LOOP('',(#2723,#2724,#2725,#2726));
#527=EDGE_LOOP('',(#2727,#2728,#2729,#2730));
#528=EDGE_LOOP('',(#2731,#2732,#2733,#2734));
#529=EDGE_LOOP('',(#2735,#2736,#2737,#2738));
#530=EDGE_LOOP('',(#2739,#2740,#2741,#2742));
#531=EDGE_LOOP('',(#2743,#2744,#2745,#2746));
#532=EDGE_LOOP('',(#2747,#2748,#2749,#2750));
#533=EDGE_LOOP('',(#2751,#2752,#2753,#2754));
#534=EDGE_LOOP('',(#2755,#2756,#2757,#2758));
#535=EDGE_LOOP('',(#2759,#2760,#2761,#2762));
#536=EDGE_LOOP('',(#2763,#2764,#2765,#2766));
#537=EDGE_LOOP('',(#2767,#2768,#2769,#2770));
#538=EDGE_LOOP('',(#2771,#2772,#2773,#2774));
#539=EDGE_LOOP('',(#2775,#2776,#2777,#2778));
#540=EDGE_LOOP('',(#2779,#2780,#2781,#2782));
#541=EDGE_LOOP('',(#2783,#2784,#2785,#2786));
#542=EDGE_LOOP('',(#2787,#2788,#2789,#2790));
#543=EDGE_LOOP('',(#2791,#2792,#2793,#2794));
#544=EDGE_LOOP('',(#2795,#2796,#2797,#2798));
#545=LINE('',#4055,#907);
#546=LINE('',#4061,#908);
#547=LINE('',#4067,#909);
#548=LINE('',#4073,#910);
#549=LINE('',#4078,#911);
#550=LINE('',#4080,#912);
#551=LINE('',#4082,#913);
#552=LINE('',#4083,#914);
#553=LINE('',#4086,#915);
#554=LINE('',#4088,#916);
#555=LINE('',#4089,#917);
#556=LINE('',#4092,#918);
#557=LINE('',#4094,#919);
#558=LINE('',#4095,#920);
#559=LINE('',#4098,#921);
#560=LINE('',#4100,#922);
#561=LINE('',#4101,#923);
#562=LINE('',#4104,#924);
#563=LINE('',#4106,#925);
#564=LINE('',#4107,#926);
#565=LINE('',#4110,#927);
#566=LINE('',#4112,#928);
#567=LINE('',#4113,#929);
#568=LINE('',#4116,#930);
#569=LINE('',#4118,#931);
#570=LINE('',#4119,#932);
#571=LINE('',#4122,#933);
#572=LINE('',#4124,#934);
#573=LINE('',#4125,#935);
#574=LINE('',#4128,#936);
#575=LINE('',#4130,#937);
#576=LINE('',#4131,#938);
#577=LINE('',#4134,#939);
#578=LINE('',#4136,#940);
#579=LINE('',#4137,#941);
#580=LINE('',#4140,#942);
#581=LINE('',#4142,#943);
#582=LINE('',#4143,#944);
#583=LINE('',#4145,#945);
#584=LINE('',#4146,#946);
#585=LINE('',#4150,#947);
#586=LINE('',#4152,#948);
#587=LINE('',#4154,#949);
#588=LINE('',#4155,#950);
#589=LINE('',#4158,#951);
#590=LINE('',#4160,#952);
#591=LINE('',#4161,#953);
#592=LINE('',#4164,#954);
#593=LINE('',#4166,#955);
#594=LINE('',#4167,#956);
#595=LINE('',#4170,#957);
#596=LINE('',#4172,#958);
#597=LINE('',#4173,#959);
#598=LINE('',#4176,#960);
#599=LINE('',#4178,#961);
#600=LINE('',#4179,#962);
#601=LINE('',#4182,#963);
#602=LINE('',#4184,#964);
#603=LINE('',#4185,#965);
#604=LINE('',#4188,#966);
#605=LINE('',#4190,#967);
#606=LINE('',#4191,#968);
#607=LINE('',#4194,#969);
#608=LINE('',#4196,#970);
#609=LINE('',#4197,#971);
#610=LINE('',#4200,#972);
#611=LINE('',#4202,#973);
#612=LINE('',#4203,#974);
#613=LINE('',#4206,#975);
#614=LINE('',#4208,#976);
#615=LINE('',#4209,#977);
#616=LINE('',#4212,#978);
#617=LINE('',#4214,#979);
#618=LINE('',#4215,#980);
#619=LINE('',#4217,#981);
#620=LINE('',#4218,#982);
#621=LINE('',#4222,#983);
#622=LINE('',#4224,#984);
#623=LINE('',#4226,#985);
#624=LINE('',#4227,#986);
#625=LINE('',#4230,#987);
#626=LINE('',#4232,#988);
#627=LINE('',#4233,#989);
#628=LINE('',#4236,#990);
#629=LINE('',#4238,#991);
#630=LINE('',#4239,#992);
#631=LINE('',#4242,#993);
#632=LINE('',#4244,#994);
#633=LINE('',#4245,#995);
#634=LINE('',#4248,#996);
#635=LINE('',#4250,#997);
#636=LINE('',#4251,#998);
#637=LINE('',#4254,#999);
#638=LINE('',#4256,#1000);
#639=LINE('',#4257,#1001);
#640=LINE('',#4260,#1002);
#641=LINE('',#4262,#1003);
#642=LINE('',#4263,#1004);
#643=LINE('',#4266,#1005);
#644=LINE('',#4268,#1006);
#645=LINE('',#4269,#1007);
#646=LINE('',#4272,#1008);
#647=LINE('',#4274,#1009);
#648=LINE('',#4275,#1010);
#649=LINE('',#4278,#1011);
#650=LINE('',#4280,#1012);
#651=LINE('',#4281,#1013);
#652=LINE('',#4284,#1014);
#653=LINE('',#4286,#1015);
#654=LINE('',#4287,#1016);
#655=LINE('',#4290,#1017);
#656=LINE('',#4292,#1018);
#657=LINE('',#4293,#1019);
#658=LINE('',#4296,#1020);
#659=LINE('',#4298,#1021);
#660=LINE('',#4299,#1022);
#661=LINE('',#4302,#1023);
#662=LINE('',#4304,#1024);
#663=LINE('',#4305,#1025);
#664=LINE('',#4308,#1026);
#665=LINE('',#4310,#1027);
#666=LINE('',#4311,#1028);
#667=LINE('',#4313,#1029);
#668=LINE('',#4314,#1030);
#669=LINE('',#4318,#1031);
#670=LINE('',#4320,#1032);
#671=LINE('',#4322,#1033);
#672=LINE('',#4323,#1034);
#673=LINE('',#4326,#1035);
#674=LINE('',#4328,#1036);
#675=LINE('',#4329,#1037);
#676=LINE('',#4332,#1038);
#677=LINE('',#4334,#1039);
#678=LINE('',#4335,#1040);
#679=LINE('',#4337,#1041);
#680=LINE('',#4338,#1042);
#681=LINE('',#4342,#1043);
#682=LINE('',#4344,#1044);
#683=LINE('',#4346,#1045);
#684=LINE('',#4347,#1046);
#685=LINE('',#4350,#1047);
#686=LINE('',#4352,#1048);
#687=LINE('',#4353,#1049);
#688=LINE('',#4356,#1050);
#689=LINE('',#4358,#1051);
#690=LINE('',#4359,#1052);
#691=LINE('',#4362,#1053);
#692=LINE('',#4364,#1054);
#693=LINE('',#4365,#1055);
#694=LINE('',#4368,#1056);
#695=LINE('',#4370,#1057);
#696=LINE('',#4371,#1058);
#697=LINE('',#4374,#1059);
#698=LINE('',#4376,#1060);
#699=LINE('',#4377,#1061);
#700=LINE('',#4380,#1062);
#701=LINE('',#4382,#1063);
#702=LINE('',#4383,#1064);
#703=LINE('',#4386,#1065);
#704=LINE('',#4388,#1066);
#705=LINE('',#4389,#1067);
#706=LINE('',#4392,#1068);
#707=LINE('',#4394,#1069);
#708=LINE('',#4395,#1070);
#709=LINE('',#4398,#1071);
#710=LINE('',#4400,#1072);
#711=LINE('',#4401,#1073);
#712=LINE('',#4404,#1074);
#713=LINE('',#4406,#1075);
#714=LINE('',#4407,#1076);
#715=LINE('',#4410,#1077);
#716=LINE('',#4412,#1078);
#717=LINE('',#4413,#1079);
#718=LINE('',#4416,#1080);
#719=LINE('',#4418,#1081);
#720=LINE('',#4419,#1082);
#721=LINE('',#4422,#1083);
#722=LINE('',#4424,#1084);
#723=LINE('',#4425,#1085);
#724=LINE('',#4428,#1086);
#725=LINE('',#4430,#1087);
#726=LINE('',#4431,#1088);
#727=LINE('',#4433,#1089);
#728=LINE('',#4434,#1090);
#729=LINE('',#4438,#1091);
#730=LINE('',#4440,#1092);
#731=LINE('',#4442,#1093);
#732=LINE('',#4443,#1094);
#733=LINE('',#4446,#1095);
#734=LINE('',#4448,#1096);
#735=LINE('',#4449,#1097);
#736=LINE('',#4452,#1098);
#737=LINE('',#4454,#1099);
#738=LINE('',#4455,#1100);
#739=LINE('',#4457,#1101);
#740=LINE('',#4458,#1102);
#741=LINE('',#4462,#1103);
#742=LINE('',#4464,#1104);
#743=LINE('',#4466,#1105);
#744=LINE('',#4467,#1106);
#745=LINE('',#4470,#1107);
#746=LINE('',#4472,#1108);
#747=LINE('',#4473,#1109);
#748=LINE('',#4476,#1110);
#749=LINE('',#4478,#1111);
#750=LINE('',#4479,#1112);
#751=LINE('',#4481,#1113);
#752=LINE('',#4482,#1114);
#753=LINE('',#4489,#1115);
#754=LINE('',#4491,#1116);
#755=LINE('',#4493,#1117);
#756=LINE('',#4494,#1118);
#757=LINE('',#4497,#1119);
#758=LINE('',#4499,#1120);
#759=LINE('',#4500,#1121);
#760=LINE('',#4503,#1122);
#761=LINE('',#4505,#1123);
#762=LINE('',#4506,#1124);
#763=LINE('',#4508,#1125);
#764=LINE('',#4509,#1126);
#765=LINE('',#4518,#1127);
#766=LINE('',#4520,#1128);
#767=LINE('',#4522,#1129);
#768=LINE('',#4523,#1130);
#769=LINE('',#4527,#1131);
#770=LINE('',#4529,#1132);
#771=LINE('',#4531,#1133);
#772=LINE('',#4535,#1134);
#773=LINE('',#4538,#1135);
#774=LINE('',#4540,#1136);
#775=LINE('',#4546,#1137);
#776=LINE('',#4548,#1138);
#777=LINE('',#4550,#1139);
#778=LINE('',#4557,#1140);
#779=LINE('',#4559,#1141);
#780=LINE('',#4561,#1142);
#781=LINE('',#4565,#1143);
#782=LINE('',#4569,#1144);
#783=LINE('',#4571,#1145);
#784=LINE('',#4573,#1146);
#785=LINE('',#4579,#1147);
#786=LINE('',#4581,#1148);
#787=LINE('',#4583,#1149);
#788=LINE('',#4590,#1150);
#789=LINE('',#4592,#1151);
#790=LINE('',#4598,#1152);
#791=LINE('',#4600,#1153);
#792=LINE('',#4602,#1154);
#793=LINE('',#4608,#1155);
#794=LINE('',#4609,#1156);
#795=LINE('',#4613,#1157);
#796=LINE('',#4616,#1158);
#797=LINE('',#4620,#1159);
#798=LINE('',#4622,#1160);
#799=LINE('',#4628,#1161);
#800=LINE('',#4630,#1162);
#801=LINE('',#4632,#1163);
#802=LINE('',#4638,#1164);
#803=LINE('',#4640,#1165);
#804=LINE('',#4642,#1166);
#805=LINE('',#4646,#1167);
#806=LINE('',#4649,#1168);
#807=LINE('',#4651,#1169);
#808=LINE('',#4652,#1170);
#809=LINE('',#4654,#1171);
#810=LINE('',#4655,#1172);
#811=LINE('',#4657,#1173);
#812=LINE('',#4658,#1174);
#813=LINE('',#4662,#1175);
#814=LINE('',#4664,#1176);
#815=LINE('',#4666,#1177);
#816=LINE('',#4667,#1178);
#817=LINE('',#4671,#1179);
#818=LINE('',#4672,#1180);
#819=LINE('',#4674,#1181);
#820=LINE('',#4677,#1182);
#821=LINE('',#4679,#1183);
#822=LINE('',#4681,#1184);
#823=LINE('',#4683,#1185);
#824=LINE('',#4685,#1186);
#825=LINE('',#4689,#1187);
#826=LINE('',#4690,#1188);
#827=LINE('',#4695,#1189);
#828=LINE('',#4697,#1190);
#829=LINE('',#4701,#1191);
#830=LINE('',#4703,#1192);
#831=LINE('',#4705,#1193);
#832=LINE('',#4707,#1194);
#833=LINE('',#4709,#1195);
#834=LINE('',#4711,#1196);
#835=LINE('',#4715,#1197);
#836=LINE('',#4716,#1198);
#837=LINE('',#4723,#1199);
#838=LINE('',#4725,#1200);
#839=LINE('',#4727,#1201);
#840=LINE('',#4728,#1202);
#841=LINE('',#4730,#1203);
#842=LINE('',#4732,#1204);
#843=LINE('',#4736,#1205);
#844=LINE('',#4738,#1206);
#845=LINE('',#4740,#1207);
#846=LINE('',#4742,#1208);
#847=LINE('',#4748,#1209);
#848=LINE('',#4749,#1210);
#849=LINE('',#4751,#1211);
#850=LINE('',#4754,#1212);
#851=LINE('',#4756,#1213);
#852=LINE('',#4758,#1214);
#853=LINE('',#4762,#1215);
#854=LINE('',#4764,#1216);
#855=LINE('',#4766,#1217);
#856=LINE('',#4767,#1218);
#857=LINE('',#4769,#1219);
#858=LINE('',#4770,#1220);
#859=LINE('',#4779,#1221);
#860=LINE('',#4781,#1222);
#861=LINE('',#4783,#1223);
#862=LINE('',#4784,#1224);
#863=LINE('',#4787,#1225);
#864=LINE('',#4789,#1226);
#865=LINE('',#4790,#1227);
#866=LINE('',#4793,#1228);
#867=LINE('',#4795,#1229);
#868=LINE('',#4796,#1230);
#869=LINE('',#4798,#1231);
#870=LINE('',#4799,#1232);
#871=LINE('',#4806,#1233);
#872=LINE('',#4808,#1234);
#873=LINE('',#4810,#1235);
#874=LINE('',#4811,#1236);
#875=LINE('',#4814,#1237);
#876=LINE('',#4816,#1238);
#877=LINE('',#4817,#1239);
#878=LINE('',#4820,#1240);
#879=LINE('',#4822,#1241);
#880=LINE('',#4823,#1242);
#881=LINE('',#4825,#1243);
#882=LINE('',#4826,#1244);
#883=LINE('',#4833,#1245);
#884=LINE('',#4835,#1246);
#885=LINE('',#4837,#1247);
#886=LINE('',#4838,#1248);
#887=LINE('',#4841,#1249);
#888=LINE('',#4843,#1250);
#889=LINE('',#4844,#1251);
#890=LINE('',#4847,#1252);
#891=LINE('',#4849,#1253);
#892=LINE('',#4850,#1254);
#893=LINE('',#4852,#1255);
#894=LINE('',#4853,#1256);
#895=LINE('',#4860,#1257);
#896=LINE('',#4862,#1258);
#897=LINE('',#4864,#1259);
#898=LINE('',#4865,#1260);
#899=LINE('',#4868,#1261);
#900=LINE('',#4870,#1262);
#901=LINE('',#4871,#1263);
#902=LINE('',#4874,#1264);
#903=LINE('',#4876,#1265);
#904=LINE('',#4877,#1266);
#905=LINE('',#4879,#1267);
#906=LINE('',#4880,#1268);
#907=VECTOR('',#3273,1.1);
#908=VECTOR('',#3280,1.1);
#909=VECTOR('',#3287,1.1);
#910=VECTOR('',#3294,1.1);
#911=VECTOR('',#3299,10.);
#912=VECTOR('',#3300,10.);
#913=VECTOR('',#3301,10.);
#914=VECTOR('',#3302,10.);
#915=VECTOR('',#3305,10.);
#916=VECTOR('',#3306,10.);
#917=VECTOR('',#3307,10.);
#918=VECTOR('',#3310,10.);
#919=VECTOR('',#3311,10.);
#920=VECTOR('',#3312,10.);
#921=VECTOR('',#3315,10.);
#922=VECTOR('',#3316,10.);
#923=VECTOR('',#3317,10.);
#924=VECTOR('',#3320,10.);
#925=VECTOR('',#3321,10.);
#926=VECTOR('',#3322,10.);
#927=VECTOR('',#3325,10.);
#928=VECTOR('',#3326,10.);
#929=VECTOR('',#3327,10.);
#930=VECTOR('',#3330,10.);
#931=VECTOR('',#3331,10.);
#932=VECTOR('',#3332,10.);
#933=VECTOR('',#3335,10.);
#934=VECTOR('',#3336,10.);
#935=VECTOR('',#3337,10.);
#936=VECTOR('',#3340,10.);
#937=VECTOR('',#3341,10.);
#938=VECTOR('',#3342,10.);
#939=VECTOR('',#3345,10.);
#940=VECTOR('',#3346,10.);
#941=VECTOR('',#3347,10.);
#942=VECTOR('',#3350,10.);
#943=VECTOR('',#3351,10.);
#944=VECTOR('',#3352,10.);
#945=VECTOR('',#3355,10.);
#946=VECTOR('',#3356,10.);
#947=VECTOR('',#3359,10.);
#948=VECTOR('',#3360,10.);
#949=VECTOR('',#3361,10.);
#950=VECTOR('',#3362,10.);
#951=VECTOR('',#3365,10.);
#952=VECTOR('',#3366,10.);
#953=VECTOR('',#3367,10.);
#954=VECTOR('',#3370,10.);
#955=VECTOR('',#3371,10.);
#956=VECTOR('',#3372,10.);
#957=VECTOR('',#3375,10.);
#958=VECTOR('',#3376,10.);
#959=VECTOR('',#3377,10.);
#960=VECTOR('',#3380,10.);
#961=VECTOR('',#3381,10.);
#962=VECTOR('',#3382,10.);
#963=VECTOR('',#3385,10.);
#964=VECTOR('',#3386,10.);
#965=VECTOR('',#3387,10.);
#966=VECTOR('',#3390,10.);
#967=VECTOR('',#3391,10.);
#968=VECTOR('',#3392,10.);
#969=VECTOR('',#3395,10.);
#970=VECTOR('',#3396,10.);
#971=VECTOR('',#3397,10.);
#972=VECTOR('',#3400,10.);
#973=VECTOR('',#3401,10.);
#974=VECTOR('',#3402,10.);
#975=VECTOR('',#3405,10.);
#976=VECTOR('',#3406,10.);
#977=VECTOR('',#3407,10.);
#978=VECTOR('',#3410,10.);
#979=VECTOR('',#3411,10.);
#980=VECTOR('',#3412,10.);
#981=VECTOR('',#3415,10.);
#982=VECTOR('',#3416,10.);
#983=VECTOR('',#3419,10.);
#984=VECTOR('',#3420,10.);
#985=VECTOR('',#3421,10.);
#986=VECTOR('',#3422,10.);
#987=VECTOR('',#3425,10.);
#988=VECTOR('',#3426,10.);
#989=VECTOR('',#3427,10.);
#990=VECTOR('',#3430,10.);
#991=VECTOR('',#3431,10.);
#992=VECTOR('',#3432,10.);
#993=VECTOR('',#3435,10.);
#994=VECTOR('',#3436,10.);
#995=VECTOR('',#3437,10.);
#996=VECTOR('',#3440,10.);
#997=VECTOR('',#3441,10.);
#998=VECTOR('',#3442,10.);
#999=VECTOR('',#3445,10.);
#1000=VECTOR('',#3446,10.);
#1001=VECTOR('',#3447,10.);
#1002=VECTOR('',#3450,10.);
#1003=VECTOR('',#3451,10.);
#1004=VECTOR('',#3452,10.);
#1005=VECTOR('',#3455,10.);
#1006=VECTOR('',#3456,10.);
#1007=VECTOR('',#3457,10.);
#1008=VECTOR('',#3460,10.);
#1009=VECTOR('',#3461,10.);
#1010=VECTOR('',#3462,10.);
#1011=VECTOR('',#3465,10.);
#1012=VECTOR('',#3466,10.);
#1013=VECTOR('',#3467,10.);
#1014=VECTOR('',#3470,10.);
#1015=VECTOR('',#3471,10.);
#1016=VECTOR('',#3472,10.);
#1017=VECTOR('',#3475,10.);
#1018=VECTOR('',#3476,10.);
#1019=VECTOR('',#3477,10.);
#1020=VECTOR('',#3480,10.);
#1021=VECTOR('',#3481,10.);
#1022=VECTOR('',#3482,10.);
#1023=VECTOR('',#3485,10.);
#1024=VECTOR('',#3486,10.);
#1025=VECTOR('',#3487,10.);
#1026=VECTOR('',#3490,10.);
#1027=VECTOR('',#3491,10.);
#1028=VECTOR('',#3492,10.);
#1029=VECTOR('',#3495,10.);
#1030=VECTOR('',#3496,10.);
#1031=VECTOR('',#3499,10.);
#1032=VECTOR('',#3500,10.);
#1033=VECTOR('',#3501,10.);
#1034=VECTOR('',#3502,10.);
#1035=VECTOR('',#3505,10.);
#1036=VECTOR('',#3506,10.);
#1037=VECTOR('',#3507,10.);
#1038=VECTOR('',#3510,10.);
#1039=VECTOR('',#3511,10.);
#1040=VECTOR('',#3512,10.);
#1041=VECTOR('',#3515,10.);
#1042=VECTOR('',#3516,10.);
#1043=VECTOR('',#3519,10.);
#1044=VECTOR('',#3520,10.);
#1045=VECTOR('',#3521,10.);
#1046=VECTOR('',#3522,10.);
#1047=VECTOR('',#3525,10.);
#1048=VECTOR('',#3526,10.);
#1049=VECTOR('',#3527,10.);
#1050=VECTOR('',#3530,10.);
#1051=VECTOR('',#3531,10.);
#1052=VECTOR('',#3532,10.);
#1053=VECTOR('',#3535,10.);
#1054=VECTOR('',#3536,10.);
#1055=VECTOR('',#3537,10.);
#1056=VECTOR('',#3540,10.);
#1057=VECTOR('',#3541,10.);
#1058=VECTOR('',#3542,10.);
#1059=VECTOR('',#3545,10.);
#1060=VECTOR('',#3546,10.);
#1061=VECTOR('',#3547,10.);
#1062=VECTOR('',#3550,10.);
#1063=VECTOR('',#3551,10.);
#1064=VECTOR('',#3552,10.);
#1065=VECTOR('',#3555,10.);
#1066=VECTOR('',#3556,10.);
#1067=VECTOR('',#3557,10.);
#1068=VECTOR('',#3560,10.);
#1069=VECTOR('',#3561,10.);
#1070=VECTOR('',#3562,10.);
#1071=VECTOR('',#3565,10.);
#1072=VECTOR('',#3566,10.);
#1073=VECTOR('',#3567,10.);
#1074=VECTOR('',#3570,10.);
#1075=VECTOR('',#3571,10.);
#1076=VECTOR('',#3572,10.);
#1077=VECTOR('',#3575,10.);
#1078=VECTOR('',#3576,10.);
#1079=VECTOR('',#3577,10.);
#1080=VECTOR('',#3580,10.);
#1081=VECTOR('',#3581,10.);
#1082=VECTOR('',#3582,10.);
#1083=VECTOR('',#3585,10.);
#1084=VECTOR('',#3586,10.);
#1085=VECTOR('',#3587,10.);
#1086=VECTOR('',#3590,10.);
#1087=VECTOR('',#3591,10.);
#1088=VECTOR('',#3592,10.);
#1089=VECTOR('',#3595,10.);
#1090=VECTOR('',#3596,10.);
#1091=VECTOR('',#3599,10.);
#1092=VECTOR('',#3600,10.);
#1093=VECTOR('',#3601,10.);
#1094=VECTOR('',#3602,10.);
#1095=VECTOR('',#3605,10.);
#1096=VECTOR('',#3606,10.);
#1097=VECTOR('',#3607,10.);
#1098=VECTOR('',#3610,10.);
#1099=VECTOR('',#3611,10.);
#1100=VECTOR('',#3612,10.);
#1101=VECTOR('',#3615,10.);
#1102=VECTOR('',#3616,10.);
#1103=VECTOR('',#3619,10.);
#1104=VECTOR('',#3620,10.);
#1105=VECTOR('',#3621,10.);
#1106=VECTOR('',#3622,10.);
#1107=VECTOR('',#3625,10.);
#1108=VECTOR('',#3626,10.);
#1109=VECTOR('',#3627,10.);
#1110=VECTOR('',#3630,10.);
#1111=VECTOR('',#3631,10.);
#1112=VECTOR('',#3632,10.);
#1113=VECTOR('',#3635,10.);
#1114=VECTOR('',#3636,10.);
#1115=VECTOR('',#3645,10.);
#1116=VECTOR('',#3646,10.);
#1117=VECTOR('',#3647,10.);
#1118=VECTOR('',#3648,10.);
#1119=VECTOR('',#3651,10.);
#1120=VECTOR('',#3652,10.);
#1121=VECTOR('',#3653,10.);
#1122=VECTOR('',#3656,10.);
#1123=VECTOR('',#3657,10.);
#1124=VECTOR('',#3658,10.);
#1125=VECTOR('',#3661,10.);
#1126=VECTOR('',#3662,10.);
#1127=VECTOR('',#3675,1000.);
#1128=VECTOR('',#3676,1000.);
#1129=VECTOR('',#3677,1000.);
#1130=VECTOR('',#3678,1000.);
#1131=VECTOR('',#3681,1000.);
#1132=VECTOR('',#3682,1000.);
#1133=VECTOR('',#3683,1000.);
#1134=VECTOR('',#3686,1000.);
#1135=VECTOR('',#3689,1000.);
#1136=VECTOR('',#3690,1000.);
#1137=VECTOR('',#3695,1000.);
#1138=VECTOR('',#3696,1000.);
#1139=VECTOR('',#3697,1000.);
#1140=VECTOR('',#3704,1000.);
#1141=VECTOR('',#3705,1000.);
#1142=VECTOR('',#3706,1000.);
#1143=VECTOR('',#3709,1000.);
#1144=VECTOR('',#3712,1000.);
#1145=VECTOR('',#3713,1000.);
#1146=VECTOR('',#3714,1000.);
#1147=VECTOR('',#3719,1000.);
#1148=VECTOR('',#3720,1000.);
#1149=VECTOR('',#3721,1000.);
#1150=VECTOR('',#3728,1000.);
#1151=VECTOR('',#3729,1000.);
#1152=VECTOR('',#3734,1000.);
#1153=VECTOR('',#3735,1000.);
#1154=VECTOR('',#3736,1000.);
#1155=VECTOR('',#3741,1000.);
#1156=VECTOR('',#3742,1000.);
#1157=VECTOR('',#3745,1000.);
#1158=VECTOR('',#3748,1000.);
#1159=VECTOR('',#3751,1000.);
#1160=VECTOR('',#3752,1000.);
#1161=VECTOR('',#3757,1000.);
#1162=VECTOR('',#3758,1000.);
#1163=VECTOR('',#3759,1000.);
#1164=VECTOR('',#3764,1000.);
#1165=VECTOR('',#3765,1000.);
#1166=VECTOR('',#3766,1000.);
#1167=VECTOR('',#3769,1000.);
#1168=VECTOR('',#3772,1000.);
#1169=VECTOR('',#3775,1000.);
#1170=VECTOR('',#3776,1000.);
#1171=VECTOR('',#3779,1000.);
#1172=VECTOR('',#3780,1000.);
#1173=VECTOR('',#3783,1000.);
#1174=VECTOR('',#3784,1000.);
#1175=VECTOR('',#3787,1000.);
#1176=VECTOR('',#3788,1000.);
#1177=VECTOR('',#3789,1000.);
#1178=VECTOR('',#3790,1000.);
#1179=VECTOR('',#3795,1000.);
#1180=VECTOR('',#3796,1000.);
#1181=VECTOR('',#3797,1000.);
#1182=VECTOR('',#3802,1000.);
#1183=VECTOR('',#3805,1000.);
#1184=VECTOR('',#3808,1000.);
#1185=VECTOR('',#3811,1000.);
#1186=VECTOR('',#3814,1000.);
#1187=VECTOR('',#3819,1000.);
#1188=VECTOR('',#3820,1000.);
#1189=VECTOR('',#3827,1000.);
#1190=VECTOR('',#3828,1000.);
#1191=VECTOR('',#3833,1000.);
#1192=VECTOR('',#3836,1000.);
#1193=VECTOR('',#3839,1000.);
#1194=VECTOR('',#3842,1000.);
#1195=VECTOR('',#3845,1000.);
#1196=VECTOR('',#3848,1000.);
#1197=VECTOR('',#3853,1000.);
#1198=VECTOR('',#3854,1000.);
#1199=VECTOR('',#3861,1000.);
#1200=VECTOR('',#3862,1000.);
#1201=VECTOR('',#3863,1000.);
#1202=VECTOR('',#3864,1000.);
#1203=VECTOR('',#3867,1000.);
#1204=VECTOR('',#3868,1000.);
#1205=VECTOR('',#3873,1000.);
#1206=VECTOR('',#3876,1000.);
#1207=VECTOR('',#3879,1000.);
#1208=VECTOR('',#3882,1000.);
#1209=VECTOR('',#3891,1000.);
#1210=VECTOR('',#3892,1000.);
#1211=VECTOR('',#3893,1000.);
#1212=VECTOR('',#3898,1000.);
#1213=VECTOR('',#3901,1000.);
#1214=VECTOR('',#3904,1000.);
#1215=VECTOR('',#3911,0.799999999999997);
#1216=VECTOR('',#3914,0.799999999999997);
#1217=VECTOR('',#3917,1000.);
#1218=VECTOR('',#3918,1000.);
#1219=VECTOR('',#3921,1000.);
#1220=VECTOR('',#3922,1000.);
#1221=VECTOR('',#3935,10.);
#1222=VECTOR('',#3936,10.);
#1223=VECTOR('',#3937,10.);
#1224=VECTOR('',#3938,10.);
#1225=VECTOR('',#3941,10.);
#1226=VECTOR('',#3942,10.);
#1227=VECTOR('',#3943,10.);
#1228=VECTOR('',#3946,10.);
#1229=VECTOR('',#3947,10.);
#1230=VECTOR('',#3948,10.);
#1231=VECTOR('',#3951,10.);
#1232=VECTOR('',#3952,10.);
#1233=VECTOR('',#3961,10.);
#1234=VECTOR('',#3962,10.);
#1235=VECTOR('',#3963,10.);
#1236=VECTOR('',#3964,10.);
#1237=VECTOR('',#3967,10.);
#1238=VECTOR('',#3968,10.);
#1239=VECTOR('',#3969,10.);
#1240=VECTOR('',#3972,10.);
#1241=VECTOR('',#3973,10.);
#1242=VECTOR('',#3974,10.);
#1243=VECTOR('',#3977,10.);
#1244=VECTOR('',#3978,10.);
#1245=VECTOR('',#3987,10.);
#1246=VECTOR('',#3988,10.);
#1247=VECTOR('',#3989,10.);
#1248=VECTOR('',#3990,10.);
#1249=VECTOR('',#3993,10.);
#1250=VECTOR('',#3994,10.);
#1251=VECTOR('',#3995,10.);
#1252=VECTOR('',#3998,10.);
#1253=VECTOR('',#3999,10.);
#1254=VECTOR('',#4000,10.);
#1255=VECTOR('',#4003,10.);
#1256=VECTOR('',#4004,10.);
#1257=VECTOR('',#4013,10.);
#1258=VECTOR('',#4014,10.);
#1259=VECTOR('',#4015,10.);
#1260=VECTOR('',#4016,10.);
#1261=VECTOR('',#4019,10.);
#1262=VECTOR('',#4020,10.);
#1263=VECTOR('',#4021,10.);
#1264=VECTOR('',#4024,10.);
#1265=VECTOR('',#4025,10.);
#1266=VECTOR('',#4026,10.);
#1267=VECTOR('',#4029,10.);
#1268=VECTOR('',#4030,10.);
#1269=CIRCLE('',#3057,1.1);
#1270=CIRCLE('',#3058,1.1);
#1271=CIRCLE('',#3060,1.1);
#1272=CIRCLE('',#3061,1.1);
#1273=CIRCLE('',#3063,1.1);
#1274=CIRCLE('',#3064,1.1);
#1275=CIRCLE('',#3066,1.1);
#1276=CIRCLE('',#3067,1.1);
#1277=CIRCLE('',#3150,2.55);
#1278=CIRCLE('',#3151,2.55);
#1279=CIRCLE('',#3152,3.5);
#1280=CIRCLE('',#3153,0.25);
#1281=CIRCLE('',#3154,0.25);
#1282=CIRCLE('',#3155,3.5);
#1283=CIRCLE('',#3157,2.55);
#1284=CIRCLE('',#3158,2.55);
#1285=CIRCLE('',#3159,3.5);
#1286=CIRCLE('',#3160,0.25);
#1287=CIRCLE('',#3161,0.25);
#1288=CIRCLE('',#3162,3.5);
#1289=CIRCLE('',#3164,3.5);
#1290=CIRCLE('',#3165,0.25);
#1291=CIRCLE('',#3166,0.25);
#1292=CIRCLE('',#3167,3.5);
#1293=CIRCLE('',#3168,2.55);
#1294=CIRCLE('',#3169,2.55);
#1295=CIRCLE('',#3171,3.5);
#1296=CIRCLE('',#3172,0.25);
#1297=CIRCLE('',#3173,0.25);
#1298=CIRCLE('',#3174,3.5);
#1299=CIRCLE('',#3175,2.55);
#1300=CIRCLE('',#3176,2.55);
#1301=CIRCLE('',#3182,2.88131604625348);
#1302=CIRCLE('',#3183,2.88131604625348);
#1303=CIRCLE('',#3189,0.799999999999998);
#1304=CIRCLE('',#3191,0.799999999999997);
#1305=CIRCLE('',#3194,2.88131604625348);
#1306=CIRCLE('',#3195,2.88131604625348);
#1307=CIRCLE('',#3201,0.799999999999996);
#1308=CIRCLE('',#3203,0.799999999999997);
#1309=CIRCLE('',#3207,2.88131604625348);
#1310=CIRCLE('',#3208,2.88131604625348);
#1311=CIRCLE('',#3215,2.88131604625348);
#1312=CIRCLE('',#3216,2.88131604625348);
#1313=VERTEX_POINT('',#4052);
#1314=VERTEX_POINT('',#4054);
#1315=VERTEX_POINT('',#4058);
#1316=VERTEX_POINT('',#4060);
#1317=VERTEX_POINT('',#4064);
#1318=VERTEX_POINT('',#4066);
#1319=VERTEX_POINT('',#4070);
#1320=VERTEX_POINT('',#4072);
#1321=VERTEX_POINT('',#4076);
#1322=VERTEX_POINT('',#4077);
#1323=VERTEX_POINT('',#4079);
#1324=VERTEX_POINT('',#4081);
#1325=VERTEX_POINT('',#4085);
#1326=VERTEX_POINT('',#4087);
#1327=VERTEX_POINT('',#4091);
#1328=VERTEX_POINT('',#4093);
#1329=VERTEX_POINT('',#4097);
#1330=VERTEX_POINT('',#4099);
#1331=VERTEX_POINT('',#4103);
#1332=VERTEX_POINT('',#4105);
#1333=VERTEX_POINT('',#4109);
#1334=VERTEX_POINT('',#4111);
#1335=VERTEX_POINT('',#4115);
#1336=VERTEX_POINT('',#4117);
#1337=VERTEX_POINT('',#4121);
#1338=VERTEX_POINT('',#4123);
#1339=VERTEX_POINT('',#4127);
#1340=VERTEX_POINT('',#4129);
#1341=VERTEX_POINT('',#4133);
#1342=VERTEX_POINT('',#4135);
#1343=VERTEX_POINT('',#4139);
#1344=VERTEX_POINT('',#4141);
#1345=VERTEX_POINT('',#4148);
#1346=VERTEX_POINT('',#4149);
#1347=VERTEX_POINT('',#4151);
#1348=VERTEX_POINT('',#4153);
#1349=VERTEX_POINT('',#4157);
#1350=VERTEX_POINT('',#4159);
#1351=VERTEX_POINT('',#4163);
#1352=VERTEX_POINT('',#4165);
#1353=VERTEX_POINT('',#4169);
#1354=VERTEX_POINT('',#4171);
#1355=VERTEX_POINT('',#4175);
#1356=VERTEX_POINT('',#4177);
#1357=VERTEX_POINT('',#4181);
#1358=VERTEX_POINT('',#4183);
#1359=VERTEX_POINT('',#4187);
#1360=VERTEX_POINT('',#4189);
#1361=VERTEX_POINT('',#4193);
#1362=VERTEX_POINT('',#4195);
#1363=VERTEX_POINT('',#4199);
#1364=VERTEX_POINT('',#4201);
#1365=VERTEX_POINT('',#4205);
#1366=VERTEX_POINT('',#4207);
#1367=VERTEX_POINT('',#4211);
#1368=VERTEX_POINT('',#4213);
#1369=VERTEX_POINT('',#4220);
#1370=VERTEX_POINT('',#4221);
#1371=VERTEX_POINT('',#4223);
#1372=VERTEX_POINT('',#4225);
#1373=VERTEX_POINT('',#4229);
#1374=VERTEX_POINT('',#4231);
#1375=VERTEX_POINT('',#4235);
#1376=VERTEX_POINT('',#4237);
#1377=VERTEX_POINT('',#4241);
#1378=VERTEX_POINT('',#4243);
#1379=VERTEX_POINT('',#4247);
#1380=VERTEX_POINT('',#4249);
#1381=VERTEX_POINT('',#4253);
#1382=VERTEX_POINT('',#4255);
#1383=VERTEX_POINT('',#4259);
#1384=VERTEX_POINT('',#4261);
#1385=VERTEX_POINT('',#4265);
#1386=VERTEX_POINT('',#4267);
#1387=VERTEX_POINT('',#4271);
#1388=VERTEX_POINT('',#4273);
#1389=VERTEX_POINT('',#4277);
#1390=VERTEX_POINT('',#4279);
#1391=VERTEX_POINT('',#4283);
#1392=VERTEX_POINT('',#4285);
#1393=VERTEX_POINT('',#4289);
#1394=VERTEX_POINT('',#4291);
#1395=VERTEX_POINT('',#4295);
#1396=VERTEX_POINT('',#4297);
#1397=VERTEX_POINT('',#4301);
#1398=VERTEX_POINT('',#4303);
#1399=VERTEX_POINT('',#4307);
#1400=VERTEX_POINT('',#4309);
#1401=VERTEX_POINT('',#4316);
#1402=VERTEX_POINT('',#4317);
#1403=VERTEX_POINT('',#4319);
#1404=VERTEX_POINT('',#4321);
#1405=VERTEX_POINT('',#4325);
#1406=VERTEX_POINT('',#4327);
#1407=VERTEX_POINT('',#4331);
#1408=VERTEX_POINT('',#4333);
#1409=VERTEX_POINT('',#4340);
#1410=VERTEX_POINT('',#4341);
#1411=VERTEX_POINT('',#4343);
#1412=VERTEX_POINT('',#4345);
#1413=VERTEX_POINT('',#4349);
#1414=VERTEX_POINT('',#4351);
#1415=VERTEX_POINT('',#4355);
#1416=VERTEX_POINT('',#4357);
#1417=VERTEX_POINT('',#4361);
#1418=VERTEX_POINT('',#4363);
#1419=VERTEX_POINT('',#4367);
#1420=VERTEX_POINT('',#4369);
#1421=VERTEX_POINT('',#4373);
#1422=VERTEX_POINT('',#4375);
#1423=VERTEX_POINT('',#4379);
#1424=VERTEX_POINT('',#4381);
#1425=VERTEX_POINT('',#4385);
#1426=VERTEX_POINT('',#4387);
#1427=VERTEX_POINT('',#4391);
#1428=VERTEX_POINT('',#4393);
#1429=VERTEX_POINT('',#4397);
#1430=VERTEX_POINT('',#4399);
#1431=VERTEX_POINT('',#4403);
#1432=VERTEX_POINT('',#4405);
#1433=VERTEX_POINT('',#4409);
#1434=VERTEX_POINT('',#4411);
#1435=VERTEX_POINT('',#4415);
#1436=VERTEX_POINT('',#4417);
#1437=VERTEX_POINT('',#4421);
#1438=VERTEX_POINT('',#4423);
#1439=VERTEX_POINT('',#4427);
#1440=VERTEX_POINT('',#4429);
#1441=VERTEX_POINT('',#4436);
#1442=VERTEX_POINT('',#4437);
#1443=VERTEX_POINT('',#4439);
#1444=VERTEX_POINT('',#4441);
#1445=VERTEX_POINT('',#4445);
#1446=VERTEX_POINT('',#4447);
#1447=VERTEX_POINT('',#4451);
#1448=VERTEX_POINT('',#4453);
#1449=VERTEX_POINT('',#4460);
#1450=VERTEX_POINT('',#4461);
#1451=VERTEX_POINT('',#4463);
#1452=VERTEX_POINT('',#4465);
#1453=VERTEX_POINT('',#4469);
#1454=VERTEX_POINT('',#4471);
#1455=VERTEX_POINT('',#4475);
#1456=VERTEX_POINT('',#4477);
#1457=VERTEX_POINT('',#4487);
#1458=VERTEX_POINT('',#4488);
#1459=VERTEX_POINT('',#4490);
#1460=VERTEX_POINT('',#4492);
#1461=VERTEX_POINT('',#4496);
#1462=VERTEX_POINT('',#4498);
#1463=VERTEX_POINT('',#4502);
#1464=VERTEX_POINT('',#4504);
#1465=VERTEX_POINT('',#4516);
#1466=VERTEX_POINT('',#4517);
#1467=VERTEX_POINT('',#4519);
#1468=VERTEX_POINT('',#4521);
#1469=VERTEX_POINT('',#4525);
#1470=VERTEX_POINT('',#4526);
#1471=VERTEX_POINT('',#4528);
#1472=VERTEX_POINT('',#4530);
#1473=VERTEX_POINT('',#4532);
#1474=VERTEX_POINT('',#4534);
#1475=VERTEX_POINT('',#4537);
#1476=VERTEX_POINT('',#4539);
#1477=VERTEX_POINT('',#4541);
#1478=VERTEX_POINT('',#4543);
#1479=VERTEX_POINT('',#4545);
#1480=VERTEX_POINT('',#4547);
#1481=VERTEX_POINT('',#4549);
#1482=VERTEX_POINT('',#4551);
#1483=VERTEX_POINT('',#4555);
#1484=VERTEX_POINT('',#4556);
#1485=VERTEX_POINT('',#4558);
#1486=VERTEX_POINT('',#4560);
#1487=VERTEX_POINT('',#4562);
#1488=VERTEX_POINT('',#4564);
#1489=VERTEX_POINT('',#4566);
#1490=VERTEX_POINT('',#4568);
#1491=VERTEX_POINT('',#4570);
#1492=VERTEX_POINT('',#4572);
#1493=VERTEX_POINT('',#4574);
#1494=VERTEX_POINT('',#4576);
#1495=VERTEX_POINT('',#4578);
#1496=VERTEX_POINT('',#4580);
#1497=VERTEX_POINT('',#4582);
#1498=VERTEX_POINT('',#4584);
#1499=VERTEX_POINT('',#4588);
#1500=VERTEX_POINT('',#4589);
#1501=VERTEX_POINT('',#4591);
#1502=VERTEX_POINT('',#4593);
#1503=VERTEX_POINT('',#4595);
#1504=VERTEX_POINT('',#4597);
#1505=VERTEX_POINT('',#4599);
#1506=VERTEX_POINT('',#4601);
#1507=VERTEX_POINT('',#4603);
#1508=VERTEX_POINT('',#4605);
#1509=VERTEX_POINT('',#4607);
#1510=VERTEX_POINT('',#4610);
#1511=VERTEX_POINT('',#4612);
#1512=VERTEX_POINT('',#4614);
#1513=VERTEX_POINT('',#4618);
#1514=VERTEX_POINT('',#4619);
#1515=VERTEX_POINT('',#4621);
#1516=VERTEX_POINT('',#4623);
#1517=VERTEX_POINT('',#4625);
#1518=VERTEX_POINT('',#4627);
#1519=VERTEX_POINT('',#4629);
#1520=VERTEX_POINT('',#4631);
#1521=VERTEX_POINT('',#4633);
#1522=VERTEX_POINT('',#4635);
#1523=VERTEX_POINT('',#4637);
#1524=VERTEX_POINT('',#4639);
#1525=VERTEX_POINT('',#4641);
#1526=VERTEX_POINT('',#4643);
#1527=VERTEX_POINT('',#4645);
#1528=VERTEX_POINT('',#4647);
#1529=VERTEX_POINT('',#4660);
#1530=VERTEX_POINT('',#4661);
#1531=VERTEX_POINT('',#4663);
#1532=VERTEX_POINT('',#4665);
#1533=VERTEX_POINT('',#4669);
#1534=VERTEX_POINT('',#4673);
#1535=VERTEX_POINT('',#4686);
#1536=VERTEX_POINT('',#4691);
#1537=VERTEX_POINT('',#4696);
#1538=VERTEX_POINT('',#4699);
#1539=VERTEX_POINT('',#4712);
#1540=VERTEX_POINT('',#4717);
#1541=VERTEX_POINT('',#4721);
#1542=VERTEX_POINT('',#4722);
#1543=VERTEX_POINT('',#4724);
#1544=VERTEX_POINT('',#4726);
#1545=VERTEX_POINT('',#4731);
#1546=VERTEX_POINT('',#4734);
#1547=VERTEX_POINT('',#4746);
#1548=VERTEX_POINT('',#4750);
#1549=VERTEX_POINT('',#4777);
#1550=VERTEX_POINT('',#4778);
#1551=VERTEX_POINT('',#4780);
#1552=VERTEX_POINT('',#4782);
#1553=VERTEX_POINT('',#4786);
#1554=VERTEX_POINT('',#4788);
#1555=VERTEX_POINT('',#4792);
#1556=VERTEX_POINT('',#4794);
#1557=VERTEX_POINT('',#4804);
#1558=VERTEX_POINT('',#4805);
#1559=VERTEX_POINT('',#4807);
#1560=VERTEX_POINT('',#4809);
#1561=VERTEX_POINT('',#4813);
#1562=VERTEX_POINT('',#4815);
#1563=VERTEX_POINT('',#4819);
#1564=VERTEX_POINT('',#4821);
#1565=VERTEX_POINT('',#4831);
#1566=VERTEX_POINT('',#4832);
#1567=VERTEX_POINT('',#4834);
#1568=VERTEX_POINT('',#4836);
#1569=VERTEX_POINT('',#4840);
#1570=VERTEX_POINT('',#4842);
#1571=VERTEX_POINT('',#4846);
#1572=VERTEX_POINT('',#4848);
#1573=VERTEX_POINT('',#4858);
#1574=VERTEX_POINT('',#4859);
#1575=VERTEX_POINT('',#4861);
#1576=VERTEX_POINT('',#4863);
#1577=VERTEX_POINT('',#4867);
#1578=VERTEX_POINT('',#4869);
#1579=VERTEX_POINT('',#4873);
#1580=VERTEX_POINT('',#4875);
#1581=EDGE_CURVE('',#1313,#1313,#1269,.T.);
#1582=EDGE_CURVE('',#1313,#1314,#545,.T.);
#1583=EDGE_CURVE('',#1314,#1314,#1270,.T.);
#1584=EDGE_CURVE('',#1315,#1315,#1271,.T.);
#1585=EDGE_CURVE('',#1315,#1316,#546,.T.);
#1586=EDGE_CURVE('',#1316,#1316,#1272,.T.);
#1587=EDGE_CURVE('',#1317,#1317,#1273,.T.);
#1588=EDGE_CURVE('',#1317,#1318,#547,.T.);
#1589=EDGE_CURVE('',#1318,#1318,#1274,.T.);
#1590=EDGE_CURVE('',#1319,#1319,#1275,.T.);
#1591=EDGE_CURVE('',#1319,#1320,#548,.T.);
#1592=EDGE_CURVE('',#1320,#1320,#1276,.T.);
#1593=EDGE_CURVE('',#1321,#1322,#549,.T.);
#1594=EDGE_CURVE('',#1322,#1323,#550,.T.);
#1595=EDGE_CURVE('',#1324,#1323,#551,.T.);
#1596=EDGE_CURVE('',#1321,#1324,#552,.T.);
#1597=EDGE_CURVE('',#1325,#1321,#553,.T.);
#1598=EDGE_CURVE('',#1326,#1324,#554,.T.);
#1599=EDGE_CURVE('',#1325,#1326,#555,.T.);
#1600=EDGE_CURVE('',#1327,#1325,#556,.T.);
#1601=EDGE_CURVE('',#1328,#1326,#557,.T.);
#1602=EDGE_CURVE('',#1327,#1328,#558,.T.);
#1603=EDGE_CURVE('',#1329,#1327,#559,.T.);
#1604=EDGE_CURVE('',#1330,#1328,#560,.T.);
#1605=EDGE_CURVE('',#1329,#1330,#561,.T.);
#1606=EDGE_CURVE('',#1331,#1329,#562,.T.);
#1607=EDGE_CURVE('',#1332,#1330,#563,.T.);
#1608=EDGE_CURVE('',#1331,#1332,#564,.T.);
#1609=EDGE_CURVE('',#1333,#1331,#565,.T.);
#1610=EDGE_CURVE('',#1334,#1332,#566,.T.);
#1611=EDGE_CURVE('',#1333,#1334,#567,.T.);
#1612=EDGE_CURVE('',#1335,#1333,#568,.T.);
#1613=EDGE_CURVE('',#1336,#1334,#569,.T.);
#1614=EDGE_CURVE('',#1335,#1336,#570,.T.);
#1615=EDGE_CURVE('',#1337,#1335,#571,.T.);
#1616=EDGE_CURVE('',#1338,#1336,#572,.T.);
#1617=EDGE_CURVE('',#1337,#1338,#573,.T.);
#1618=EDGE_CURVE('',#1339,#1337,#574,.T.);
#1619=EDGE_CURVE('',#1340,#1338,#575,.T.);
#1620=EDGE_CURVE('',#1339,#1340,#576,.T.);
#1621=EDGE_CURVE('',#1341,#1339,#577,.T.);
#1622=EDGE_CURVE('',#1342,#1340,#578,.T.);
#1623=EDGE_CURVE('',#1341,#1342,#579,.T.);
#1624=EDGE_CURVE('',#1343,#1341,#580,.T.);
#1625=EDGE_CURVE('',#1344,#1342,#581,.T.);
#1626=EDGE_CURVE('',#1343,#1344,#582,.T.);
#1627=EDGE_CURVE('',#1322,#1343,#583,.T.);
#1628=EDGE_CURVE('',#1323,#1344,#584,.T.);
#1629=EDGE_CURVE('',#1345,#1346,#585,.T.);
#1630=EDGE_CURVE('',#1346,#1347,#586,.T.);
#1631=EDGE_CURVE('',#1348,#1347,#587,.T.);
#1632=EDGE_CURVE('',#1345,#1348,#588,.T.);
#1633=EDGE_CURVE('',#1349,#1345,#589,.T.);
#1634=EDGE_CURVE('',#1350,#1348,#590,.T.);
#1635=EDGE_CURVE('',#1349,#1350,#591,.T.);
#1636=EDGE_CURVE('',#1351,#1349,#592,.T.);
#1637=EDGE_CURVE('',#1352,#1350,#593,.T.);
#1638=EDGE_CURVE('',#1351,#1352,#594,.T.);
#1639=EDGE_CURVE('',#1353,#1351,#595,.T.);
#1640=EDGE_CURVE('',#1354,#1352,#596,.T.);
#1641=EDGE_CURVE('',#1353,#1354,#597,.T.);
#1642=EDGE_CURVE('',#1355,#1353,#598,.T.);
#1643=EDGE_CURVE('',#1356,#1354,#599,.T.);
#1644=EDGE_CURVE('',#1355,#1356,#600,.T.);
#1645=EDGE_CURVE('',#1357,#1355,#601,.T.);
#1646=EDGE_CURVE('',#1358,#1356,#602,.T.);
#1647=EDGE_CURVE('',#1357,#1358,#603,.T.);
#1648=EDGE_CURVE('',#1359,#1357,#604,.T.);
#1649=EDGE_CURVE('',#1360,#1358,#605,.T.);
#1650=EDGE_CURVE('',#1359,#1360,#606,.T.);
#1651=EDGE_CURVE('',#1361,#1359,#607,.T.);
#1652=EDGE_CURVE('',#1362,#1360,#608,.T.);
#1653=EDGE_CURVE('',#1361,#1362,#609,.T.);
#1654=EDGE_CURVE('',#1363,#1361,#610,.T.);
#1655=EDGE_CURVE('',#1364,#1362,#611,.T.);
#1656=EDGE_CURVE('',#1363,#1364,#612,.T.);
#1657=EDGE_CURVE('',#1365,#1363,#613,.T.);
#1658=EDGE_CURVE('',#1366,#1364,#614,.T.);
#1659=EDGE_CURVE('',#1365,#1366,#615,.T.);
#1660=EDGE_CURVE('',#1367,#1365,#616,.T.);
#1661=EDGE_CURVE('',#1368,#1366,#617,.T.);
#1662=EDGE_CURVE('',#1367,#1368,#618,.T.);
#1663=EDGE_CURVE('',#1346,#1367,#619,.T.);
#1664=EDGE_CURVE('',#1347,#1368,#620,.T.);
#1665=EDGE_CURVE('',#1369,#1370,#621,.T.);
#1666=EDGE_CURVE('',#1370,#1371,#622,.T.);
#1667=EDGE_CURVE('',#1372,#1371,#623,.T.);
#1668=EDGE_CURVE('',#1369,#1372,#624,.T.);
#1669=EDGE_CURVE('',#1373,#1369,#625,.T.);
#1670=EDGE_CURVE('',#1374,#1372,#626,.T.);
#1671=EDGE_CURVE('',#1373,#1374,#627,.T.);
#1672=EDGE_CURVE('',#1375,#1373,#628,.T.);
#1673=EDGE_CURVE('',#1376,#1374,#629,.T.);
#1674=EDGE_CURVE('',#1375,#1376,#630,.T.);
#1675=EDGE_CURVE('',#1377,#1375,#631,.T.);
#1676=EDGE_CURVE('',#1378,#1376,#632,.T.);
#1677=EDGE_CURVE('',#1377,#1378,#633,.T.);
#1678=EDGE_CURVE('',#1379,#1377,#634,.T.);
#1679=EDGE_CURVE('',#1380,#1378,#635,.T.);
#1680=EDGE_CURVE('',#1379,#1380,#636,.T.);
#1681=EDGE_CURVE('',#1381,#1379,#637,.T.);
#1682=EDGE_CURVE('',#1382,#1380,#638,.T.);
#1683=EDGE_CURVE('',#1381,#1382,#639,.T.);
#1684=EDGE_CURVE('',#1383,#1381,#640,.T.);
#1685=EDGE_CURVE('',#1384,#1382,#641,.T.);
#1686=EDGE_CURVE('',#1383,#1384,#642,.T.);
#1687=EDGE_CURVE('',#1385,#1383,#643,.T.);
#1688=EDGE_CURVE('',#1386,#1384,#644,.T.);
#1689=EDGE_CURVE('',#1385,#1386,#645,.T.);
#1690=EDGE_CURVE('',#1387,#1385,#646,.T.);
#1691=EDGE_CURVE('',#1388,#1386,#647,.T.);
#1692=EDGE_CURVE('',#1387,#1388,#648,.T.);
#1693=EDGE_CURVE('',#1389,#1387,#649,.T.);
#1694=EDGE_CURVE('',#1390,#1388,#650,.T.);
#1695=EDGE_CURVE('',#1389,#1390,#651,.T.);
#1696=EDGE_CURVE('',#1391,#1389,#652,.T.);
#1697=EDGE_CURVE('',#1392,#1390,#653,.T.);
#1698=EDGE_CURVE('',#1391,#1392,#654,.T.);
#1699=EDGE_CURVE('',#1393,#1391,#655,.T.);
#1700=EDGE_CURVE('',#1394,#1392,#656,.T.);
#1701=EDGE_CURVE('',#1393,#1394,#657,.T.);
#1702=EDGE_CURVE('',#1395,#1393,#658,.T.);
#1703=EDGE_CURVE('',#1396,#1394,#659,.T.);
#1704=EDGE_CURVE('',#1395,#1396,#660,.T.);
#1705=EDGE_CURVE('',#1397,#1395,#661,.T.);
#1706=EDGE_CURVE('',#1398,#1396,#662,.T.);
#1707=EDGE_CURVE('',#1397,#1398,#663,.T.);
#1708=EDGE_CURVE('',#1399,#1397,#664,.T.);
#1709=EDGE_CURVE('',#1400,#1398,#665,.T.);
#1710=EDGE_CURVE('',#1399,#1400,#666,.T.);
#1711=EDGE_CURVE('',#1370,#1399,#667,.T.);
#1712=EDGE_CURVE('',#1371,#1400,#668,.T.);
#1713=EDGE_CURVE('',#1401,#1402,#669,.T.);
#1714=EDGE_CURVE('',#1402,#1403,#670,.T.);
#1715=EDGE_CURVE('',#1404,#1403,#671,.T.);
#1716=EDGE_CURVE('',#1401,#1404,#672,.T.);
#1717=EDGE_CURVE('',#1405,#1401,#673,.T.);
#1718=EDGE_CURVE('',#1406,#1404,#674,.T.);
#1719=EDGE_CURVE('',#1405,#1406,#675,.T.);
#1720=EDGE_CURVE('',#1407,#1405,#676,.T.);
#1721=EDGE_CURVE('',#1408,#1406,#677,.T.);
#1722=EDGE_CURVE('',#1407,#1408,#678,.T.);
#1723=EDGE_CURVE('',#1402,#1407,#679,.T.);
#1724=EDGE_CURVE('',#1403,#1408,#680,.T.);
#1725=EDGE_CURVE('',#1409,#1410,#681,.T.);
#1726=EDGE_CURVE('',#1410,#1411,#682,.T.);
#1727=EDGE_CURVE('',#1412,#1411,#683,.T.);
#1728=EDGE_CURVE('',#1409,#1412,#684,.T.);
#1729=EDGE_CURVE('',#1413,#1409,#685,.T.);
#1730=EDGE_CURVE('',#1414,#1412,#686,.T.);
#1731=EDGE_CURVE('',#1413,#1414,#687,.T.);
#1732=EDGE_CURVE('',#1415,#1413,#688,.T.);
#1733=EDGE_CURVE('',#1416,#1414,#689,.T.);
#1734=EDGE_CURVE('',#1415,#1416,#690,.T.);
#1735=EDGE_CURVE('',#1417,#1415,#691,.T.);
#1736=EDGE_CURVE('',#1418,#1416,#692,.T.);
#1737=EDGE_CURVE('',#1417,#1418,#693,.T.);
#1738=EDGE_CURVE('',#1419,#1417,#694,.T.);
#1739=EDGE_CURVE('',#1420,#1418,#695,.T.);
#1740=EDGE_CURVE('',#1419,#1420,#696,.T.);
#1741=EDGE_CURVE('',#1421,#1419,#697,.T.);
#1742=EDGE_CURVE('',#1422,#1420,#698,.T.);
#1743=EDGE_CURVE('',#1421,#1422,#699,.T.);
#1744=EDGE_CURVE('',#1423,#1421,#700,.T.);
#1745=EDGE_CURVE('',#1424,#1422,#701,.T.);
#1746=EDGE_CURVE('',#1423,#1424,#702,.T.);
#1747=EDGE_CURVE('',#1425,#1423,#703,.T.);
#1748=EDGE_CURVE('',#1426,#1424,#704,.T.);
#1749=EDGE_CURVE('',#1425,#1426,#705,.T.);
#1750=EDGE_CURVE('',#1427,#1425,#706,.T.);
#1751=EDGE_CURVE('',#1428,#1426,#707,.T.);
#1752=EDGE_CURVE('',#1427,#1428,#708,.T.);
#1753=EDGE_CURVE('',#1429,#1427,#709,.T.);
#1754=EDGE_CURVE('',#1430,#1428,#710,.T.);
#1755=EDGE_CURVE('',#1429,#1430,#711,.T.);
#1756=EDGE_CURVE('',#1431,#1429,#712,.T.);
#1757=EDGE_CURVE('',#1432,#1430,#713,.T.);
#1758=EDGE_CURVE('',#1431,#1432,#714,.T.);
#1759=EDGE_CURVE('',#1433,#1431,#715,.T.);
#1760=EDGE_CURVE('',#1434,#1432,#716,.T.);
#1761=EDGE_CURVE('',#1433,#1434,#717,.T.);
#1762=EDGE_CURVE('',#1435,#1433,#718,.T.);
#1763=EDGE_CURVE('',#1436,#1434,#719,.T.);
#1764=EDGE_CURVE('',#1435,#1436,#720,.T.);
#1765=EDGE_CURVE('',#1437,#1435,#721,.T.);
#1766=EDGE_CURVE('',#1438,#1436,#722,.T.);
#1767=EDGE_CURVE('',#1437,#1438,#723,.T.);
#1768=EDGE_CURVE('',#1439,#1437,#724,.T.);
#1769=EDGE_CURVE('',#1440,#1438,#725,.T.);
#1770=EDGE_CURVE('',#1439,#1440,#726,.T.);
#1771=EDGE_CURVE('',#1410,#1439,#727,.T.);
#1772=EDGE_CURVE('',#1411,#1440,#728,.T.);
#1773=EDGE_CURVE('',#1441,#1442,#729,.T.);
#1774=EDGE_CURVE('',#1442,#1443,#730,.T.);
#1775=EDGE_CURVE('',#1444,#1443,#731,.T.);
#1776=EDGE_CURVE('',#1441,#1444,#732,.T.);
#1777=EDGE_CURVE('',#1445,#1441,#733,.T.);
#1778=EDGE_CURVE('',#1446,#1444,#734,.T.);
#1779=EDGE_CURVE('',#1445,#1446,#735,.T.);
#1780=EDGE_CURVE('',#1447,#1445,#736,.T.);
#1781=EDGE_CURVE('',#1448,#1446,#737,.T.);
#1782=EDGE_CURVE('',#1447,#1448,#738,.T.);
#1783=EDGE_CURVE('',#1442,#1447,#739,.T.);
#1784=EDGE_CURVE('',#1443,#1448,#740,.T.);
#1785=EDGE_CURVE('',#1449,#1450,#741,.T.);
#1786=EDGE_CURVE('',#1449,#1451,#742,.T.);
#1787=EDGE_CURVE('',#1452,#1451,#743,.T.);
#1788=EDGE_CURVE('',#1450,#1452,#744,.T.);
#1789=EDGE_CURVE('',#1450,#1453,#745,.T.);
#1790=EDGE_CURVE('',#1454,#1452,#746,.T.);
#1791=EDGE_CURVE('',#1453,#1454,#747,.T.);
#1792=EDGE_CURVE('',#1453,#1455,#748,.T.);
#1793=EDGE_CURVE('',#1456,#1454,#749,.T.);
#1794=EDGE_CURVE('',#1455,#1456,#750,.T.);
#1795=EDGE_CURVE('',#1455,#1449,#751,.T.);
#1796=EDGE_CURVE('',#1451,#1456,#752,.T.);
#1797=EDGE_CURVE('',#1457,#1458,#753,.T.);
#1798=EDGE_CURVE('',#1458,#1459,#754,.T.);
#1799=EDGE_CURVE('',#1460,#1459,#755,.T.);
#1800=EDGE_CURVE('',#1457,#1460,#756,.T.);
#1801=EDGE_CURVE('',#1461,#1457,#757,.T.);
#1802=EDGE_CURVE('',#1462,#1460,#758,.T.);
#1803=EDGE_CURVE('',#1461,#1462,#759,.T.);
#1804=EDGE_CURVE('',#1463,#1461,#760,.T.);
#1805=EDGE_CURVE('',#1464,#1462,#761,.T.);
#1806=EDGE_CURVE('',#1463,#1464,#762,.T.);
#1807=EDGE_CURVE('',#1458,#1463,#763,.T.);
#1808=EDGE_CURVE('',#1459,#1464,#764,.T.);
#1809=EDGE_CURVE('',#1465,#1466,#765,.T.);
#1810=EDGE_CURVE('',#1467,#1465,#766,.T.);
#1811=EDGE_CURVE('',#1467,#1468,#767,.T.);
#1812=EDGE_CURVE('',#1468,#1466,#768,.T.);
#1813=EDGE_CURVE('',#1469,#1470,#769,.T.);
#1814=EDGE_CURVE('',#1469,#1471,#770,.T.);
#1815=EDGE_CURVE('',#1472,#1471,#771,.T.);
#1816=EDGE_CURVE('',#1473,#1472,#1277,.T.);
#1817=EDGE_CURVE('',#1473,#1474,#772,.T.);
#1818=EDGE_CURVE('',#1474,#1467,#1278,.T.);
#1819=EDGE_CURVE('',#1465,#1475,#773,.T.);
#1820=EDGE_CURVE('',#1475,#1476,#774,.T.);
#1821=EDGE_CURVE('',#1476,#1477,#1279,.T.);
#1822=EDGE_CURVE('',#1477,#1478,#1280,.T.);
#1823=EDGE_CURVE('',#1478,#1479,#775,.T.);
#1824=EDGE_CURVE('',#1479,#1480,#776,.T.);
#1825=EDGE_CURVE('',#1481,#1480,#777,.T.);
#1826=EDGE_CURVE('',#1482,#1481,#1281,.T.);
#1827=EDGE_CURVE('',#1470,#1482,#1282,.T.);
#1828=EDGE_CURVE('',#1483,#1484,#778,.T.);
#1829=EDGE_CURVE('',#1483,#1485,#779,.T.);
#1830=EDGE_CURVE('',#1486,#1485,#780,.T.);
#1831=EDGE_CURVE('',#1487,#1486,#1283,.T.);
#1832=EDGE_CURVE('',#1488,#1487,#781,.T.);
#1833=EDGE_CURVE('',#1488,#1489,#1284,.T.);
#1834=EDGE_CURVE('',#1489,#1490,#782,.T.);
#1835=EDGE_CURVE('',#1490,#1491,#783,.T.);
#1836=EDGE_CURVE('',#1491,#1492,#784,.T.);
#1837=EDGE_CURVE('',#1492,#1493,#1285,.T.);
#1838=EDGE_CURVE('',#1493,#1494,#1286,.T.);
#1839=EDGE_CURVE('',#1494,#1495,#785,.T.);
#1840=EDGE_CURVE('',#1496,#1495,#786,.T.);
#1841=EDGE_CURVE('',#1497,#1496,#787,.T.);
#1842=EDGE_CURVE('',#1498,#1497,#1287,.T.);
#1843=EDGE_CURVE('',#1484,#1498,#1288,.T.);
#1844=EDGE_CURVE('',#1499,#1500,#788,.T.);
#1845=EDGE_CURVE('',#1499,#1501,#789,.T.);
#1846=EDGE_CURVE('',#1501,#1502,#1289,.T.);
#1847=EDGE_CURVE('',#1502,#1503,#1290,.T.);
#1848=EDGE_CURVE('',#1503,#1504,#790,.T.);
#1849=EDGE_CURVE('',#1505,#1504,#791,.T.);
#1850=EDGE_CURVE('',#1506,#1505,#792,.T.);
#1851=EDGE_CURVE('',#1507,#1506,#1291,.T.);
#1852=EDGE_CURVE('',#1508,#1507,#1292,.T.);
#1853=EDGE_CURVE('',#1509,#1508,#793,.T.);
#1854=EDGE_CURVE('',#1466,#1509,#794,.T.);
#1855=EDGE_CURVE('',#1510,#1468,#1293,.T.);
#1856=EDGE_CURVE('',#1511,#1510,#795,.T.);
#1857=EDGE_CURVE('',#1511,#1512,#1294,.T.);
#1858=EDGE_CURVE('',#1512,#1500,#796,.T.);
#1859=EDGE_CURVE('',#1513,#1514,#797,.T.);
#1860=EDGE_CURVE('',#1513,#1515,#798,.T.);
#1861=EDGE_CURVE('',#1515,#1516,#1295,.T.);
#1862=EDGE_CURVE('',#1516,#1517,#1296,.T.);
#1863=EDGE_CURVE('',#1517,#1518,#799,.T.);
#1864=EDGE_CURVE('',#1518,#1519,#800,.T.);
#1865=EDGE_CURVE('',#1520,#1519,#801,.T.);
#1866=EDGE_CURVE('',#1521,#1520,#1297,.T.);
#1867=EDGE_CURVE('',#1522,#1521,#1298,.T.);
#1868=EDGE_CURVE('',#1523,#1522,#802,.T.);
#1869=EDGE_CURVE('',#1524,#1523,#803,.T.);
#1870=EDGE_CURVE('',#1525,#1524,#804,.T.);
#1871=EDGE_CURVE('',#1526,#1525,#1299,.T.);
#1872=EDGE_CURVE('',#1526,#1527,#805,.T.);
#1873=EDGE_CURVE('',#1527,#1528,#1300,.T.);
#1874=EDGE_CURVE('',#1528,#1514,#806,.T.);
#1875=EDGE_CURVE('',#1514,#1485,#807,.T.);
#1876=EDGE_CURVE('',#1486,#1528,#808,.T.);
#1877=EDGE_CURVE('',#1500,#1471,#809,.T.);
#1878=EDGE_CURVE('',#1472,#1512,#810,.T.);
#1879=EDGE_CURVE('',#1490,#1524,#811,.T.);
#1880=EDGE_CURVE('',#1489,#1525,#812,.T.);
#1881=EDGE_CURVE('',#1529,#1530,#813,.T.);
#1882=EDGE_CURVE('',#1530,#1531,#814,.T.);
#1883=EDGE_CURVE('',#1532,#1531,#815,.T.);
#1884=EDGE_CURVE('',#1529,#1532,#816,.T.);
#1885=EDGE_CURVE('',#1531,#1533,#1301,.T.);
#1886=EDGE_CURVE('',#1509,#1533,#817,.T.);
#1887=EDGE_CURVE('',#1475,#1509,#818,.T.);
#1888=EDGE_CURVE('',#1534,#1475,#819,.T.);
#1889=EDGE_CURVE('',#1532,#1534,#1302,.T.);
#1890=EDGE_CURVE('',#1476,#1508,#820,.T.);
#1891=EDGE_CURVE('',#1477,#1507,#821,.T.);
#1892=EDGE_CURVE('',#1478,#1506,#822,.T.);
#1893=EDGE_CURVE('',#1479,#1505,#823,.T.);
#1894=EDGE_CURVE('',#1480,#1504,#824,.T.);
#1895=EDGE_CURVE('',#1535,#1535,#1303,.T.);
#1896=EDGE_CURVE('',#1474,#1510,#825,.T.);
#1897=EDGE_CURVE('',#1473,#1511,#826,.T.);
#1898=EDGE_CURVE('',#1536,#1536,#1304,.T.);
#1899=EDGE_CURVE('',#1483,#1513,#827,.T.);
#1900=EDGE_CURVE('',#1513,#1537,#828,.T.);
#1901=EDGE_CURVE('',#1537,#1530,#1305,.T.);
#1902=EDGE_CURVE('',#1538,#1529,#1306,.T.);
#1903=EDGE_CURVE('',#1538,#1483,#829,.T.);
#1904=EDGE_CURVE('',#1484,#1515,#830,.T.);
#1905=EDGE_CURVE('',#1498,#1516,#831,.T.);
#1906=EDGE_CURVE('',#1497,#1517,#832,.T.);
#1907=EDGE_CURVE('',#1496,#1518,#833,.T.);
#1908=EDGE_CURVE('',#1495,#1519,#834,.T.);
#1909=EDGE_CURVE('',#1539,#1539,#1307,.T.);
#1910=EDGE_CURVE('',#1488,#1526,#835,.T.);
#1911=EDGE_CURVE('',#1487,#1527,#836,.T.);
#1912=EDGE_CURVE('',#1540,#1540,#1308,.T.);
#1913=EDGE_CURVE('',#1541,#1542,#837,.T.);
#1914=EDGE_CURVE('',#1542,#1543,#838,.T.);
#1915=EDGE_CURVE('',#1544,#1543,#839,.T.);
#1916=EDGE_CURVE('',#1541,#1544,#840,.T.);
#1917=EDGE_CURVE('',#1469,#1499,#841,.T.);
#1918=EDGE_CURVE('',#1499,#1545,#842,.T.);
#1919=EDGE_CURVE('',#1545,#1542,#1309,.T.);
#1920=EDGE_CURVE('',#1546,#1541,#1310,.T.);
#1921=EDGE_CURVE('',#1546,#1469,#843,.T.);
#1922=EDGE_CURVE('',#1470,#1501,#844,.T.);
#1923=EDGE_CURVE('',#1482,#1502,#845,.T.);
#1924=EDGE_CURVE('',#1481,#1503,#846,.T.);
#1925=EDGE_CURVE('',#1543,#1547,#1311,.T.);
#1926=EDGE_CURVE('',#1523,#1547,#847,.T.);
#1927=EDGE_CURVE('',#1491,#1523,#848,.T.);
#1928=EDGE_CURVE('',#1548,#1491,#849,.T.);
#1929=EDGE_CURVE('',#1544,#1548,#1312,.T.);
#1930=EDGE_CURVE('',#1492,#1522,#850,.T.);
#1931=EDGE_CURVE('',#1493,#1521,#851,.T.);
#1932=EDGE_CURVE('',#1494,#1520,#852,.T.);
#1933=EDGE_CURVE('',#1539,#1540,#853,.T.);
#1934=EDGE_CURVE('',#1536,#1535,#854,.T.);
#1935=EDGE_CURVE('',#1533,#1545,#855,.T.);
#1936=EDGE_CURVE('',#1534,#1546,#856,.T.);
#1937=EDGE_CURVE('',#1548,#1538,#857,.T.);
#1938=EDGE_CURVE('',#1547,#1537,#858,.T.);
#1939=EDGE_CURVE('',#1549,#1550,#859,.T.);
#1940=EDGE_CURVE('',#1550,#1551,#860,.T.);
#1941=EDGE_CURVE('',#1552,#1551,#861,.T.);
#1942=EDGE_CURVE('',#1549,#1552,#862,.T.);
#1943=EDGE_CURVE('',#1553,#1549,#863,.T.);
#1944=EDGE_CURVE('',#1554,#1552,#864,.T.);
#1945=EDGE_CURVE('',#1553,#1554,#865,.T.);
#1946=EDGE_CURVE('',#1555,#1553,#866,.T.);
#1947=EDGE_CURVE('',#1556,#1554,#867,.T.);
#1948=EDGE_CURVE('',#1555,#1556,#868,.T.);
#1949=EDGE_CURVE('',#1550,#1555,#869,.T.);
#1950=EDGE_CURVE('',#1551,#1556,#870,.T.);
#1951=EDGE_CURVE('',#1557,#1558,#871,.T.);
#1952=EDGE_CURVE('',#1558,#1559,#872,.T.);
#1953=EDGE_CURVE('',#1560,#1559,#873,.T.);
#1954=EDGE_CURVE('',#1557,#1560,#874,.T.);
#1955=EDGE_CURVE('',#1561,#1557,#875,.T.);
#1956=EDGE_CURVE('',#1562,#1560,#876,.T.);
#1957=EDGE_CURVE('',#1561,#1562,#877,.T.);
#1958=EDGE_CURVE('',#1563,#1561,#878,.T.);
#1959=EDGE_CURVE('',#1564,#1562,#879,.T.);
#1960=EDGE_CURVE('',#1563,#1564,#880,.T.);
#1961=EDGE_CURVE('',#1558,#1563,#881,.T.);
#1962=EDGE_CURVE('',#1559,#1564,#882,.T.);
#1963=EDGE_CURVE('',#1565,#1566,#883,.T.);
#1964=EDGE_CURVE('',#1566,#1567,#884,.T.);
#1965=EDGE_CURVE('',#1568,#1567,#885,.T.);
#1966=EDGE_CURVE('',#1565,#1568,#886,.T.);
#1967=EDGE_CURVE('',#1569,#1565,#887,.T.);
#1968=EDGE_CURVE('',#1570,#1568,#888,.T.);
#1969=EDGE_CURVE('',#1569,#1570,#889,.T.);
#1970=EDGE_CURVE('',#1571,#1569,#890,.T.);
#1971=EDGE_CURVE('',#1572,#1570,#891,.T.);
#1972=EDGE_CURVE('',#1571,#1572,#892,.T.);
#1973=EDGE_CURVE('',#1566,#1571,#893,.T.);
#1974=EDGE_CURVE('',#1567,#1572,#894,.T.);
#1975=EDGE_CURVE('',#1573,#1574,#895,.T.);
#1976=EDGE_CURVE('',#1574,#1575,#896,.T.);
#1977=EDGE_CURVE('',#1576,#1575,#897,.T.);
#1978=EDGE_CURVE('',#1573,#1576,#898,.T.);
#1979=EDGE_CURVE('',#1577,#1573,#899,.T.);
#1980=EDGE_CURVE('',#1578,#1576,#900,.T.);
#1981=EDGE_CURVE('',#1577,#1578,#901,.T.);
#1982=EDGE_CURVE('',#1579,#1577,#902,.T.);
#1983=EDGE_CURVE('',#1580,#1578,#903,.T.);
#1984=EDGE_CURVE('',#1579,#1580,#904,.T.);
#1985=EDGE_CURVE('',#1574,#1579,#905,.T.);
#1986=EDGE_CURVE('',#1575,#1580,#906,.T.);
#1987=ORIENTED_EDGE('',*,*,#1581,.F.);
#1988=ORIENTED_EDGE('',*,*,#1582,.T.);
#1989=ORIENTED_EDGE('',*,*,#1583,.F.);
#1990=ORIENTED_EDGE('',*,*,#1582,.F.);
#1991=ORIENTED_EDGE('',*,*,#1584,.F.);
#1992=ORIENTED_EDGE('',*,*,#1585,.T.);
#1993=ORIENTED_EDGE('',*,*,#1586,.F.);
#1994=ORIENTED_EDGE('',*,*,#1585,.F.);
#1995=ORIENTED_EDGE('',*,*,#1587,.F.);
#1996=ORIENTED_EDGE('',*,*,#1588,.T.);
#1997=ORIENTED_EDGE('',*,*,#1589,.F.);
#1998=ORIENTED_EDGE('',*,*,#1588,.F.);
#1999=ORIENTED_EDGE('',*,*,#1590,.F.);
#2000=ORIENTED_EDGE('',*,*,#1591,.T.);
#2001=ORIENTED_EDGE('',*,*,#1592,.F.);
#2002=ORIENTED_EDGE('',*,*,#1591,.F.);
#2003=ORIENTED_EDGE('',*,*,#1593,.T.);
#2004=ORIENTED_EDGE('',*,*,#1594,.T.);
#2005=ORIENTED_EDGE('',*,*,#1595,.F.);
#2006=ORIENTED_EDGE('',*,*,#1596,.F.);
#2007=ORIENTED_EDGE('',*,*,#1597,.T.);
#2008=ORIENTED_EDGE('',*,*,#1596,.T.);
#2009=ORIENTED_EDGE('',*,*,#1598,.F.);
#2010=ORIENTED_EDGE('',*,*,#1599,.F.);
#2011=ORIENTED_EDGE('',*,*,#1600,.T.);
#2012=ORIENTED_EDGE('',*,*,#1599,.T.);
#2013=ORIENTED_EDGE('',*,*,#1601,.F.);
#2014=ORIENTED_EDGE('',*,*,#1602,.F.);
#2015=ORIENTED_EDGE('',*,*,#1603,.T.);
#2016=ORIENTED_EDGE('',*,*,#1602,.T.);
#2017=ORIENTED_EDGE('',*,*,#1604,.F.);
#2018=ORIENTED_EDGE('',*,*,#1605,.F.);
#2019=ORIENTED_EDGE('',*,*,#1606,.T.);
#2020=ORIENTED_EDGE('',*,*,#1605,.T.);
#2021=ORIENTED_EDGE('',*,*,#1607,.F.);
#2022=ORIENTED_EDGE('',*,*,#1608,.F.);
#2023=ORIENTED_EDGE('',*,*,#1609,.T.);
#2024=ORIENTED_EDGE('',*,*,#1608,.T.);
#2025=ORIENTED_EDGE('',*,*,#1610,.F.);
#2026=ORIENTED_EDGE('',*,*,#1611,.F.);
#2027=ORIENTED_EDGE('',*,*,#1612,.T.);
#2028=ORIENTED_EDGE('',*,*,#1611,.T.);
#2029=ORIENTED_EDGE('',*,*,#1613,.F.);
#2030=ORIENTED_EDGE('',*,*,#1614,.F.);
#2031=ORIENTED_EDGE('',*,*,#1615,.T.);
#2032=ORIENTED_EDGE('',*,*,#1614,.T.);
#2033=ORIENTED_EDGE('',*,*,#1616,.F.);
#2034=ORIENTED_EDGE('',*,*,#1617,.F.);
#2035=ORIENTED_EDGE('',*,*,#1618,.T.);
#2036=ORIENTED_EDGE('',*,*,#1617,.T.);
#2037=ORIENTED_EDGE('',*,*,#1619,.F.);
#2038=ORIENTED_EDGE('',*,*,#1620,.F.);
#2039=ORIENTED_EDGE('',*,*,#1621,.T.);
#2040=ORIENTED_EDGE('',*,*,#1620,.T.);
#2041=ORIENTED_EDGE('',*,*,#1622,.F.);
#2042=ORIENTED_EDGE('',*,*,#1623,.F.);
#2043=ORIENTED_EDGE('',*,*,#1624,.T.);
#2044=ORIENTED_EDGE('',*,*,#1623,.T.);
#2045=ORIENTED_EDGE('',*,*,#1625,.F.);
#2046=ORIENTED_EDGE('',*,*,#1626,.F.);
#2047=ORIENTED_EDGE('',*,*,#1627,.T.);
#2048=ORIENTED_EDGE('',*,*,#1626,.T.);
#2049=ORIENTED_EDGE('',*,*,#1628,.F.);
#2050=ORIENTED_EDGE('',*,*,#1594,.F.);
#2051=ORIENTED_EDGE('',*,*,#1629,.T.);
#2052=ORIENTED_EDGE('',*,*,#1630,.T.);
#2053=ORIENTED_EDGE('',*,*,#1631,.F.);
#2054=ORIENTED_EDGE('',*,*,#1632,.F.);
#2055=ORIENTED_EDGE('',*,*,#1633,.T.);
#2056=ORIENTED_EDGE('',*,*,#1632,.T.);
#2057=ORIENTED_EDGE('',*,*,#1634,.F.);
#2058=ORIENTED_EDGE('',*,*,#1635,.F.);
#2059=ORIENTED_EDGE('',*,*,#1636,.T.);
#2060=ORIENTED_EDGE('',*,*,#1635,.T.);
#2061=ORIENTED_EDGE('',*,*,#1637,.F.);
#2062=ORIENTED_EDGE('',*,*,#1638,.F.);
#2063=ORIENTED_EDGE('',*,*,#1639,.T.);
#2064=ORIENTED_EDGE('',*,*,#1638,.T.);
#2065=ORIENTED_EDGE('',*,*,#1640,.F.);
#2066=ORIENTED_EDGE('',*,*,#1641,.F.);
#2067=ORIENTED_EDGE('',*,*,#1642,.T.);
#2068=ORIENTED_EDGE('',*,*,#1641,.T.);
#2069=ORIENTED_EDGE('',*,*,#1643,.F.);
#2070=ORIENTED_EDGE('',*,*,#1644,.F.);
#2071=ORIENTED_EDGE('',*,*,#1645,.T.);
#2072=ORIENTED_EDGE('',*,*,#1644,.T.);
#2073=ORIENTED_EDGE('',*,*,#1646,.F.);
#2074=ORIENTED_EDGE('',*,*,#1647,.F.);
#2075=ORIENTED_EDGE('',*,*,#1648,.T.);
#2076=ORIENTED_EDGE('',*,*,#1647,.T.);
#2077=ORIENTED_EDGE('',*,*,#1649,.F.);
#2078=ORIENTED_EDGE('',*,*,#1650,.F.);
#2079=ORIENTED_EDGE('',*,*,#1651,.T.);
#2080=ORIENTED_EDGE('',*,*,#1650,.T.);
#2081=ORIENTED_EDGE('',*,*,#1652,.F.);
#2082=ORIENTED_EDGE('',*,*,#1653,.F.);
#2083=ORIENTED_EDGE('',*,*,#1654,.T.);
#2084=ORIENTED_EDGE('',*,*,#1653,.T.);
#2085=ORIENTED_EDGE('',*,*,#1655,.F.);
#2086=ORIENTED_EDGE('',*,*,#1656,.F.);
#2087=ORIENTED_EDGE('',*,*,#1657,.T.);
#2088=ORIENTED_EDGE('',*,*,#1656,.T.);
#2089=ORIENTED_EDGE('',*,*,#1658,.F.);
#2090=ORIENTED_EDGE('',*,*,#1659,.F.);
#2091=ORIENTED_EDGE('',*,*,#1660,.T.);
#2092=ORIENTED_EDGE('',*,*,#1659,.T.);
#2093=ORIENTED_EDGE('',*,*,#1661,.F.);
#2094=ORIENTED_EDGE('',*,*,#1662,.F.);
#2095=ORIENTED_EDGE('',*,*,#1663,.T.);
#2096=ORIENTED_EDGE('',*,*,#1662,.T.);
#2097=ORIENTED_EDGE('',*,*,#1664,.F.);
#2098=ORIENTED_EDGE('',*,*,#1630,.F.);
#2099=ORIENTED_EDGE('',*,*,#1665,.T.);
#2100=ORIENTED_EDGE('',*,*,#1666,.T.);
#2101=ORIENTED_EDGE('',*,*,#1667,.F.);
#2102=ORIENTED_EDGE('',*,*,#1668,.F.);
#2103=ORIENTED_EDGE('',*,*,#1669,.T.);
#2104=ORIENTED_EDGE('',*,*,#1668,.T.);
#2105=ORIENTED_EDGE('',*,*,#1670,.F.);
#2106=ORIENTED_EDGE('',*,*,#1671,.F.);
#2107=ORIENTED_EDGE('',*,*,#1672,.T.);
#2108=ORIENTED_EDGE('',*,*,#1671,.T.);
#2109=ORIENTED_EDGE('',*,*,#1673,.F.);
#2110=ORIENTED_EDGE('',*,*,#1674,.F.);
#2111=ORIENTED_EDGE('',*,*,#1675,.T.);
#2112=ORIENTED_EDGE('',*,*,#1674,.T.);
#2113=ORIENTED_EDGE('',*,*,#1676,.F.);
#2114=ORIENTED_EDGE('',*,*,#1677,.F.);
#2115=ORIENTED_EDGE('',*,*,#1678,.T.);
#2116=ORIENTED_EDGE('',*,*,#1677,.T.);
#2117=ORIENTED_EDGE('',*,*,#1679,.F.);
#2118=ORIENTED_EDGE('',*,*,#1680,.F.);
#2119=ORIENTED_EDGE('',*,*,#1681,.T.);
#2120=ORIENTED_EDGE('',*,*,#1680,.T.);
#2121=ORIENTED_EDGE('',*,*,#1682,.F.);
#2122=ORIENTED_EDGE('',*,*,#1683,.F.);
#2123=ORIENTED_EDGE('',*,*,#1684,.T.);
#2124=ORIENTED_EDGE('',*,*,#1683,.T.);
#2125=ORIENTED_EDGE('',*,*,#1685,.F.);
#2126=ORIENTED_EDGE('',*,*,#1686,.F.);
#2127=ORIENTED_EDGE('',*,*,#1687,.T.);
#2128=ORIENTED_EDGE('',*,*,#1686,.T.);
#2129=ORIENTED_EDGE('',*,*,#1688,.F.);
#2130=ORIENTED_EDGE('',*,*,#1689,.F.);
#2131=ORIENTED_EDGE('',*,*,#1690,.T.);
#2132=ORIENTED_EDGE('',*,*,#1689,.T.);
#2133=ORIENTED_EDGE('',*,*,#1691,.F.);
#2134=ORIENTED_EDGE('',*,*,#1692,.F.);
#2135=ORIENTED_EDGE('',*,*,#1693,.T.);
#2136=ORIENTED_EDGE('',*,*,#1692,.T.);
#2137=ORIENTED_EDGE('',*,*,#1694,.F.);
#2138=ORIENTED_EDGE('',*,*,#1695,.F.);
#2139=ORIENTED_EDGE('',*,*,#1696,.T.);
#2140=ORIENTED_EDGE('',*,*,#1695,.T.);
#2141=ORIENTED_EDGE('',*,*,#1697,.F.);
#2142=ORIENTED_EDGE('',*,*,#1698,.F.);
#2143=ORIENTED_EDGE('',*,*,#1699,.T.);
#2144=ORIENTED_EDGE('',*,*,#1698,.T.);
#2145=ORIENTED_EDGE('',*,*,#1700,.F.);
#2146=ORIENTED_EDGE('',*,*,#1701,.F.);
#2147=ORIENTED_EDGE('',*,*,#1702,.T.);
#2148=ORIENTED_EDGE('',*,*,#1701,.T.);
#2149=ORIENTED_EDGE('',*,*,#1703,.F.);
#2150=ORIENTED_EDGE('',*,*,#1704,.F.);
#2151=ORIENTED_EDGE('',*,*,#1705,.T.);
#2152=ORIENTED_EDGE('',*,*,#1704,.T.);
#2153=ORIENTED_EDGE('',*,*,#1706,.F.);
#2154=ORIENTED_EDGE('',*,*,#1707,.F.);
#2155=ORIENTED_EDGE('',*,*,#1708,.T.);
#2156=ORIENTED_EDGE('',*,*,#1707,.T.);
#2157=ORIENTED_EDGE('',*,*,#1709,.F.);
#2158=ORIENTED_EDGE('',*,*,#1710,.F.);
#2159=ORIENTED_EDGE('',*,*,#1711,.T.);
#2160=ORIENTED_EDGE('',*,*,#1710,.T.);
#2161=ORIENTED_EDGE('',*,*,#1712,.F.);
#2162=ORIENTED_EDGE('',*,*,#1666,.F.);
#2163=ORIENTED_EDGE('',*,*,#1713,.T.);
#2164=ORIENTED_EDGE('',*,*,#1714,.T.);
#2165=ORIENTED_EDGE('',*,*,#1715,.F.);
#2166=ORIENTED_EDGE('',*,*,#1716,.F.);
#2167=ORIENTED_EDGE('',*,*,#1717,.T.);
#2168=ORIENTED_EDGE('',*,*,#1716,.T.);
#2169=ORIENTED_EDGE('',*,*,#1718,.F.);
#2170=ORIENTED_EDGE('',*,*,#1719,.F.);
#2171=ORIENTED_EDGE('',*,*,#1720,.T.);
#2172=ORIENTED_EDGE('',*,*,#1719,.T.);
#2173=ORIENTED_EDGE('',*,*,#1721,.F.);
#2174=ORIENTED_EDGE('',*,*,#1722,.F.);
#2175=ORIENTED_EDGE('',*,*,#1723,.T.);
#2176=ORIENTED_EDGE('',*,*,#1722,.T.);
#2177=ORIENTED_EDGE('',*,*,#1724,.F.);
#2178=ORIENTED_EDGE('',*,*,#1714,.F.);
#2179=ORIENTED_EDGE('',*,*,#1725,.T.);
#2180=ORIENTED_EDGE('',*,*,#1726,.T.);
#2181=ORIENTED_EDGE('',*,*,#1727,.F.);
#2182=ORIENTED_EDGE('',*,*,#1728,.F.);
#2183=ORIENTED_EDGE('',*,*,#1729,.T.);
#2184=ORIENTED_EDGE('',*,*,#1728,.T.);
#2185=ORIENTED_EDGE('',*,*,#1730,.F.);
#2186=ORIENTED_EDGE('',*,*,#1731,.F.);
#2187=ORIENTED_EDGE('',*,*,#1732,.T.);
#2188=ORIENTED_EDGE('',*,*,#1731,.T.);
#2189=ORIENTED_EDGE('',*,*,#1733,.F.);
#2190=ORIENTED_EDGE('',*,*,#1734,.F.);
#2191=ORIENTED_EDGE('',*,*,#1735,.T.);
#2192=ORIENTED_EDGE('',*,*,#1734,.T.);
#2193=ORIENTED_EDGE('',*,*,#1736,.F.);
#2194=ORIENTED_EDGE('',*,*,#1737,.F.);
#2195=ORIENTED_EDGE('',*,*,#1738,.T.);
#2196=ORIENTED_EDGE('',*,*,#1737,.T.);
#2197=ORIENTED_EDGE('',*,*,#1739,.F.);
#2198=ORIENTED_EDGE('',*,*,#1740,.F.);
#2199=ORIENTED_EDGE('',*,*,#1741,.T.);
#2200=ORIENTED_EDGE('',*,*,#1740,.T.);
#2201=ORIENTED_EDGE('',*,*,#1742,.F.);
#2202=ORIENTED_EDGE('',*,*,#1743,.F.);
#2203=ORIENTED_EDGE('',*,*,#1744,.T.);
#2204=ORIENTED_EDGE('',*,*,#1743,.T.);
#2205=ORIENTED_EDGE('',*,*,#1745,.F.);
#2206=ORIENTED_EDGE('',*,*,#1746,.F.);
#2207=ORIENTED_EDGE('',*,*,#1747,.T.);
#2208=ORIENTED_EDGE('',*,*,#1746,.T.);
#2209=ORIENTED_EDGE('',*,*,#1748,.F.);
#2210=ORIENTED_EDGE('',*,*,#1749,.F.);
#2211=ORIENTED_EDGE('',*,*,#1750,.T.);
#2212=ORIENTED_EDGE('',*,*,#1749,.T.);
#2213=ORIENTED_EDGE('',*,*,#1751,.F.);
#2214=ORIENTED_EDGE('',*,*,#1752,.F.);
#2215=ORIENTED_EDGE('',*,*,#1753,.T.);
#2216=ORIENTED_EDGE('',*,*,#1752,.T.);
#2217=ORIENTED_EDGE('',*,*,#1754,.F.);
#2218=ORIENTED_EDGE('',*,*,#1755,.F.);
#2219=ORIENTED_EDGE('',*,*,#1756,.T.);
#2220=ORIENTED_EDGE('',*,*,#1755,.T.);
#2221=ORIENTED_EDGE('',*,*,#1757,.F.);
#2222=ORIENTED_EDGE('',*,*,#1758,.F.);
#2223=ORIENTED_EDGE('',*,*,#1759,.T.);
#2224=ORIENTED_EDGE('',*,*,#1758,.T.);
#2225=ORIENTED_EDGE('',*,*,#1760,.F.);
#2226=ORIENTED_EDGE('',*,*,#1761,.F.);
#2227=ORIENTED_EDGE('',*,*,#1762,.T.);
#2228=ORIENTED_EDGE('',*,*,#1761,.T.);
#2229=ORIENTED_EDGE('',*,*,#1763,.F.);
#2230=ORIENTED_EDGE('',*,*,#1764,.F.);
#2231=ORIENTED_EDGE('',*,*,#1765,.T.);
#2232=ORIENTED_EDGE('',*,*,#1764,.T.);
#2233=ORIENTED_EDGE('',*,*,#1766,.F.);
#2234=ORIENTED_EDGE('',*,*,#1767,.F.);
#2235=ORIENTED_EDGE('',*,*,#1768,.T.);
#2236=ORIENTED_EDGE('',*,*,#1767,.T.);
#2237=ORIENTED_EDGE('',*,*,#1769,.F.);
#2238=ORIENTED_EDGE('',*,*,#1770,.F.);
#2239=ORIENTED_EDGE('',*,*,#1771,.T.);
#2240=ORIENTED_EDGE('',*,*,#1770,.T.);
#2241=ORIENTED_EDGE('',*,*,#1772,.F.);
#2242=ORIENTED_EDGE('',*,*,#1726,.F.);
#2243=ORIENTED_EDGE('',*,*,#1773,.T.);
#2244=ORIENTED_EDGE('',*,*,#1774,.T.);
#2245=ORIENTED_EDGE('',*,*,#1775,.F.);
#2246=ORIENTED_EDGE('',*,*,#1776,.F.);
#2247=ORIENTED_EDGE('',*,*,#1777,.T.);
#2248=ORIENTED_EDGE('',*,*,#1776,.T.);
#2249=ORIENTED_EDGE('',*,*,#1778,.F.);
#2250=ORIENTED_EDGE('',*,*,#1779,.F.);
#2251=ORIENTED_EDGE('',*,*,#1780,.T.);
#2252=ORIENTED_EDGE('',*,*,#1779,.T.);
#2253=ORIENTED_EDGE('',*,*,#1781,.F.);
#2254=ORIENTED_EDGE('',*,*,#1782,.F.);
#2255=ORIENTED_EDGE('',*,*,#1783,.T.);
#2256=ORIENTED_EDGE('',*,*,#1782,.T.);
#2257=ORIENTED_EDGE('',*,*,#1784,.F.);
#2258=ORIENTED_EDGE('',*,*,#1774,.F.);
#2259=ORIENTED_EDGE('',*,*,#1785,.F.);
#2260=ORIENTED_EDGE('',*,*,#1786,.T.);
#2261=ORIENTED_EDGE('',*,*,#1787,.F.);
#2262=ORIENTED_EDGE('',*,*,#1788,.F.);
#2263=ORIENTED_EDGE('',*,*,#1789,.F.);
#2264=ORIENTED_EDGE('',*,*,#1788,.T.);
#2265=ORIENTED_EDGE('',*,*,#1790,.F.);
#2266=ORIENTED_EDGE('',*,*,#1791,.F.);
#2267=ORIENTED_EDGE('',*,*,#1792,.F.);
#2268=ORIENTED_EDGE('',*,*,#1791,.T.);
#2269=ORIENTED_EDGE('',*,*,#1793,.F.);
#2270=ORIENTED_EDGE('',*,*,#1794,.F.);
#2271=ORIENTED_EDGE('',*,*,#1795,.F.);
#2272=ORIENTED_EDGE('',*,*,#1794,.T.);
#2273=ORIENTED_EDGE('',*,*,#1796,.F.);
#2274=ORIENTED_EDGE('',*,*,#1786,.F.);
#2275=ORIENTED_EDGE('',*,*,#1796,.T.);
#2276=ORIENTED_EDGE('',*,*,#1793,.T.);
#2277=ORIENTED_EDGE('',*,*,#1790,.T.);
#2278=ORIENTED_EDGE('',*,*,#1787,.T.);
#2279=ORIENTED_EDGE('',*,*,#1628,.T.);
#2280=ORIENTED_EDGE('',*,*,#1625,.T.);
#2281=ORIENTED_EDGE('',*,*,#1622,.T.);
#2282=ORIENTED_EDGE('',*,*,#1619,.T.);
#2283=ORIENTED_EDGE('',*,*,#1616,.T.);
#2284=ORIENTED_EDGE('',*,*,#1613,.T.);
#2285=ORIENTED_EDGE('',*,*,#1610,.T.);
#2286=ORIENTED_EDGE('',*,*,#1607,.T.);
#2287=ORIENTED_EDGE('',*,*,#1604,.T.);
#2288=ORIENTED_EDGE('',*,*,#1601,.T.);
#2289=ORIENTED_EDGE('',*,*,#1598,.T.);
#2290=ORIENTED_EDGE('',*,*,#1595,.T.);
#2291=ORIENTED_EDGE('',*,*,#1664,.T.);
#2292=ORIENTED_EDGE('',*,*,#1661,.T.);
#2293=ORIENTED_EDGE('',*,*,#1658,.T.);
#2294=ORIENTED_EDGE('',*,*,#1655,.T.);
#2295=ORIENTED_EDGE('',*,*,#1652,.T.);
#2296=ORIENTED_EDGE('',*,*,#1649,.T.);
#2297=ORIENTED_EDGE('',*,*,#1646,.T.);
#2298=ORIENTED_EDGE('',*,*,#1643,.T.);
#2299=ORIENTED_EDGE('',*,*,#1640,.T.);
#2300=ORIENTED_EDGE('',*,*,#1637,.T.);
#2301=ORIENTED_EDGE('',*,*,#1634,.T.);
#2302=ORIENTED_EDGE('',*,*,#1631,.T.);
#2303=ORIENTED_EDGE('',*,*,#1712,.T.);
#2304=ORIENTED_EDGE('',*,*,#1709,.T.);
#2305=ORIENTED_EDGE('',*,*,#1706,.T.);
#2306=ORIENTED_EDGE('',*,*,#1703,.T.);
#2307=ORIENTED_EDGE('',*,*,#1700,.T.);
#2308=ORIENTED_EDGE('',*,*,#1697,.T.);
#2309=ORIENTED_EDGE('',*,*,#1694,.T.);
#2310=ORIENTED_EDGE('',*,*,#1691,.T.);
#2311=ORIENTED_EDGE('',*,*,#1688,.T.);
#2312=ORIENTED_EDGE('',*,*,#1685,.T.);
#2313=ORIENTED_EDGE('',*,*,#1682,.T.);
#2314=ORIENTED_EDGE('',*,*,#1679,.T.);
#2315=ORIENTED_EDGE('',*,*,#1676,.T.);
#2316=ORIENTED_EDGE('',*,*,#1673,.T.);
#2317=ORIENTED_EDGE('',*,*,#1670,.T.);
#2318=ORIENTED_EDGE('',*,*,#1667,.T.);
#2319=ORIENTED_EDGE('',*,*,#1724,.T.);
#2320=ORIENTED_EDGE('',*,*,#1721,.T.);
#2321=ORIENTED_EDGE('',*,*,#1718,.T.);
#2322=ORIENTED_EDGE('',*,*,#1715,.T.);
#2323=ORIENTED_EDGE('',*,*,#1772,.T.);
#2324=ORIENTED_EDGE('',*,*,#1769,.T.);
#2325=ORIENTED_EDGE('',*,*,#1766,.T.);
#2326=ORIENTED_EDGE('',*,*,#1763,.T.);
#2327=ORIENTED_EDGE('',*,*,#1760,.T.);
#2328=ORIENTED_EDGE('',*,*,#1757,.T.);
#2329=ORIENTED_EDGE('',*,*,#1754,.T.);
#2330=ORIENTED_EDGE('',*,*,#1751,.T.);
#2331=ORIENTED_EDGE('',*,*,#1748,.T.);
#2332=ORIENTED_EDGE('',*,*,#1745,.T.);
#2333=ORIENTED_EDGE('',*,*,#1742,.T.);
#2334=ORIENTED_EDGE('',*,*,#1739,.T.);
#2335=ORIENTED_EDGE('',*,*,#1736,.T.);
#2336=ORIENTED_EDGE('',*,*,#1733,.T.);
#2337=ORIENTED_EDGE('',*,*,#1730,.T.);
#2338=ORIENTED_EDGE('',*,*,#1727,.T.);
#2339=ORIENTED_EDGE('',*,*,#1784,.T.);
#2340=ORIENTED_EDGE('',*,*,#1781,.T.);
#2341=ORIENTED_EDGE('',*,*,#1778,.T.);
#2342=ORIENTED_EDGE('',*,*,#1775,.T.);
#2343=ORIENTED_EDGE('',*,*,#1592,.T.);
#2344=ORIENTED_EDGE('',*,*,#1589,.T.);
#2345=ORIENTED_EDGE('',*,*,#1586,.T.);
#2346=ORIENTED_EDGE('',*,*,#1583,.T.);
#2347=ORIENTED_EDGE('',*,*,#1795,.T.);
#2348=ORIENTED_EDGE('',*,*,#1785,.T.);
#2349=ORIENTED_EDGE('',*,*,#1789,.T.);
#2350=ORIENTED_EDGE('',*,*,#1792,.T.);
#2351=ORIENTED_EDGE('',*,*,#1627,.F.);
#2352=ORIENTED_EDGE('',*,*,#1593,.F.);
#2353=ORIENTED_EDGE('',*,*,#1597,.F.);
#2354=ORIENTED_EDGE('',*,*,#1600,.F.);
#2355=ORIENTED_EDGE('',*,*,#1603,.F.);
#2356=ORIENTED_EDGE('',*,*,#1606,.F.);
#2357=ORIENTED_EDGE('',*,*,#1609,.F.);
#2358=ORIENTED_EDGE('',*,*,#1612,.F.);
#2359=ORIENTED_EDGE('',*,*,#1615,.F.);
#2360=ORIENTED_EDGE('',*,*,#1618,.F.);
#2361=ORIENTED_EDGE('',*,*,#1621,.F.);
#2362=ORIENTED_EDGE('',*,*,#1624,.F.);
#2363=ORIENTED_EDGE('',*,*,#1663,.F.);
#2364=ORIENTED_EDGE('',*,*,#1629,.F.);
#2365=ORIENTED_EDGE('',*,*,#1633,.F.);
#2366=ORIENTED_EDGE('',*,*,#1636,.F.);
#2367=ORIENTED_EDGE('',*,*,#1639,.F.);
#2368=ORIENTED_EDGE('',*,*,#1642,.F.);
#2369=ORIENTED_EDGE('',*,*,#1645,.F.);
#2370=ORIENTED_EDGE('',*,*,#1648,.F.);
#2371=ORIENTED_EDGE('',*,*,#1651,.F.);
#2372=ORIENTED_EDGE('',*,*,#1654,.F.);
#2373=ORIENTED_EDGE('',*,*,#1657,.F.);
#2374=ORIENTED_EDGE('',*,*,#1660,.F.);
#2375=ORIENTED_EDGE('',*,*,#1711,.F.);
#2376=ORIENTED_EDGE('',*,*,#1665,.F.);
#2377=ORIENTED_EDGE('',*,*,#1669,.F.);
#2378=ORIENTED_EDGE('',*,*,#1672,.F.);
#2379=ORIENTED_EDGE('',*,*,#1675,.F.);
#2380=ORIENTED_EDGE('',*,*,#1678,.F.);
#2381=ORIENTED_EDGE('',*,*,#1681,.F.);
#2382=ORIENTED_EDGE('',*,*,#1684,.F.);
#2383=ORIENTED_EDGE('',*,*,#1687,.F.);
#2384=ORIENTED_EDGE('',*,*,#1690,.F.);
#2385=ORIENTED_EDGE('',*,*,#1693,.F.);
#2386=ORIENTED_EDGE('',*,*,#1696,.F.);
#2387=ORIENTED_EDGE('',*,*,#1699,.F.);
#2388=ORIENTED_EDGE('',*,*,#1702,.F.);
#2389=ORIENTED_EDGE('',*,*,#1705,.F.);
#2390=ORIENTED_EDGE('',*,*,#1708,.F.);
#2391=ORIENTED_EDGE('',*,*,#1723,.F.);
#2392=ORIENTED_EDGE('',*,*,#1713,.F.);
#2393=ORIENTED_EDGE('',*,*,#1717,.F.);
#2394=ORIENTED_EDGE('',*,*,#1720,.F.);
#2395=ORIENTED_EDGE('',*,*,#1771,.F.);
#2396=ORIENTED_EDGE('',*,*,#1725,.F.);
#2397=ORIENTED_EDGE('',*,*,#1729,.F.);
#2398=ORIENTED_EDGE('',*,*,#1732,.F.);
#2399=ORIENTED_EDGE('',*,*,#1735,.F.);
#2400=ORIENTED_EDGE('',*,*,#1738,.F.);
#2401=ORIENTED_EDGE('',*,*,#1741,.F.);
#2402=ORIENTED_EDGE('',*,*,#1744,.F.);
#2403=ORIENTED_EDGE('',*,*,#1747,.F.);
#2404=ORIENTED_EDGE('',*,*,#1750,.F.);
#2405=ORIENTED_EDGE('',*,*,#1753,.F.);
#2406=ORIENTED_EDGE('',*,*,#1756,.F.);
#2407=ORIENTED_EDGE('',*,*,#1759,.F.);
#2408=ORIENTED_EDGE('',*,*,#1762,.F.);
#2409=ORIENTED_EDGE('',*,*,#1765,.F.);
#2410=ORIENTED_EDGE('',*,*,#1768,.F.);
#2411=ORIENTED_EDGE('',*,*,#1783,.F.);
#2412=ORIENTED_EDGE('',*,*,#1773,.F.);
#2413=ORIENTED_EDGE('',*,*,#1777,.F.);
#2414=ORIENTED_EDGE('',*,*,#1780,.F.);
#2415=ORIENTED_EDGE('',*,*,#1590,.T.);
#2416=ORIENTED_EDGE('',*,*,#1587,.T.);
#2417=ORIENTED_EDGE('',*,*,#1584,.T.);
#2418=ORIENTED_EDGE('',*,*,#1581,.T.);
#2419=ORIENTED_EDGE('',*,*,#1797,.T.);
#2420=ORIENTED_EDGE('',*,*,#1798,.T.);
#2421=ORIENTED_EDGE('',*,*,#1799,.F.);
#2422=ORIENTED_EDGE('',*,*,#1800,.F.);
#2423=ORIENTED_EDGE('',*,*,#1801,.T.);
#2424=ORIENTED_EDGE('',*,*,#1800,.T.);
#2425=ORIENTED_EDGE('',*,*,#1802,.F.);
#2426=ORIENTED_EDGE('',*,*,#1803,.F.);
#2427=ORIENTED_EDGE('',*,*,#1804,.T.);
#2428=ORIENTED_EDGE('',*,*,#1803,.T.);
#2429=ORIENTED_EDGE('',*,*,#1805,.F.);
#2430=ORIENTED_EDGE('',*,*,#1806,.F.);
#2431=ORIENTED_EDGE('',*,*,#1807,.T.);
#2432=ORIENTED_EDGE('',*,*,#1806,.T.);
#2433=ORIENTED_EDGE('',*,*,#1808,.F.);
#2434=ORIENTED_EDGE('',*,*,#1798,.F.);
#2435=ORIENTED_EDGE('',*,*,#1808,.T.);
#2436=ORIENTED_EDGE('',*,*,#1805,.T.);
#2437=ORIENTED_EDGE('',*,*,#1802,.T.);
#2438=ORIENTED_EDGE('',*,*,#1799,.T.);
#2439=ORIENTED_EDGE('',*,*,#1807,.F.);
#2440=ORIENTED_EDGE('',*,*,#1797,.F.);
#2441=ORIENTED_EDGE('',*,*,#1801,.F.);
#2442=ORIENTED_EDGE('',*,*,#1804,.F.);
#2443=ORIENTED_EDGE('',*,*,#1809,.F.);
#2444=ORIENTED_EDGE('',*,*,#1810,.F.);
#2445=ORIENTED_EDGE('',*,*,#1811,.T.);
#2446=ORIENTED_EDGE('',*,*,#1812,.T.);
#2447=ORIENTED_EDGE('',*,*,#1813,.F.);
#2448=ORIENTED_EDGE('',*,*,#1814,.T.);
#2449=ORIENTED_EDGE('',*,*,#1815,.F.);
#2450=ORIENTED_EDGE('',*,*,#1816,.F.);
#2451=ORIENTED_EDGE('',*,*,#1817,.T.);
#2452=ORIENTED_EDGE('',*,*,#1818,.T.);
#2453=ORIENTED_EDGE('',*,*,#1810,.T.);
#2454=ORIENTED_EDGE('',*,*,#1819,.T.);
#2455=ORIENTED_EDGE('',*,*,#1820,.T.);
#2456=ORIENTED_EDGE('',*,*,#1821,.T.);
#2457=ORIENTED_EDGE('',*,*,#1822,.T.);
#2458=ORIENTED_EDGE('',*,*,#1823,.T.);
#2459=ORIENTED_EDGE('',*,*,#1824,.T.);
#2460=ORIENTED_EDGE('',*,*,#1825,.F.);
#2461=ORIENTED_EDGE('',*,*,#1826,.F.);
#2462=ORIENTED_EDGE('',*,*,#1827,.F.);
#2463=ORIENTED_EDGE('',*,*,#1828,.F.);
#2464=ORIENTED_EDGE('',*,*,#1829,.T.);
#2465=ORIENTED_EDGE('',*,*,#1830,.F.);
#2466=ORIENTED_EDGE('',*,*,#1831,.F.);
#2467=ORIENTED_EDGE('',*,*,#1832,.F.);
#2468=ORIENTED_EDGE('',*,*,#1833,.T.);
#2469=ORIENTED_EDGE('',*,*,#1834,.T.);
#2470=ORIENTED_EDGE('',*,*,#1835,.T.);
#2471=ORIENTED_EDGE('',*,*,#1836,.T.);
#2472=ORIENTED_EDGE('',*,*,#1837,.T.);
#2473=ORIENTED_EDGE('',*,*,#1838,.T.);
#2474=ORIENTED_EDGE('',*,*,#1839,.T.);
#2475=ORIENTED_EDGE('',*,*,#1840,.F.);
#2476=ORIENTED_EDGE('',*,*,#1841,.F.);
#2477=ORIENTED_EDGE('',*,*,#1842,.F.);
#2478=ORIENTED_EDGE('',*,*,#1843,.F.);
#2479=ORIENTED_EDGE('',*,*,#1844,.F.);
#2480=ORIENTED_EDGE('',*,*,#1845,.T.);
#2481=ORIENTED_EDGE('',*,*,#1846,.T.);
#2482=ORIENTED_EDGE('',*,*,#1847,.T.);
#2483=ORIENTED_EDGE('',*,*,#1848,.T.);
#2484=ORIENTED_EDGE('',*,*,#1849,.F.);
#2485=ORIENTED_EDGE('',*,*,#1850,.F.);
#2486=ORIENTED_EDGE('',*,*,#1851,.F.);
#2487=ORIENTED_EDGE('',*,*,#1852,.F.);
#2488=ORIENTED_EDGE('',*,*,#1853,.F.);
#2489=ORIENTED_EDGE('',*,*,#1854,.F.);
#2490=ORIENTED_EDGE('',*,*,#1812,.F.);
#2491=ORIENTED_EDGE('',*,*,#1855,.F.);
#2492=ORIENTED_EDGE('',*,*,#1856,.F.);
#2493=ORIENTED_EDGE('',*,*,#1857,.T.);
#2494=ORIENTED_EDGE('',*,*,#1858,.T.);
#2495=ORIENTED_EDGE('',*,*,#1859,.F.);
#2496=ORIENTED_EDGE('',*,*,#1860,.T.);
#2497=ORIENTED_EDGE('',*,*,#1861,.T.);
#2498=ORIENTED_EDGE('',*,*,#1862,.T.);
#2499=ORIENTED_EDGE('',*,*,#1863,.T.);
#2500=ORIENTED_EDGE('',*,*,#1864,.T.);
#2501=ORIENTED_EDGE('',*,*,#1865,.F.);
#2502=ORIENTED_EDGE('',*,*,#1866,.F.);
#2503=ORIENTED_EDGE('',*,*,#1867,.F.);
#2504=ORIENTED_EDGE('',*,*,#1868,.F.);
#2505=ORIENTED_EDGE('',*,*,#1869,.F.);
#2506=ORIENTED_EDGE('',*,*,#1870,.F.);
#2507=ORIENTED_EDGE('',*,*,#1871,.F.);
#2508=ORIENTED_EDGE('',*,*,#1872,.T.);
#2509=ORIENTED_EDGE('',*,*,#1873,.T.);
#2510=ORIENTED_EDGE('',*,*,#1874,.T.);
#2511=ORIENTED_EDGE('',*,*,#1875,.F.);
#2512=ORIENTED_EDGE('',*,*,#1874,.F.);
#2513=ORIENTED_EDGE('',*,*,#1876,.F.);
#2514=ORIENTED_EDGE('',*,*,#1830,.T.);
#2515=ORIENTED_EDGE('',*,*,#1877,.F.);
#2516=ORIENTED_EDGE('',*,*,#1858,.F.);
#2517=ORIENTED_EDGE('',*,*,#1878,.F.);
#2518=ORIENTED_EDGE('',*,*,#1815,.T.);
#2519=ORIENTED_EDGE('',*,*,#1879,.F.);
#2520=ORIENTED_EDGE('',*,*,#1834,.F.);
#2521=ORIENTED_EDGE('',*,*,#1880,.T.);
#2522=ORIENTED_EDGE('',*,*,#1870,.T.);
#2523=ORIENTED_EDGE('',*,*,#1881,.T.);
#2524=ORIENTED_EDGE('',*,*,#1882,.T.);
#2525=ORIENTED_EDGE('',*,*,#1883,.F.);
#2526=ORIENTED_EDGE('',*,*,#1884,.F.);
#2527=ORIENTED_EDGE('',*,*,#1883,.T.);
#2528=ORIENTED_EDGE('',*,*,#1885,.T.);
#2529=ORIENTED_EDGE('',*,*,#1886,.F.);
#2530=ORIENTED_EDGE('',*,*,#1887,.F.);
#2531=ORIENTED_EDGE('',*,*,#1888,.F.);
#2532=ORIENTED_EDGE('',*,*,#1889,.F.);
#2533=ORIENTED_EDGE('',*,*,#1853,.T.);
#2534=ORIENTED_EDGE('',*,*,#1890,.F.);
#2535=ORIENTED_EDGE('',*,*,#1820,.F.);
#2536=ORIENTED_EDGE('',*,*,#1887,.T.);
#2537=ORIENTED_EDGE('',*,*,#1852,.T.);
#2538=ORIENTED_EDGE('',*,*,#1891,.F.);
#2539=ORIENTED_EDGE('',*,*,#1821,.F.);
#2540=ORIENTED_EDGE('',*,*,#1890,.T.);
#2541=ORIENTED_EDGE('',*,*,#1851,.T.);
#2542=ORIENTED_EDGE('',*,*,#1892,.F.);
#2543=ORIENTED_EDGE('',*,*,#1822,.F.);
#2544=ORIENTED_EDGE('',*,*,#1891,.T.);
#2545=ORIENTED_EDGE('',*,*,#1850,.T.);
#2546=ORIENTED_EDGE('',*,*,#1893,.F.);
#2547=ORIENTED_EDGE('',*,*,#1823,.F.);
#2548=ORIENTED_EDGE('',*,*,#1892,.T.);
#2549=ORIENTED_EDGE('',*,*,#1849,.T.);
#2550=ORIENTED_EDGE('',*,*,#1894,.F.);
#2551=ORIENTED_EDGE('',*,*,#1824,.F.);
#2552=ORIENTED_EDGE('',*,*,#1893,.T.);
#2553=ORIENTED_EDGE('',*,*,#1895,.F.);
#2554=ORIENTED_EDGE('',*,*,#1856,.T.);
#2555=ORIENTED_EDGE('',*,*,#1896,.F.);
#2556=ORIENTED_EDGE('',*,*,#1817,.F.);
#2557=ORIENTED_EDGE('',*,*,#1897,.T.);
#2558=ORIENTED_EDGE('',*,*,#1898,.T.);
#2559=ORIENTED_EDGE('',*,*,#1855,.T.);
#2560=ORIENTED_EDGE('',*,*,#1811,.F.);
#2561=ORIENTED_EDGE('',*,*,#1818,.F.);
#2562=ORIENTED_EDGE('',*,*,#1896,.T.);
#2563=ORIENTED_EDGE('',*,*,#1899,.T.);
#2564=ORIENTED_EDGE('',*,*,#1900,.T.);
#2565=ORIENTED_EDGE('',*,*,#1901,.T.);
#2566=ORIENTED_EDGE('',*,*,#1881,.F.);
#2567=ORIENTED_EDGE('',*,*,#1902,.F.);
#2568=ORIENTED_EDGE('',*,*,#1903,.T.);
#2569=ORIENTED_EDGE('',*,*,#1860,.F.);
#2570=ORIENTED_EDGE('',*,*,#1899,.F.);
#2571=ORIENTED_EDGE('',*,*,#1828,.T.);
#2572=ORIENTED_EDGE('',*,*,#1904,.T.);
#2573=ORIENTED_EDGE('',*,*,#1861,.F.);
#2574=ORIENTED_EDGE('',*,*,#1904,.F.);
#2575=ORIENTED_EDGE('',*,*,#1843,.T.);
#2576=ORIENTED_EDGE('',*,*,#1905,.T.);
#2577=ORIENTED_EDGE('',*,*,#1862,.F.);
#2578=ORIENTED_EDGE('',*,*,#1905,.F.);
#2579=ORIENTED_EDGE('',*,*,#1842,.T.);
#2580=ORIENTED_EDGE('',*,*,#1906,.T.);
#2581=ORIENTED_EDGE('',*,*,#1863,.F.);
#2582=ORIENTED_EDGE('',*,*,#1906,.F.);
#2583=ORIENTED_EDGE('',*,*,#1841,.T.);
#2584=ORIENTED_EDGE('',*,*,#1907,.T.);
#2585=ORIENTED_EDGE('',*,*,#1864,.F.);
#2586=ORIENTED_EDGE('',*,*,#1907,.F.);
#2587=ORIENTED_EDGE('',*,*,#1840,.T.);
#2588=ORIENTED_EDGE('',*,*,#1908,.T.);
#2589=ORIENTED_EDGE('',*,*,#1909,.T.);
#2590=ORIENTED_EDGE('',*,*,#1872,.F.);
#2591=ORIENTED_EDGE('',*,*,#1910,.F.);
#2592=ORIENTED_EDGE('',*,*,#1832,.T.);
#2593=ORIENTED_EDGE('',*,*,#1911,.T.);
#2594=ORIENTED_EDGE('',*,*,#1912,.T.);
#2595=ORIENTED_EDGE('',*,*,#1873,.F.);
#2596=ORIENTED_EDGE('',*,*,#1911,.F.);
#2597=ORIENTED_EDGE('',*,*,#1831,.T.);
#2598=ORIENTED_EDGE('',*,*,#1876,.T.);
#2599=ORIENTED_EDGE('',*,*,#1913,.T.);
#2600=ORIENTED_EDGE('',*,*,#1914,.T.);
#2601=ORIENTED_EDGE('',*,*,#1915,.F.);
#2602=ORIENTED_EDGE('',*,*,#1916,.F.);
#2603=ORIENTED_EDGE('',*,*,#1917,.T.);
#2604=ORIENTED_EDGE('',*,*,#1918,.T.);
#2605=ORIENTED_EDGE('',*,*,#1919,.T.);
#2606=ORIENTED_EDGE('',*,*,#1913,.F.);
#2607=ORIENTED_EDGE('',*,*,#1920,.F.);
#2608=ORIENTED_EDGE('',*,*,#1921,.T.);
#2609=ORIENTED_EDGE('',*,*,#1845,.F.);
#2610=ORIENTED_EDGE('',*,*,#1917,.F.);
#2611=ORIENTED_EDGE('',*,*,#1813,.T.);
#2612=ORIENTED_EDGE('',*,*,#1922,.T.);
#2613=ORIENTED_EDGE('',*,*,#1846,.F.);
#2614=ORIENTED_EDGE('',*,*,#1922,.F.);
#2615=ORIENTED_EDGE('',*,*,#1827,.T.);
#2616=ORIENTED_EDGE('',*,*,#1923,.T.);
#2617=ORIENTED_EDGE('',*,*,#1847,.F.);
#2618=ORIENTED_EDGE('',*,*,#1923,.F.);
#2619=ORIENTED_EDGE('',*,*,#1826,.T.);
#2620=ORIENTED_EDGE('',*,*,#1924,.T.);
#2621=ORIENTED_EDGE('',*,*,#1848,.F.);
#2622=ORIENTED_EDGE('',*,*,#1924,.F.);
#2623=ORIENTED_EDGE('',*,*,#1825,.T.);
#2624=ORIENTED_EDGE('',*,*,#1894,.T.);
#2625=ORIENTED_EDGE('',*,*,#1857,.F.);
#2626=ORIENTED_EDGE('',*,*,#1897,.F.);
#2627=ORIENTED_EDGE('',*,*,#1816,.T.);
#2628=ORIENTED_EDGE('',*,*,#1878,.T.);
#2629=ORIENTED_EDGE('',*,*,#1915,.T.);
#2630=ORIENTED_EDGE('',*,*,#1925,.T.);
#2631=ORIENTED_EDGE('',*,*,#1926,.F.);
#2632=ORIENTED_EDGE('',*,*,#1927,.F.);
#2633=ORIENTED_EDGE('',*,*,#1928,.F.);
#2634=ORIENTED_EDGE('',*,*,#1929,.F.);
#2635=ORIENTED_EDGE('',*,*,#1868,.T.);
#2636=ORIENTED_EDGE('',*,*,#1930,.F.);
#2637=ORIENTED_EDGE('',*,*,#1836,.F.);
#2638=ORIENTED_EDGE('',*,*,#1927,.T.);
#2639=ORIENTED_EDGE('',*,*,#1867,.T.);
#2640=ORIENTED_EDGE('',*,*,#1931,.F.);
#2641=ORIENTED_EDGE('',*,*,#1837,.F.);
#2642=ORIENTED_EDGE('',*,*,#1930,.T.);
#2643=ORIENTED_EDGE('',*,*,#1866,.T.);
#2644=ORIENTED_EDGE('',*,*,#1932,.F.);
#2645=ORIENTED_EDGE('',*,*,#1838,.F.);
#2646=ORIENTED_EDGE('',*,*,#1931,.T.);
#2647=ORIENTED_EDGE('',*,*,#1865,.T.);
#2648=ORIENTED_EDGE('',*,*,#1908,.F.);
#2649=ORIENTED_EDGE('',*,*,#1839,.F.);
#2650=ORIENTED_EDGE('',*,*,#1932,.T.);
#2651=ORIENTED_EDGE('',*,*,#1871,.T.);
#2652=ORIENTED_EDGE('',*,*,#1880,.F.);
#2653=ORIENTED_EDGE('',*,*,#1833,.F.);
#2654=ORIENTED_EDGE('',*,*,#1910,.T.);
#2655=ORIENTED_EDGE('',*,*,#1909,.F.);
#2656=ORIENTED_EDGE('',*,*,#1933,.T.);
#2657=ORIENTED_EDGE('',*,*,#1912,.F.);
#2658=ORIENTED_EDGE('',*,*,#1933,.F.);
#2659=ORIENTED_EDGE('',*,*,#1898,.F.);
#2660=ORIENTED_EDGE('',*,*,#1934,.T.);
#2661=ORIENTED_EDGE('',*,*,#1895,.T.);
#2662=ORIENTED_EDGE('',*,*,#1934,.F.);
#2663=ORIENTED_EDGE('',*,*,#1819,.F.);
#2664=ORIENTED_EDGE('',*,*,#1809,.T.);
#2665=ORIENTED_EDGE('',*,*,#1854,.T.);
#2666=ORIENTED_EDGE('',*,*,#1886,.T.);
#2667=ORIENTED_EDGE('',*,*,#1935,.T.);
#2668=ORIENTED_EDGE('',*,*,#1918,.F.);
#2669=ORIENTED_EDGE('',*,*,#1844,.T.);
#2670=ORIENTED_EDGE('',*,*,#1877,.T.);
#2671=ORIENTED_EDGE('',*,*,#1814,.F.);
#2672=ORIENTED_EDGE('',*,*,#1921,.F.);
#2673=ORIENTED_EDGE('',*,*,#1936,.F.);
#2674=ORIENTED_EDGE('',*,*,#1888,.T.);
#2675=ORIENTED_EDGE('',*,*,#1829,.F.);
#2676=ORIENTED_EDGE('',*,*,#1903,.F.);
#2677=ORIENTED_EDGE('',*,*,#1937,.F.);
#2678=ORIENTED_EDGE('',*,*,#1928,.T.);
#2679=ORIENTED_EDGE('',*,*,#1835,.F.);
#2680=ORIENTED_EDGE('',*,*,#1879,.T.);
#2681=ORIENTED_EDGE('',*,*,#1869,.T.);
#2682=ORIENTED_EDGE('',*,*,#1926,.T.);
#2683=ORIENTED_EDGE('',*,*,#1938,.T.);
#2684=ORIENTED_EDGE('',*,*,#1900,.F.);
#2685=ORIENTED_EDGE('',*,*,#1859,.T.);
#2686=ORIENTED_EDGE('',*,*,#1875,.T.);
#2687=ORIENTED_EDGE('',*,*,#1889,.T.);
#2688=ORIENTED_EDGE('',*,*,#1936,.T.);
#2689=ORIENTED_EDGE('',*,*,#1920,.T.);
#2690=ORIENTED_EDGE('',*,*,#1916,.T.);
#2691=ORIENTED_EDGE('',*,*,#1929,.T.);
#2692=ORIENTED_EDGE('',*,*,#1937,.T.);
#2693=ORIENTED_EDGE('',*,*,#1902,.T.);
#2694=ORIENTED_EDGE('',*,*,#1884,.T.);
#2695=ORIENTED_EDGE('',*,*,#1885,.F.);
#2696=ORIENTED_EDGE('',*,*,#1882,.F.);
#2697=ORIENTED_EDGE('',*,*,#1901,.F.);
#2698=ORIENTED_EDGE('',*,*,#1938,.F.);
#2699=ORIENTED_EDGE('',*,*,#1925,.F.);
#2700=ORIENTED_EDGE('',*,*,#1914,.F.);
#2701=ORIENTED_EDGE('',*,*,#1919,.F.);
#2702=ORIENTED_EDGE('',*,*,#1935,.F.);
#2703=ORIENTED_EDGE('',*,*,#1939,.T.);
#2704=ORIENTED_EDGE('',*,*,#1940,.T.);
#2705=ORIENTED_EDGE('',*,*,#1941,.F.);
#2706=ORIENTED_EDGE('',*,*,#1942,.F.);
#2707=ORIENTED_EDGE('',*,*,#1943,.T.);
#2708=ORIENTED_EDGE('',*,*,#1942,.T.);
#2709=ORIENTED_EDGE('',*,*,#1944,.F.);
#2710=ORIENTED_EDGE('',*,*,#1945,.F.);
#2711=ORIENTED_EDGE('',*,*,#1946,.T.);
#2712=ORIENTED_EDGE('',*,*,#1945,.T.);
#2713=ORIENTED_EDGE('',*,*,#1947,.F.);
#2714=ORIENTED_EDGE('',*,*,#1948,.F.);
#2715=ORIENTED_EDGE('',*,*,#1949,.T.);
#2716=ORIENTED_EDGE('',*,*,#1948,.T.);
#2717=ORIENTED_EDGE('',*,*,#1950,.F.);
#2718=ORIENTED_EDGE('',*,*,#1940,.F.);
#2719=ORIENTED_EDGE('',*,*,#1950,.T.);
#2720=ORIENTED_EDGE('',*,*,#1947,.T.);
#2721=ORIENTED_EDGE('',*,*,#1944,.T.);
#2722=ORIENTED_EDGE('',*,*,#1941,.T.);
#2723=ORIENTED_EDGE('',*,*,#1949,.F.);
#2724=ORIENTED_EDGE('',*,*,#1939,.F.);
#2725=ORIENTED_EDGE('',*,*,#1943,.F.);
#2726=ORIENTED_EDGE('',*,*,#1946,.F.);
#2727=ORIENTED_EDGE('',*,*,#1951,.T.);
#2728=ORIENTED_EDGE('',*,*,#1952,.T.);
#2729=ORIENTED_EDGE('',*,*,#1953,.F.);
#2730=ORIENTED_EDGE('',*,*,#1954,.F.);
#2731=ORIENTED_EDGE('',*,*,#1955,.T.);
#2732=ORIENTED_EDGE('',*,*,#1954,.T.);
#2733=ORIENTED_EDGE('',*,*,#1956,.F.);
#2734=ORIENTED_EDGE('',*,*,#1957,.F.);
#2735=ORIENTED_EDGE('',*,*,#1958,.T.);
#2736=ORIENTED_EDGE('',*,*,#1957,.T.);
#2737=ORIENTED_EDGE('',*,*,#1959,.F.);
#2738=ORIENTED_EDGE('',*,*,#1960,.F.);
#2739=ORIENTED_EDGE('',*,*,#1961,.T.);
#2740=ORIENTED_EDGE('',*,*,#1960,.T.);
#2741=ORIENTED_EDGE('',*,*,#1962,.F.);
#2742=ORIENTED_EDGE('',*,*,#1952,.F.);
#2743=ORIENTED_EDGE('',*,*,#1962,.T.);
#2744=ORIENTED_EDGE('',*,*,#1959,.T.);
#2745=ORIENTED_EDGE('',*,*,#1956,.T.);
#2746=ORIENTED_EDGE('',*,*,#1953,.T.);
#2747=ORIENTED_EDGE('',*,*,#1961,.F.);
#2748=ORIENTED_EDGE('',*,*,#1951,.F.);
#2749=ORIENTED_EDGE('',*,*,#1955,.F.);
#2750=ORIENTED_EDGE('',*,*,#1958,.F.);
#2751=ORIENTED_EDGE('',*,*,#1963,.T.);
#2752=ORIENTED_EDGE('',*,*,#1964,.T.);
#2753=ORIENTED_EDGE('',*,*,#1965,.F.);
#2754=ORIENTED_EDGE('',*,*,#1966,.F.);
#2755=ORIENTED_EDGE('',*,*,#1967,.T.);
#2756=ORIENTED_EDGE('',*,*,#1966,.T.);
#2757=ORIENTED_EDGE('',*,*,#1968,.F.);
#2758=ORIENTED_EDGE('',*,*,#1969,.F.);
#2759=ORIENTED_EDGE('',*,*,#1970,.T.);
#2760=ORIENTED_EDGE('',*,*,#1969,.T.);
#2761=ORIENTED_EDGE('',*,*,#1971,.F.);
#2762=ORIENTED_EDGE('',*,*,#1972,.F.);
#2763=ORIENTED_EDGE('',*,*,#1973,.T.);
#2764=ORIENTED_EDGE('',*,*,#1972,.T.);
#2765=ORIENTED_EDGE('',*,*,#1974,.F.);
#2766=ORIENTED_EDGE('',*,*,#1964,.F.);
#2767=ORIENTED_EDGE('',*,*,#1974,.T.);
#2768=ORIENTED_EDGE('',*,*,#1971,.T.);
#2769=ORIENTED_EDGE('',*,*,#1968,.T.);
#2770=ORIENTED_EDGE('',*,*,#1965,.T.);
#2771=ORIENTED_EDGE('',*,*,#1973,.F.);
#2772=ORIENTED_EDGE('',*,*,#1963,.F.);
#2773=ORIENTED_EDGE('',*,*,#1967,.F.);
#2774=ORIENTED_EDGE('',*,*,#1970,.F.);
#2775=ORIENTED_EDGE('',*,*,#1975,.T.);
#2776=ORIENTED_EDGE('',*,*,#1976,.T.);
#2777=ORIENTED_EDGE('',*,*,#1977,.F.);
#2778=ORIENTED_EDGE('',*,*,#1978,.F.);
#2779=ORIENTED_EDGE('',*,*,#1979,.T.);
#2780=ORIENTED_EDGE('',*,*,#1978,.T.);
#2781=ORIENTED_EDGE('',*,*,#1980,.F.);
#2782=ORIENTED_EDGE('',*,*,#1981,.F.);
#2783=ORIENTED_EDGE('',*,*,#1982,.T.);
#2784=ORIENTED_EDGE('',*,*,#1981,.T.);
#2785=ORIENTED_EDGE('',*,*,#1983,.F.);
#2786=ORIENTED_EDGE('',*,*,#1984,.F.);
#2787=ORIENTED_EDGE('',*,*,#1985,.T.);
#2788=ORIENTED_EDGE('',*,*,#1984,.T.);
#2789=ORIENTED_EDGE('',*,*,#1986,.F.);
#2790=ORIENTED_EDGE('',*,*,#1976,.F.);
#2791=ORIENTED_EDGE('',*,*,#1986,.T.);
#2792=ORIENTED_EDGE('',*,*,#1983,.T.);
#2793=ORIENTED_EDGE('',*,*,#1980,.T.);
#2794=ORIENTED_EDGE('',*,*,#1977,.T.);
#2795=ORIENTED_EDGE('',*,*,#1985,.F.);
#2796=ORIENTED_EDGE('',*,*,#1975,.F.);
#2797=ORIENTED_EDGE('',*,*,#1979,.F.);
#2798=ORIENTED_EDGE('',*,*,#1982,.F.);
#2799=CYLINDRICAL_SURFACE('',#3056,1.1);
#2800=CYLINDRICAL_SURFACE('',#3059,1.1);
#2801=CYLINDRICAL_SURFACE('',#3062,1.1);
#2802=CYLINDRICAL_SURFACE('',#3065,1.1);
#2803=CYLINDRICAL_SURFACE('',#3181,2.88131604625348);
#2804=CYLINDRICAL_SURFACE('',#3185,3.5);
#2805=CYLINDRICAL_SURFACE('',#3186,0.25);
#2806=CYLINDRICAL_SURFACE('',#3192,2.55);
#2807=CYLINDRICAL_SURFACE('',#3193,2.88131604625348);
#2808=CYLINDRICAL_SURFACE('',#3197,3.5);
#2809=CYLINDRICAL_SURFACE('',#3198,0.25);
#2810=CYLINDRICAL_SURFACE('',#3204,2.55);
#2811=CYLINDRICAL_SURFACE('',#3206,2.88131604625348);
#2812=CYLINDRICAL_SURFACE('',#3210,3.5);
#2813=CYLINDRICAL_SURFACE('',#3211,0.25);
#2814=CYLINDRICAL_SURFACE('',#3213,2.55);
#2815=CYLINDRICAL_SURFACE('',#3214,2.88131604625348);
#2816=CYLINDRICAL_SURFACE('',#3218,3.5);
#2817=CYLINDRICAL_SURFACE('',#3219,0.25);
#2818=CYLINDRICAL_SURFACE('',#3221,2.55);
#2819=CYLINDRICAL_SURFACE('',#3222,0.799999999999997);
#2820=CYLINDRICAL_SURFACE('',#3223,0.799999999999997);
#2821=ADVANCED_FACE('',(#225),#2799,.F.);
#2822=ADVANCED_FACE('',(#226),#2800,.F.);
#2823=ADVANCED_FACE('',(#227),#2801,.F.);
#2824=ADVANCED_FACE('',(#228),#2802,.F.);
#2825=ADVANCED_FACE('',(#229),#99,.T.);
#2826=ADVANCED_FACE('',(#230),#100,.T.);
#2827=ADVANCED_FACE('',(#231),#101,.T.);
#2828=ADVANCED_FACE('',(#232),#102,.T.);
#2829=ADVANCED_FACE('',(#233),#103,.T.);
#2830=ADVANCED_FACE('',(#234),#104,.T.);
#2831=ADVANCED_FACE('',(#235),#105,.T.);
#2832=ADVANCED_FACE('',(#236),#106,.T.);
#2833=ADVANCED_FACE('',(#237),#107,.T.);
#2834=ADVANCED_FACE('',(#238),#108,.T.);
#2835=ADVANCED_FACE('',(#239),#109,.T.);
#2836=ADVANCED_FACE('',(#240),#110,.T.);
#2837=ADVANCED_FACE('',(#241),#111,.T.);
#2838=ADVANCED_FACE('',(#242),#112,.T.);
#2839=ADVANCED_FACE('',(#243),#113,.T.);
#2840=ADVANCED_FACE('',(#244),#114,.T.);
#2841=ADVANCED_FACE('',(#245),#115,.T.);
#2842=ADVANCED_FACE('',(#246),#116,.T.);
#2843=ADVANCED_FACE('',(#247),#117,.T.);
#2844=ADVANCED_FACE('',(#248),#118,.T.);
#2845=ADVANCED_FACE('',(#249),#119,.T.);
#2846=ADVANCED_FACE('',(#250),#120,.T.);
#2847=ADVANCED_FACE('',(#251),#121,.T.);
#2848=ADVANCED_FACE('',(#252),#122,.T.);
#2849=ADVANCED_FACE('',(#253),#123,.T.);
#2850=ADVANCED_FACE('',(#254),#124,.T.);
#2851=ADVANCED_FACE('',(#255),#125,.T.);
#2852=ADVANCED_FACE('',(#256),#126,.T.);
#2853=ADVANCED_FACE('',(#257),#127,.T.);
#2854=ADVANCED_FACE('',(#258),#128,.T.);
#2855=ADVANCED_FACE('',(#259),#129,.T.);
#2856=ADVANCED_FACE('',(#260),#130,.T.);
#2857=ADVANCED_FACE('',(#261),#131,.T.);
#2858=ADVANCED_FACE('',(#262),#132,.T.);
#2859=ADVANCED_FACE('',(#263),#133,.T.);
#2860=ADVANCED_FACE('',(#264),#134,.T.);
#2861=ADVANCED_FACE('',(#265),#135,.T.);
#2862=ADVANCED_FACE('',(#266),#136,.T.);
#2863=ADVANCED_FACE('',(#267),#137,.T.);
#2864=ADVANCED_FACE('',(#268),#138,.T.);
#2865=ADVANCED_FACE('',(#269),#139,.T.);
#2866=ADVANCED_FACE('',(#270),#140,.T.);
#2867=ADVANCED_FACE('',(#271),#141,.T.);
#2868=ADVANCED_FACE('',(#272),#142,.T.);
#2869=ADVANCED_FACE('',(#273),#143,.T.);
#2870=ADVANCED_FACE('',(#274),#144,.T.);
#2871=ADVANCED_FACE('',(#275),#145,.T.);
#2872=ADVANCED_FACE('',(#276),#146,.T.);
#2873=ADVANCED_FACE('',(#277),#147,.T.);
#2874=ADVANCED_FACE('',(#278),#148,.T.);
#2875=ADVANCED_FACE('',(#279),#149,.T.);
#2876=ADVANCED_FACE('',(#280),#150,.T.);
#2877=ADVANCED_FACE('',(#281),#151,.T.);
#2878=ADVANCED_FACE('',(#282),#152,.T.);
#2879=ADVANCED_FACE('',(#283),#153,.T.);
#2880=ADVANCED_FACE('',(#284),#154,.T.);
#2881=ADVANCED_FACE('',(#285),#155,.T.);
#2882=ADVANCED_FACE('',(#286),#156,.T.);
#2883=ADVANCED_FACE('',(#287),#157,.T.);
#2884=ADVANCED_FACE('',(#288),#158,.T.);
#2885=ADVANCED_FACE('',(#289),#159,.T.);
#2886=ADVANCED_FACE('',(#290),#160,.T.);
#2887=ADVANCED_FACE('',(#291),#161,.T.);
#2888=ADVANCED_FACE('',(#292),#162,.T.);
#2889=ADVANCED_FACE('',(#293),#163,.T.);
#2890=ADVANCED_FACE('',(#294),#164,.T.);
#2891=ADVANCED_FACE('',(#295),#165,.T.);
#2892=ADVANCED_FACE('',(#296),#166,.T.);
#2893=ADVANCED_FACE('',(#297,#75,#76,#77,#78,#79,#80,#81,#82,#83,#84),#167,
 .T.);
#2894=ADVANCED_FACE('',(#298,#85,#86,#87,#88,#89,#90,#91,#92,#93,#94),#168,
 .F.);
#2895=ADVANCED_FACE('',(#299),#169,.T.);
#2896=ADVANCED_FACE('',(#300),#170,.T.);
#2897=ADVANCED_FACE('',(#301),#171,.T.);
#2898=ADVANCED_FACE('',(#302),#172,.T.);
#2899=ADVANCED_FACE('',(#303),#173,.T.);
#2900=ADVANCED_FACE('',(#304),#174,.F.);
#2901=ADVANCED_FACE('',(#305),#175,.F.);
#2902=ADVANCED_FACE('',(#306),#176,.T.);
#2903=ADVANCED_FACE('',(#307),#177,.T.);
#2904=ADVANCED_FACE('',(#308),#178,.F.);
#2905=ADVANCED_FACE('',(#309),#179,.F.);
#2906=ADVANCED_FACE('',(#310),#180,.F.);
#2907=ADVANCED_FACE('',(#311),#181,.F.);
#2908=ADVANCED_FACE('',(#312),#182,.F.);
#2909=ADVANCED_FACE('',(#313),#183,.F.);
#2910=ADVANCED_FACE('',(#314),#2803,.T.);
#2911=ADVANCED_FACE('',(#315),#184,.F.);
#2912=ADVANCED_FACE('',(#316),#2804,.T.);
#2913=ADVANCED_FACE('',(#317),#2805,.F.);
#2914=ADVANCED_FACE('',(#318),#185,.F.);
#2915=ADVANCED_FACE('',(#319,#95),#186,.F.);
#2916=ADVANCED_FACE('',(#320,#96),#187,.F.);
#2917=ADVANCED_FACE('',(#321),#2806,.F.);
#2918=ADVANCED_FACE('',(#322),#2807,.T.);
#2919=ADVANCED_FACE('',(#323),#188,.F.);
#2920=ADVANCED_FACE('',(#324),#2808,.T.);
#2921=ADVANCED_FACE('',(#325),#2809,.F.);
#2922=ADVANCED_FACE('',(#326),#189,.F.);
#2923=ADVANCED_FACE('',(#327,#97),#190,.F.);
#2924=ADVANCED_FACE('',(#328,#98),#191,.F.);
#2925=ADVANCED_FACE('',(#329),#2810,.F.);
#2926=ADVANCED_FACE('',(#330),#192,.F.);
#2927=ADVANCED_FACE('',(#331),#2811,.T.);
#2928=ADVANCED_FACE('',(#332),#193,.F.);
#2929=ADVANCED_FACE('',(#333),#2812,.T.);
#2930=ADVANCED_FACE('',(#334),#2813,.F.);
#2931=ADVANCED_FACE('',(#335),#194,.F.);
#2932=ADVANCED_FACE('',(#336),#2814,.F.);
#2933=ADVANCED_FACE('',(#337),#2815,.T.);
#2934=ADVANCED_FACE('',(#338),#195,.F.);
#2935=ADVANCED_FACE('',(#339),#2816,.T.);
#2936=ADVANCED_FACE('',(#340),#2817,.F.);
#2937=ADVANCED_FACE('',(#341),#196,.F.);
#2938=ADVANCED_FACE('',(#342),#2818,.F.);
#2939=ADVANCED_FACE('',(#343),#2819,.F.);
#2940=ADVANCED_FACE('',(#344),#2820,.F.);
#2941=ADVANCED_FACE('',(#345),#197,.F.);
#2942=ADVANCED_FACE('',(#346),#198,.F.);
#2943=ADVANCED_FACE('',(#347),#199,.T.);
#2944=ADVANCED_FACE('',(#348),#200,.F.);
#2945=ADVANCED_FACE('',(#349),#201,.T.);
#2946=ADVANCED_FACE('',(#350),#202,.T.);
#2947=ADVANCED_FACE('',(#351),#203,.T.);
#2948=ADVANCED_FACE('',(#352),#204,.T.);
#2949=ADVANCED_FACE('',(#353),#205,.T.);
#2950=ADVANCED_FACE('',(#354),#206,.F.);
#2951=ADVANCED_FACE('',(#355),#207,.T.);
#2952=ADVANCED_FACE('',(#356),#208,.T.);
#2953=ADVANCED_FACE('',(#357),#209,.T.);
#2954=ADVANCED_FACE('',(#358),#210,.T.);
#2955=ADVANCED_FACE('',(#359),#211,.T.);
#2956=ADVANCED_FACE('',(#360),#212,.F.);
#2957=ADVANCED_FACE('',(#361),#213,.T.);
#2958=ADVANCED_FACE('',(#362),#214,.T.);
#2959=ADVANCED_FACE('',(#363),#215,.T.);
#2960=ADVANCED_FACE('',(#364),#216,.T.);
#2961=ADVANCED_FACE('',(#365),#217,.T.);
#2962=ADVANCED_FACE('',(#366),#218,.F.);
#2963=ADVANCED_FACE('',(#367),#219,.T.);
#2964=ADVANCED_FACE('',(#368),#220,.T.);
#2965=ADVANCED_FACE('',(#369),#221,.T.);
#2966=ADVANCED_FACE('',(#370),#222,.T.);
#2967=ADVANCED_FACE('',(#371),#223,.T.);
#2968=ADVANCED_FACE('',(#372),#224,.F.);
#2969=CLOSED_SHELL('',(#2821,#2822,#2823,#2824,#2825,#2826,#2827,#2828,
#2829,#2830,#2831,#2832,#2833,#2834,#2835,#2836,#2837,#2838,#2839,#2840,
#2841,#2842,#2843,#2844,#2845,#2846,#2847,#2848,#2849,#2850,#2851,#2852,
#2853,#2854,#2855,#2856,#2857,#2858,#2859,#2860,#2861,#2862,#2863,#2864,
#2865,#2866,#2867,#2868,#2869,#2870,#2871,#2872,#2873,#2874,#2875,#2876,
#2877,#2878,#2879,#2880,#2881,#2882,#2883,#2884,#2885,#2886,#2887,#2888,
#2889,#2890,#2891,#2892,#2893,#2894));
#2970=CLOSED_SHELL('',(#2895,#2896,#2897,#2898,#2899,#2900));
#2971=CLOSED_SHELL('',(#2901,#2902,#2903,#2904,#2905,#2906,#2907,#2908,
#2909,#2910,#2911,#2912,#2913,#2914,#2915,#2916,#2917,#2918,#2919,#2920,
#2921,#2922,#2923,#2924,#2925,#2926,#2927,#2928,#2929,#2930,#2931,#2932,
#2933,#2934,#2935,#2936,#2937,#2938,#2939,#2940,#2941,#2942,#2943,#2944));
#2972=CLOSED_SHELL('',(#2945,#2946,#2947,#2948,#2949,#2950));
#2973=CLOSED_SHELL('',(#2951,#2952,#2953,#2954,#2955,#2956));
#2974=CLOSED_SHELL('',(#2957,#2958,#2959,#2960,#2961,#2962));
#2975=CLOSED_SHELL('',(#2963,#2964,#2965,#2966,#2967,#2968));
#2976=DERIVED_UNIT_ELEMENT(#2990,1.);
#2977=DERIVED_UNIT_ELEMENT(#4913,-3.);
#2978=DERIVED_UNIT_ELEMENT(#2990,1.);
#2979=DERIVED_UNIT_ELEMENT(#4913,-3.);
#2980=DERIVED_UNIT_ELEMENT(#2990,1.);
#2981=DERIVED_UNIT_ELEMENT(#4913,-3.);
#2982=DERIVED_UNIT_ELEMENT(#2990,1.);
#2983=DERIVED_UNIT_ELEMENT(#4913,-3.);
#2984=DERIVED_UNIT_ELEMENT(#2990,1.);
#2985=DERIVED_UNIT_ELEMENT(#4913,-3.);
#2986=DERIVED_UNIT_ELEMENT(#2990,1.);
#2987=DERIVED_UNIT_ELEMENT(#4913,-3.);
#2988=DERIVED_UNIT_ELEMENT(#2990,1.);
#2989=DERIVED_UNIT_ELEMENT(#4913,-3.);
#2990=(
MASS_UNIT()
NAMED_UNIT(*)
SI_UNIT(.KILO.,.GRAM.)
);
#2991=DERIVED_UNIT((#2976,#2977));
#2992=DERIVED_UNIT((#2978,#2979));
#2993=DERIVED_UNIT((#2980,#2981));
#2994=DERIVED_UNIT((#2982,#2983));
#2995=DERIVED_UNIT((#2984,#2985));
#2996=DERIVED_UNIT((#2986,#2987));
#2997=DERIVED_UNIT((#2988,#2989));
#2998=MEASURE_REPRESENTATION_ITEM('density measure',
POSITIVE_RATIO_MEASURE(7850.),#2991);
#2999=MEASURE_REPRESENTATION_ITEM('density measure',
POSITIVE_RATIO_MEASURE(7850.),#2992);
#3000=MEASURE_REPRESENTATION_ITEM('density measure',
POSITIVE_RATIO_MEASURE(7850.),#2993);
#3001=MEASURE_REPRESENTATION_ITEM('density measure',
POSITIVE_RATIO_MEASURE(7850.),#2994);
#3002=MEASURE_REPRESENTATION_ITEM('density measure',
POSITIVE_RATIO_MEASURE(7850.),#2995);
#3003=MEASURE_REPRESENTATION_ITEM('density measure',
POSITIVE_RATIO_MEASURE(7850.),#2996);
#3004=MEASURE_REPRESENTATION_ITEM('density measure',
POSITIVE_RATIO_MEASURE(7850.),#2997);
#3005=PROPERTY_DEFINITION_REPRESENTATION(#3040,#3019);
#3006=PROPERTY_DEFINITION_REPRESENTATION(#3041,#3020);
#3007=PROPERTY_DEFINITION_REPRESENTATION(#3042,#3021);
#3008=PROPERTY_DEFINITION_REPRESENTATION(#3043,#3022);
#3009=PROPERTY_DEFINITION_REPRESENTATION(#3044,#3023);
#3010=PROPERTY_DEFINITION_REPRESENTATION(#3045,#3024);
#3011=PROPERTY_DEFINITION_REPRESENTATION(#3046,#3025);
#3012=PROPERTY_DEFINITION_REPRESENTATION(#3047,#3026);
#3013=PROPERTY_DEFINITION_REPRESENTATION(#3048,#3027);
#3014=PROPERTY_DEFINITION_REPRESENTATION(#3049,#3028);
#3015=PROPERTY_DEFINITION_REPRESENTATION(#3050,#3029);
#3016=PROPERTY_DEFINITION_REPRESENTATION(#3051,#3030);
#3017=PROPERTY_DEFINITION_REPRESENTATION(#3052,#3031);
#3018=PROPERTY_DEFINITION_REPRESENTATION(#3053,#3032);
#3019=REPRESENTATION('material name',(#3033),#4902);
#3020=REPRESENTATION('density',(#2998),#4902);
#3021=REPRESENTATION('material name',(#3034),#4903);
#3022=REPRESENTATION('density',(#2999),#4903);
#3023=REPRESENTATION('material name',(#3035),#4906);
#3024=REPRESENTATION('density',(#3000),#4906);
#3025=REPRESENTATION('material name',(#3036),#4907);
#3026=REPRESENTATION('density',(#3001),#4907);
#3027=REPRESENTATION('material name',(#3037),#4908);
#3028=REPRESENTATION('density',(#3002),#4908);
#3029=REPRESENTATION('material name',(#3038),#4909);
#3030=REPRESENTATION('density',(#3003),#4909);
#3031=REPRESENTATION('material name',(#3039),#4910);
#3032=REPRESENTATION('density',(#3004),#4910);
#3033=DESCRIPTIVE_REPRESENTATION_ITEM('Steel','Steel');
#3034=DESCRIPTIVE_REPRESENTATION_ITEM('Steel','Steel');
#3035=DESCRIPTIVE_REPRESENTATION_ITEM('Steel','Steel');
#3036=DESCRIPTIVE_REPRESENTATION_ITEM('Steel','Steel');
#3037=DESCRIPTIVE_REPRESENTATION_ITEM('Steel','Steel');
#3038=DESCRIPTIVE_REPRESENTATION_ITEM('Steel','Steel');
#3039=DESCRIPTIVE_REPRESENTATION_ITEM('Steel','Steel');
#3040=PROPERTY_DEFINITION('material property','material name',#4957);
#3041=PROPERTY_DEFINITION('material property','density of part',#4957);
#3042=PROPERTY_DEFINITION('material property','material name',#4958);
#3043=PROPERTY_DEFINITION('material property','density of part',#4958);
#3044=PROPERTY_DEFINITION('material property','material name',#4961);
#3045=PROPERTY_DEFINITION('material property','density of part',#4961);
#3046=PROPERTY_DEFINITION('material property','material name',#4962);
#3047=PROPERTY_DEFINITION('material property','density of part',#4962);
#3048=PROPERTY_DEFINITION('material property','material name',#4963);
#3049=PROPERTY_DEFINITION('material property','density of part',#4963);
#3050=PROPERTY_DEFINITION('material property','material name',#4964);
#3051=PROPERTY_DEFINITION('material property','density of part',#4964);
#3052=PROPERTY_DEFINITION('material property','material name',#4965);
#3053=PROPERTY_DEFINITION('material property','density of part',#4965);
#3054=AXIS2_PLACEMENT_3D('',#4049,#3265,#3266);
#3055=AXIS2_PLACEMENT_3D('',#4050,#3267,#3268);
#3056=AXIS2_PLACEMENT_3D('',#4051,#3269,#3270);
#3057=AXIS2_PLACEMENT_3D('',#4053,#3271,#3272);
#3058=AXIS2_PLACEMENT_3D('',#4056,#3274,#3275);
#3059=AXIS2_PLACEMENT_3D('',#4057,#3276,#3277);
#3060=AXIS2_PLACEMENT_3D('',#4059,#3278,#3279);
#3061=AXIS2_PLACEMENT_3D('',#4062,#3281,#3282);
#3062=AXIS2_PLACEMENT_3D('',#4063,#3283,#3284);
#3063=AXIS2_PLACEMENT_3D('',#4065,#3285,#3286);
#3064=AXIS2_PLACEMENT_3D('',#4068,#3288,#3289);
#3065=AXIS2_PLACEMENT_3D('',#4069,#3290,#3291);
#3066=AXIS2_PLACEMENT_3D('',#4071,#3292,#3293);
#3067=AXIS2_PLACEMENT_3D('',#4074,#3295,#3296);
#3068=AXIS2_PLACEMENT_3D('',#4075,#3297,#3298);
#3069=AXIS2_PLACEMENT_3D('',#4084,#3303,#3304);
#3070=AXIS2_PLACEMENT_3D('',#4090,#3308,#3309);
#3071=AXIS2_PLACEMENT_3D('',#4096,#3313,#3314);
#3072=AXIS2_PLACEMENT_3D('',#4102,#3318,#3319);
#3073=AXIS2_PLACEMENT_3D('',#4108,#3323,#3324);
#3074=AXIS2_PLACEMENT_3D('',#4114,#3328,#3329);
#3075=AXIS2_PLACEMENT_3D('',#4120,#3333,#3334);
#3076=AXIS2_PLACEMENT_3D('',#4126,#3338,#3339);
#3077=AXIS2_PLACEMENT_3D('',#4132,#3343,#3344);
#3078=AXIS2_PLACEMENT_3D('',#4138,#3348,#3349);
#3079=AXIS2_PLACEMENT_3D('',#4144,#3353,#3354);
#3080=AXIS2_PLACEMENT_3D('',#4147,#3357,#3358);
#3081=AXIS2_PLACEMENT_3D('',#4156,#3363,#3364);
#3082=AXIS2_PLACEMENT_3D('',#4162,#3368,#3369);
#3083=AXIS2_PLACEMENT_3D('',#4168,#3373,#3374);
#3084=AXIS2_PLACEMENT_3D('',#4174,#3378,#3379);
#3085=AXIS2_PLACEMENT_3D('',#4180,#3383,#3384);
#3086=AXIS2_PLACEMENT_3D('',#4186,#3388,#3389);
#3087=AXIS2_PLACEMENT_3D('',#4192,#3393,#3394);
#3088=AXIS2_PLACEMENT_3D('',#4198,#3398,#3399);
#3089=AXIS2_PLACEMENT_3D('',#4204,#3403,#3404);
#3090=AXIS2_PLACEMENT_3D('',#4210,#3408,#3409);
#3091=AXIS2_PLACEMENT_3D('',#4216,#3413,#3414);
#3092=AXIS2_PLACEMENT_3D('',#4219,#3417,#3418);
#3093=AXIS2_PLACEMENT_3D('',#4228,#3423,#3424);
#3094=AXIS2_PLACEMENT_3D('',#4234,#3428,#3429);
#3095=AXIS2_PLACEMENT_3D('',#4240,#3433,#3434);
#3096=AXIS2_PLACEMENT_3D('',#4246,#3438,#3439);
#3097=AXIS2_PLACEMENT_3D('',#4252,#3443,#3444);
#3098=AXIS2_PLACEMENT_3D('',#4258,#3448,#3449);
#3099=AXIS2_PLACEMENT_3D('',#4264,#3453,#3454);
#3100=AXIS2_PLACEMENT_3D('',#4270,#3458,#3459);
#3101=AXIS2_PLACEMENT_3D('',#4276,#3463,#3464);
#3102=AXIS2_PLACEMENT_3D('',#4282,#3468,#3469);
#3103=AXIS2_PLACEMENT_3D('',#4288,#3473,#3474);
#3104=AXIS2_PLACEMENT_3D('',#4294,#3478,#3479);
#3105=AXIS2_PLACEMENT_3D('',#4300,#3483,#3484);
#3106=AXIS2_PLACEMENT_3D('',#4306,#3488,#3489);
#3107=AXIS2_PLACEMENT_3D('',#4312,#3493,#3494);
#3108=AXIS2_PLACEMENT_3D('',#4315,#3497,#3498);
#3109=AXIS2_PLACEMENT_3D('',#4324,#3503,#3504);
#3110=AXIS2_PLACEMENT_3D('',#4330,#3508,#3509);
#3111=AXIS2_PLACEMENT_3D('',#4336,#3513,#3514);
#3112=AXIS2_PLACEMENT_3D('',#4339,#3517,#3518);
#3113=AXIS2_PLACEMENT_3D('',#4348,#3523,#3524);
#3114=AXIS2_PLACEMENT_3D('',#4354,#3528,#3529);
#3115=AXIS2_PLACEMENT_3D('',#4360,#3533,#3534);
#3116=AXIS2_PLACEMENT_3D('',#4366,#3538,#3539);
#3117=AXIS2_PLACEMENT_3D('',#4372,#3543,#3544);
#3118=AXIS2_PLACEMENT_3D('',#4378,#3548,#3549);
#3119=AXIS2_PLACEMENT_3D('',#4384,#3553,#3554);
#3120=AXIS2_PLACEMENT_3D('',#4390,#3558,#3559);
#3121=AXIS2_PLACEMENT_3D('',#4396,#3563,#3564);
#3122=AXIS2_PLACEMENT_3D('',#4402,#3568,#3569);
#3123=AXIS2_PLACEMENT_3D('',#4408,#3573,#3574);
#3124=AXIS2_PLACEMENT_3D('',#4414,#3578,#3579);
#3125=AXIS2_PLACEMENT_3D('',#4420,#3583,#3584);
#3126=AXIS2_PLACEMENT_3D('',#4426,#3588,#3589);
#3127=AXIS2_PLACEMENT_3D('',#4432,#3593,#3594);
#3128=AXIS2_PLACEMENT_3D('',#4435,#3597,#3598);
#3129=AXIS2_PLACEMENT_3D('',#4444,#3603,#3604);
#3130=AXIS2_PLACEMENT_3D('',#4450,#3608,#3609);
#3131=AXIS2_PLACEMENT_3D('',#4456,#3613,#3614);
#3132=AXIS2_PLACEMENT_3D('',#4459,#3617,#3618);
#3133=AXIS2_PLACEMENT_3D('',#4468,#3623,#3624);
#3134=AXIS2_PLACEMENT_3D('',#4474,#3628,#3629);
#3135=AXIS2_PLACEMENT_3D('',#4480,#3633,#3634);
#3136=AXIS2_PLACEMENT_3D('',#4483,#3637,#3638);
#3137=AXIS2_PLACEMENT_3D('',#4484,#3639,#3640);
#3138=AXIS2_PLACEMENT_3D('',#4485,#3641,#3642);
#3139=AXIS2_PLACEMENT_3D('',#4486,#3643,#3644);
#3140=AXIS2_PLACEMENT_3D('',#4495,#3649,#3650);
#3141=AXIS2_PLACEMENT_3D('',#4501,#3654,#3655);
#3142=AXIS2_PLACEMENT_3D('',#4507,#3659,#3660);
#3143=AXIS2_PLACEMENT_3D('',#4510,#3663,#3664);
#3144=AXIS2_PLACEMENT_3D('',#4511,#3665,#3666);
#3145=AXIS2_PLACEMENT_3D('',#4512,#3667,#3668);
#3146=AXIS2_PLACEMENT_3D('',#4513,#3669,#3670);
#3147=AXIS2_PLACEMENT_3D('',#4514,#3671,#3672);
#3148=AXIS2_PLACEMENT_3D('',#4515,#3673,#3674);
#3149=AXIS2_PLACEMENT_3D('',#4524,#3679,#3680);
#3150=AXIS2_PLACEMENT_3D('',#4533,#3684,#3685);
#3151=AXIS2_PLACEMENT_3D('',#4536,#3687,#3688);
#3152=AXIS2_PLACEMENT_3D('',#4542,#3691,#3692);
#3153=AXIS2_PLACEMENT_3D('',#4544,#3693,#3694);
#3154=AXIS2_PLACEMENT_3D('',#4552,#3698,#3699);
#3155=AXIS2_PLACEMENT_3D('',#4553,#3700,#3701);
#3156=AXIS2_PLACEMENT_3D('',#4554,#3702,#3703);
#3157=AXIS2_PLACEMENT_3D('',#4563,#3707,#3708);
#3158=AXIS2_PLACEMENT_3D('',#4567,#3710,#3711);
#3159=AXIS2_PLACEMENT_3D('',#4575,#3715,#3716);
#3160=AXIS2_PLACEMENT_3D('',#4577,#3717,#3718);
#3161=AXIS2_PLACEMENT_3D('',#4585,#3722,#3723);
#3162=AXIS2_PLACEMENT_3D('',#4586,#3724,#3725);
#3163=AXIS2_PLACEMENT_3D('',#4587,#3726,#3727);
#3164=AXIS2_PLACEMENT_3D('',#4594,#3730,#3731);
#3165=AXIS2_PLACEMENT_3D('',#4596,#3732,#3733);
#3166=AXIS2_PLACEMENT_3D('',#4604,#3737,#3738);
#3167=AXIS2_PLACEMENT_3D('',#4606,#3739,#3740);
#3168=AXIS2_PLACEMENT_3D('',#4611,#3743,#3744);
#3169=AXIS2_PLACEMENT_3D('',#4615,#3746,#3747);
#3170=AXIS2_PLACEMENT_3D('',#4617,#3749,#3750);
#3171=AXIS2_PLACEMENT_3D('',#4624,#3753,#3754);
#3172=AXIS2_PLACEMENT_3D('',#4626,#3755,#3756);
#3173=AXIS2_PLACEMENT_3D('',#4634,#3760,#3761);
#3174=AXIS2_PLACEMENT_3D('',#4636,#3762,#3763);
#3175=AXIS2_PLACEMENT_3D('',#4644,#3767,#3768);
#3176=AXIS2_PLACEMENT_3D('',#4648,#3770,#3771);
#3177=AXIS2_PLACEMENT_3D('',#4650,#3773,#3774);
#3178=AXIS2_PLACEMENT_3D('',#4653,#3777,#3778);
#3179=AXIS2_PLACEMENT_3D('',#4656,#3781,#3782);
#3180=AXIS2_PLACEMENT_3D('',#4659,#3785,#3786);
#3181=AXIS2_PLACEMENT_3D('',#4668,#3791,#3792);
#3182=AXIS2_PLACEMENT_3D('',#4670,#3793,#3794);
#3183=AXIS2_PLACEMENT_3D('',#4675,#3798,#3799);
#3184=AXIS2_PLACEMENT_3D('',#4676,#3800,#3801);
#3185=AXIS2_PLACEMENT_3D('',#4678,#3803,#3804);
#3186=AXIS2_PLACEMENT_3D('',#4680,#3806,#3807);
#3187=AXIS2_PLACEMENT_3D('',#4682,#3809,#3810);
#3188=AXIS2_PLACEMENT_3D('',#4684,#3812,#3813);
#3189=AXIS2_PLACEMENT_3D('',#4687,#3815,#3816);
#3190=AXIS2_PLACEMENT_3D('',#4688,#3817,#3818);
#3191=AXIS2_PLACEMENT_3D('',#4692,#3821,#3822);
#3192=AXIS2_PLACEMENT_3D('',#4693,#3823,#3824);
#3193=AXIS2_PLACEMENT_3D('',#4694,#3825,#3826);
#3194=AXIS2_PLACEMENT_3D('',#4698,#3829,#3830);
#3195=AXIS2_PLACEMENT_3D('',#4700,#3831,#3832);
#3196=AXIS2_PLACEMENT_3D('',#4702,#3834,#3835);
#3197=AXIS2_PLACEMENT_3D('',#4704,#3837,#3838);
#3198=AXIS2_PLACEMENT_3D('',#4706,#3840,#3841);
#3199=AXIS2_PLACEMENT_3D('',#4708,#3843,#3844);
#3200=AXIS2_PLACEMENT_3D('',#4710,#3846,#3847);
#3201=AXIS2_PLACEMENT_3D('',#4713,#3849,#3850);
#3202=AXIS2_PLACEMENT_3D('',#4714,#3851,#3852);
#3203=AXIS2_PLACEMENT_3D('',#4718,#3855,#3856);
#3204=AXIS2_PLACEMENT_3D('',#4719,#3857,#3858);
#3205=AXIS2_PLACEMENT_3D('',#4720,#3859,#3860);
#3206=AXIS2_PLACEMENT_3D('',#4729,#3865,#3866);
#3207=AXIS2_PLACEMENT_3D('',#4733,#3869,#3870);
#3208=AXIS2_PLACEMENT_3D('',#4735,#3871,#3872);
#3209=AXIS2_PLACEMENT_3D('',#4737,#3874,#3875);
#3210=AXIS2_PLACEMENT_3D('',#4739,#3877,#3878);
#3211=AXIS2_PLACEMENT_3D('',#4741,#3880,#3881);
#3212=AXIS2_PLACEMENT_3D('',#4743,#3883,#3884);
#3213=AXIS2_PLACEMENT_3D('',#4744,#3885,#3886);
#3214=AXIS2_PLACEMENT_3D('',#4745,#3887,#3888);
#3215=AXIS2_PLACEMENT_3D('',#4747,#3889,#3890);
#3216=AXIS2_PLACEMENT_3D('',#4752,#3894,#3895);
#3217=AXIS2_PLACEMENT_3D('',#4753,#3896,#3897);
#3218=AXIS2_PLACEMENT_3D('',#4755,#3899,#3900);
#3219=AXIS2_PLACEMENT_3D('',#4757,#3902,#3903);
#3220=AXIS2_PLACEMENT_3D('',#4759,#3905,#3906);
#3221=AXIS2_PLACEMENT_3D('',#4760,#3907,#3908);
#3222=AXIS2_PLACEMENT_3D('',#4761,#3909,#3910);
#3223=AXIS2_PLACEMENT_3D('',#4763,#3912,#3913);
#3224=AXIS2_PLACEMENT_3D('',#4765,#3915,#3916);
#3225=AXIS2_PLACEMENT_3D('',#4768,#3919,#3920);
#3226=AXIS2_PLACEMENT_3D('',#4771,#3923,#3924);
#3227=AXIS2_PLACEMENT_3D('',#4772,#3925,#3926);
#3228=AXIS2_PLACEMENT_3D('',#4773,#3927,#3928);
#3229=AXIS2_PLACEMENT_3D('',#4774,#3929,#3930);
#3230=AXIS2_PLACEMENT_3D('',#4775,#3931,#3932);
#3231=AXIS2_PLACEMENT_3D('',#4776,#3933,#3934);
#3232=AXIS2_PLACEMENT_3D('',#4785,#3939,#3940);
#3233=AXIS2_PLACEMENT_3D('',#4791,#3944,#3945);
#3234=AXIS2_PLACEMENT_3D('',#4797,#3949,#3950);
#3235=AXIS2_PLACEMENT_3D('',#4800,#3953,#3954);
#3236=AXIS2_PLACEMENT_3D('',#4801,#3955,#3956);
#3237=AXIS2_PLACEMENT_3D('',#4802,#3957,#3958);
#3238=AXIS2_PLACEMENT_3D('',#4803,#3959,#3960);
#3239=AXIS2_PLACEMENT_3D('',#4812,#3965,#3966);
#3240=AXIS2_PLACEMENT_3D('',#4818,#3970,#3971);
#3241=AXIS2_PLACEMENT_3D('',#4824,#3975,#3976);
#3242=AXIS2_PLACEMENT_3D('',#4827,#3979,#3980);
#3243=AXIS2_PLACEMENT_3D('',#4828,#3981,#3982);
#3244=AXIS2_PLACEMENT_3D('',#4829,#3983,#3984);
#3245=AXIS2_PLACEMENT_3D('',#4830,#3985,#3986);
#3246=AXIS2_PLACEMENT_3D('',#4839,#3991,#3992);
#3247=AXIS2_PLACEMENT_3D('',#4845,#3996,#3997);
#3248=AXIS2_PLACEMENT_3D('',#4851,#4001,#4002);
#3249=AXIS2_PLACEMENT_3D('',#4854,#4005,#4006);
#3250=AXIS2_PLACEMENT_3D('',#4855,#4007,#4008);
#3251=AXIS2_PLACEMENT_3D('',#4856,#4009,#4010);
#3252=AXIS2_PLACEMENT_3D('',#4857,#4011,#4012);
#3253=AXIS2_PLACEMENT_3D('',#4866,#4017,#4018);
#3254=AXIS2_PLACEMENT_3D('',#4872,#4022,#4023);
#3255=AXIS2_PLACEMENT_3D('',#4878,#4027,#4028);
#3256=AXIS2_PLACEMENT_3D('',#4881,#4031,#4032);
#3257=AXIS2_PLACEMENT_3D('',#4882,#4033,#4034);
#3258=AXIS2_PLACEMENT_3D('',#4883,#4035,#4036);
#3259=AXIS2_PLACEMENT_3D('',#4884,#4037,#4038);
#3260=AXIS2_PLACEMENT_3D('',#4885,#4039,#4040);
#3261=AXIS2_PLACEMENT_3D('',#4886,#4041,#4042);
#3262=AXIS2_PLACEMENT_3D('',#4887,#4043,#4044);
#3263=AXIS2_PLACEMENT_3D('',#4888,#4045,#4046);
#3264=AXIS2_PLACEMENT_3D('',#4889,#4047,#4048);
#3265=DIRECTION('axis',(0.,0.,1.));
#3266=DIRECTION('refdir',(1.,0.,0.));
#3267=DIRECTION('axis',(0.,0.,1.));
#3268=DIRECTION('refdir',(1.,0.,0.));
#3269=DIRECTION('center_axis',(0.,0.,1.));
#3270=DIRECTION('ref_axis',(1.,0.,0.));
#3271=DIRECTION('center_axis',(0.,0.,1.));
#3272=DIRECTION('ref_axis',(1.,0.,0.));
#3273=DIRECTION('',(0.,0.,1.));
#3274=DIRECTION('center_axis',(0.,0.,-1.));
#3275=DIRECTION('ref_axis',(1.,0.,0.));
#3276=DIRECTION('center_axis',(0.,0.,1.));
#3277=DIRECTION('ref_axis',(1.,0.,0.));
#3278=DIRECTION('center_axis',(0.,0.,1.));
#3279=DIRECTION('ref_axis',(1.,0.,0.));
#3280=DIRECTION('',(0.,0.,1.));
#3281=DIRECTION('center_axis',(0.,0.,-1.));
#3282=DIRECTION('ref_axis',(1.,0.,0.));
#3283=DIRECTION('center_axis',(0.,0.,1.));
#3284=DIRECTION('ref_axis',(1.,0.,0.));
#3285=DIRECTION('center_axis',(0.,0.,1.));
#3286=DIRECTION('ref_axis',(1.,0.,0.));
#3287=DIRECTION('',(0.,0.,1.));
#3288=DIRECTION('center_axis',(0.,0.,-1.));
#3289=DIRECTION('ref_axis',(1.,0.,0.));
#3290=DIRECTION('center_axis',(0.,0.,1.));
#3291=DIRECTION('ref_axis',(1.,0.,0.));
#3292=DIRECTION('center_axis',(0.,0.,1.));
#3293=DIRECTION('ref_axis',(1.,0.,0.));
#3294=DIRECTION('',(0.,0.,1.));
#3295=DIRECTION('center_axis',(0.,0.,-1.));
#3296=DIRECTION('ref_axis',(1.,0.,0.));
#3297=DIRECTION('center_axis',(0.,-1.,0.));
#3298=DIRECTION('ref_axis',(1.,0.,0.));
#3299=DIRECTION('',(1.,0.,0.));
#3300=DIRECTION('',(0.,0.,1.));
#3301=DIRECTION('',(1.,0.,0.));
#3302=DIRECTION('',(0.,0.,1.));
#3303=DIRECTION('center_axis',(1.,0.,0.));
#3304=DIRECTION('ref_axis',(0.,1.,0.));
#3305=DIRECTION('',(0.,1.,0.));
#3306=DIRECTION('',(0.,1.,0.));
#3307=DIRECTION('',(0.,0.,1.));
#3308=DIRECTION('center_axis',(0.,-1.,0.));
#3309=DIRECTION('ref_axis',(1.,0.,0.));
#3310=DIRECTION('',(1.,0.,0.));
#3311=DIRECTION('',(1.,0.,0.));
#3312=DIRECTION('',(0.,0.,1.));
#3313=DIRECTION('center_axis',(-1.,0.,0.));
#3314=DIRECTION('ref_axis',(0.,-1.,0.));
#3315=DIRECTION('',(0.,-1.,0.));
#3316=DIRECTION('',(0.,-1.,0.));
#3317=DIRECTION('',(0.,0.,1.));
#3318=DIRECTION('center_axis',(0.,1.,0.));
#3319=DIRECTION('ref_axis',(-1.,0.,0.));
#3320=DIRECTION('',(-1.,0.,0.));
#3321=DIRECTION('',(-1.,0.,0.));
#3322=DIRECTION('',(0.,0.,1.));
#3323=DIRECTION('center_axis',(1.,0.,0.));
#3324=DIRECTION('ref_axis',(0.,1.,0.));
#3325=DIRECTION('',(0.,1.,0.));
#3326=DIRECTION('',(0.,1.,0.));
#3327=DIRECTION('',(0.,0.,1.));
#3328=DIRECTION('center_axis',(0.,1.,0.));
#3329=DIRECTION('ref_axis',(-1.,0.,0.));
#3330=DIRECTION('',(-1.,0.,0.));
#3331=DIRECTION('',(-1.,0.,0.));
#3332=DIRECTION('',(0.,0.,1.));
#3333=DIRECTION('center_axis',(-1.,0.,0.));
#3334=DIRECTION('ref_axis',(0.,-1.,0.));
#3335=DIRECTION('',(0.,-1.,0.));
#3336=DIRECTION('',(0.,-1.,0.));
#3337=DIRECTION('',(0.,0.,1.));
#3338=DIRECTION('center_axis',(0.,-1.,0.));
#3339=DIRECTION('ref_axis',(1.,0.,0.));
#3340=DIRECTION('',(1.,0.,0.));
#3341=DIRECTION('',(1.,0.,0.));
#3342=DIRECTION('',(0.,0.,1.));
#3343=DIRECTION('center_axis',(1.,0.,0.));
#3344=DIRECTION('ref_axis',(0.,1.,0.));
#3345=DIRECTION('',(0.,1.,0.));
#3346=DIRECTION('',(0.,1.,0.));
#3347=DIRECTION('',(0.,0.,1.));
#3348=DIRECTION('center_axis',(0.,1.,0.));
#3349=DIRECTION('ref_axis',(-1.,0.,0.));
#3350=DIRECTION('',(-1.,0.,0.));
#3351=DIRECTION('',(-1.,0.,0.));
#3352=DIRECTION('',(0.,0.,1.));
#3353=DIRECTION('center_axis',(-1.,0.,0.));
#3354=DIRECTION('ref_axis',(0.,-1.,0.));
#3355=DIRECTION('',(0.,-1.,0.));
#3356=DIRECTION('',(0.,-1.,0.));
#3357=DIRECTION('center_axis',(-1.,0.,0.));
#3358=DIRECTION('ref_axis',(0.,-1.,0.));
#3359=DIRECTION('',(0.,-1.,0.));
#3360=DIRECTION('',(0.,0.,1.));
#3361=DIRECTION('',(0.,-1.,0.));
#3362=DIRECTION('',(0.,0.,1.));
#3363=DIRECTION('center_axis',(0.,1.,0.));
#3364=DIRECTION('ref_axis',(-1.,0.,0.));
#3365=DIRECTION('',(-1.,0.,0.));
#3366=DIRECTION('',(-1.,0.,0.));
#3367=DIRECTION('',(0.,0.,1.));
#3368=DIRECTION('center_axis',(1.,0.,0.));
#3369=DIRECTION('ref_axis',(0.,1.,0.));
#3370=DIRECTION('',(0.,1.,0.));
#3371=DIRECTION('',(0.,1.,0.));
#3372=DIRECTION('',(0.,0.,1.));
#3373=DIRECTION('center_axis',(0.,-1.,0.));
#3374=DIRECTION('ref_axis',(1.,0.,0.));
#3375=DIRECTION('',(1.,0.,0.));
#3376=DIRECTION('',(1.,0.,0.));
#3377=DIRECTION('',(0.,0.,1.));
#3378=DIRECTION('center_axis',(-1.,0.,0.));
#3379=DIRECTION('ref_axis',(0.,-1.,0.));
#3380=DIRECTION('',(0.,-1.,0.));
#3381=DIRECTION('',(0.,-1.,0.));
#3382=DIRECTION('',(0.,0.,1.));
#3383=DIRECTION('center_axis',(0.,-1.,0.));
#3384=DIRECTION('ref_axis',(1.,0.,0.));
#3385=DIRECTION('',(1.,0.,0.));
#3386=DIRECTION('',(1.,0.,0.));
#3387=DIRECTION('',(0.,0.,1.));
#3388=DIRECTION('center_axis',(1.,0.,0.));
#3389=DIRECTION('ref_axis',(0.,1.,0.));
#3390=DIRECTION('',(0.,1.,0.));
#3391=DIRECTION('',(0.,1.,0.));
#3392=DIRECTION('',(0.,0.,1.));
#3393=DIRECTION('center_axis',(0.,1.,0.));
#3394=DIRECTION('ref_axis',(-1.,0.,0.));
#3395=DIRECTION('',(-1.,0.,0.));
#3396=DIRECTION('',(-1.,0.,0.));
#3397=DIRECTION('',(0.,0.,1.));
#3398=DIRECTION('center_axis',(-1.,0.,0.));
#3399=DIRECTION('ref_axis',(0.,-1.,0.));
#3400=DIRECTION('',(0.,-1.,0.));
#3401=DIRECTION('',(0.,-1.,0.));
#3402=DIRECTION('',(0.,0.,1.));
#3403=DIRECTION('center_axis',(0.,-1.,0.));
#3404=DIRECTION('ref_axis',(1.,0.,0.));
#3405=DIRECTION('',(1.,0.,0.));
#3406=DIRECTION('',(1.,0.,0.));
#3407=DIRECTION('',(0.,0.,1.));
#3408=DIRECTION('center_axis',(1.,0.,0.));
#3409=DIRECTION('ref_axis',(0.,1.,0.));
#3410=DIRECTION('',(0.,1.,0.));
#3411=DIRECTION('',(0.,1.,0.));
#3412=DIRECTION('',(0.,0.,1.));
#3413=DIRECTION('center_axis',(0.,1.,0.));
#3414=DIRECTION('ref_axis',(-1.,0.,0.));
#3415=DIRECTION('',(-1.,0.,0.));
#3416=DIRECTION('',(-1.,0.,0.));
#3417=DIRECTION('center_axis',(1.,0.,0.));
#3418=DIRECTION('ref_axis',(0.,1.,0.));
#3419=DIRECTION('',(0.,1.,0.));
#3420=DIRECTION('',(0.,0.,1.));
#3421=DIRECTION('',(0.,1.,0.));
#3422=DIRECTION('',(0.,0.,1.));
#3423=DIRECTION('center_axis',(0.,1.,0.));
#3424=DIRECTION('ref_axis',(-1.,0.,0.));
#3425=DIRECTION('',(-1.,0.,0.));
#3426=DIRECTION('',(-1.,0.,0.));
#3427=DIRECTION('',(0.,0.,1.));
#3428=DIRECTION('center_axis',(-1.,0.,0.));
#3429=DIRECTION('ref_axis',(0.,-1.,0.));
#3430=DIRECTION('',(0.,-1.,0.));
#3431=DIRECTION('',(0.,-1.,0.));
#3432=DIRECTION('',(0.,0.,1.));
#3433=DIRECTION('center_axis',(0.,1.,0.));
#3434=DIRECTION('ref_axis',(-1.,0.,0.));
#3435=DIRECTION('',(-1.,0.,0.));
#3436=DIRECTION('',(-1.,0.,0.));
#3437=DIRECTION('',(0.,0.,1.));
#3438=DIRECTION('center_axis',(1.,0.,0.));
#3439=DIRECTION('ref_axis',(0.,1.,0.));
#3440=DIRECTION('',(0.,1.,0.));
#3441=DIRECTION('',(0.,1.,0.));
#3442=DIRECTION('',(0.,0.,1.));
#3443=DIRECTION('center_axis',(0.,1.,0.));
#3444=DIRECTION('ref_axis',(-1.,0.,0.));
#3445=DIRECTION('',(-1.,0.,0.));
#3446=DIRECTION('',(-1.,0.,0.));
#3447=DIRECTION('',(0.,0.,1.));
#3448=DIRECTION('center_axis',(-1.,0.,0.));
#3449=DIRECTION('ref_axis',(0.,-1.,0.));
#3450=DIRECTION('',(0.,-1.,0.));
#3451=DIRECTION('',(0.,-1.,0.));
#3452=DIRECTION('',(0.,0.,1.));
#3453=DIRECTION('center_axis',(0.,-1.,0.));
#3454=DIRECTION('ref_axis',(1.,0.,0.));
#3455=DIRECTION('',(1.,0.,0.));
#3456=DIRECTION('',(1.,0.,0.));
#3457=DIRECTION('',(0.,0.,1.));
#3458=DIRECTION('center_axis',(1.,0.,0.));
#3459=DIRECTION('ref_axis',(0.,1.,0.));
#3460=DIRECTION('',(0.,1.,0.));
#3461=DIRECTION('',(0.,1.,0.));
#3462=DIRECTION('',(0.,0.,1.));
#3463=DIRECTION('center_axis',(0.,-1.,0.));
#3464=DIRECTION('ref_axis',(1.,0.,0.));
#3465=DIRECTION('',(1.,0.,0.));
#3466=DIRECTION('',(1.,0.,0.));
#3467=DIRECTION('',(0.,0.,1.));
#3468=DIRECTION('center_axis',(-1.,0.,0.));
#3469=DIRECTION('ref_axis',(0.,-1.,0.));
#3470=DIRECTION('',(0.,-1.,0.));
#3471=DIRECTION('',(0.,-1.,0.));
#3472=DIRECTION('',(0.,0.,1.));
#3473=DIRECTION('center_axis',(0.,-1.,0.));
#3474=DIRECTION('ref_axis',(1.,0.,0.));
#3475=DIRECTION('',(1.,0.,0.));
#3476=DIRECTION('',(1.,0.,0.));
#3477=DIRECTION('',(0.,0.,1.));
#3478=DIRECTION('center_axis',(1.,0.,0.));
#3479=DIRECTION('ref_axis',(0.,1.,0.));
#3480=DIRECTION('',(0.,1.,0.));
#3481=DIRECTION('',(0.,1.,0.));
#3482=DIRECTION('',(0.,0.,1.));
#3483=DIRECTION('center_axis',(0.,-1.,0.));
#3484=DIRECTION('ref_axis',(1.,0.,0.));
#3485=DIRECTION('',(1.,0.,0.));
#3486=DIRECTION('',(1.,0.,0.));
#3487=DIRECTION('',(0.,0.,1.));
#3488=DIRECTION('center_axis',(-1.,0.,0.));
#3489=DIRECTION('ref_axis',(0.,-1.,0.));
#3490=DIRECTION('',(0.,-1.,0.));
#3491=DIRECTION('',(0.,-1.,0.));
#3492=DIRECTION('',(0.,0.,1.));
#3493=DIRECTION('center_axis',(0.,-1.,0.));
#3494=DIRECTION('ref_axis',(1.,0.,0.));
#3495=DIRECTION('',(1.,0.,0.));
#3496=DIRECTION('',(1.,0.,0.));
#3497=DIRECTION('center_axis',(1.,0.,0.));
#3498=DIRECTION('ref_axis',(0.,1.,0.));
#3499=DIRECTION('',(0.,1.,0.));
#3500=DIRECTION('',(0.,0.,1.));
#3501=DIRECTION('',(0.,1.,0.));
#3502=DIRECTION('',(0.,0.,1.));
#3503=DIRECTION('center_axis',(0.,1.,0.));
#3504=DIRECTION('ref_axis',(-1.,0.,0.));
#3505=DIRECTION('',(-1.,0.,0.));
#3506=DIRECTION('',(-1.,0.,0.));
#3507=DIRECTION('',(0.,0.,1.));
#3508=DIRECTION('center_axis',(-1.,0.,0.));
#3509=DIRECTION('ref_axis',(0.,-1.,0.));
#3510=DIRECTION('',(0.,-1.,0.));
#3511=DIRECTION('',(0.,-1.,0.));
#3512=DIRECTION('',(0.,0.,1.));
#3513=DIRECTION('center_axis',(0.,-1.,0.));
#3514=DIRECTION('ref_axis',(1.,0.,0.));
#3515=DIRECTION('',(1.,0.,0.));
#3516=DIRECTION('',(1.,0.,0.));
#3517=DIRECTION('center_axis',(1.,0.,0.));
#3518=DIRECTION('ref_axis',(0.,1.,0.));
#3519=DIRECTION('',(0.,1.,0.));
#3520=DIRECTION('',(0.,0.,1.));
#3521=DIRECTION('',(0.,1.,0.));
#3522=DIRECTION('',(0.,0.,1.));
#3523=DIRECTION('center_axis',(0.,-1.,0.));
#3524=DIRECTION('ref_axis',(1.,0.,0.));
#3525=DIRECTION('',(1.,0.,0.));
#3526=DIRECTION('',(1.,0.,0.));
#3527=DIRECTION('',(0.,0.,1.));
#3528=DIRECTION('center_axis',(-1.,0.,0.));
#3529=DIRECTION('ref_axis',(0.,-1.,0.));
#3530=DIRECTION('',(0.,-1.,0.));
#3531=DIRECTION('',(0.,-1.,0.));
#3532=DIRECTION('',(0.,0.,1.));
#3533=DIRECTION('center_axis',(0.,-1.,0.));
#3534=DIRECTION('ref_axis',(1.,0.,0.));
#3535=DIRECTION('',(1.,0.,0.));
#3536=DIRECTION('',(1.,0.,0.));
#3537=DIRECTION('',(0.,0.,1.));
#3538=DIRECTION('center_axis',(1.,0.,0.));
#3539=DIRECTION('ref_axis',(0.,1.,0.));
#3540=DIRECTION('',(0.,1.,0.));
#3541=DIRECTION('',(0.,1.,0.));
#3542=DIRECTION('',(0.,0.,1.));
#3543=DIRECTION('center_axis',(0.,1.,0.));
#3544=DIRECTION('ref_axis',(-1.,0.,0.));
#3545=DIRECTION('',(-1.,0.,0.));
#3546=DIRECTION('',(-1.,0.,0.));
#3547=DIRECTION('',(0.,0.,1.));
#3548=DIRECTION('center_axis',(-1.,0.,0.));
#3549=DIRECTION('ref_axis',(0.,-1.,0.));
#3550=DIRECTION('',(0.,-1.,0.));
#3551=DIRECTION('',(0.,-1.,0.));
#3552=DIRECTION('',(0.,0.,1.));
#3553=DIRECTION('center_axis',(0.,1.,0.));
#3554=DIRECTION('ref_axis',(-1.,0.,0.));
#3555=DIRECTION('',(-1.,0.,0.));
#3556=DIRECTION('',(-1.,0.,0.));
#3557=DIRECTION('',(0.,0.,1.));
#3558=DIRECTION('center_axis',(1.,0.,0.));
#3559=DIRECTION('ref_axis',(0.,1.,0.));
#3560=DIRECTION('',(0.,1.,0.));
#3561=DIRECTION('',(0.,1.,0.));
#3562=DIRECTION('',(0.,0.,1.));
#3563=DIRECTION('center_axis',(0.,1.,0.));
#3564=DIRECTION('ref_axis',(-1.,0.,0.));
#3565=DIRECTION('',(-1.,0.,0.));
#3566=DIRECTION('',(-1.,0.,0.));
#3567=DIRECTION('',(0.,0.,1.));
#3568=DIRECTION('center_axis',(-1.,0.,0.));
#3569=DIRECTION('ref_axis',(0.,-1.,0.));
#3570=DIRECTION('',(0.,-1.,0.));
#3571=DIRECTION('',(0.,-1.,0.));
#3572=DIRECTION('',(0.,0.,1.));
#3573=DIRECTION('center_axis',(0.,1.,0.));
#3574=DIRECTION('ref_axis',(-1.,0.,0.));
#3575=DIRECTION('',(-1.,0.,0.));
#3576=DIRECTION('',(-1.,0.,0.));
#3577=DIRECTION('',(0.,0.,1.));
#3578=DIRECTION('center_axis',(1.,0.,0.));
#3579=DIRECTION('ref_axis',(0.,1.,0.));
#3580=DIRECTION('',(0.,1.,0.));
#3581=DIRECTION('',(0.,1.,0.));
#3582=DIRECTION('',(0.,0.,1.));
#3583=DIRECTION('center_axis',(0.,1.,0.));
#3584=DIRECTION('ref_axis',(-1.,0.,0.));
#3585=DIRECTION('',(-1.,0.,0.));
#3586=DIRECTION('',(-1.,0.,0.));
#3587=DIRECTION('',(0.,0.,1.));
#3588=DIRECTION('center_axis',(-1.,0.,0.));
#3589=DIRECTION('ref_axis',(0.,-1.,0.));
#3590=DIRECTION('',(0.,-1.,0.));
#3591=DIRECTION('',(0.,-1.,0.));
#3592=DIRECTION('',(0.,0.,1.));
#3593=DIRECTION('center_axis',(0.,-1.,0.));
#3594=DIRECTION('ref_axis',(1.,0.,0.));
#3595=DIRECTION('',(1.,0.,0.));
#3596=DIRECTION('',(1.,0.,0.));
#3597=DIRECTION('center_axis',(1.,0.,0.));
#3598=DIRECTION('ref_axis',(0.,1.,0.));
#3599=DIRECTION('',(0.,1.,0.));
#3600=DIRECTION('',(0.,0.,1.));
#3601=DIRECTION('',(0.,1.,0.));
#3602=DIRECTION('',(0.,0.,1.));
#3603=DIRECTION('center_axis',(0.,1.,0.));
#3604=DIRECTION('ref_axis',(-1.,0.,0.));
#3605=DIRECTION('',(-1.,0.,0.));
#3606=DIRECTION('',(-1.,0.,0.));
#3607=DIRECTION('',(0.,0.,1.));
#3608=DIRECTION('center_axis',(-1.,0.,0.));
#3609=DIRECTION('ref_axis',(0.,-1.,0.));
#3610=DIRECTION('',(0.,-1.,0.));
#3611=DIRECTION('',(0.,-1.,0.));
#3612=DIRECTION('',(0.,0.,1.));
#3613=DIRECTION('center_axis',(0.,-1.,0.));
#3614=DIRECTION('ref_axis',(1.,0.,0.));
#3615=DIRECTION('',(1.,0.,0.));
#3616=DIRECTION('',(1.,0.,0.));
#3617=DIRECTION('center_axis',(-1.,0.,0.));
#3618=DIRECTION('ref_axis',(0.,-1.,0.));
#3619=DIRECTION('',(0.,1.,0.));
#3620=DIRECTION('',(0.,0.,1.));
#3621=DIRECTION('',(0.,-1.,0.));
#3622=DIRECTION('',(0.,0.,1.));
#3623=DIRECTION('center_axis',(0.,1.,0.));
#3624=DIRECTION('ref_axis',(-1.,0.,0.));
#3625=DIRECTION('',(1.,0.,0.));
#3626=DIRECTION('',(-1.,0.,0.));
#3627=DIRECTION('',(0.,0.,1.));
#3628=DIRECTION('center_axis',(1.,0.,0.));
#3629=DIRECTION('ref_axis',(0.,1.,0.));
#3630=DIRECTION('',(0.,-1.,0.));
#3631=DIRECTION('',(0.,1.,0.));
#3632=DIRECTION('',(0.,0.,1.));
#3633=DIRECTION('center_axis',(0.,-1.,0.));
#3634=DIRECTION('ref_axis',(1.,0.,0.));
#3635=DIRECTION('',(-1.,0.,0.));
#3636=DIRECTION('',(1.,0.,0.));
#3637=DIRECTION('center_axis',(0.,0.,1.));
#3638=DIRECTION('ref_axis',(1.,0.,0.));
#3639=DIRECTION('center_axis',(0.,0.,1.));
#3640=DIRECTION('ref_axis',(1.,0.,0.));
#3641=DIRECTION('axis',(0.,0.,1.));
#3642=DIRECTION('refdir',(1.,0.,0.));
#3643=DIRECTION('center_axis',(0.,1.,0.));
#3644=DIRECTION('ref_axis',(-1.,0.,0.));
#3645=DIRECTION('',(-1.,0.,0.));
#3646=DIRECTION('',(0.,0.,1.));
#3647=DIRECTION('',(-1.,0.,0.));
#3648=DIRECTION('',(0.,0.,1.));
#3649=DIRECTION('center_axis',(1.,0.,0.));
#3650=DIRECTION('ref_axis',(0.,1.,0.));
#3651=DIRECTION('',(0.,1.,0.));
#3652=DIRECTION('',(0.,1.,0.));
#3653=DIRECTION('',(0.,0.,1.));
#3654=DIRECTION('center_axis',(0.,-1.,0.));
#3655=DIRECTION('ref_axis',(1.,0.,0.));
#3656=DIRECTION('',(1.,0.,0.));
#3657=DIRECTION('',(1.,0.,0.));
#3658=DIRECTION('',(0.,0.,1.));
#3659=DIRECTION('center_axis',(-1.,0.,0.));
#3660=DIRECTION('ref_axis',(0.,-1.,0.));
#3661=DIRECTION('',(0.,-1.,0.));
#3662=DIRECTION('',(0.,-1.,0.));
#3663=DIRECTION('center_axis',(0.,0.,1.));
#3664=DIRECTION('ref_axis',(1.,0.,0.));
#3665=DIRECTION('center_axis',(0.,0.,1.));
#3666=DIRECTION('ref_axis',(1.,0.,0.));
#3667=DIRECTION('axis',(0.,0.,1.));
#3668=DIRECTION('refdir',(1.,0.,0.));
#3669=DIRECTION('axis',(0.,0.,1.));
#3670=DIRECTION('refdir',(1.,0.,0.));
#3671=DIRECTION('axis',(0.,0.,1.));
#3672=DIRECTION('refdir',(1.,0.,0.));
#3673=DIRECTION('center_axis',(0.204534728335984,0.978859308023643,0.));
#3674=DIRECTION('ref_axis',(-0.978859308023643,0.204534728335984,0.));
#3675=DIRECTION('',(0.,0.,-1.));
#3676=DIRECTION('',(0.978859308023643,-0.204534728335984,0.));
#3677=DIRECTION('',(0.,0.,-1.));
#3678=DIRECTION('',(0.978859308023643,-0.204534728335984,0.));
#3679=DIRECTION('center_axis',(0.,0.,1.));
#3680=DIRECTION('ref_axis',(1.,0.,0.));
#3681=DIRECTION('',(0.978859308023643,0.204534728335984,0.));
#3682=DIRECTION('',(1.,0.,0.));
#3683=DIRECTION('',(-0.978859308023643,-0.204534728335984,0.));
#3684=DIRECTION('center_axis',(0.,0.,1.));
#3685=DIRECTION('ref_axis',(1.,0.,0.));
#3686=DIRECTION('',(1.,5.78241158658936E-16,0.));
#3687=DIRECTION('center_axis',(0.,0.,-1.));
#3688=DIRECTION('ref_axis',(-1.,0.,0.));
#3689=DIRECTION('',(1.,0.,0.));
#3690=DIRECTION('',(-0.978859308023643,0.204534728335984,0.));
#3691=DIRECTION('center_axis',(0.,0.,1.));
#3692=DIRECTION('ref_axis',(1.,0.,0.));
#3693=DIRECTION('center_axis',(0.,0.,-1.));
#3694=DIRECTION('ref_axis',(-1.,0.,0.));
#3695=DIRECTION('',(0.,1.,0.));
#3696=DIRECTION('',(-1.,0.,0.));
#3697=DIRECTION('',(0.,1.,0.));
#3698=DIRECTION('center_axis',(0.,0.,1.));
#3699=DIRECTION('ref_axis',(1.,0.,0.));
#3700=DIRECTION('center_axis',(0.,0.,-1.));
#3701=DIRECTION('ref_axis',(-1.,0.,0.));
#3702=DIRECTION('center_axis',(0.,0.,1.));
#3703=DIRECTION('ref_axis',(1.,0.,0.));
#3704=DIRECTION('',(-0.978859308023643,-0.204534728335984,0.));
#3705=DIRECTION('',(-1.,0.,0.));
#3706=DIRECTION('',(0.978859308023643,0.204534728335984,0.));
#3707=DIRECTION('center_axis',(0.,0.,1.));
#3708=DIRECTION('ref_axis',(-1.,0.,0.));
#3709=DIRECTION('',(1.,-5.78241158658936E-16,0.));
#3710=DIRECTION('center_axis',(0.,0.,-1.));
#3711=DIRECTION('ref_axis',(1.,0.,0.));
#3712=DIRECTION('',(-0.978859308023643,0.204534728335984,0.));
#3713=DIRECTION('',(-1.,0.,0.));
#3714=DIRECTION('',(0.978859308023643,-0.204534728335984,0.));
#3715=DIRECTION('center_axis',(0.,0.,1.));
#3716=DIRECTION('ref_axis',(-1.,0.,0.));
#3717=DIRECTION('center_axis',(0.,0.,-1.));
#3718=DIRECTION('ref_axis',(1.,0.,0.));
#3719=DIRECTION('',(0.,-1.,0.));
#3720=DIRECTION('',(-1.,0.,0.));
#3721=DIRECTION('',(0.,-1.,0.));
#3722=DIRECTION('center_axis',(0.,0.,1.));
#3723=DIRECTION('ref_axis',(-1.,0.,0.));
#3724=DIRECTION('center_axis',(0.,0.,-1.));
#3725=DIRECTION('ref_axis',(1.,0.,0.));
#3726=DIRECTION('center_axis',(0.,0.,1.));
#3727=DIRECTION('ref_axis',(1.,0.,0.));
#3728=DIRECTION('',(1.,0.,0.));
#3729=DIRECTION('',(0.978859308023643,0.204534728335984,0.));
#3730=DIRECTION('center_axis',(0.,0.,-1.));
#3731=DIRECTION('ref_axis',(-1.,0.,0.));
#3732=DIRECTION('center_axis',(0.,0.,1.));
#3733=DIRECTION('ref_axis',(1.,0.,0.));
#3734=DIRECTION('',(0.,1.,0.));
#3735=DIRECTION('',(-1.,0.,0.));
#3736=DIRECTION('',(0.,1.,0.));
#3737=DIRECTION('center_axis',(0.,0.,-1.));
#3738=DIRECTION('ref_axis',(-1.,0.,0.));
#3739=DIRECTION('center_axis',(0.,0.,1.));
#3740=DIRECTION('ref_axis',(1.,0.,0.));
#3741=DIRECTION('',(-0.978859308023643,0.204534728335984,0.));
#3742=DIRECTION('',(1.,0.,0.));
#3743=DIRECTION('center_axis',(0.,0.,-1.));
#3744=DIRECTION('ref_axis',(-1.,0.,0.));
#3745=DIRECTION('',(1.,5.78241158658936E-16,0.));
#3746=DIRECTION('center_axis',(0.,0.,1.));
#3747=DIRECTION('ref_axis',(1.,0.,0.));
#3748=DIRECTION('',(-0.978859308023643,-0.204534728335984,0.));
#3749=DIRECTION('center_axis',(0.,0.,1.));
#3750=DIRECTION('ref_axis',(1.,0.,0.));
#3751=DIRECTION('',(-1.,0.,0.));
#3752=DIRECTION('',(-0.978859308023643,-0.204534728335984,0.));
#3753=DIRECTION('center_axis',(0.,0.,-1.));
#3754=DIRECTION('ref_axis',(1.,0.,0.));
#3755=DIRECTION('center_axis',(0.,0.,1.));
#3756=DIRECTION('ref_axis',(-1.,0.,0.));
#3757=DIRECTION('',(0.,-1.,0.));
#3758=DIRECTION('',(-1.,0.,0.));
#3759=DIRECTION('',(0.,-1.,0.));
#3760=DIRECTION('center_axis',(0.,0.,-1.));
#3761=DIRECTION('ref_axis',(1.,0.,0.));
#3762=DIRECTION('center_axis',(0.,0.,1.));
#3763=DIRECTION('ref_axis',(-1.,0.,0.));
#3764=DIRECTION('',(0.978859308023643,-0.204534728335984,0.));
#3765=DIRECTION('',(-1.,0.,0.));
#3766=DIRECTION('',(-0.978859308023643,0.204534728335984,0.));
#3767=DIRECTION('center_axis',(0.,0.,-1.));
#3768=DIRECTION('ref_axis',(1.,0.,0.));
#3769=DIRECTION('',(1.,-5.78241158658936E-16,0.));
#3770=DIRECTION('center_axis',(0.,0.,1.));
#3771=DIRECTION('ref_axis',(-1.,0.,0.));
#3772=DIRECTION('',(0.978859308023643,0.204534728335984,0.));
#3773=DIRECTION('center_axis',(0.204534728335984,-0.978859308023643,0.));
#3774=DIRECTION('ref_axis',(-0.978859308023643,-0.204534728335984,0.));
#3775=DIRECTION('',(0.,0.,1.));
#3776=DIRECTION('',(0.,0.,-1.));
#3777=DIRECTION('center_axis',(-0.204534728335984,0.978859308023643,0.));
#3778=DIRECTION('ref_axis',(0.978859308023643,0.204534728335984,0.));
#3779=DIRECTION('',(0.,0.,1.));
#3780=DIRECTION('',(0.,0.,-1.));
#3781=DIRECTION('center_axis',(-0.204534728335984,-0.978859308023643,0.));
#3782=DIRECTION('ref_axis',(0.978859308023643,-0.204534728335984,0.));
#3783=DIRECTION('',(0.,0.,-1.));
#3784=DIRECTION('',(0.,0.,-1.));
#3785=DIRECTION('center_axis',(-1.,0.,0.));
#3786=DIRECTION('ref_axis',(0.,0.,1.));
#3787=DIRECTION('',(0.,0.,-1.));
#3788=DIRECTION('',(0.,1.,0.));
#3789=DIRECTION('',(0.,0.,-1.));
#3790=DIRECTION('',(0.,1.,0.));
#3791=DIRECTION('center_axis',(0.,0.,-1.));
#3792=DIRECTION('ref_axis',(-1.,0.,0.));
#3793=DIRECTION('center_axis',(0.,0.,1.));
#3794=DIRECTION('ref_axis',(1.,0.,0.));
#3795=DIRECTION('',(0.,0.,-1.));
#3796=DIRECTION('',(0.,0.,-1.));
#3797=DIRECTION('',(0.,0.,-1.));
#3798=DIRECTION('center_axis',(0.,0.,1.));
#3799=DIRECTION('ref_axis',(1.,0.,0.));
#3800=DIRECTION('center_axis',(-0.204534728335984,-0.978859308023643,0.));
#3801=DIRECTION('ref_axis',(0.978859308023643,-0.204534728335984,0.));
#3802=DIRECTION('',(0.,0.,-1.));
#3803=DIRECTION('center_axis',(0.,0.,-1.));
#3804=DIRECTION('ref_axis',(-1.,0.,0.));
#3805=DIRECTION('',(0.,0.,-1.));
#3806=DIRECTION('center_axis',(0.,0.,-1.));
#3807=DIRECTION('ref_axis',(-1.,0.,0.));
#3808=DIRECTION('',(0.,0.,-1.));
#3809=DIRECTION('center_axis',(-1.,0.,0.));
#3810=DIRECTION('ref_axis',(0.,0.,1.));
#3811=DIRECTION('',(0.,0.,-1.));
#3812=DIRECTION('center_axis',(0.,-1.,0.));
#3813=DIRECTION('ref_axis',(0.,0.,-1.));
#3814=DIRECTION('',(0.,0.,-1.));
#3815=DIRECTION('center_axis',(0.,1.,0.));
#3816=DIRECTION('ref_axis',(0.,0.,1.));
#3817=DIRECTION('center_axis',(-5.78241158658936E-16,1.,0.));
#3818=DIRECTION('ref_axis',(-1.,-5.78241158658936E-16,0.));
#3819=DIRECTION('',(0.,0.,-1.));
#3820=DIRECTION('',(0.,0.,-1.));
#3821=DIRECTION('center_axis',(-5.78241158658936E-16,1.,0.));
#3822=DIRECTION('ref_axis',(-1.,-5.78241158658936E-16,0.));
#3823=DIRECTION('center_axis',(0.,0.,-1.));
#3824=DIRECTION('ref_axis',(-1.,0.,0.));
#3825=DIRECTION('center_axis',(0.,0.,-1.));
#3826=DIRECTION('ref_axis',(-1.,0.,0.));
#3827=DIRECTION('',(0.,0.,-1.));
#3828=DIRECTION('',(0.,0.,-1.));
#3829=DIRECTION('center_axis',(0.,0.,1.));
#3830=DIRECTION('ref_axis',(1.,0.,0.));
#3831=DIRECTION('center_axis',(0.,0.,1.));
#3832=DIRECTION('ref_axis',(1.,0.,0.));
#3833=DIRECTION('',(0.,0.,-1.));
#3834=DIRECTION('center_axis',(-0.204534728335984,0.978859308023643,0.));
#3835=DIRECTION('ref_axis',(0.978859308023643,0.204534728335984,0.));
#3836=DIRECTION('',(0.,0.,-1.));
#3837=DIRECTION('center_axis',(0.,0.,-1.));
#3838=DIRECTION('ref_axis',(-1.,0.,0.));
#3839=DIRECTION('',(0.,0.,-1.));
#3840=DIRECTION('center_axis',(0.,0.,-1.));
#3841=DIRECTION('ref_axis',(-1.,0.,0.));
#3842=DIRECTION('',(0.,0.,-1.));
#3843=DIRECTION('center_axis',(-1.,0.,0.));
#3844=DIRECTION('ref_axis',(0.,0.,1.));
#3845=DIRECTION('',(0.,0.,-1.));
#3846=DIRECTION('center_axis',(0.,1.,0.));
#3847=DIRECTION('ref_axis',(0.,0.,-1.));
#3848=DIRECTION('',(0.,0.,-1.));
#3849=DIRECTION('center_axis',(0.,1.,0.));
#3850=DIRECTION('ref_axis',(0.,0.,1.));
#3851=DIRECTION('center_axis',(-5.78241158658936E-16,-1.,0.));
#3852=DIRECTION('ref_axis',(-1.,5.78241158658936E-16,0.));
#3853=DIRECTION('',(0.,0.,-1.));
#3854=DIRECTION('',(0.,0.,-1.));
#3855=DIRECTION('center_axis',(-5.78241158658936E-16,-1.,0.));
#3856=DIRECTION('ref_axis',(1.,-5.78241158658936E-16,0.));
#3857=DIRECTION('center_axis',(0.,0.,-1.));
#3858=DIRECTION('ref_axis',(-1.,0.,0.));
#3859=DIRECTION('center_axis',(1.,0.,0.));
#3860=DIRECTION('ref_axis',(0.,0.,1.));
#3861=DIRECTION('',(0.,0.,-1.));
#3862=DIRECTION('',(0.,-1.,0.));
#3863=DIRECTION('',(0.,0.,-1.));
#3864=DIRECTION('',(0.,-1.,0.));
#3865=DIRECTION('center_axis',(0.,0.,-1.));
#3866=DIRECTION('ref_axis',(1.,0.,0.));
#3867=DIRECTION('',(0.,0.,-1.));
#3868=DIRECTION('',(0.,0.,-1.));
#3869=DIRECTION('center_axis',(0.,0.,1.));
#3870=DIRECTION('ref_axis',(1.,0.,0.));
#3871=DIRECTION('center_axis',(0.,0.,1.));
#3872=DIRECTION('ref_axis',(1.,0.,0.));
#3873=DIRECTION('',(0.,0.,-1.));
#3874=DIRECTION('center_axis',(0.204534728335984,-0.978859308023643,0.));
#3875=DIRECTION('ref_axis',(-0.978859308023643,-0.204534728335984,0.));
#3876=DIRECTION('',(0.,0.,-1.));
#3877=DIRECTION('center_axis',(0.,0.,-1.));
#3878=DIRECTION('ref_axis',(1.,0.,0.));
#3879=DIRECTION('',(0.,0.,-1.));
#3880=DIRECTION('center_axis',(0.,0.,-1.));
#3881=DIRECTION('ref_axis',(1.,0.,0.));
#3882=DIRECTION('',(0.,0.,-1.));
#3883=DIRECTION('center_axis',(1.,0.,0.));
#3884=DIRECTION('ref_axis',(0.,0.,1.));
#3885=DIRECTION('center_axis',(0.,0.,-1.));
#3886=DIRECTION('ref_axis',(1.,0.,0.));
#3887=DIRECTION('center_axis',(0.,0.,-1.));
#3888=DIRECTION('ref_axis',(1.,0.,0.));
#3889=DIRECTION('center_axis',(0.,0.,1.));
#3890=DIRECTION('ref_axis',(1.,0.,0.));
#3891=DIRECTION('',(0.,0.,-1.));
#3892=DIRECTION('',(0.,0.,-1.));
#3893=DIRECTION('',(0.,0.,-1.));
#3894=DIRECTION('center_axis',(0.,0.,1.));
#3895=DIRECTION('ref_axis',(1.,0.,0.));
#3896=DIRECTION('center_axis',(0.204534728335984,0.978859308023643,0.));
#3897=DIRECTION('ref_axis',(-0.978859308023643,0.204534728335984,0.));
#3898=DIRECTION('',(0.,0.,-1.));
#3899=DIRECTION('center_axis',(0.,0.,-1.));
#3900=DIRECTION('ref_axis',(1.,0.,0.));
#3901=DIRECTION('',(0.,0.,-1.));
#3902=DIRECTION('center_axis',(0.,0.,-1.));
#3903=DIRECTION('ref_axis',(1.,0.,0.));
#3904=DIRECTION('',(0.,0.,-1.));
#3905=DIRECTION('center_axis',(1.,0.,0.));
#3906=DIRECTION('ref_axis',(0.,0.,1.));
#3907=DIRECTION('center_axis',(0.,0.,-1.));
#3908=DIRECTION('ref_axis',(1.,0.,0.));
#3909=DIRECTION('center_axis',(0.,1.,0.));
#3910=DIRECTION('ref_axis',(0.,0.,1.));
#3911=DIRECTION('',(0.,1.,0.));
#3912=DIRECTION('center_axis',(0.,1.,0.));
#3913=DIRECTION('ref_axis',(0.,0.,1.));
#3914=DIRECTION('',(0.,1.,0.));
#3915=DIRECTION('center_axis',(0.,-1.,0.));
#3916=DIRECTION('ref_axis',(0.,0.,-1.));
#3917=DIRECTION('',(-1.,0.,0.));
#3918=DIRECTION('',(-1.,0.,0.));
#3919=DIRECTION('center_axis',(0.,1.,0.));
#3920=DIRECTION('ref_axis',(0.,0.,1.));
#3921=DIRECTION('',(1.,0.,0.));
#3922=DIRECTION('',(1.,0.,0.));
#3923=DIRECTION('center_axis',(0.,0.,1.));
#3924=DIRECTION('ref_axis',(1.,0.,0.));
#3925=DIRECTION('center_axis',(0.,0.,1.));
#3926=DIRECTION('ref_axis',(1.,0.,0.));
#3927=DIRECTION('',(0.,0.,1.));
#3928=DIRECTION('',(1.,0.,0.));
#3929=DIRECTION('',(0.,0.,1.));
#3930=DIRECTION('',(1.,0.,0.));
#3931=DIRECTION('axis',(0.,0.,1.));
#3932=DIRECTION('refdir',(1.,0.,0.));
#3933=DIRECTION('center_axis',(0.,1.,0.));
#3934=DIRECTION('ref_axis',(-1.,0.,0.));
#3935=DIRECTION('',(-1.,0.,0.));
#3936=DIRECTION('',(0.,0.,1.));
#3937=DIRECTION('',(-1.,0.,0.));
#3938=DIRECTION('',(0.,0.,1.));
#3939=DIRECTION('center_axis',(1.,0.,0.));
#3940=DIRECTION('ref_axis',(0.,1.,0.));
#3941=DIRECTION('',(0.,1.,0.));
#3942=DIRECTION('',(0.,1.,0.));
#3943=DIRECTION('',(0.,0.,1.));
#3944=DIRECTION('center_axis',(0.,-1.,0.));
#3945=DIRECTION('ref_axis',(1.,0.,0.));
#3946=DIRECTION('',(1.,0.,0.));
#3947=DIRECTION('',(1.,0.,0.));
#3948=DIRECTION('',(0.,0.,1.));
#3949=DIRECTION('center_axis',(-1.,0.,0.));
#3950=DIRECTION('ref_axis',(0.,-1.,0.));
#3951=DIRECTION('',(0.,-1.,0.));
#3952=DIRECTION('',(0.,-1.,0.));
#3953=DIRECTION('center_axis',(0.,0.,1.));
#3954=DIRECTION('ref_axis',(1.,0.,0.));
#3955=DIRECTION('center_axis',(0.,0.,1.));
#3956=DIRECTION('ref_axis',(1.,0.,0.));
#3957=DIRECTION('axis',(0.,0.,1.));
#3958=DIRECTION('refdir',(1.,0.,0.));
#3959=DIRECTION('center_axis',(0.,1.,0.));
#3960=DIRECTION('ref_axis',(-1.,0.,0.));
#3961=DIRECTION('',(-1.,0.,0.));
#3962=DIRECTION('',(0.,0.,1.));
#3963=DIRECTION('',(-1.,0.,0.));
#3964=DIRECTION('',(0.,0.,1.));
#3965=DIRECTION('center_axis',(1.,0.,0.));
#3966=DIRECTION('ref_axis',(0.,1.,0.));
#3967=DIRECTION('',(0.,1.,0.));
#3968=DIRECTION('',(0.,1.,0.));
#3969=DIRECTION('',(0.,0.,1.));
#3970=DIRECTION('center_axis',(0.,-1.,0.));
#3971=DIRECTION('ref_axis',(1.,0.,0.));
#3972=DIRECTION('',(1.,0.,0.));
#3973=DIRECTION('',(1.,0.,0.));
#3974=DIRECTION('',(0.,0.,1.));
#3975=DIRECTION('center_axis',(-1.,0.,0.));
#3976=DIRECTION('ref_axis',(0.,-1.,0.));
#3977=DIRECTION('',(0.,-1.,0.));
#3978=DIRECTION('',(0.,-1.,0.));
#3979=DIRECTION('center_axis',(0.,0.,1.));
#3980=DIRECTION('ref_axis',(1.,0.,0.));
#3981=DIRECTION('center_axis',(0.,0.,1.));
#3982=DIRECTION('ref_axis',(1.,0.,0.));
#3983=DIRECTION('axis',(0.,0.,1.));
#3984=DIRECTION('refdir',(1.,0.,0.));
#3985=DIRECTION('center_axis',(0.,1.,0.));
#3986=DIRECTION('ref_axis',(-1.,0.,0.));
#3987=DIRECTION('',(-1.,0.,0.));
#3988=DIRECTION('',(0.,0.,1.));
#3989=DIRECTION('',(-1.,0.,0.));
#3990=DIRECTION('',(0.,0.,1.));
#3991=DIRECTION('center_axis',(1.,0.,0.));
#3992=DIRECTION('ref_axis',(0.,1.,0.));
#3993=DIRECTION('',(0.,1.,0.));
#3994=DIRECTION('',(0.,1.,0.));
#3995=DIRECTION('',(0.,0.,1.));
#3996=DIRECTION('center_axis',(0.,-1.,0.));
#3997=DIRECTION('ref_axis',(1.,0.,0.));
#3998=DIRECTION('',(1.,0.,0.));
#3999=DIRECTION('',(1.,0.,0.));
#4000=DIRECTION('',(0.,0.,1.));
#4001=DIRECTION('center_axis',(-1.,0.,0.));
#4002=DIRECTION('ref_axis',(0.,-1.,0.));
#4003=DIRECTION('',(0.,-1.,0.));
#4004=DIRECTION('',(0.,-1.,0.));
#4005=DIRECTION('center_axis',(0.,0.,1.));
#4006=DIRECTION('ref_axis',(1.,0.,0.));
#4007=DIRECTION('center_axis',(0.,0.,1.));
#4008=DIRECTION('ref_axis',(1.,0.,0.));
#4009=DIRECTION('axis',(0.,0.,1.));
#4010=DIRECTION('refdir',(1.,0.,0.));
#4011=DIRECTION('center_axis',(0.,1.,0.));
#4012=DIRECTION('ref_axis',(-1.,0.,0.));
#4013=DIRECTION('',(-1.,0.,0.));
#4014=DIRECTION('',(0.,0.,1.));
#4015=DIRECTION('',(-1.,0.,0.));
#4016=DIRECTION('',(0.,0.,1.));
#4017=DIRECTION('center_axis',(1.,0.,0.));
#4018=DIRECTION('ref_axis',(0.,1.,0.));
#4019=DIRECTION('',(0.,1.,0.));
#4020=DIRECTION('',(0.,1.,0.));
#4021=DIRECTION('',(0.,0.,1.));
#4022=DIRECTION('center_axis',(0.,-1.,0.));
#4023=DIRECTION('ref_axis',(1.,0.,0.));
#4024=DIRECTION('',(1.,0.,0.));
#4025=DIRECTION('',(1.,0.,0.));
#4026=DIRECTION('',(0.,0.,1.));
#4027=DIRECTION('center_axis',(-1.,0.,0.));
#4028=DIRECTION('ref_axis',(0.,-1.,0.));
#4029=DIRECTION('',(0.,-1.,0.));
#4030=DIRECTION('',(0.,-1.,0.));
#4031=DIRECTION('center_axis',(0.,0.,1.));
#4032=DIRECTION('ref_axis',(1.,0.,0.));
#4033=DIRECTION('center_axis',(0.,0.,1.));
#4034=DIRECTION('ref_axis',(1.,0.,0.));
#4035=DIRECTION('',(0.,0.,1.));
#4036=DIRECTION('',(1.,0.,0.));
#4037=DIRECTION('',(0.,0.,1.));
#4038=DIRECTION('',(1.,0.,0.));
#4039=DIRECTION('',(0.,0.,1.));
#4040=DIRECTION('',(1.,0.,0.));
#4041=DIRECTION('',(0.,0.,1.));
#4042=DIRECTION('',(1.,0.,0.));
#4043=DIRECTION('',(0.,0.,1.));
#4044=DIRECTION('',(1.,0.,0.));
#4045=DIRECTION('',(0.,0.,1.));
#4046=DIRECTION('',(1.,0.,0.));
#4047=DIRECTION('',(0.,0.,1.));
#4048=DIRECTION('',(1.,0.,0.));
#4049=CARTESIAN_POINT('',(0.,0.,0.));
#4050=CARTESIAN_POINT('',(0.,0.,0.));
#4051=CARTESIAN_POINT('Origin',(-33.,23.,0.));
#4052=CARTESIAN_POINT('',(-34.1,23.,0.));
#4053=CARTESIAN_POINT('Origin',(-33.,23.,0.));
#4054=CARTESIAN_POINT('',(-34.1,23.,6.));
#4055=CARTESIAN_POINT('',(-34.1,23.,0.));
#4056=CARTESIAN_POINT('Origin',(-33.,23.,6.));
#4057=CARTESIAN_POINT('Origin',(33.,-23.,0.));
#4058=CARTESIAN_POINT('',(31.9,-23.,0.));
#4059=CARTESIAN_POINT('Origin',(33.,-23.,0.));
#4060=CARTESIAN_POINT('',(31.9,-23.,6.));
#4061=CARTESIAN_POINT('',(31.9,-23.,0.));
#4062=CARTESIAN_POINT('Origin',(33.,-23.,6.));
#4063=CARTESIAN_POINT('Origin',(-33.,-23.,0.));
#4064=CARTESIAN_POINT('',(-34.1,-23.,0.));
#4065=CARTESIAN_POINT('Origin',(-33.,-23.,0.));
#4066=CARTESIAN_POINT('',(-34.1,-23.,6.));
#4067=CARTESIAN_POINT('',(-34.1,-23.,0.));
#4068=CARTESIAN_POINT('Origin',(-33.,-23.,6.));
#4069=CARTESIAN_POINT('Origin',(33.,23.,0.));
#4070=CARTESIAN_POINT('',(31.9,23.,0.));
#4071=CARTESIAN_POINT('Origin',(33.,23.,0.));
#4072=CARTESIAN_POINT('',(31.9,23.,6.));
#4073=CARTESIAN_POINT('',(31.9,23.,0.));
#4074=CARTESIAN_POINT('Origin',(33.,23.,6.));
#4075=CARTESIAN_POINT('Origin',(-27.,-18.25,0.));
#4076=CARTESIAN_POINT('',(-27.,-18.25,0.));
#4077=CARTESIAN_POINT('',(-13.,-18.25,0.));
#4078=CARTESIAN_POINT('',(-13.,-18.25,0.));
#4079=CARTESIAN_POINT('',(-13.,-18.25,6.));
#4080=CARTESIAN_POINT('',(-13.,-18.25,0.));
#4081=CARTESIAN_POINT('',(-27.,-18.25,6.));
#4082=CARTESIAN_POINT('',(-13.,-18.25,6.));
#4083=CARTESIAN_POINT('',(-27.,-18.25,0.));
#4084=CARTESIAN_POINT('Origin',(-27.,-19.5,0.));
#4085=CARTESIAN_POINT('',(-27.,-19.5,0.));
#4086=CARTESIAN_POINT('',(-27.,-18.25,0.));
#4087=CARTESIAN_POINT('',(-27.,-19.5,6.));
#4088=CARTESIAN_POINT('',(-27.,-18.25,6.));
#4089=CARTESIAN_POINT('',(-27.,-19.5,0.));
#4090=CARTESIAN_POINT('Origin',(-29.,-19.5,0.));
#4091=CARTESIAN_POINT('',(-29.,-19.5,0.));
#4092=CARTESIAN_POINT('',(-27.,-19.5,0.));
#4093=CARTESIAN_POINT('',(-29.,-19.5,6.));
#4094=CARTESIAN_POINT('',(-27.,-19.5,6.));
#4095=CARTESIAN_POINT('',(-29.,-19.5,0.));
#4096=CARTESIAN_POINT('Origin',(-29.,19.5,0.));
#4097=CARTESIAN_POINT('',(-29.,19.5,0.));
#4098=CARTESIAN_POINT('',(-29.,-19.5,0.));
#4099=CARTESIAN_POINT('',(-29.,19.5,6.));
#4100=CARTESIAN_POINT('',(-29.,-19.5,6.));
#4101=CARTESIAN_POINT('',(-29.,19.5,0.));
#4102=CARTESIAN_POINT('Origin',(-27.,19.5,0.));
#4103=CARTESIAN_POINT('',(-27.,19.5,0.));
#4104=CARTESIAN_POINT('',(-29.,19.5,0.));
#4105=CARTESIAN_POINT('',(-27.,19.5,6.));
#4106=CARTESIAN_POINT('',(-29.,19.5,6.));
#4107=CARTESIAN_POINT('',(-27.,19.5,0.));
#4108=CARTESIAN_POINT('Origin',(-27.,18.25,0.));
#4109=CARTESIAN_POINT('',(-27.,18.25,0.));
#4110=CARTESIAN_POINT('',(-27.,19.5,0.));
#4111=CARTESIAN_POINT('',(-27.,18.25,6.));
#4112=CARTESIAN_POINT('',(-27.,19.5,6.));
#4113=CARTESIAN_POINT('',(-27.,18.25,0.));
#4114=CARTESIAN_POINT('Origin',(-13.,18.25,0.));
#4115=CARTESIAN_POINT('',(-13.,18.25,0.));
#4116=CARTESIAN_POINT('',(-27.,18.25,0.));
#4117=CARTESIAN_POINT('',(-13.,18.25,6.));
#4118=CARTESIAN_POINT('',(-27.,18.25,6.));
#4119=CARTESIAN_POINT('',(-13.,18.25,0.));
#4120=CARTESIAN_POINT('Origin',(-13.,21.,0.));
#4121=CARTESIAN_POINT('',(-13.,21.,0.));
#4122=CARTESIAN_POINT('',(-13.,18.25,0.));
#4123=CARTESIAN_POINT('',(-13.,21.,6.));
#4124=CARTESIAN_POINT('',(-13.,18.25,6.));
#4125=CARTESIAN_POINT('',(-13.,21.,0.));
#4126=CARTESIAN_POINT('Origin',(-31.,21.,0.));
#4127=CARTESIAN_POINT('',(-31.,21.,0.));
#4128=CARTESIAN_POINT('',(-13.,21.,0.));
#4129=CARTESIAN_POINT('',(-31.,21.,6.));
#4130=CARTESIAN_POINT('',(-13.,21.,6.));
#4131=CARTESIAN_POINT('',(-31.,21.,0.));
#4132=CARTESIAN_POINT('Origin',(-31.,-21.,0.));
#4133=CARTESIAN_POINT('',(-31.,-21.,0.));
#4134=CARTESIAN_POINT('',(-31.,21.,0.));
#4135=CARTESIAN_POINT('',(-31.,-21.,6.));
#4136=CARTESIAN_POINT('',(-31.,21.,6.));
#4137=CARTESIAN_POINT('',(-31.,-21.,0.));
#4138=CARTESIAN_POINT('Origin',(-13.,-21.,0.));
#4139=CARTESIAN_POINT('',(-13.,-21.,0.));
#4140=CARTESIAN_POINT('',(-31.,-21.,0.));
#4141=CARTESIAN_POINT('',(-13.,-21.,6.));
#4142=CARTESIAN_POINT('',(-31.,-21.,6.));
#4143=CARTESIAN_POINT('',(-13.,-21.,0.));
#4144=CARTESIAN_POINT('Origin',(-13.,-18.25,0.));
#4145=CARTESIAN_POINT('',(-13.,-21.,0.));
#4146=CARTESIAN_POINT('',(-13.,-21.,6.));
#4147=CARTESIAN_POINT('Origin',(27.,19.5,0.));
#4148=CARTESIAN_POINT('',(27.,19.5,0.));
#4149=CARTESIAN_POINT('',(27.,18.25,0.));
#4150=CARTESIAN_POINT('',(27.,18.25,0.));
#4151=CARTESIAN_POINT('',(27.,18.25,6.));
#4152=CARTESIAN_POINT('',(27.,18.25,0.));
#4153=CARTESIAN_POINT('',(27.,19.5,6.));
#4154=CARTESIAN_POINT('',(27.,18.25,6.));
#4155=CARTESIAN_POINT('',(27.,19.5,0.));
#4156=CARTESIAN_POINT('Origin',(29.,19.5,0.));
#4157=CARTESIAN_POINT('',(29.,19.5,0.));
#4158=CARTESIAN_POINT('',(27.,19.5,0.));
#4159=CARTESIAN_POINT('',(29.,19.5,6.));
#4160=CARTESIAN_POINT('',(27.,19.5,6.));
#4161=CARTESIAN_POINT('',(29.,19.5,0.));
#4162=CARTESIAN_POINT('Origin',(29.,-19.5,0.));
#4163=CARTESIAN_POINT('',(29.,-19.5,0.));
#4164=CARTESIAN_POINT('',(29.,19.5,0.));
#4165=CARTESIAN_POINT('',(29.,-19.5,6.));
#4166=CARTESIAN_POINT('',(29.,19.5,6.));
#4167=CARTESIAN_POINT('',(29.,-19.5,0.));
#4168=CARTESIAN_POINT('Origin',(27.,-19.5,0.));
#4169=CARTESIAN_POINT('',(27.,-19.5,0.));
#4170=CARTESIAN_POINT('',(29.,-19.5,0.));
#4171=CARTESIAN_POINT('',(27.,-19.5,6.));
#4172=CARTESIAN_POINT('',(29.,-19.5,6.));
#4173=CARTESIAN_POINT('',(27.,-19.5,0.));
#4174=CARTESIAN_POINT('Origin',(27.,-18.25,0.));
#4175=CARTESIAN_POINT('',(27.,-18.25,0.));
#4176=CARTESIAN_POINT('',(27.,-19.5,0.));
#4177=CARTESIAN_POINT('',(27.,-18.25,6.));
#4178=CARTESIAN_POINT('',(27.,-19.5,6.));
#4179=CARTESIAN_POINT('',(27.,-18.25,0.));
#4180=CARTESIAN_POINT('Origin',(13.,-18.25,0.));
#4181=CARTESIAN_POINT('',(13.,-18.25,0.));
#4182=CARTESIAN_POINT('',(27.,-18.25,0.));
#4183=CARTESIAN_POINT('',(13.,-18.25,6.));
#4184=CARTESIAN_POINT('',(27.,-18.25,6.));
#4185=CARTESIAN_POINT('',(13.,-18.25,0.));
#4186=CARTESIAN_POINT('Origin',(13.,-21.,0.));
#4187=CARTESIAN_POINT('',(13.,-21.,0.));
#4188=CARTESIAN_POINT('',(13.,-18.25,0.));
#4189=CARTESIAN_POINT('',(13.,-21.,6.));
#4190=CARTESIAN_POINT('',(13.,-18.25,6.));
#4191=CARTESIAN_POINT('',(13.,-21.,0.));
#4192=CARTESIAN_POINT('Origin',(31.,-21.,0.));
#4193=CARTESIAN_POINT('',(31.,-21.,0.));
#4194=CARTESIAN_POINT('',(13.,-21.,0.));
#4195=CARTESIAN_POINT('',(31.,-21.,6.));
#4196=CARTESIAN_POINT('',(13.,-21.,6.));
#4197=CARTESIAN_POINT('',(31.,-21.,0.));
#4198=CARTESIAN_POINT('Origin',(31.,21.,0.));
#4199=CARTESIAN_POINT('',(31.,21.,0.));
#4200=CARTESIAN_POINT('',(31.,-21.,0.));
#4201=CARTESIAN_POINT('',(31.,21.,6.));
#4202=CARTESIAN_POINT('',(31.,-21.,6.));
#4203=CARTESIAN_POINT('',(31.,21.,0.));
#4204=CARTESIAN_POINT('Origin',(13.,21.,0.));
#4205=CARTESIAN_POINT('',(13.,21.,0.));
#4206=CARTESIAN_POINT('',(31.,21.,0.));
#4207=CARTESIAN_POINT('',(13.,21.,6.));
#4208=CARTESIAN_POINT('',(31.,21.,6.));
#4209=CARTESIAN_POINT('',(13.,21.,0.));
#4210=CARTESIAN_POINT('Origin',(13.,18.25,0.));
#4211=CARTESIAN_POINT('',(13.,18.25,0.));
#4212=CARTESIAN_POINT('',(13.,21.,0.));
#4213=CARTESIAN_POINT('',(13.,18.25,6.));
#4214=CARTESIAN_POINT('',(13.,21.,6.));
#4215=CARTESIAN_POINT('',(13.,18.25,0.));
#4216=CARTESIAN_POINT('Origin',(27.,18.25,0.));
#4217=CARTESIAN_POINT('',(13.,18.25,0.));
#4218=CARTESIAN_POINT('',(13.,18.25,6.));
#4219=CARTESIAN_POINT('Origin',(-27.,7.75,0.));
#4220=CARTESIAN_POINT('',(-27.,7.75,0.));
#4221=CARTESIAN_POINT('',(-27.,17.75,0.));
#4222=CARTESIAN_POINT('',(-27.,17.75,0.));
#4223=CARTESIAN_POINT('',(-27.,17.75,6.));
#4224=CARTESIAN_POINT('',(-27.,17.75,0.));
#4225=CARTESIAN_POINT('',(-27.,7.75,6.));
#4226=CARTESIAN_POINT('',(-27.,17.75,6.));
#4227=CARTESIAN_POINT('',(-27.,7.75,0.));
#4228=CARTESIAN_POINT('Origin',(-13.,7.75,0.));
#4229=CARTESIAN_POINT('',(-13.,7.75,0.));
#4230=CARTESIAN_POINT('',(-27.,7.75,0.));
#4231=CARTESIAN_POINT('',(-13.,7.75,6.));
#4232=CARTESIAN_POINT('',(-27.,7.75,6.));
#4233=CARTESIAN_POINT('',(-13.,7.75,0.));
#4234=CARTESIAN_POINT('Origin',(-13.,9.5,0.));
#4235=CARTESIAN_POINT('',(-13.,9.5,0.));
#4236=CARTESIAN_POINT('',(-13.,7.75,0.));
#4237=CARTESIAN_POINT('',(-13.,9.5,6.));
#4238=CARTESIAN_POINT('',(-13.,7.75,6.));
#4239=CARTESIAN_POINT('',(-13.,9.5,0.));
#4240=CARTESIAN_POINT('Origin',(13.,9.5,0.));
#4241=CARTESIAN_POINT('',(13.,9.5,0.));
#4242=CARTESIAN_POINT('',(-13.,9.5,0.));
#4243=CARTESIAN_POINT('',(13.,9.5,6.));
#4244=CARTESIAN_POINT('',(-13.,9.5,6.));
#4245=CARTESIAN_POINT('',(13.,9.5,0.));
#4246=CARTESIAN_POINT('Origin',(13.,7.75,0.));
#4247=CARTESIAN_POINT('',(13.,7.75,0.));
#4248=CARTESIAN_POINT('',(13.,9.5,0.));
#4249=CARTESIAN_POINT('',(13.,7.75,6.));
#4250=CARTESIAN_POINT('',(13.,9.5,6.));
#4251=CARTESIAN_POINT('',(13.,7.75,0.));
#4252=CARTESIAN_POINT('Origin',(27.,7.75,0.));
#4253=CARTESIAN_POINT('',(27.,7.75,0.));
#4254=CARTESIAN_POINT('',(13.,7.75,0.));
#4255=CARTESIAN_POINT('',(27.,7.75,6.));
#4256=CARTESIAN_POINT('',(13.,7.75,6.));
#4257=CARTESIAN_POINT('',(27.,7.75,0.));
#4258=CARTESIAN_POINT('Origin',(27.,17.75,0.));
#4259=CARTESIAN_POINT('',(27.,17.75,0.));
#4260=CARTESIAN_POINT('',(27.,7.75,0.));
#4261=CARTESIAN_POINT('',(27.,17.75,6.));
#4262=CARTESIAN_POINT('',(27.,7.75,6.));
#4263=CARTESIAN_POINT('',(27.,17.75,0.));
#4264=CARTESIAN_POINT('Origin',(13.,17.75,0.));
#4265=CARTESIAN_POINT('',(13.,17.75,0.));
#4266=CARTESIAN_POINT('',(27.,17.75,0.));
#4267=CARTESIAN_POINT('',(13.,17.75,6.));
#4268=CARTESIAN_POINT('',(27.,17.75,6.));
#4269=CARTESIAN_POINT('',(13.,17.75,0.));
#4270=CARTESIAN_POINT('Origin',(13.,16.5,0.));
#4271=CARTESIAN_POINT('',(13.,16.5,0.));
#4272=CARTESIAN_POINT('',(13.,17.75,0.));
#4273=CARTESIAN_POINT('',(13.,16.5,6.));
#4274=CARTESIAN_POINT('',(13.,17.75,6.));
#4275=CARTESIAN_POINT('',(13.,16.5,0.));
#4276=CARTESIAN_POINT('Origin',(10.,16.5,0.));
#4277=CARTESIAN_POINT('',(10.,16.5,0.));
#4278=CARTESIAN_POINT('',(13.,16.5,0.));
#4279=CARTESIAN_POINT('',(10.,16.5,6.));
#4280=CARTESIAN_POINT('',(13.,16.5,6.));
#4281=CARTESIAN_POINT('',(10.,16.5,0.));
#4282=CARTESIAN_POINT('Origin',(10.,21.,0.));
#4283=CARTESIAN_POINT('',(10.,21.,0.));
#4284=CARTESIAN_POINT('',(10.,16.5,0.));
#4285=CARTESIAN_POINT('',(10.,21.,6.));
#4286=CARTESIAN_POINT('',(10.,16.5,6.));
#4287=CARTESIAN_POINT('',(10.,21.,0.));
#4288=CARTESIAN_POINT('Origin',(-10.,21.,0.));
#4289=CARTESIAN_POINT('',(-10.,21.,0.));
#4290=CARTESIAN_POINT('',(10.,21.,0.));
#4291=CARTESIAN_POINT('',(-10.,21.,6.));
#4292=CARTESIAN_POINT('',(10.,21.,6.));
#4293=CARTESIAN_POINT('',(-10.,21.,0.));
#4294=CARTESIAN_POINT('Origin',(-10.,16.5,0.));
#4295=CARTESIAN_POINT('',(-10.,16.5,0.));
#4296=CARTESIAN_POINT('',(-10.,21.,0.));
#4297=CARTESIAN_POINT('',(-10.,16.5,6.));
#4298=CARTESIAN_POINT('',(-10.,21.,6.));
#4299=CARTESIAN_POINT('',(-10.,16.5,0.));
#4300=CARTESIAN_POINT('Origin',(-13.,16.5,0.));
#4301=CARTESIAN_POINT('',(-13.,16.5,0.));
#4302=CARTESIAN_POINT('',(-10.,16.5,0.));
#4303=CARTESIAN_POINT('',(-13.,16.5,6.));
#4304=CARTESIAN_POINT('',(-10.,16.5,6.));
#4305=CARTESIAN_POINT('',(-13.,16.5,0.));
#4306=CARTESIAN_POINT('Origin',(-13.,17.75,0.));
#4307=CARTESIAN_POINT('',(-13.,17.75,0.));
#4308=CARTESIAN_POINT('',(-13.,16.5,0.));
#4309=CARTESIAN_POINT('',(-13.,17.75,6.));
#4310=CARTESIAN_POINT('',(-13.,16.5,6.));
#4311=CARTESIAN_POINT('',(-13.,17.75,0.));
#4312=CARTESIAN_POINT('Origin',(-27.,17.75,0.));
#4313=CARTESIAN_POINT('',(-13.,17.75,0.));
#4314=CARTESIAN_POINT('',(-13.,17.75,6.));
#4315=CARTESIAN_POINT('Origin',(-27.,-7.25,0.));
#4316=CARTESIAN_POINT('',(-27.,-7.25,0.));
#4317=CARTESIAN_POINT('',(-27.,7.25,0.));
#4318=CARTESIAN_POINT('',(-27.,7.25,0.));
#4319=CARTESIAN_POINT('',(-27.,7.25,6.));
#4320=CARTESIAN_POINT('',(-27.,7.25,0.));
#4321=CARTESIAN_POINT('',(-27.,-7.25,6.));
#4322=CARTESIAN_POINT('',(-27.,7.25,6.));
#4323=CARTESIAN_POINT('',(-27.,-7.25,0.));
#4324=CARTESIAN_POINT('Origin',(-13.,-7.25,0.));
#4325=CARTESIAN_POINT('',(-13.,-7.25,0.));
#4326=CARTESIAN_POINT('',(-27.,-7.25,0.));
#4327=CARTESIAN_POINT('',(-13.,-7.25,6.));
#4328=CARTESIAN_POINT('',(-27.,-7.25,6.));
#4329=CARTESIAN_POINT('',(-13.,-7.25,0.));
#4330=CARTESIAN_POINT('Origin',(-13.,7.25,0.));
#4331=CARTESIAN_POINT('',(-13.,7.25,0.));
#4332=CARTESIAN_POINT('',(-13.,-7.25,0.));
#4333=CARTESIAN_POINT('',(-13.,7.25,6.));
#4334=CARTESIAN_POINT('',(-13.,-7.25,6.));
#4335=CARTESIAN_POINT('',(-13.,7.25,0.));
#4336=CARTESIAN_POINT('Origin',(-27.,7.25,0.));
#4337=CARTESIAN_POINT('',(-13.,7.25,0.));
#4338=CARTESIAN_POINT('',(-13.,7.25,6.));
#4339=CARTESIAN_POINT('Origin',(13.,-9.5,0.));
#4340=CARTESIAN_POINT('',(13.,-9.5,0.));
#4341=CARTESIAN_POINT('',(13.,-7.75,0.));
#4342=CARTESIAN_POINT('',(13.,-7.75,0.));
#4343=CARTESIAN_POINT('',(13.,-7.75,6.));
#4344=CARTESIAN_POINT('',(13.,-7.75,0.));
#4345=CARTESIAN_POINT('',(13.,-9.5,6.));
#4346=CARTESIAN_POINT('',(13.,-7.75,6.));
#4347=CARTESIAN_POINT('',(13.,-9.5,0.));
#4348=CARTESIAN_POINT('Origin',(-13.,-9.5,0.));
#4349=CARTESIAN_POINT('',(-13.,-9.5,0.));
#4350=CARTESIAN_POINT('',(13.,-9.5,0.));
#4351=CARTESIAN_POINT('',(-13.,-9.5,6.));
#4352=CARTESIAN_POINT('',(13.,-9.5,6.));
#4353=CARTESIAN_POINT('',(-13.,-9.5,0.));
#4354=CARTESIAN_POINT('Origin',(-13.,-7.75,0.));
#4355=CARTESIAN_POINT('',(-13.,-7.75,0.));
#4356=CARTESIAN_POINT('',(-13.,-9.5,0.));
#4357=CARTESIAN_POINT('',(-13.,-7.75,6.));
#4358=CARTESIAN_POINT('',(-13.,-9.5,6.));
#4359=CARTESIAN_POINT('',(-13.,-7.75,0.));
#4360=CARTESIAN_POINT('Origin',(-27.,-7.75,0.));
#4361=CARTESIAN_POINT('',(-27.,-7.75,0.));
#4362=CARTESIAN_POINT('',(-13.,-7.75,0.));
#4363=CARTESIAN_POINT('',(-27.,-7.75,6.));
#4364=CARTESIAN_POINT('',(-13.,-7.75,6.));
#4365=CARTESIAN_POINT('',(-27.,-7.75,0.));
#4366=CARTESIAN_POINT('Origin',(-27.,-17.75,0.));
#4367=CARTESIAN_POINT('',(-27.,-17.75,0.));
#4368=CARTESIAN_POINT('',(-27.,-7.75,0.));
#4369=CARTESIAN_POINT('',(-27.,-17.75,6.));
#4370=CARTESIAN_POINT('',(-27.,-7.75,6.));
#4371=CARTESIAN_POINT('',(-27.,-17.75,0.));
#4372=CARTESIAN_POINT('Origin',(-13.,-17.75,0.));
#4373=CARTESIAN_POINT('',(-13.,-17.75,0.));
#4374=CARTESIAN_POINT('',(-27.,-17.75,0.));
#4375=CARTESIAN_POINT('',(-13.,-17.75,6.));
#4376=CARTESIAN_POINT('',(-27.,-17.75,6.));
#4377=CARTESIAN_POINT('',(-13.,-17.75,0.));
#4378=CARTESIAN_POINT('Origin',(-13.,-16.5,0.));
#4379=CARTESIAN_POINT('',(-13.,-16.5,0.));
#4380=CARTESIAN_POINT('',(-13.,-17.75,0.));
#4381=CARTESIAN_POINT('',(-13.,-16.5,6.));
#4382=CARTESIAN_POINT('',(-13.,-17.75,6.));
#4383=CARTESIAN_POINT('',(-13.,-16.5,0.));
#4384=CARTESIAN_POINT('Origin',(-10.,-16.5,0.));
#4385=CARTESIAN_POINT('',(-10.,-16.5,0.));
#4386=CARTESIAN_POINT('',(-13.,-16.5,0.));
#4387=CARTESIAN_POINT('',(-10.,-16.5,6.));
#4388=CARTESIAN_POINT('',(-13.,-16.5,6.));
#4389=CARTESIAN_POINT('',(-10.,-16.5,0.));
#4390=CARTESIAN_POINT('Origin',(-10.,-21.,0.));
#4391=CARTESIAN_POINT('',(-10.,-21.,0.));
#4392=CARTESIAN_POINT('',(-10.,-16.5,0.));
#4393=CARTESIAN_POINT('',(-10.,-21.,6.));
#4394=CARTESIAN_POINT('',(-10.,-16.5,6.));
#4395=CARTESIAN_POINT('',(-10.,-21.,0.));
#4396=CARTESIAN_POINT('Origin',(10.,-21.,0.));
#4397=CARTESIAN_POINT('',(10.,-21.,0.));
#4398=CARTESIAN_POINT('',(-10.,-21.,0.));
#4399=CARTESIAN_POINT('',(10.,-21.,6.));
#4400=CARTESIAN_POINT('',(-10.,-21.,6.));
#4401=CARTESIAN_POINT('',(10.,-21.,0.));
#4402=CARTESIAN_POINT('Origin',(10.,-16.5,0.));
#4403=CARTESIAN_POINT('',(10.,-16.5,0.));
#4404=CARTESIAN_POINT('',(10.,-21.,0.));
#4405=CARTESIAN_POINT('',(10.,-16.5,6.));
#4406=CARTESIAN_POINT('',(10.,-21.,6.));
#4407=CARTESIAN_POINT('',(10.,-16.5,0.));
#4408=CARTESIAN_POINT('Origin',(13.,-16.5,0.));
#4409=CARTESIAN_POINT('',(13.,-16.5,0.));
#4410=CARTESIAN_POINT('',(10.,-16.5,0.));
#4411=CARTESIAN_POINT('',(13.,-16.5,6.));
#4412=CARTESIAN_POINT('',(10.,-16.5,6.));
#4413=CARTESIAN_POINT('',(13.,-16.5,0.));
#4414=CARTESIAN_POINT('Origin',(13.,-17.75,0.));
#4415=CARTESIAN_POINT('',(13.,-17.75,0.));
#4416=CARTESIAN_POINT('',(13.,-16.5,0.));
#4417=CARTESIAN_POINT('',(13.,-17.75,6.));
#4418=CARTESIAN_POINT('',(13.,-16.5,6.));
#4419=CARTESIAN_POINT('',(13.,-17.75,0.));
#4420=CARTESIAN_POINT('Origin',(27.,-17.75,0.));
#4421=CARTESIAN_POINT('',(27.,-17.75,0.));
#4422=CARTESIAN_POINT('',(13.,-17.75,0.));
#4423=CARTESIAN_POINT('',(27.,-17.75,6.));
#4424=CARTESIAN_POINT('',(13.,-17.75,6.));
#4425=CARTESIAN_POINT('',(27.,-17.75,0.));
#4426=CARTESIAN_POINT('Origin',(27.,-7.75,0.));
#4427=CARTESIAN_POINT('',(27.,-7.75,0.));
#4428=CARTESIAN_POINT('',(27.,-17.75,0.));
#4429=CARTESIAN_POINT('',(27.,-7.75,6.));
#4430=CARTESIAN_POINT('',(27.,-17.75,6.));
#4431=CARTESIAN_POINT('',(27.,-7.75,0.));
#4432=CARTESIAN_POINT('Origin',(13.,-7.75,0.));
#4433=CARTESIAN_POINT('',(27.,-7.75,0.));
#4434=CARTESIAN_POINT('',(27.,-7.75,6.));
#4435=CARTESIAN_POINT('Origin',(13.,-7.25,0.));
#4436=CARTESIAN_POINT('',(13.,-7.25,0.));
#4437=CARTESIAN_POINT('',(13.,7.25,0.));
#4438=CARTESIAN_POINT('',(13.,7.25,0.));
#4439=CARTESIAN_POINT('',(13.,7.25,6.));
#4440=CARTESIAN_POINT('',(13.,7.25,0.));
#4441=CARTESIAN_POINT('',(13.,-7.25,6.));
#4442=CARTESIAN_POINT('',(13.,7.25,6.));
#4443=CARTESIAN_POINT('',(13.,-7.25,0.));
#4444=CARTESIAN_POINT('Origin',(27.,-7.25,0.));
#4445=CARTESIAN_POINT('',(27.,-7.25,0.));
#4446=CARTESIAN_POINT('',(13.,-7.25,0.));
#4447=CARTESIAN_POINT('',(27.,-7.25,6.));
#4448=CARTESIAN_POINT('',(13.,-7.25,6.));
#4449=CARTESIAN_POINT('',(27.,-7.25,0.));
#4450=CARTESIAN_POINT('Origin',(27.,7.25,0.));
#4451=CARTESIAN_POINT('',(27.,7.25,0.));
#4452=CARTESIAN_POINT('',(27.,-7.25,0.));
#4453=CARTESIAN_POINT('',(27.,7.25,6.));
#4454=CARTESIAN_POINT('',(27.,-7.25,6.));
#4455=CARTESIAN_POINT('',(27.,7.25,0.));
#4456=CARTESIAN_POINT('Origin',(13.,7.25,0.));
#4457=CARTESIAN_POINT('',(27.,7.25,0.));
#4458=CARTESIAN_POINT('',(27.,7.25,6.));
#4459=CARTESIAN_POINT('Origin',(-35.,25.,0.));
#4460=CARTESIAN_POINT('',(-35.,-25.,0.));
#4461=CARTESIAN_POINT('',(-35.,25.,0.));
#4462=CARTESIAN_POINT('',(-35.,-25.,0.));
#4463=CARTESIAN_POINT('',(-35.,-25.,6.));
#4464=CARTESIAN_POINT('',(-35.,-25.,0.));
#4465=CARTESIAN_POINT('',(-35.,25.,6.));
#4466=CARTESIAN_POINT('',(-35.,-25.,6.));
#4467=CARTESIAN_POINT('',(-35.,25.,0.));
#4468=CARTESIAN_POINT('Origin',(35.,25.,0.));
#4469=CARTESIAN_POINT('',(35.,25.,0.));
#4470=CARTESIAN_POINT('',(-35.,25.,0.));
#4471=CARTESIAN_POINT('',(35.,25.,6.));
#4472=CARTESIAN_POINT('',(-35.,25.,6.));
#4473=CARTESIAN_POINT('',(35.,25.,0.));
#4474=CARTESIAN_POINT('Origin',(35.,-25.,0.));
#4475=CARTESIAN_POINT('',(35.,-25.,0.));
#4476=CARTESIAN_POINT('',(35.,25.,0.));
#4477=CARTESIAN_POINT('',(35.,-25.,6.));
#4478=CARTESIAN_POINT('',(35.,25.,6.));
#4479=CARTESIAN_POINT('',(35.,-25.,0.));
#4480=CARTESIAN_POINT('Origin',(-35.,-25.,0.));
#4481=CARTESIAN_POINT('',(35.,-25.,0.));
#4482=CARTESIAN_POINT('',(35.,-25.,6.));
#4483=CARTESIAN_POINT('Origin',(0.,0.,6.));
#4484=CARTESIAN_POINT('Origin',(0.,0.,0.));
#4485=CARTESIAN_POINT('',(0.,0.,0.));
#4486=CARTESIAN_POINT('Origin',(3.,-5.5,6.));
#4487=CARTESIAN_POINT('',(3.,-5.5,6.));
#4488=CARTESIAN_POINT('',(-3.,-5.5,6.));
#4489=CARTESIAN_POINT('',(3.,-5.5,6.));
#4490=CARTESIAN_POINT('',(-3.,-5.5,23.));
#4491=CARTESIAN_POINT('',(-3.,-5.5,6.));
#4492=CARTESIAN_POINT('',(3.,-5.5,23.));
#4493=CARTESIAN_POINT('',(3.,-5.5,23.));
#4494=CARTESIAN_POINT('',(3.,-5.5,6.));
#4495=CARTESIAN_POINT('Origin',(3.,-9.5,6.));
#4496=CARTESIAN_POINT('',(3.,-9.5,6.));
#4497=CARTESIAN_POINT('',(3.,-9.5,6.));
#4498=CARTESIAN_POINT('',(3.,-9.5,23.));
#4499=CARTESIAN_POINT('',(3.,-9.5,23.));
#4500=CARTESIAN_POINT('',(3.,-9.5,6.));
#4501=CARTESIAN_POINT('Origin',(-3.,-9.5,6.));
#4502=CARTESIAN_POINT('',(-3.,-9.5,6.));
#4503=CARTESIAN_POINT('',(-3.,-9.5,6.));
#4504=CARTESIAN_POINT('',(-3.,-9.5,23.));
#4505=CARTESIAN_POINT('',(-3.,-9.5,23.));
#4506=CARTESIAN_POINT('',(-3.,-9.5,6.));
#4507=CARTESIAN_POINT('Origin',(-3.,-5.5,6.));
#4508=CARTESIAN_POINT('',(-3.,-5.5,6.));
#4509=CARTESIAN_POINT('',(-3.,-5.5,23.));
#4510=CARTESIAN_POINT('Origin',(0.,-7.5,23.));
#4511=CARTESIAN_POINT('Origin',(0.,-7.5,6.));
#4512=CARTESIAN_POINT('',(0.,0.,0.));
#4513=CARTESIAN_POINT('',(0.,0.,0.));
#4514=CARTESIAN_POINT('',(0.,0.,0.));
#4515=CARTESIAN_POINT('Origin',(2.02156355725676,5.50789821315063,2.5));
#4516=CARTESIAN_POINT('',(7.70466061128746,4.3204030312331,2.5));
#4517=CARTESIAN_POINT('',(7.70466061128746,4.3204030312331,-2.5));
#4518=CARTESIAN_POINT('',(7.70466061128747,4.3204030312331,2.5));
#4519=CARTESIAN_POINT('',(2.02156355725676,5.50789821315063,2.5));
#4520=CARTESIAN_POINT('',(2.02156355725676,5.50789821315063,2.5));
#4521=CARTESIAN_POINT('',(2.02156355725676,5.50789821315063,-2.5));
#4522=CARTESIAN_POINT('',(2.02156355725676,5.50789821315063,2.5));
#4523=CARTESIAN_POINT('',(2.02156355725676,5.50789821315063,-2.5));
#4524=CARTESIAN_POINT('Origin',(11.7600194248998,1.5,2.5));
#4525=CARTESIAN_POINT('',(-12.3493486196704,4.3204030312331,2.5));
#4526=CARTESIAN_POINT('',(-2.21587154917594,6.43781455577308,2.5));
#4527=CARTESIAN_POINT('',(-12.3493486196704,4.3204030312331,2.5));
#4528=CARTESIAN_POINT('',(-7.70466061128747,4.3204030312331,2.5));
#4529=CARTESIAN_POINT('',(11.7600194248998,4.3204030312331,2.5));
#4530=CARTESIAN_POINT('',(-2.02156355725676,5.50789821315063,2.5));
#4531=CARTESIAN_POINT('',(-2.02156355725676,5.50789821315063,2.5));
#4532=CARTESIAN_POINT('',(-1.5,5.56180697769034,2.5));
#4533=CARTESIAN_POINT('Origin',(-1.5,3.01180697769034,2.5));
#4534=CARTESIAN_POINT('',(1.5,5.56180697769034,2.5));
#4535=CARTESIAN_POINT('',(2.51443626280321E-16,5.56180697769033,2.5));
#4536=CARTESIAN_POINT('Origin',(1.5,3.01180697769034,2.5));
#4537=CARTESIAN_POINT('',(12.3493486196704,4.3204030312331,2.5));
#4538=CARTESIAN_POINT('',(11.7600194248998,4.3204030312331,2.5));
#4539=CARTESIAN_POINT('',(2.21587154917594,6.43781455577308,2.5));
#4540=CARTESIAN_POINT('',(12.3493486196704,4.3204030312331,2.5));
#4541=CARTESIAN_POINT('',(1.5,6.51180697769033,2.5));
#4542=CARTESIAN_POINT('Origin',(1.5,3.01180697769034,2.5));
#4543=CARTESIAN_POINT('',(1.25,6.76180697769034,2.5));
#4544=CARTESIAN_POINT('Origin',(1.5,6.76180697769034,2.5));
#4545=CARTESIAN_POINT('',(1.25,7.5,2.5));
#4546=CARTESIAN_POINT('',(1.25,7.5,2.5));
#4547=CARTESIAN_POINT('',(-1.25,7.5,2.5));
#4548=CARTESIAN_POINT('',(1.40834381901946E-17,7.5,2.5));
#4549=CARTESIAN_POINT('',(-1.25,6.76180697769034,2.5));
#4550=CARTESIAN_POINT('',(-1.25,7.5,2.5));
#4551=CARTESIAN_POINT('',(-1.5,6.51180697769033,2.5));
#4552=CARTESIAN_POINT('Origin',(-1.5,6.76180697769034,2.5));
#4553=CARTESIAN_POINT('Origin',(-1.5,3.01180697769034,2.5));
#4554=CARTESIAN_POINT('Origin',(11.7600194248998,1.5,2.5));
#4555=CARTESIAN_POINT('',(12.3493486196704,-4.3204030312331,2.5));
#4556=CARTESIAN_POINT('',(2.21587154917594,-6.43781455577308,2.5));
#4557=CARTESIAN_POINT('',(12.3493486196704,-4.3204030312331,2.5));
#4558=CARTESIAN_POINT('',(7.70466061128747,-4.3204030312331,2.5));
#4559=CARTESIAN_POINT('',(11.7600194248998,-4.3204030312331,2.5));
#4560=CARTESIAN_POINT('',(2.02156355725676,-5.50789821315063,2.5));
#4561=CARTESIAN_POINT('',(2.02156355725676,-5.50789821315063,2.5));
#4562=CARTESIAN_POINT('',(1.5,-5.56180697769034,2.5));
#4563=CARTESIAN_POINT('Origin',(1.5,-3.01180697769034,2.5));
#4564=CARTESIAN_POINT('',(-1.5,-5.56180697769034,2.5));
#4565=CARTESIAN_POINT('',(2.51443626280321E-16,-5.56180697769033,2.5));
#4566=CARTESIAN_POINT('',(-2.02156355725676,-5.50789821315063,2.5));
#4567=CARTESIAN_POINT('Origin',(-1.5,-3.01180697769034,2.5));
#4568=CARTESIAN_POINT('',(-7.70466061128747,-4.3204030312331,2.5));
#4569=CARTESIAN_POINT('',(-2.02156355725676,-5.50789821315063,2.5));
#4570=CARTESIAN_POINT('',(-12.3493486196704,-4.3204030312331,2.5));
#4571=CARTESIAN_POINT('',(11.7600194248998,-4.3204030312331,2.5));
#4572=CARTESIAN_POINT('',(-2.21587154917594,-6.43781455577308,2.5));
#4573=CARTESIAN_POINT('',(-12.3493486196704,-4.3204030312331,2.5));
#4574=CARTESIAN_POINT('',(-1.5,-6.51180697769033,2.5));
#4575=CARTESIAN_POINT('Origin',(-1.5,-3.01180697769034,2.5));
#4576=CARTESIAN_POINT('',(-1.25,-6.76180697769034,2.5));
#4577=CARTESIAN_POINT('Origin',(-1.5,-6.76180697769034,2.5));
#4578=CARTESIAN_POINT('',(-1.25,-7.5,2.5));
#4579=CARTESIAN_POINT('',(-1.25,-7.5,2.5));
#4580=CARTESIAN_POINT('',(1.25,-7.5,2.5));
#4581=CARTESIAN_POINT('',(1.40834381901946E-17,-7.5,2.5));
#4582=CARTESIAN_POINT('',(1.25,-6.76180697769034,2.5));
#4583=CARTESIAN_POINT('',(1.25,-7.5,2.5));
#4584=CARTESIAN_POINT('',(1.5,-6.51180697769033,2.5));
#4585=CARTESIAN_POINT('Origin',(1.5,-6.76180697769034,2.5));
#4586=CARTESIAN_POINT('Origin',(1.5,-3.01180697769034,2.5));
#4587=CARTESIAN_POINT('Origin',(11.7600194248998,1.5,-2.5));
#4588=CARTESIAN_POINT('',(-12.3493486196704,4.3204030312331,-2.5));
#4589=CARTESIAN_POINT('',(-7.70466061128747,4.3204030312331,-2.5));
#4590=CARTESIAN_POINT('',(11.7600194248998,4.3204030312331,-2.5));
#4591=CARTESIAN_POINT('',(-2.21587154917594,6.43781455577308,-2.5));
#4592=CARTESIAN_POINT('',(-12.3493486196704,4.3204030312331,-2.5));
#4593=CARTESIAN_POINT('',(-1.5,6.51180697769033,-2.5));
#4594=CARTESIAN_POINT('Origin',(-1.5,3.01180697769034,-2.5));
#4595=CARTESIAN_POINT('',(-1.25,6.76180697769034,-2.5));
#4596=CARTESIAN_POINT('Origin',(-1.5,6.76180697769034,-2.5));
#4597=CARTESIAN_POINT('',(-1.25,7.5,-2.5));
#4598=CARTESIAN_POINT('',(-1.25,7.5,-2.5));
#4599=CARTESIAN_POINT('',(1.25,7.5,-2.5));
#4600=CARTESIAN_POINT('',(1.40834381901946E-17,7.5,-2.5));
#4601=CARTESIAN_POINT('',(1.25,6.76180697769034,-2.5));
#4602=CARTESIAN_POINT('',(1.25,7.5,-2.5));
#4603=CARTESIAN_POINT('',(1.5,6.51180697769033,-2.5));
#4604=CARTESIAN_POINT('Origin',(1.5,6.76180697769034,-2.5));
#4605=CARTESIAN_POINT('',(2.21587154917594,6.43781455577308,-2.5));
#4606=CARTESIAN_POINT('Origin',(1.5,3.01180697769034,-2.5));
#4607=CARTESIAN_POINT('',(12.3493486196704,4.3204030312331,-2.5));
#4608=CARTESIAN_POINT('',(12.3493486196704,4.3204030312331,-2.5));
#4609=CARTESIAN_POINT('',(11.7600194248998,4.3204030312331,-2.5));
#4610=CARTESIAN_POINT('',(1.5,5.56180697769034,-2.5));
#4611=CARTESIAN_POINT('Origin',(1.5,3.01180697769034,-2.5));
#4612=CARTESIAN_POINT('',(-1.5,5.56180697769034,-2.5));
#4613=CARTESIAN_POINT('',(2.51443626280321E-16,5.56180697769033,-2.5));
#4614=CARTESIAN_POINT('',(-2.02156355725676,5.50789821315063,-2.5));
#4615=CARTESIAN_POINT('Origin',(-1.5,3.01180697769034,-2.5));
#4616=CARTESIAN_POINT('',(-2.02156355725676,5.50789821315063,-2.5));
#4617=CARTESIAN_POINT('Origin',(11.7600194248998,1.5,-2.5));
#4618=CARTESIAN_POINT('',(12.3493486196704,-4.3204030312331,-2.5));
#4619=CARTESIAN_POINT('',(7.70466061128747,-4.3204030312331,-2.5));
#4620=CARTESIAN_POINT('',(11.7600194248998,-4.3204030312331,-2.5));
#4621=CARTESIAN_POINT('',(2.21587154917594,-6.43781455577308,-2.5));
#4622=CARTESIAN_POINT('',(12.3493486196704,-4.3204030312331,-2.5));
#4623=CARTESIAN_POINT('',(1.5,-6.51180697769033,-2.5));
#4624=CARTESIAN_POINT('Origin',(1.5,-3.01180697769034,-2.5));
#4625=CARTESIAN_POINT('',(1.25,-6.76180697769034,-2.5));
#4626=CARTESIAN_POINT('Origin',(1.5,-6.76180697769034,-2.5));
#4627=CARTESIAN_POINT('',(1.25,-7.5,-2.5));
#4628=CARTESIAN_POINT('',(1.25,-7.5,-2.5));
#4629=CARTESIAN_POINT('',(-1.25,-7.5,-2.5));
#4630=CARTESIAN_POINT('',(1.40834381901946E-17,-7.5,-2.5));
#4631=CARTESIAN_POINT('',(-1.25,-6.76180697769034,-2.5));
#4632=CARTESIAN_POINT('',(-1.25,-7.5,-2.5));
#4633=CARTESIAN_POINT('',(-1.5,-6.51180697769033,-2.5));
#4634=CARTESIAN_POINT('Origin',(-1.5,-6.76180697769034,-2.5));
#4635=CARTESIAN_POINT('',(-2.21587154917594,-6.43781455577308,-2.5));
#4636=CARTESIAN_POINT('Origin',(-1.5,-3.01180697769034,-2.5));
#4637=CARTESIAN_POINT('',(-12.3493486196704,-4.3204030312331,-2.5));
#4638=CARTESIAN_POINT('',(-12.3493486196704,-4.3204030312331,-2.5));
#4639=CARTESIAN_POINT('',(-7.70466061128747,-4.3204030312331,-2.5));
#4640=CARTESIAN_POINT('',(11.7600194248998,-4.3204030312331,-2.5));
#4641=CARTESIAN_POINT('',(-2.02156355725676,-5.50789821315063,-2.5));
#4642=CARTESIAN_POINT('',(-2.02156355725676,-5.50789821315063,-2.5));
#4643=CARTESIAN_POINT('',(-1.5,-5.56180697769034,-2.5));
#4644=CARTESIAN_POINT('Origin',(-1.5,-3.01180697769034,-2.5));
#4645=CARTESIAN_POINT('',(1.5,-5.56180697769034,-2.5));
#4646=CARTESIAN_POINT('',(2.51443626280321E-16,-5.56180697769033,-2.5));
#4647=CARTESIAN_POINT('',(2.02156355725676,-5.50789821315063,-2.5));
#4648=CARTESIAN_POINT('Origin',(1.5,-3.01180697769034,-2.5));
#4649=CARTESIAN_POINT('',(2.02156355725676,-5.50789821315063,-2.5));
#4650=CARTESIAN_POINT('Origin',(2.02156355725676,-5.50789821315063,2.5));
#4651=CARTESIAN_POINT('',(7.70466061128747,-4.3204030312331,2.5));
#4652=CARTESIAN_POINT('',(2.02156355725676,-5.50789821315063,2.5));
#4653=CARTESIAN_POINT('Origin',(-2.02156355725676,5.50789821315063,2.5));
#4654=CARTESIAN_POINT('',(-7.70466061128747,4.3204030312331,2.5));
#4655=CARTESIAN_POINT('',(-2.02156355725676,5.50789821315063,2.5));
#4656=CARTESIAN_POINT('Origin',(-2.02156355725676,-5.50789821315063,2.5));
#4657=CARTESIAN_POINT('',(-7.70466061128747,-4.3204030312331,2.5));
#4658=CARTESIAN_POINT('',(-2.02156355725676,-5.50789821315063,2.5));
#4659=CARTESIAN_POINT('Origin',(14.6413354711533,0.,2.5));
#4660=CARTESIAN_POINT('',(14.6413354711533,-1.5,5.));
#4661=CARTESIAN_POINT('',(14.6413354711533,-1.5,-5.));
#4662=CARTESIAN_POINT('',(14.6413354711533,-1.5,2.5));
#4663=CARTESIAN_POINT('',(14.6413354711533,1.5,-5.));
#4664=CARTESIAN_POINT('',(14.6413354711533,-1.5,-5.));
#4665=CARTESIAN_POINT('',(14.6413354711533,1.5,5.));
#4666=CARTESIAN_POINT('',(14.6413354711533,1.5,2.5));
#4667=CARTESIAN_POINT('',(14.6413354711533,-1.5,5.));
#4668=CARTESIAN_POINT('Origin',(11.7600194248998,1.5,2.5));
#4669=CARTESIAN_POINT('',(12.3493486196704,4.3204030312331,-5.));
#4670=CARTESIAN_POINT('Origin',(11.7600194248998,1.5,-5.));
#4671=CARTESIAN_POINT('',(12.3493486196704,4.3204030312331,5.));
#4672=CARTESIAN_POINT('',(12.3493486196704,4.3204030312331,2.5));
#4673=CARTESIAN_POINT('',(12.3493486196704,4.3204030312331,5.));
#4674=CARTESIAN_POINT('',(12.3493486196704,4.3204030312331,5.));
#4675=CARTESIAN_POINT('Origin',(11.7600194248998,1.5,5.));
#4676=CARTESIAN_POINT('Origin',(12.3493486196704,4.3204030312331,2.5));
#4677=CARTESIAN_POINT('',(2.21587154917594,6.43781455577308,2.5));
#4678=CARTESIAN_POINT('Origin',(1.5,3.01180697769034,2.5));
#4679=CARTESIAN_POINT('',(1.5,6.51180697769033,2.5));
#4680=CARTESIAN_POINT('Origin',(1.5,6.76180697769034,2.5));
#4681=CARTESIAN_POINT('',(1.25,6.76180697769034,2.5));
#4682=CARTESIAN_POINT('Origin',(1.25,7.5,2.5));
#4683=CARTESIAN_POINT('',(1.25,7.5,2.5));
#4684=CARTESIAN_POINT('Origin',(1.40834381901946E-17,7.5,2.5));
#4685=CARTESIAN_POINT('',(-1.25,7.5,2.5));
#4686=CARTESIAN_POINT('',(-9.79717439317879E-17,7.5,-0.799999999999997));
#4687=CARTESIAN_POINT('Origin',(0.,7.5,0.));
#4688=CARTESIAN_POINT('Origin',(2.51443626280321E-16,5.56180697769033,2.5));
#4689=CARTESIAN_POINT('',(1.5,5.56180697769034,2.5));
#4690=CARTESIAN_POINT('',(-1.5,5.56180697769034,2.5));
#4691=CARTESIAN_POINT('',(-9.79717439317879E-17,5.56180697769033,-0.799999999999997));
#4692=CARTESIAN_POINT('Origin',(0.,5.56180697769033,0.));
#4693=CARTESIAN_POINT('Origin',(1.5,3.01180697769034,2.5));
#4694=CARTESIAN_POINT('Origin',(11.7600194248998,-1.5,2.5));
#4695=CARTESIAN_POINT('',(12.3493486196704,-4.3204030312331,2.5));
#4696=CARTESIAN_POINT('',(12.3493486196704,-4.3204030312331,-5.));
#4697=CARTESIAN_POINT('',(12.3493486196704,-4.3204030312331,5.));
#4698=CARTESIAN_POINT('Origin',(11.7600194248998,-1.5,-5.));
#4699=CARTESIAN_POINT('',(12.3493486196704,-4.3204030312331,5.));
#4700=CARTESIAN_POINT('Origin',(11.7600194248998,-1.5,5.));
#4701=CARTESIAN_POINT('',(12.3493486196704,-4.3204030312331,5.));
#4702=CARTESIAN_POINT('Origin',(12.3493486196704,-4.3204030312331,2.5));
#4703=CARTESIAN_POINT('',(2.21587154917594,-6.43781455577308,2.5));
#4704=CARTESIAN_POINT('Origin',(1.5,-3.01180697769034,2.5));
#4705=CARTESIAN_POINT('',(1.5,-6.51180697769033,2.5));
#4706=CARTESIAN_POINT('Origin',(1.5,-6.76180697769034,2.5));
#4707=CARTESIAN_POINT('',(1.25,-6.76180697769034,2.5));
#4708=CARTESIAN_POINT('Origin',(1.25,-7.5,2.5));
#4709=CARTESIAN_POINT('',(1.25,-7.5,2.5));
#4710=CARTESIAN_POINT('Origin',(1.40834381901946E-17,-7.5,2.5));
#4711=CARTESIAN_POINT('',(-1.25,-7.5,2.5));
#4712=CARTESIAN_POINT('',(-9.79717439317879E-17,-7.5,-0.799999999999997));
#4713=CARTESIAN_POINT('Origin',(0.,-7.5,0.));
#4714=CARTESIAN_POINT('Origin',(2.51443626280321E-16,-5.56180697769033,
2.5));
#4715=CARTESIAN_POINT('',(-1.5,-5.56180697769034,2.5));
#4716=CARTESIAN_POINT('',(1.5,-5.56180697769034,2.5));
#4717=CARTESIAN_POINT('',(-9.79717439317879E-17,-5.56180697769034,-0.799999999999997));
#4718=CARTESIAN_POINT('Origin',(0.,-5.56180697769033,0.));
#4719=CARTESIAN_POINT('Origin',(1.5,-3.01180697769034,2.5));
#4720=CARTESIAN_POINT('Origin',(-14.6413354711533,0.,2.5));
#4721=CARTESIAN_POINT('',(-14.6413354711533,1.5,5.));
#4722=CARTESIAN_POINT('',(-14.6413354711533,1.5,-5.));
#4723=CARTESIAN_POINT('',(-14.6413354711533,1.5,2.5));
#4724=CARTESIAN_POINT('',(-14.6413354711533,-1.5,-5.));
#4725=CARTESIAN_POINT('',(-14.6413354711533,-1.5,-5.));
#4726=CARTESIAN_POINT('',(-14.6413354711533,-1.5,5.));
#4727=CARTESIAN_POINT('',(-14.6413354711533,-1.5,2.5));
#4728=CARTESIAN_POINT('',(-14.6413354711533,-1.5,5.));
#4729=CARTESIAN_POINT('Origin',(-11.7600194248998,1.5,2.5));
#4730=CARTESIAN_POINT('',(-12.3493486196704,4.3204030312331,2.5));
#4731=CARTESIAN_POINT('',(-12.3493486196704,4.3204030312331,-5.));
#4732=CARTESIAN_POINT('',(-12.3493486196704,4.3204030312331,5.));
#4733=CARTESIAN_POINT('Origin',(-11.7600194248998,1.5,-5.));
#4734=CARTESIAN_POINT('',(-12.3493486196704,4.3204030312331,5.));
#4735=CARTESIAN_POINT('Origin',(-11.7600194248998,1.5,5.));
#4736=CARTESIAN_POINT('',(-12.3493486196704,4.3204030312331,5.));
#4737=CARTESIAN_POINT('Origin',(-12.3493486196704,4.3204030312331,2.5));
#4738=CARTESIAN_POINT('',(-2.21587154917594,6.43781455577308,2.5));
#4739=CARTESIAN_POINT('Origin',(-1.5,3.01180697769034,2.5));
#4740=CARTESIAN_POINT('',(-1.5,6.51180697769033,2.5));
#4741=CARTESIAN_POINT('Origin',(-1.5,6.76180697769034,2.5));
#4742=CARTESIAN_POINT('',(-1.25,6.76180697769034,2.5));
#4743=CARTESIAN_POINT('Origin',(-1.25,7.5,2.5));
#4744=CARTESIAN_POINT('Origin',(-1.5,3.01180697769034,2.5));
#4745=CARTESIAN_POINT('Origin',(-11.7600194248998,-1.5,2.5));
#4746=CARTESIAN_POINT('',(-12.3493486196704,-4.3204030312331,-5.));
#4747=CARTESIAN_POINT('Origin',(-11.7600194248998,-1.5,-5.));
#4748=CARTESIAN_POINT('',(-12.3493486196704,-4.3204030312331,5.));
#4749=CARTESIAN_POINT('',(-12.3493486196704,-4.3204030312331,2.5));
#4750=CARTESIAN_POINT('',(-12.3493486196704,-4.3204030312331,5.));
#4751=CARTESIAN_POINT('',(-12.3493486196704,-4.3204030312331,5.));
#4752=CARTESIAN_POINT('Origin',(-11.7600194248998,-1.5,5.));
#4753=CARTESIAN_POINT('Origin',(-12.3493486196704,-4.3204030312331,2.5));
#4754=CARTESIAN_POINT('',(-2.21587154917594,-6.43781455577308,2.5));
#4755=CARTESIAN_POINT('Origin',(-1.5,-3.01180697769034,2.5));
#4756=CARTESIAN_POINT('',(-1.5,-6.51180697769033,2.5));
#4757=CARTESIAN_POINT('Origin',(-1.5,-6.76180697769034,2.5));
#4758=CARTESIAN_POINT('',(-1.25,-6.76180697769034,2.5));
#4759=CARTESIAN_POINT('Origin',(-1.25,-7.5,2.5));
#4760=CARTESIAN_POINT('Origin',(-1.5,-3.01180697769034,2.5));
#4761=CARTESIAN_POINT('Origin',(0.,7.5,0.));
#4762=CARTESIAN_POINT('',(-9.79717439317879E-17,7.5,-0.799999999999997));
#4763=CARTESIAN_POINT('Origin',(0.,7.5,0.));
#4764=CARTESIAN_POINT('',(-9.79717439317879E-17,7.5,-0.799999999999997));
#4765=CARTESIAN_POINT('Origin',(-12.3493486196704,4.3204030312331,5.));
#4766=CARTESIAN_POINT('',(-12.3493486196704,4.3204030312331,-5.));
#4767=CARTESIAN_POINT('',(-12.3493486196704,4.3204030312331,5.));
#4768=CARTESIAN_POINT('Origin',(-12.3493486196704,-4.3204030312331,5.));
#4769=CARTESIAN_POINT('',(-12.3493486196704,-4.3204030312331,5.));
#4770=CARTESIAN_POINT('',(-12.3493486196704,-4.3204030312331,-5.));
#4771=CARTESIAN_POINT('Origin',(11.7600194248998,1.5,5.));
#4772=CARTESIAN_POINT('Origin',(11.7600194248998,1.5,-5.));
#4773=CARTESIAN_POINT('',(0.,0.,0.));
#4774=CARTESIAN_POINT('',(0.,0.,0.));
#4775=CARTESIAN_POINT('',(0.,0.,0.));
#4776=CARTESIAN_POINT('Origin',(-6.,12.75,0.));
#4777=CARTESIAN_POINT('',(-6.,12.75,0.));
#4778=CARTESIAN_POINT('',(-8.,12.75,0.));
#4779=CARTESIAN_POINT('',(-6.,12.75,0.));
#4780=CARTESIAN_POINT('',(-8.,12.75,6.));
#4781=CARTESIAN_POINT('',(-8.,12.75,0.));
#4782=CARTESIAN_POINT('',(-6.,12.75,6.));
#4783=CARTESIAN_POINT('',(-6.,12.75,6.));
#4784=CARTESIAN_POINT('',(-6.,12.75,0.));
#4785=CARTESIAN_POINT('Origin',(-6.,9.75,0.));
#4786=CARTESIAN_POINT('',(-6.,9.75,0.));
#4787=CARTESIAN_POINT('',(-6.,9.75,0.));
#4788=CARTESIAN_POINT('',(-6.,9.75,6.));
#4789=CARTESIAN_POINT('',(-6.,9.75,6.));
#4790=CARTESIAN_POINT('',(-6.,9.75,0.));
#4791=CARTESIAN_POINT('Origin',(-8.,9.75,0.));
#4792=CARTESIAN_POINT('',(-8.,9.75,0.));
#4793=CARTESIAN_POINT('',(-8.,9.75,0.));
#4794=CARTESIAN_POINT('',(-8.,9.75,6.));
#4795=CARTESIAN_POINT('',(-8.,9.75,6.));
#4796=CARTESIAN_POINT('',(-8.,9.75,0.));
#4797=CARTESIAN_POINT('Origin',(-8.,12.75,0.));
#4798=CARTESIAN_POINT('',(-8.,12.75,0.));
#4799=CARTESIAN_POINT('',(-8.,12.75,6.));
#4800=CARTESIAN_POINT('Origin',(-7.,11.25,6.));
#4801=CARTESIAN_POINT('Origin',(-7.,11.25,0.));
#4802=CARTESIAN_POINT('',(0.,0.,0.));
#4803=CARTESIAN_POINT('Origin',(8.,12.75,0.));
#4804=CARTESIAN_POINT('',(8.,12.75,0.));
#4805=CARTESIAN_POINT('',(6.,12.75,0.));
#4806=CARTESIAN_POINT('',(8.,12.75,0.));
#4807=CARTESIAN_POINT('',(6.,12.75,6.));
#4808=CARTESIAN_POINT('',(6.,12.75,0.));
#4809=CARTESIAN_POINT('',(8.,12.75,6.));
#4810=CARTESIAN_POINT('',(8.,12.75,6.));
#4811=CARTESIAN_POINT('',(8.,12.75,0.));
#4812=CARTESIAN_POINT('Origin',(8.,9.75,0.));
#4813=CARTESIAN_POINT('',(8.,9.75,0.));
#4814=CARTESIAN_POINT('',(8.,9.75,0.));
#4815=CARTESIAN_POINT('',(8.,9.75,6.));
#4816=CARTESIAN_POINT('',(8.,9.75,6.));
#4817=CARTESIAN_POINT('',(8.,9.75,0.));
#4818=CARTESIAN_POINT('Origin',(6.,9.75,0.));
#4819=CARTESIAN_POINT('',(6.,9.75,0.));
#4820=CARTESIAN_POINT('',(6.,9.75,0.));
#4821=CARTESIAN_POINT('',(6.,9.75,6.));
#4822=CARTESIAN_POINT('',(6.,9.75,6.));
#4823=CARTESIAN_POINT('',(6.,9.75,0.));
#4824=CARTESIAN_POINT('Origin',(6.,12.75,0.));
#4825=CARTESIAN_POINT('',(6.,12.75,0.));
#4826=CARTESIAN_POINT('',(6.,12.75,6.));
#4827=CARTESIAN_POINT('Origin',(7.,11.25,6.));
#4828=CARTESIAN_POINT('Origin',(7.,11.25,0.));
#4829=CARTESIAN_POINT('',(0.,0.,0.));
#4830=CARTESIAN_POINT('Origin',(3.,-24.5,9.));
#4831=CARTESIAN_POINT('',(3.,-24.5,9.));
#4832=CARTESIAN_POINT('',(-3.,-24.5,9.));
#4833=CARTESIAN_POINT('',(3.,-24.5,9.));
#4834=CARTESIAN_POINT('',(-3.,-24.5,23.));
#4835=CARTESIAN_POINT('',(-3.,-24.5,9.));
#4836=CARTESIAN_POINT('',(3.,-24.5,23.));
#4837=CARTESIAN_POINT('',(3.,-24.5,23.));
#4838=CARTESIAN_POINT('',(3.,-24.5,9.));
#4839=CARTESIAN_POINT('Origin',(3.,-27.5,9.));
#4840=CARTESIAN_POINT('',(3.,-27.5,9.));
#4841=CARTESIAN_POINT('',(3.,-27.5,9.));
#4842=CARTESIAN_POINT('',(3.,-27.5,23.));
#4843=CARTESIAN_POINT('',(3.,-27.5,23.));
#4844=CARTESIAN_POINT('',(3.,-27.5,9.));
#4845=CARTESIAN_POINT('Origin',(-3.,-27.5,9.));
#4846=CARTESIAN_POINT('',(-3.,-27.5,9.));
#4847=CARTESIAN_POINT('',(-3.,-27.5,9.));
#4848=CARTESIAN_POINT('',(-3.,-27.5,23.));
#4849=CARTESIAN_POINT('',(-3.,-27.5,23.));
#4850=CARTESIAN_POINT('',(-3.,-27.5,9.));
#4851=CARTESIAN_POINT('Origin',(-3.,-24.5,9.));
#4852=CARTESIAN_POINT('',(-3.,-24.5,9.));
#4853=CARTESIAN_POINT('',(-3.,-24.5,23.));
#4854=CARTESIAN_POINT('Origin',(0.,-26.,23.));
#4855=CARTESIAN_POINT('Origin',(0.,-26.,9.));
#4856=CARTESIAN_POINT('',(0.,0.,0.));
#4857=CARTESIAN_POINT('Origin',(3.,-21.,6.));
#4858=CARTESIAN_POINT('',(3.,-21.,6.));
#4859=CARTESIAN_POINT('',(-3.,-21.,6.));
#4860=CARTESIAN_POINT('',(3.,-21.,6.));
#4861=CARTESIAN_POINT('',(-3.,-21.,9.));
#4862=CARTESIAN_POINT('',(-3.,-21.,6.));
#4863=CARTESIAN_POINT('',(3.,-21.,9.));
#4864=CARTESIAN_POINT('',(3.,-21.,9.));
#4865=CARTESIAN_POINT('',(3.,-21.,6.));
#4866=CARTESIAN_POINT('Origin',(3.,-27.5,6.));
#4867=CARTESIAN_POINT('',(3.,-27.5,6.));
#4868=CARTESIAN_POINT('',(3.,-27.5,6.));
#4869=CARTESIAN_POINT('',(3.,-27.5,9.));
#4870=CARTESIAN_POINT('',(3.,-27.5,9.));
#4871=CARTESIAN_POINT('',(3.,-27.5,6.));
#4872=CARTESIAN_POINT('Origin',(-3.,-27.5,6.));
#4873=CARTESIAN_POINT('',(-3.,-27.5,6.));
#4874=CARTESIAN_POINT('',(-3.,-27.5,6.));
#4875=CARTESIAN_POINT('',(-3.,-27.5,9.));
#4876=CARTESIAN_POINT('',(-3.,-27.5,9.));
#4877=CARTESIAN_POINT('',(-3.,-27.5,6.));
#4878=CARTESIAN_POINT('Origin',(-3.,-21.,6.));
#4879=CARTESIAN_POINT('',(-3.,-21.,6.));
#4880=CARTESIAN_POINT('',(-3.,-21.,9.));
#4881=CARTESIAN_POINT('Origin',(0.,-24.25,9.));
#4882=CARTESIAN_POINT('Origin',(0.,-24.25,6.));
#4883=CARTESIAN_POINT('',(0.,0.,0.));
#4884=CARTESIAN_POINT('',(0.,0.,0.));
#4885=CARTESIAN_POINT('',(0.,-17.,15.));
#4886=CARTESIAN_POINT('',(0.,0.,0.));
#4887=CARTESIAN_POINT('',(0.,0.,0.));
#4888=CARTESIAN_POINT('',(0.,0.,0.));
#4889=CARTESIAN_POINT('',(0.,0.,0.));
#4890=UNCERTAINTY_MEASURE_WITH_UNIT(LENGTH_MEASURE(0.01),#4912,
'DISTANCE_ACCURACY_VALUE',
'Maximum model space distance between geometric entities at asserted c
onnectivities');
#4891=UNCERTAINTY_MEASURE_WITH_UNIT(LENGTH_MEASURE(0.01),#4912,
'DISTANCE_ACCURACY_VALUE',
'Maximum model space distance between geometric entities at asserted c
onnectivities');
#4892=UNCERTAINTY_MEASURE_WITH_UNIT(LENGTH_MEASURE(0.01),#4912,
'DISTANCE_ACCURACY_VALUE',
'Maximum model space distance between geometric entities at asserted c
onnectivities');
#4893=UNCERTAINTY_MEASURE_WITH_UNIT(LENGTH_MEASURE(0.01),#4912,
'DISTANCE_ACCURACY_VALUE',
'Maximum model space distance between geometric entities at asserted c
onnectivities');
#4894=UNCERTAINTY_MEASURE_WITH_UNIT(LENGTH_MEASURE(0.01),#4912,
'DISTANCE_ACCURACY_VALUE',
'Maximum model space distance between geometric entities at asserted c
onnectivities');
#4895=UNCERTAINTY_MEASURE_WITH_UNIT(LENGTH_MEASURE(0.01),#4912,
'DISTANCE_ACCURACY_VALUE',
'Maximum model space distance between geometric entities at asserted c
onnectivities');
#4896=UNCERTAINTY_MEASURE_WITH_UNIT(LENGTH_MEASURE(0.01),#4912,
'DISTANCE_ACCURACY_VALUE',
'Maximum model space distance between geometric entities at asserted c
onnectivities');
#4897=UNCERTAINTY_MEASURE_WITH_UNIT(LENGTH_MEASURE(0.01),#4912,
'DISTANCE_ACCURACY_VALUE',
'Maximum model space distance between geometric entities at asserted c
onnectivities');
#4898=UNCERTAINTY_MEASURE_WITH_UNIT(LENGTH_MEASURE(0.01),#4912,
'DISTANCE_ACCURACY_VALUE',
'Maximum model space distance between geometric entities at asserted c
onnectivities');
#4899=UNCERTAINTY_MEASURE_WITH_UNIT(LENGTH_MEASURE(0.01),#4912,
'DISTANCE_ACCURACY_VALUE',
'Maximum model space distance between geometric entities at asserted c
onnectivities');
#4900=UNCERTAINTY_MEASURE_WITH_UNIT(LENGTH_MEASURE(0.01),#4912,
'DISTANCE_ACCURACY_VALUE',
'Maximum model space distance between geometric entities at asserted c
onnectivities');
#4901=(
GEOMETRIC_REPRESENTATION_CONTEXT(3)
GLOBAL_UNCERTAINTY_ASSIGNED_CONTEXT((#4890))
GLOBAL_UNIT_ASSIGNED_CONTEXT((#4912,#4914,#4915))
REPRESENTATION_CONTEXT('','3D')
);
#4902=(
GEOMETRIC_REPRESENTATION_CONTEXT(3)
GLOBAL_UNCERTAINTY_ASSIGNED_CONTEXT((#4891))
GLOBAL_UNIT_ASSIGNED_CONTEXT((#4912,#4914,#4915))
REPRESENTATION_CONTEXT('','3D')
);
#4903=(
GEOMETRIC_REPRESENTATION_CONTEXT(3)
GLOBAL_UNCERTAINTY_ASSIGNED_CONTEXT((#4892))
GLOBAL_UNIT_ASSIGNED_CONTEXT((#4912,#4914,#4915))
REPRESENTATION_CONTEXT('','3D')
);
#4904=(
GEOMETRIC_REPRESENTATION_CONTEXT(3)
GLOBAL_UNCERTAINTY_ASSIGNED_CONTEXT((#4893))
GLOBAL_UNIT_ASSIGNED_CONTEXT((#4912,#4914,#4915))
REPRESENTATION_CONTEXT('','3D')
);
#4905=(
GEOMETRIC_REPRESENTATION_CONTEXT(3)
GLOBAL_UNCERTAINTY_ASSIGNED_CONTEXT((#4894))
GLOBAL_UNIT_ASSIGNED_CONTEXT((#4912,#4914,#4915))
REPRESENTATION_CONTEXT('','3D')
);
#4906=(
GEOMETRIC_REPRESENTATION_CONTEXT(3)
GLOBAL_UNCERTAINTY_ASSIGNED_CONTEXT((#4895))
GLOBAL_UNIT_ASSIGNED_CONTEXT((#4912,#4914,#4915))
REPRESENTATION_CONTEXT('','3D')
);
#4907=(
GEOMETRIC_REPRESENTATION_CONTEXT(3)
GLOBAL_UNCERTAINTY_ASSIGNED_CONTEXT((#4896))
GLOBAL_UNIT_ASSIGNED_CONTEXT((#4912,#4914,#4915))
REPRESENTATION_CONTEXT('','3D')
);
#4908=(
GEOMETRIC_REPRESENTATION_CONTEXT(3)
GLOBAL_UNCERTAINTY_ASSIGNED_CONTEXT((#4897))
GLOBAL_UNIT_ASSIGNED_CONTEXT((#4912,#4914,#4915))
REPRESENTATION_CONTEXT('','3D')
);
#4909=(
GEOMETRIC_REPRESENTATION_CONTEXT(3)
GLOBAL_UNCERTAINTY_ASSIGNED_CONTEXT((#4898))
GLOBAL_UNIT_ASSIGNED_CONTEXT((#4912,#4914,#4915))
REPRESENTATION_CONTEXT('','3D')
);
#4910=(
GEOMETRIC_REPRESENTATION_CONTEXT(3)
GLOBAL_UNCERTAINTY_ASSIGNED_CONTEXT((#4899))
GLOBAL_UNIT_ASSIGNED_CONTEXT((#4912,#4914,#4915))
REPRESENTATION_CONTEXT('','3D')
);
#4911=(
GEOMETRIC_REPRESENTATION_CONTEXT(3)
GLOBAL_UNCERTAINTY_ASSIGNED_CONTEXT((#4900))
GLOBAL_UNIT_ASSIGNED_CONTEXT((#4912,#4914,#4915))
REPRESENTATION_CONTEXT('','3D')
);
#4912=(
LENGTH_UNIT()
NAMED_UNIT(*)
SI_UNIT(.MILLI.,.METRE.)
);
#4913=(
LENGTH_UNIT()
NAMED_UNIT(*)
SI_UNIT($,.METRE.)
);
#4914=(
NAMED_UNIT(*)
PLANE_ANGLE_UNIT()
SI_UNIT($,.RADIAN.)
);
#4915=(
NAMED_UNIT(*)
SI_UNIT($,.STERADIAN.)
SOLID_ANGLE_UNIT()
);
#4916=SHAPE_DEFINITION_REPRESENTATION(#4926,#4945);
#4917=SHAPE_DEFINITION_REPRESENTATION(#4927,#4946);
#4918=SHAPE_DEFINITION_REPRESENTATION(#4928,#4947);
#4919=SHAPE_DEFINITION_REPRESENTATION(#4929,#4948);
#4920=SHAPE_DEFINITION_REPRESENTATION(#4930,#4949);
#4921=SHAPE_DEFINITION_REPRESENTATION(#4931,#4950);
#4922=SHAPE_DEFINITION_REPRESENTATION(#4934,#4951);
#4923=SHAPE_DEFINITION_REPRESENTATION(#4935,#4952);
#4924=SHAPE_DEFINITION_REPRESENTATION(#4936,#4953);
#4925=SHAPE_DEFINITION_REPRESENTATION(#4937,#4954);
#4926=PRODUCT_DEFINITION_SHAPE('',$,#4956);
#4927=PRODUCT_DEFINITION_SHAPE('',$,#4957);
#4928=PRODUCT_DEFINITION_SHAPE('',$,#4958);
#4929=PRODUCT_DEFINITION_SHAPE('',$,#4959);
#4930=PRODUCT_DEFINITION_SHAPE('',$,#4960);
#4931=PRODUCT_DEFINITION_SHAPE('',$,#4961);
#4932=PRODUCT_DEFINITION_SHAPE($,$,#38);
#4933=PRODUCT_DEFINITION_SHAPE($,$,#39);
#4934=PRODUCT_DEFINITION_SHAPE('',$,#4962);
#4935=PRODUCT_DEFINITION_SHAPE('',$,#4963);
#4936=PRODUCT_DEFINITION_SHAPE('',$,#4964);
#4937=PRODUCT_DEFINITION_SHAPE('',$,#4965);
#4938=PRODUCT_DEFINITION_SHAPE($,$,#40);
#4939=PRODUCT_DEFINITION_SHAPE($,$,#41);
#4940=PRODUCT_DEFINITION_SHAPE($,$,#42);
#4941=PRODUCT_DEFINITION_SHAPE($,$,#43);
#4942=PRODUCT_DEFINITION_SHAPE($,$,#44);
#4943=PRODUCT_DEFINITION_SHAPE($,$,#45);
#4944=PRODUCT_DEFINITION_SHAPE($,$,#46);
#4945=SHAPE_REPRESENTATION('',(#3054,#3258,#3259,#3260,#3261,#3262,#3263,
#3264),#4901);
#4946=SHAPE_REPRESENTATION('',(#3055),#4902);
#4947=SHAPE_REPRESENTATION('',(#3138),#4903);
#4948=SHAPE_REPRESENTATION('',(#3145,#3229),#4904);
#4949=SHAPE_REPRESENTATION('',(#3146,#3228),#4905);
#4950=SHAPE_REPRESENTATION('',(#3147),#4906);
#4951=SHAPE_REPRESENTATION('',(#3230),#4907);
#4952=SHAPE_REPRESENTATION('',(#3237),#4908);
#4953=SHAPE_REPRESENTATION('',(#3244),#4909);
#4954=SHAPE_REPRESENTATION('',(#3251),#4910);
#4955=PRODUCT_DEFINITION_CONTEXT('part definition',#4987,'design');
#4956=PRODUCT_DEFINITION('2026-09-07-17-28-08-422',
'30 Z AXIS - vertical - inner',#4966,#4955);
#4957=PRODUCT_DEFINITION('2026-09-07-17-28-08-423',
'01 Monolithic folded guide - NOT RELEASED (2)',#4967,#4955);
#4958=PRODUCT_DEFINITION('2026-09-07-17-28-08-424',
'04 Carriage mounting land - coupling TBD (2)',#4968,#4955);
#4959=PRODUCT_DEFINITION('2026-09-07-17-28-08-424_1',
'05 CEDRAT APA60S vendor STEP (2)',#4969,#4955);
#4960=PRODUCT_DEFINITION('2026-09-07-17-28-08-425','000612-ICD-02 (2)',
#4970,#4955);
#4961=PRODUCT_DEFINITION('2026-09-07-17-28-08-424_2','000917 (2)',#4971,
#4955);
#4962=PRODUCT_DEFINITION('2026-09-07-17-28-08-426',
'06 Handling stop x-7 (2)',#4972,#4955);
#4963=PRODUCT_DEFINITION('2026-09-07-17-28-08-426_1',
'06 Handling stop x7 (2)',#4973,#4955);
#4964=PRODUCT_DEFINITION('2026-09-07-17-28-08-426_2',
'02 Fixed APA mounting pedestal (2)',#4974,#4955);
#4965=PRODUCT_DEFINITION('2026-09-07-17-28-08-427',
'03 Fixed pedestal support (2)',#4975,#4955);
#4966=PRODUCT_DEFINITION_FORMATION('',$,#4989);
#4967=PRODUCT_DEFINITION_FORMATION('',$,#4990);
#4968=PRODUCT_DEFINITION_FORMATION('',$,#4991);
#4969=PRODUCT_DEFINITION_FORMATION('',$,#4992);
#4970=PRODUCT_DEFINITION_FORMATION('',$,#4993);
#4971=PRODUCT_DEFINITION_FORMATION('',$,#4994);
#4972=PRODUCT_DEFINITION_FORMATION('',$,#4995);
#4973=PRODUCT_DEFINITION_FORMATION('',$,#4996);
#4974=PRODUCT_DEFINITION_FORMATION('',$,#4997);
#4975=PRODUCT_DEFINITION_FORMATION('',$,#4998);
#4976=PRODUCT_RELATED_PRODUCT_CATEGORY('30 Z AXIS - vertical - inner',
'30 Z AXIS - vertical - inner',(#4989));
#4977=PRODUCT_RELATED_PRODUCT_CATEGORY(
'01 Monolithic folded guide - NOT RELEASED (2)',
'01 Monolithic folded guide - NOT RELEASED (2)',(#4990));
#4978=PRODUCT_RELATED_PRODUCT_CATEGORY(
'04 Carriage mounting land - coupling TBD (2)',
'04 Carriage mounting land - coupling TBD (2)',(#4991));
#4979=PRODUCT_RELATED_PRODUCT_CATEGORY(
'05 CEDRAT APA60S vendor STEP (2)','05 CEDRAT APA60S vendor STEP (2)',(#4992));
#4980=PRODUCT_RELATED_PRODUCT_CATEGORY('000612-ICD-02 (2)',
'000612-ICD-02 (2)',(#4993));
#4981=PRODUCT_RELATED_PRODUCT_CATEGORY('000917 (2)','000917 (2)',(#4994));
#4982=PRODUCT_RELATED_PRODUCT_CATEGORY('06 Handling stop x-7 (2)',
'06 Handling stop x-7 (2)',(#4995));
#4983=PRODUCT_RELATED_PRODUCT_CATEGORY('06 Handling stop x7 (2)',
'06 Handling stop x7 (2)',(#4996));
#4984=PRODUCT_RELATED_PRODUCT_CATEGORY(
'02 Fixed APA mounting pedestal (2)',
'02 Fixed APA mounting pedestal (2)',(#4997));
#4985=PRODUCT_RELATED_PRODUCT_CATEGORY('03 Fixed pedestal support (2)',
'03 Fixed pedestal support (2)',(#4998));
#4986=APPLICATION_PROTOCOL_DEFINITION('international standard',
'automotive_design',2009,#4987);
#4987=APPLICATION_CONTEXT(
'Core Data for Automotive Mechanical Design Process');
#4988=PRODUCT_CONTEXT('part definition',#4987,'mechanical');
#4989=PRODUCT('2026-09-07-17-28-08-422','30 Z AXIS - vertical - inner',

'CONCEPT P0: local Y is motion, local Z is guide depth. Sharp leaf roo
ts and coupling require FEA/redesign before manufacture. No motion joi
nts represent elastic deformation.',(#4988));
#4990=PRODUCT('2026-09-07-17-28-08-423',
'01 Monolithic folded guide - NOT RELEASED (2)',$,(#4988));
#4991=PRODUCT('2026-09-07-17-28-08-424',
'04 Carriage mounting land - coupling TBD (2)',
'Rigid placeholder. Replace with axially stiff angular/transverse reli
ef coupling after vendor off-axis stiffness/limits are obtained.',(#4988));
#4992=PRODUCT('2026-09-07-17-28-08-424_1',
'05 CEDRAT APA60S vendor STEP (2)',$,(#4988));
#4993=PRODUCT('2026-09-07-17-28-08-425','000612-ICD-02 (2)',$,(#4988));
#4994=PRODUCT('2026-09-07-17-28-08-424_2','000917 (2)',$,(#4988));
#4995=PRODUCT('2026-09-07-17-28-08-426','06 Handling stop x-7 (2)',
'STOP POSITION ENVELOPE ONLY: attachment to stationary frame is unreso
lved; hidden from engineering exports until designed.',(#4988));
#4996=PRODUCT('2026-09-07-17-28-08-426_1','06 Handling stop x7 (2)',
'STOP POSITION ENVELOPE ONLY: attachment to stationary frame is unreso
lved; hidden from engineering exports until designed.',(#4988));
#4997=PRODUCT('2026-09-07-17-28-08-426_2',
'02 Fixed APA mounting pedestal (2)',$,(#4988));
#4998=PRODUCT('2026-09-07-17-28-08-427','03 Fixed pedestal support (2)',
$,(#4988));
#4999=PRESENTATION_STYLE_ASSIGNMENT((#5001));
#5000=PRESENTATION_STYLE_ASSIGNMENT((#5002));
#5001=SURFACE_STYLE_USAGE(.BOTH.,#5003);
#5002=SURFACE_STYLE_USAGE(.BOTH.,#5004);
#5003=SURFACE_SIDE_STYLE('',(#5005));
#5004=SURFACE_SIDE_STYLE('',(#5006));
#5005=SURFACE_STYLE_FILL_AREA(#5007);
#5006=SURFACE_STYLE_FILL_AREA(#5008);
#5007=FILL_AREA_STYLE('Steel - Satin',(#5009));
#5008=FILL_AREA_STYLE('Opaque(123,125,126)',(#5010));
#5009=FILL_AREA_STYLE_COLOUR('Steel - Satin',#5011);
#5010=FILL_AREA_STYLE_COLOUR('Opaque(123,125,126)',#5012);
#5011=COLOUR_RGB('Steel - Satin',0.627450980392157,0.627450980392157,0.627450980392157);
#5012=COLOUR_RGB('Opaque(123,125,126)',0.482352941176471,0.490196078431373,
0.494117647058824);
ENDSEC;
END-ISO-10303-21;
