ISO-10303-21;
HEADER;
/* Generated by software containing ST-Developer
 * from STEP Tools, Inc. (www.steptools.com) 
 */
/* OPTION: using custom renumber hook */

FILE_DESCRIPTION(
/* description */ ('STEP AP214'),
/* implementation_level */ '2;1');

FILE_NAME(
/* name */ 'LX2005CG-B1-A2040-100',
/* time_stamp */ '2026-09-07T01:14:56+02:00',
/* author */ ('License CC BY-ND 4.0'),
/* organization */ ('CADENAS'),
/* preprocessor_version */ 'ST-DEVELOPER v20',
/* originating_system */ 'PARTsolutions',
/* authorisation */ '  ');

FILE_SCHEMA (('AUTOMOTIVE_DESIGN {1 0 10303 214 3 1 1}'));
ENDSEC;

DATA;
#10=PROPERTY_DEFINITION_REPRESENTATION(#14,#12);
#11=PROPERTY_DEFINITION_REPRESENTATION(#15,#13);
#12=REPRESENTATION('',(#16),#13990);
#13=REPRESENTATION('',(#17),#13990);
#14=PROPERTY_DEFINITION('pmi validation property','',#14005);
#15=PROPERTY_DEFINITION('pmi validation property','',#14005);
#16=VALUE_REPRESENTATION_ITEM('number of annotations',COUNT_MEASURE(0.));
#17=VALUE_REPRESENTATION_ITEM('number of views',COUNT_MEASURE(0.));
#18=SPHERICAL_SURFACE('',#9002,1.75000000000001);
#19=B_SPLINE_CURVE_WITH_KNOTS('',3,(#13029,#13030,#13031,#13032),
 .UNSPECIFIED.,.F.,.F.,(4,4),(2.00415556196678E-7,0.00621577379731109),
 .UNSPECIFIED.);
#20=B_SPLINE_CURVE_WITH_KNOTS('',3,(#13035,#13036,#13037,#13038),
 .UNSPECIFIED.,.F.,.F.,(4,4),(0.00664834752646179,0.0128741059535039),
 .UNSPECIFIED.);
#21=B_SPLINE_CURVE_WITH_KNOTS('',3,(#13039,#13040,#13041,#13042),
 .UNSPECIFIED.,.F.,.F.,(4,4),(2.00290063760312E-7,0.00620920851845044),
 .UNSPECIFIED.);
#22=B_SPLINE_CURVE_WITH_KNOTS('',3,(#13132,#13133,#13134,#13135),
 .UNSPECIFIED.,.F.,.F.,(4,4),(0.00664834752646177,0.0128741059535039),
 .UNSPECIFIED.);
#23=B_SPLINE_CURVE_WITH_KNOTS('',3,(#13139,#13140,#13141,#13142),
 .UNSPECIFIED.,.F.,.F.,(4,4),(2.00290063756847E-7,0.00620920851845044),
 .UNSPECIFIED.);
#24=B_SPLINE_CURVE_WITH_KNOTS('',3,(#13144,#13145,#13146,#13147),
 .UNSPECIFIED.,.F.,.F.,(4,4),(2.00415556196678E-7,0.00621577379731109),
 .UNSPECIFIED.);
#25=B_SPLINE_CURVE_WITH_KNOTS('',3,(#13407,#13408,#13409,#13410),
 .UNSPECIFIED.,.F.,.F.,(4,4),(2.00291129886029E-7,0.00620920851951657),
 .UNSPECIFIED.);
#26=B_SPLINE_CURVE_WITH_KNOTS('',3,(#13416,#13417,#13418,#13419),
 .UNSPECIFIED.,.F.,.F.,(4,4),(2.00291129886029E-7,0.00620920851951657),
 .UNSPECIFIED.);
#27=B_SPLINE_CURVE_WITH_KNOTS('',3,(#13717,#13718,#13719,#13720),
 .UNSPECIFIED.,.F.,.F.,(4,4),(2.95644991979643E-7,0.000728975275072817),
 .UNSPECIFIED.);
#28=B_SPLINE_CURVE_WITH_KNOTS('',3,(#13722,#13723,#13724,#13725),
 .UNSPECIFIED.,.F.,.F.,(4,4),(2.87384455520639E-7,0.000728967014536359),
 .UNSPECIFIED.);
#29=B_SPLINE_CURVE_WITH_KNOTS('',3,(#13732,#13733,#13734,#13735),
 .UNSPECIFIED.,.F.,.F.,(4,4),(2.95644991979643E-7,0.000728975275072817),
 .UNSPECIFIED.);
#30=B_SPLINE_CURVE_WITH_KNOTS('',3,(#13737,#13738,#13739,#13740),
 .UNSPECIFIED.,.F.,.F.,(4,4),(2.87384455520639E-7,0.000728967014536359),
 .UNSPECIFIED.);
#31=B_SPLINE_CURVE_WITH_KNOTS('',3,(#13747,#13748,#13749,#13750),
 .UNSPECIFIED.,.F.,.F.,(4,4),(2.95644991978079E-7,0.000728975275072819),
 .UNSPECIFIED.);
#32=B_SPLINE_CURVE_WITH_KNOTS('',3,(#13752,#13753,#13754,#13755),
 .UNSPECIFIED.,.F.,.F.,(4,4),(2.87384455556938E-7,0.000728967014536397),
 .UNSPECIFIED.);
#33=B_SPLINE_CURVE_WITH_KNOTS('',3,(#13762,#13763,#13764,#13765),
 .UNSPECIFIED.,.F.,.F.,(4,4),(2.95644991977483E-7,0.000728975275072818),
 .UNSPECIFIED.);
#34=B_SPLINE_CURVE_WITH_KNOTS('',3,(#13767,#13768,#13769,#13770),
 .UNSPECIFIED.,.F.,.F.,(4,4),(2.87384455519863E-7,0.00072896701453636),
 .UNSPECIFIED.);
#35=CONTEXT_DEPENDENT_SHAPE_REPRESENTATION(#51,#14007);
#36=CONTEXT_DEPENDENT_SHAPE_REPRESENTATION(#52,#14009);
#37=CONTEXT_DEPENDENT_SHAPE_REPRESENTATION(#53,#14011);
#38=CONTEXT_DEPENDENT_SHAPE_REPRESENTATION(#54,#14013);
#39=CONTEXT_DEPENDENT_SHAPE_REPRESENTATION(#55,#14015);
#40=CONTEXT_DEPENDENT_SHAPE_REPRESENTATION(#56,#14016);
#41=CONTEXT_DEPENDENT_SHAPE_REPRESENTATION(#57,#14017);
#42=CONTEXT_DEPENDENT_SHAPE_REPRESENTATION(#58,#14018);
#43=NEXT_ASSEMBLY_USAGE_OCCURRENCE('NAUO1','LX2005CG-B1-A2040-100_b',
'LX2005CG-B1-A2040-100_b',#14019,#14020,'');
#44=NEXT_ASSEMBLY_USAGE_OCCURRENCE('NAUO2','LX2005CG-B1-100_bl',
'LX2005CG-B1-100_bl',#14019,#14021,'');
#45=NEXT_ASSEMBLY_USAGE_OCCURRENCE('NAUO3','LX2005C-B1-100_c',
'LX2005C-B1-100_c',#14019,#14022,'');
#46=NEXT_ASSEMBLY_USAGE_OCCURRENCE('NAUO4','A2040_lx2001',
'A2040_lx2001',#14019,#14023,'');
#47=NEXT_ASSEMBLY_USAGE_OCCURRENCE('NAUO5','BOLT3-12','BOLT3-12',#14019,
#14024,'');
#48=NEXT_ASSEMBLY_USAGE_OCCURRENCE('NAUO6','BOLT3-12','BOLT3-12',#14019,
#14024,'');
#49=NEXT_ASSEMBLY_USAGE_OCCURRENCE('NAUO7','BOLT3-12','BOLT3-12',#14019,
#14024,'');
#50=NEXT_ASSEMBLY_USAGE_OCCURRENCE('NAUO8','BOLT3-12','BOLT3-12',#14019,
#14024,'');
#51=(
REPRESENTATION_RELATIONSHIP(' ',' ',#8351,#8350)
REPRESENTATION_RELATIONSHIP_WITH_TRANSFORMATION(#59)
SHAPE_REPRESENTATION_RELATIONSHIP()
);
#52=(
REPRESENTATION_RELATIONSHIP(' ',' ',#8352,#8350)
REPRESENTATION_RELATIONSHIP_WITH_TRANSFORMATION(#60)
SHAPE_REPRESENTATION_RELATIONSHIP()
);
#53=(
REPRESENTATION_RELATIONSHIP(' ',' ',#8353,#8350)
REPRESENTATION_RELATIONSHIP_WITH_TRANSFORMATION(#61)
SHAPE_REPRESENTATION_RELATIONSHIP()
);
#54=(
REPRESENTATION_RELATIONSHIP(' ',' ',#8354,#8350)
REPRESENTATION_RELATIONSHIP_WITH_TRANSFORMATION(#62)
SHAPE_REPRESENTATION_RELATIONSHIP()
);
#55=(
REPRESENTATION_RELATIONSHIP(' ',' ',#8355,#8350)
REPRESENTATION_RELATIONSHIP_WITH_TRANSFORMATION(#63)
SHAPE_REPRESENTATION_RELATIONSHIP()
);
#56=(
REPRESENTATION_RELATIONSHIP(' ',' ',#8355,#8350)
REPRESENTATION_RELATIONSHIP_WITH_TRANSFORMATION(#64)
SHAPE_REPRESENTATION_RELATIONSHIP()
);
#57=(
REPRESENTATION_RELATIONSHIP(' ',' ',#8355,#8350)
REPRESENTATION_RELATIONSHIP_WITH_TRANSFORMATION(#65)
SHAPE_REPRESENTATION_RELATIONSHIP()
);
#58=(
REPRESENTATION_RELATIONSHIP(' ',' ',#8355,#8350)
REPRESENTATION_RELATIONSHIP_WITH_TRANSFORMATION(#66)
SHAPE_REPRESENTATION_RELATIONSHIP()
);
#59=ITEM_DEFINED_TRANSFORMATION(' ',' ',#8356,#8786);
#60=ITEM_DEFINED_TRANSFORMATION(' ',' ',#8356,#9029);
#61=ITEM_DEFINED_TRANSFORMATION(' ',' ',#8356,#9068);
#62=ITEM_DEFINED_TRANSFORMATION(' ',' ',#8356,#9163);
#63=ITEM_DEFINED_TRANSFORMATION(' ',' ',#8356,#9196);
#64=ITEM_DEFINED_TRANSFORMATION(' ',' ',#8356,#9197);
#65=ITEM_DEFINED_TRANSFORMATION(' ',' ',#8356,#9198);
#66=ITEM_DEFINED_TRANSFORMATION(' ',' ',#8356,#9199);
#67=SHAPE_REPRESENTATION_RELATIONSHIP('','',#8351,#72);
#68=SHAPE_REPRESENTATION_RELATIONSHIP('','',#8352,#73);
#69=SHAPE_REPRESENTATION_RELATIONSHIP('','',#8353,#74);
#70=SHAPE_REPRESENTATION_RELATIONSHIP('','',#8354,#75);
#71=SHAPE_REPRESENTATION_RELATIONSHIP('','',#8355,#76);
#72=ADVANCED_BREP_SHAPE_REPRESENTATION('',(#8339),#13991);
#73=ADVANCED_BREP_SHAPE_REPRESENTATION('',(#8340),#13992);
#74=ADVANCED_BREP_SHAPE_REPRESENTATION('',(#8341),#13993);
#75=ADVANCED_BREP_SHAPE_REPRESENTATION('',(#8342),#13994);
#76=ADVANCED_BREP_SHAPE_REPRESENTATION('',(#8343),#13995);
#77=VERTEX_LOOP('',#4070);
#78=VERTEX_LOOP('',#4073);
#79=VERTEX_LOOP('',#4076);
#80=VERTEX_LOOP('',#4079);
#81=VERTEX_LOOP('',#4130);
#82=VERTEX_LOOP('',#4133);
#83=VERTEX_LOOP('',#4137);
#84=VERTEX_LOOP('',#4140);
#85=VERTEX_LOOP('',#4458);
#86=VERTEX_LOOP('',#4461);
#87=VERTEX_LOOP('',#4464);
#88=VERTEX_LOOP('',#4467);
#89=VERTEX_LOOP('',#4490);
#90=VERTEX_LOOP('',#4493);
#91=VERTEX_LOOP('',#4495);
#92=VERTEX_LOOP('',#4498);
#93=VERTEX_LOOP('',#4618);
#94=CONICAL_SURFACE('',#8514,1.5,0.785398163397445);
#95=CONICAL_SURFACE('',#8518,1.2295,1.0471975511966);
#96=CONICAL_SURFACE('',#8519,1.5,0.785398163397448);
#97=CONICAL_SURFACE('',#8523,1.2295,1.0471975511966);
#98=CONICAL_SURFACE('',#8524,1.5,0.785398163397448);
#99=CONICAL_SURFACE('',#8528,1.2295,1.0471975511966);
#100=CONICAL_SURFACE('',#8529,1.5,0.785398163397448);
#101=CONICAL_SURFACE('',#8533,1.2295,1.0471975511966);
#102=CONICAL_SURFACE('',#8536,1.5,0.785398163397448);
#103=CONICAL_SURFACE('',#8542,2.2,0.785398163397445);
#104=CONICAL_SURFACE('',#8614,0.,1.0471975511966);
#105=CONICAL_SURFACE('',#8618,1.22949999999999,0.785398163397461);
#106=CONICAL_SURFACE('',#8619,0.,1.04719755119659);
#107=CONICAL_SURFACE('',#8623,1.22949999999999,0.785398163397461);
#108=CONICAL_SURFACE('',#8624,1.5,0.785398163397461);
#109=CONICAL_SURFACE('',#8628,1.22949999999999,1.0471975511966);
#110=CONICAL_SURFACE('',#8629,1.5,0.785398163397461);
#111=CONICAL_SURFACE('',#8633,1.22949999999999,1.04719755119659);
#112=CONICAL_SURFACE('',#8639,2.,0.785398163397447);
#113=CONICAL_SURFACE('',#8663,2.25,0.785398163397455);
#114=CONICAL_SURFACE('',#8668,2.25,0.785398163397453);
#115=CONICAL_SURFACE('',#8673,2.25,0.785398163397455);
#116=CONICAL_SURFACE('',#8678,2.25,0.785398163397453);
#117=CONICAL_SURFACE('',#8809,7.,0.0523598775598297);
#118=CONICAL_SURFACE('',#8811,7.,0.0523598775598297);
#119=CONICAL_SURFACE('',#8828,6.47592220716959,0.0523598775598297);
#120=CONICAL_SURFACE('',#8830,6.47592220716959,0.0523598775598297);
#121=CONICAL_SURFACE('',#8916,6.47592220716959,0.0523598775598297);
#122=CONICAL_SURFACE('',#8917,3.8,0.0483493866519026);
#123=CONICAL_SURFACE('',#8919,7.,0.0523598775598297);
#124=CONICAL_SURFACE('',#8920,3.5,0.0483493866519026);
#125=CONICAL_SURFACE('',#8925,2.,0.785398163397451);
#126=CONICAL_SURFACE('',#8929,1.621,0.785398163397448);
#127=CONICAL_SURFACE('',#8930,2.,0.785398163397451);
#128=CONICAL_SURFACE('',#8934,1.621,0.785398163397448);
#129=CONICAL_SURFACE('',#8935,2.,0.785398163397451);
#130=CONICAL_SURFACE('',#8939,1.621,0.785398163397448);
#131=CONICAL_SURFACE('',#8940,2.,0.785398163397451);
#132=CONICAL_SURFACE('',#8944,1.621,0.785398163397448);
#133=CONICAL_SURFACE('',#8945,0.,1.0471975511966);
#134=CONICAL_SURFACE('',#8949,0.7835,0.785398163397449);
#135=CONICAL_SURFACE('',#8950,0.,1.0471975511966);
#136=CONICAL_SURFACE('',#8954,0.7835,0.785398163397449);
#137=CONICAL_SURFACE('',#8955,0.,1.0471975511966);
#138=CONICAL_SURFACE('',#8959,0.7835,0.785398163397449);
#139=CONICAL_SURFACE('',#8960,0.,1.0471975511966);
#140=CONICAL_SURFACE('',#8964,0.7835,0.785398163397449);
#141=CONICAL_SURFACE('',#9009,1.5,0.785398163397448);
#142=CONICAL_SURFACE('',#9013,1.2295,1.0471975511966);
#143=CONICAL_SURFACE('',#9014,1.5,0.785398163397448);
#144=CONICAL_SURFACE('',#9018,1.2295,1.0471975511966);
#145=CONICAL_SURFACE('',#9019,0.,1.0471975511966);
#146=CONICAL_SURFACE('',#9023,1.2295,0.785398163397448);
#147=CONICAL_SURFACE('',#9024,0.,1.0471975511966);
#148=CONICAL_SURFACE('',#9028,1.2295,0.785398163397448);
#149=CONICAL_SURFACE('',#9044,1.9,1.45230636763676);
#150=CONICAL_SURFACE('',#9051,1.9,1.45230636763676);
#151=CONICAL_SURFACE('',#9058,1.9,1.45230636763676);
#152=CONICAL_SURFACE('',#9065,1.9,1.45230636763676);
#153=CONICAL_SURFACE('',#9127,2.,0.78539816339745);
#154=CONICAL_SURFACE('',#9131,1.621,0.785398163397449);
#155=CONICAL_SURFACE('',#9132,2.,0.78539816339745);
#156=CONICAL_SURFACE('',#9136,1.621,0.785398163397449);
#157=CONICAL_SURFACE('',#9137,2.,0.78539816339745);
#158=CONICAL_SURFACE('',#9141,1.621,0.785398163397449);
#159=CONICAL_SURFACE('',#9142,2.,0.78539816339745);
#160=CONICAL_SURFACE('',#9146,1.621,0.785398163397449);
#161=CONICAL_SURFACE('',#9159,15.5,0.785398163397448);
#162=CONICAL_SURFACE('',#9160,15.5,0.785398163397448);
#163=CONICAL_SURFACE('',#9161,15.5,0.785398163397448);
#164=CONICAL_SURFACE('',#9162,15.5,0.785398163397448);
#165=CONICAL_SURFACE('',#9166,2.45,0.78539816339745);
#166=CONICAL_SURFACE('',#9174,1.5,0.785398163397449);
#167=CONICAL_SURFACE('',#9195,1.25,1.30899693899575);
#168=CYLINDRICAL_SURFACE('',#8381,3.5);
#169=CYLINDRICAL_SURFACE('',#8384,2.);
#170=CYLINDRICAL_SURFACE('',#8398,6.75);
#171=CYLINDRICAL_SURFACE('',#8400,6.75);
#172=CYLINDRICAL_SURFACE('',#8402,6.75);
#173=CYLINDRICAL_SURFACE('',#8404,6.75);
#174=CYLINDRICAL_SURFACE('',#8406,11.);
#175=CYLINDRICAL_SURFACE('',#8436,1.);
#176=CYLINDRICAL_SURFACE('',#8453,1.);
#177=CYLINDRICAL_SURFACE('',#8456,7.99999999999999);
#178=CYLINDRICAL_SURFACE('',#8463,1.);
#179=CYLINDRICAL_SURFACE('',#8465,7.99999999999999);
#180=CYLINDRICAL_SURFACE('',#8476,1.2);
#181=CYLINDRICAL_SURFACE('',#8481,0.600000000000009);
#182=CYLINDRICAL_SURFACE('',#8485,0.600000000000003);
#183=CYLINDRICAL_SURFACE('',#8490,1.2);
#184=CYLINDRICAL_SURFACE('',#8498,2.65);
#185=CYLINDRICAL_SURFACE('',#8502,2.25);
#186=CYLINDRICAL_SURFACE('',#8509,2.25);
#187=CYLINDRICAL_SURFACE('',#8513,2.65);
#188=CYLINDRICAL_SURFACE('',#8516,1.2295);
#189=CYLINDRICAL_SURFACE('',#8521,1.2295);
#190=CYLINDRICAL_SURFACE('',#8526,1.2295);
#191=CYLINDRICAL_SURFACE('',#8531,1.2295);
#192=CYLINDRICAL_SURFACE('',#8538,2.);
#193=CYLINDRICAL_SURFACE('',#8544,2.5);
#194=CYLINDRICAL_SURFACE('',#8549,2.);
#195=CYLINDRICAL_SURFACE('',#8550,2.);
#196=CYLINDRICAL_SURFACE('',#8551,1.45);
#197=CYLINDRICAL_SURFACE('',#8552,1.45);
#198=CYLINDRICAL_SURFACE('',#8553,1.45);
#199=CYLINDRICAL_SURFACE('',#8554,1.45);
#200=CYLINDRICAL_SURFACE('',#8580,1.32);
#201=CYLINDRICAL_SURFACE('',#8584,1.32);
#202=CYLINDRICAL_SURFACE('',#8594,3.25);
#203=CYLINDRICAL_SURFACE('',#8598,1.70000000000001);
#204=CYLINDRICAL_SURFACE('',#8599,3.25);
#205=CYLINDRICAL_SURFACE('',#8603,1.70000000000001);
#206=CYLINDRICAL_SURFACE('',#8604,3.25);
#207=CYLINDRICAL_SURFACE('',#8608,1.70000000000001);
#208=CYLINDRICAL_SURFACE('',#8609,3.25);
#209=CYLINDRICAL_SURFACE('',#8613,1.70000000000001);
#210=CYLINDRICAL_SURFACE('',#8616,1.22949999999999);
#211=CYLINDRICAL_SURFACE('',#8621,1.22949999999999);
#212=CYLINDRICAL_SURFACE('',#8626,1.22949999999999);
#213=CYLINDRICAL_SURFACE('',#8631,1.22949999999999);
#214=CYLINDRICAL_SURFACE('',#8640,3.);
#215=CYLINDRICAL_SURFACE('',#8661,2.25);
#216=CYLINDRICAL_SURFACE('',#8666,2.25);
#217=CYLINDRICAL_SURFACE('',#8671,2.25);
#218=CYLINDRICAL_SURFACE('',#8676,2.25);
#219=CYLINDRICAL_SURFACE('',#8719,3.5);
#220=CYLINDRICAL_SURFACE('',#8723,3.65);
#221=CYLINDRICAL_SURFACE('',#8735,3.65);
#222=CYLINDRICAL_SURFACE('',#8739,3.5);
#223=CYLINDRICAL_SURFACE('',#8753,3.5);
#224=CYLINDRICAL_SURFACE('',#8757,3.65);
#225=CYLINDRICAL_SURFACE('',#8767,3.65);
#226=CYLINDRICAL_SURFACE('',#8771,3.5);
#227=CYLINDRICAL_SURFACE('',#8781,2.);
#228=CYLINDRICAL_SURFACE('',#8783,2.);
#229=CYLINDRICAL_SURFACE('',#8785,2.);
#230=CYLINDRICAL_SURFACE('',#8880,1.99999999999999);
#231=CYLINDRICAL_SURFACE('',#8882,1.99999999999999);
#232=CYLINDRICAL_SURFACE('',#8896,1.3);
#233=CYLINDRICAL_SURFACE('',#8899,1.3);
#234=CYLINDRICAL_SURFACE('',#8905,1.3);
#235=CYLINDRICAL_SURFACE('',#8908,1.3);
#236=CYLINDRICAL_SURFACE('',#8913,3.);
#237=CYLINDRICAL_SURFACE('',#8927,1.621);
#238=CYLINDRICAL_SURFACE('',#8932,1.621);
#239=CYLINDRICAL_SURFACE('',#8937,1.621);
#240=CYLINDRICAL_SURFACE('',#8942,1.621);
#241=CYLINDRICAL_SURFACE('',#8947,0.7835);
#242=CYLINDRICAL_SURFACE('',#8952,0.7835);
#243=CYLINDRICAL_SURFACE('',#8957,0.7835);
#244=CYLINDRICAL_SURFACE('',#8962,0.7835);
#245=CYLINDRICAL_SURFACE('',#8967,1.75);
#246=CYLINDRICAL_SURFACE('',#8968,1.75);
#247=CYLINDRICAL_SURFACE('',#8973,1.75);
#248=CYLINDRICAL_SURFACE('',#8974,1.75);
#249=CYLINDRICAL_SURFACE('',#8977,1.5);
#250=CYLINDRICAL_SURFACE('',#8980,1.5);
#251=CYLINDRICAL_SURFACE('',#8983,1.5);
#252=CYLINDRICAL_SURFACE('',#8987,2.5);
#253=CYLINDRICAL_SURFACE('',#8991,2.5);
#254=CYLINDRICAL_SURFACE('',#8995,2.5);
#255=CYLINDRICAL_SURFACE('',#8999,2.5);
#256=CYLINDRICAL_SURFACE('',#9004,1.75);
#257=CYLINDRICAL_SURFACE('',#9008,2.25);
#258=CYLINDRICAL_SURFACE('',#9011,1.2295);
#259=CYLINDRICAL_SURFACE('',#9016,1.2295);
#260=CYLINDRICAL_SURFACE('',#9021,1.2295);
#261=CYLINDRICAL_SURFACE('',#9026,1.2295);
#262=CYLINDRICAL_SURFACE('',#9042,1.9);
#263=CYLINDRICAL_SURFACE('',#9046,4.);
#264=CYLINDRICAL_SURFACE('',#9049,1.9);
#265=CYLINDRICAL_SURFACE('',#9053,4.);
#266=CYLINDRICAL_SURFACE('',#9056,1.9);
#267=CYLINDRICAL_SURFACE('',#9060,4.);
#268=CYLINDRICAL_SURFACE('',#9063,1.9);
#269=CYLINDRICAL_SURFACE('',#9067,4.);
#270=CYLINDRICAL_SURFACE('',#9069,15.);
#271=CYLINDRICAL_SURFACE('',#9072,15.);
#272=CYLINDRICAL_SURFACE('',#9075,15.);
#273=CYLINDRICAL_SURFACE('',#9078,15.);
#274=CYLINDRICAL_SURFACE('',#9081,3.25);
#275=CYLINDRICAL_SURFACE('',#9085,3.25);
#276=CYLINDRICAL_SURFACE('',#9089,3.25);
#277=CYLINDRICAL_SURFACE('',#9093,3.25);
#278=CYLINDRICAL_SURFACE('',#9126,10.5);
#279=CYLINDRICAL_SURFACE('',#9129,1.621);
#280=CYLINDRICAL_SURFACE('',#9134,1.621);
#281=CYLINDRICAL_SURFACE('',#9139,1.621);
#282=CYLINDRICAL_SURFACE('',#9144,1.621);
#283=CYLINDRICAL_SURFACE('',#9149,1.7);
#284=CYLINDRICAL_SURFACE('',#9152,1.7);
#285=CYLINDRICAL_SURFACE('',#9155,1.7);
#286=CYLINDRICAL_SURFACE('',#9158,1.7);
#287=CYLINDRICAL_SURFACE('',#9168,2.75);
#288=CYLINDRICAL_SURFACE('',#9172,1.5);
#289=ELLIPSE('',#8368,3.75277674973257,3.25);
#290=ELLIPSE('',#8369,3.75277674973257,3.25);
#291=ELLIPSE('',#8379,3.75277674973257,3.25);
#292=ELLIPSE('',#8380,3.75277674973257,3.25);
#293=ELLIPSE('',#8810,52.5837877260109,4.86975048529484);
#294=ELLIPSE('',#8831,52.5837877260109,4.86975048529484);
#295=ELLIPSE('',#8834,52.5837877260109,4.86975048529484);
#296=ELLIPSE('',#8841,52.5837877260109,4.86975048529484);
#297=CIRCLE('',#8358,2.);
#298=CIRCLE('',#8359,2.);
#299=CIRCLE('',#8360,2.);
#300=CIRCLE('',#8366,2.);
#301=CIRCLE('',#8371,2.);
#302=CIRCLE('',#8372,2.);
#303=CIRCLE('',#8373,2.);
#304=CIRCLE('',#8374,3.25);
#305=CIRCLE('',#8375,3.25);
#306=CIRCLE('',#8376,3.25);
#307=CIRCLE('',#8377,3.25);
#308=CIRCLE('',#8382,3.5);
#309=CIRCLE('',#8383,3.5);
#310=CIRCLE('',#8385,2.);
#311=CIRCLE('',#8388,1.32);
#312=CIRCLE('',#8389,1.32);
#313=CIRCLE('',#8393,2.5);
#314=CIRCLE('',#8394,6.75);
#315=CIRCLE('',#8395,6.75);
#316=CIRCLE('',#8396,6.75);
#317=CIRCLE('',#8397,6.75);
#318=CIRCLE('',#8399,6.75);
#319=CIRCLE('',#8401,6.75);
#320=CIRCLE('',#8403,6.75);
#321=CIRCLE('',#8405,6.75);
#322=CIRCLE('',#8407,11.);
#323=CIRCLE('',#8408,11.);
#324=CIRCLE('',#8409,11.);
#325=CIRCLE('',#8410,11.);
#326=CIRCLE('',#8411,11.);
#327=CIRCLE('',#8415,1.);
#328=CIRCLE('',#8416,7.99999999999999);
#329=CIRCLE('',#8417,1.);
#330=CIRCLE('',#8419,7.99999999999999);
#331=CIRCLE('',#8420,1.);
#332=CIRCLE('',#8424,1.45);
#333=CIRCLE('',#8425,1.45);
#334=CIRCLE('',#8426,1.45);
#335=CIRCLE('',#8427,1.45);
#336=CIRCLE('',#8428,2.);
#337=CIRCLE('',#8429,2.);
#338=CIRCLE('',#8430,1.5);
#339=CIRCLE('',#8431,1.5);
#340=CIRCLE('',#8432,1.5);
#341=CIRCLE('',#8433,1.5);
#342=CIRCLE('',#8437,1.);
#343=CIRCLE('',#8439,1.);
#344=CIRCLE('',#8440,7.99999999999999);
#345=CIRCLE('',#8442,1.45);
#346=CIRCLE('',#8443,1.45);
#347=CIRCLE('',#8444,1.45);
#348=CIRCLE('',#8445,1.45);
#349=CIRCLE('',#8446,2.);
#350=CIRCLE('',#8447,2.);
#351=CIRCLE('',#8449,7.99999999999999);
#352=CIRCLE('',#8450,1.);
#353=CIRCLE('',#8452,3.65);
#354=CIRCLE('',#8454,1.);
#355=CIRCLE('',#8457,7.99999999999999);
#356=CIRCLE('',#8458,7.99999999999999);
#357=CIRCLE('',#8461,3.65);
#358=CIRCLE('',#8464,1.);
#359=CIRCLE('',#8466,7.99999999999999);
#360=CIRCLE('',#8467,7.99999999999999);
#361=CIRCLE('',#8473,2.65);
#362=CIRCLE('',#8475,2.65);
#363=CIRCLE('',#8477,1.2);
#364=CIRCLE('',#8478,1.2);
#365=CIRCLE('',#8482,0.600000000000009);
#366=CIRCLE('',#8483,0.600000000000009);
#367=CIRCLE('',#8486,0.600000000000003);
#368=CIRCLE('',#8487,0.600000000000003);
#369=CIRCLE('',#8491,1.2);
#370=CIRCLE('',#8492,1.2);
#371=CIRCLE('',#8497,2.65);
#372=CIRCLE('',#8499,2.65);
#373=CIRCLE('',#8501,2.25);
#374=CIRCLE('',#8503,2.25);
#375=CIRCLE('',#8506,2.65);
#376=CIRCLE('',#8508,2.25);
#377=CIRCLE('',#8510,2.25);
#378=CIRCLE('',#8512,2.65);
#379=CIRCLE('',#8515,1.2295);
#380=CIRCLE('',#8517,1.2295);
#381=CIRCLE('',#8520,1.2295);
#382=CIRCLE('',#8522,1.2295);
#383=CIRCLE('',#8525,1.2295);
#384=CIRCLE('',#8527,1.2295);
#385=CIRCLE('',#8530,1.2295);
#386=CIRCLE('',#8532,1.2295);
#387=CIRCLE('',#8535,1.5);
#388=CIRCLE('',#8537,2.);
#389=CIRCLE('',#8539,2.);
#390=CIRCLE('',#8541,2.2);
#391=CIRCLE('',#8543,2.5);
#392=CIRCLE('',#8559,1.5);
#393=CIRCLE('',#8560,1.5);
#394=CIRCLE('',#8563,1.70000000000001);
#395=CIRCLE('',#8564,1.70000000000001);
#396=CIRCLE('',#8568,1.70000000000001);
#397=CIRCLE('',#8569,1.70000000000001);
#398=CIRCLE('',#8572,1.5);
#399=CIRCLE('',#8573,1.5);
#400=CIRCLE('',#8581,1.32);
#401=CIRCLE('',#8585,1.32);
#402=CIRCLE('',#8595,3.25);
#403=CIRCLE('',#8597,1.70000000000001);
#404=CIRCLE('',#8600,3.25);
#405=CIRCLE('',#8602,1.70000000000001);
#406=CIRCLE('',#8605,3.25);
#407=CIRCLE('',#8607,1.70000000000001);
#408=CIRCLE('',#8610,3.25);
#409=CIRCLE('',#8612,1.70000000000001);
#410=CIRCLE('',#8615,1.22949999999999);
#411=CIRCLE('',#8617,1.22949999999999);
#412=CIRCLE('',#8620,1.22949999999999);
#413=CIRCLE('',#8622,1.22949999999999);
#414=CIRCLE('',#8625,1.22949999999999);
#415=CIRCLE('',#8627,1.22949999999999);
#416=CIRCLE('',#8630,1.22949999999999);
#417=CIRCLE('',#8632,1.22949999999999);
#418=CIRCLE('',#8635,3.);
#419=CIRCLE('',#8638,1.5);
#420=CIRCLE('',#8641,3.);
#421=CIRCLE('',#8642,3.);
#422=CIRCLE('',#8643,3.);
#423=CIRCLE('',#8644,3.);
#424=CIRCLE('',#8645,3.);
#425=CIRCLE('',#8656,2.25);
#426=CIRCLE('',#8657,2.25);
#427=CIRCLE('',#8658,2.25);
#428=CIRCLE('',#8659,2.25);
#429=CIRCLE('',#8662,2.25);
#430=CIRCLE('',#8664,1.75);
#431=CIRCLE('',#8667,2.25);
#432=CIRCLE('',#8669,1.75);
#433=CIRCLE('',#8672,2.25);
#434=CIRCLE('',#8674,1.75);
#435=CIRCLE('',#8677,2.25);
#436=CIRCLE('',#8679,1.75);
#437=CIRCLE('',#8712,3.65);
#438=CIRCLE('',#8714,3.65);
#439=CIRCLE('',#8718,3.5);
#440=CIRCLE('',#8720,3.5);
#441=CIRCLE('',#8722,3.65);
#442=CIRCLE('',#8724,3.65);
#443=CIRCLE('',#8734,3.65);
#444=CIRCLE('',#8736,3.65);
#445=CIRCLE('',#8738,3.5);
#446=CIRCLE('',#8740,3.5);
#447=CIRCLE('',#8750,3.65);
#448=CIRCLE('',#8752,3.5);
#449=CIRCLE('',#8754,3.5);
#450=CIRCLE('',#8756,3.65);
#451=CIRCLE('',#8766,3.65);
#452=CIRCLE('',#8768,3.65);
#453=CIRCLE('',#8770,3.5);
#454=CIRCLE('',#8772,3.5);
#455=CIRCLE('',#8788,2.5);
#456=CIRCLE('',#8789,6.67507176844514);
#457=CIRCLE('',#8790,3.8);
#458=CIRCLE('',#8791,6.67507176844514);
#459=CIRCLE('',#8792,6.67507176844514);
#460=CIRCLE('',#8794,1.75);
#461=CIRCLE('',#8795,1.75);
#462=CIRCLE('',#8796,3.);
#463=CIRCLE('',#8797,2.5);
#464=CIRCLE('',#8798,1.3);
#465=CIRCLE('',#8799,1.3);
#466=CIRCLE('',#8800,1.3);
#467=CIRCLE('',#8801,1.3);
#468=CIRCLE('',#8802,7.);
#469=CIRCLE('',#8803,3.5);
#470=CIRCLE('',#8804,7.);
#471=CIRCLE('',#8805,2.5);
#472=CIRCLE('',#8807,7.);
#473=CIRCLE('',#8814,7.);
#474=CIRCLE('',#8816,3.);
#475=CIRCLE('',#8817,1.75);
#476=CIRCLE('',#8818,1.75);
#477=CIRCLE('',#8819,2.5);
#478=CIRCLE('',#8820,2.5);
#479=CIRCLE('',#8821,1.3);
#480=CIRCLE('',#8822,1.3);
#481=CIRCLE('',#8823,1.3);
#482=CIRCLE('',#8824,1.3);
#483=CIRCLE('',#8825,7.);
#484=CIRCLE('',#8826,3.5);
#485=CIRCLE('',#8827,7.);
#486=CIRCLE('',#8829,6.67507176844514);
#487=CIRCLE('',#8832,6.67507176844514);
#488=CIRCLE('',#8837,2.5);
#489=CIRCLE('',#8838,3.8);
#490=CIRCLE('',#8839,6.67507176844514);
#491=CIRCLE('',#8844,1.);
#492=CIRCLE('',#8845,1.);
#493=CIRCLE('',#8846,2.);
#494=CIRCLE('',#8847,2.);
#495=CIRCLE('',#8849,1.);
#496=CIRCLE('',#8850,1.);
#497=CIRCLE('',#8851,2.);
#498=CIRCLE('',#8852,2.);
#499=CIRCLE('',#8854,1.3);
#500=CIRCLE('',#8855,1.3);
#501=CIRCLE('',#8856,1.99999999999999);
#502=CIRCLE('',#8857,1.99999999999999);
#503=CIRCLE('',#8859,1.3);
#504=CIRCLE('',#8860,1.99999999999999);
#505=CIRCLE('',#8861,1.99999999999999);
#506=CIRCLE('',#8862,1.3);
#507=CIRCLE('',#8865,1.5);
#508=CIRCLE('',#8866,1.5);
#509=CIRCLE('',#8870,1.5);
#510=CIRCLE('',#8871,1.5);
#511=CIRCLE('',#8874,1.5);
#512=CIRCLE('',#8875,1.5);
#513=CIRCLE('',#8876,2.);
#514=CIRCLE('',#8877,2.);
#515=CIRCLE('',#8886,1.5);
#516=CIRCLE('',#8887,2.);
#517=CIRCLE('',#8888,2.);
#518=CIRCLE('',#8926,1.621);
#519=CIRCLE('',#8928,1.621);
#520=CIRCLE('',#8931,1.621);
#521=CIRCLE('',#8933,1.621);
#522=CIRCLE('',#8936,1.621);
#523=CIRCLE('',#8938,1.621);
#524=CIRCLE('',#8941,1.621);
#525=CIRCLE('',#8943,1.621);
#526=CIRCLE('',#8946,0.7835);
#527=CIRCLE('',#8948,0.7835);
#528=CIRCLE('',#8951,0.7835);
#529=CIRCLE('',#8953,0.7835);
#530=CIRCLE('',#8956,0.7835);
#531=CIRCLE('',#8958,0.7835);
#532=CIRCLE('',#8961,0.7835);
#533=CIRCLE('',#8963,0.7835);
#534=CIRCLE('',#8966,1.75);
#535=CIRCLE('',#8969,1.75);
#536=CIRCLE('',#8972,1.75);
#537=CIRCLE('',#8975,1.75);
#538=CIRCLE('',#8978,1.5);
#539=CIRCLE('',#8981,1.5);
#540=CIRCLE('',#8984,1.5);
#541=CIRCLE('',#8988,2.5);
#542=CIRCLE('',#8992,2.5);
#543=CIRCLE('',#8994,2.25);
#544=CIRCLE('',#8996,2.5);
#545=CIRCLE('',#9000,2.5);
#546=CIRCLE('',#9003,1.75000000000001);
#547=CIRCLE('',#9005,1.75);
#548=CIRCLE('',#9007,2.25);
#549=CIRCLE('',#9010,1.2295);
#550=CIRCLE('',#9012,1.2295);
#551=CIRCLE('',#9015,1.2295);
#552=CIRCLE('',#9017,1.2295);
#553=CIRCLE('',#9020,1.2295);
#554=CIRCLE('',#9022,1.2295);
#555=CIRCLE('',#9025,1.2295);
#556=CIRCLE('',#9027,1.2295);
#557=CIRCLE('',#9031,4.);
#558=CIRCLE('',#9032,4.);
#559=CIRCLE('',#9033,4.);
#560=CIRCLE('',#9034,4.);
#561=CIRCLE('',#9041,1.9);
#562=CIRCLE('',#9043,1.9);
#563=CIRCLE('',#9045,4.);
#564=CIRCLE('',#9048,1.9);
#565=CIRCLE('',#9050,1.9);
#566=CIRCLE('',#9052,4.);
#567=CIRCLE('',#9055,1.9);
#568=CIRCLE('',#9057,1.9);
#569=CIRCLE('',#9059,4.);
#570=CIRCLE('',#9062,1.9);
#571=CIRCLE('',#9064,1.9);
#572=CIRCLE('',#9066,4.);
#573=CIRCLE('',#9070,15.);
#574=CIRCLE('',#9071,15.);
#575=CIRCLE('',#9073,15.);
#576=CIRCLE('',#9074,15.);
#577=CIRCLE('',#9076,15.);
#578=CIRCLE('',#9077,15.);
#579=CIRCLE('',#9079,15.);
#580=CIRCLE('',#9080,15.);
#581=CIRCLE('',#9082,3.25);
#582=CIRCLE('',#9083,3.25);
#583=CIRCLE('',#9084,3.25);
#584=CIRCLE('',#9086,3.25);
#585=CIRCLE('',#9087,3.25);
#586=CIRCLE('',#9088,3.25);
#587=CIRCLE('',#9090,3.25);
#588=CIRCLE('',#9091,3.25);
#589=CIRCLE('',#9092,3.25);
#590=CIRCLE('',#9094,3.25);
#591=CIRCLE('',#9095,3.25);
#592=CIRCLE('',#9096,3.25);
#593=CIRCLE('',#9106,2.);
#594=CIRCLE('',#9107,2.);
#595=CIRCLE('',#9108,2.);
#596=CIRCLE('',#9109,2.);
#597=CIRCLE('',#9110,15.5);
#598=CIRCLE('',#9111,15.5);
#599=CIRCLE('',#9112,15.5);
#600=CIRCLE('',#9113,15.5);
#601=CIRCLE('',#9115,1.7);
#602=CIRCLE('',#9116,1.7);
#603=CIRCLE('',#9117,1.7);
#604=CIRCLE('',#9118,1.7);
#605=CIRCLE('',#9119,2.);
#606=CIRCLE('',#9120,2.);
#607=CIRCLE('',#9121,2.);
#608=CIRCLE('',#9122,2.);
#609=CIRCLE('',#9123,10.5);
#610=CIRCLE('',#9125,10.5);
#611=CIRCLE('',#9128,1.621);
#612=CIRCLE('',#9130,1.621);
#613=CIRCLE('',#9133,1.621);
#614=CIRCLE('',#9135,1.621);
#615=CIRCLE('',#9138,1.621);
#616=CIRCLE('',#9140,1.621);
#617=CIRCLE('',#9143,1.621);
#618=CIRCLE('',#9145,1.621);
#619=CIRCLE('',#9148,1.7);
#620=CIRCLE('',#9151,1.7);
#621=CIRCLE('',#9154,1.7);
#622=CIRCLE('',#9157,1.7);
#623=CIRCLE('',#9165,2.45);
#624=CIRCLE('',#9167,2.75);
#625=CIRCLE('',#9169,2.75);
#626=CIRCLE('',#9171,1.5);
#627=CIRCLE('',#9173,1.5);
#628=CIRCLE('',#9175,1.1935);
#629=CIRCLE('',#9184,1.25);
#630=CIRCLE('',#9186,1.25);
#631=CIRCLE('',#9188,1.25);
#632=CIRCLE('',#9190,1.25);
#633=CIRCLE('',#9192,1.25);
#634=CIRCLE('',#9194,1.25);
#635=ORIENTED_EDGE('',*,*,#2769,.F.);
#636=ORIENTED_EDGE('',*,*,#2770,.F.);
#637=ORIENTED_EDGE('',*,*,#2771,.F.);
#638=ORIENTED_EDGE('',*,*,#2772,.F.);
#639=ORIENTED_EDGE('',*,*,#2773,.F.);
#640=ORIENTED_EDGE('',*,*,#2774,.F.);
#641=ORIENTED_EDGE('',*,*,#2775,.T.);
#642=ORIENTED_EDGE('',*,*,#2776,.T.);
#643=ORIENTED_EDGE('',*,*,#2777,.F.);
#644=ORIENTED_EDGE('',*,*,#2778,.F.);
#645=ORIENTED_EDGE('',*,*,#2779,.T.);
#646=ORIENTED_EDGE('',*,*,#2780,.T.);
#647=ORIENTED_EDGE('',*,*,#2781,.T.);
#648=ORIENTED_EDGE('',*,*,#2782,.F.);
#649=ORIENTED_EDGE('',*,*,#2783,.F.);
#650=ORIENTED_EDGE('',*,*,#2784,.F.);
#651=ORIENTED_EDGE('',*,*,#2785,.T.);
#652=ORIENTED_EDGE('',*,*,#2786,.F.);
#653=ORIENTED_EDGE('',*,*,#2787,.T.);
#654=ORIENTED_EDGE('',*,*,#2788,.F.);
#655=ORIENTED_EDGE('',*,*,#2789,.T.);
#656=ORIENTED_EDGE('',*,*,#2790,.T.);
#657=ORIENTED_EDGE('',*,*,#2791,.F.);
#658=ORIENTED_EDGE('',*,*,#2792,.T.);
#659=ORIENTED_EDGE('',*,*,#2793,.F.);
#660=ORIENTED_EDGE('',*,*,#2794,.T.);
#661=ORIENTED_EDGE('',*,*,#2795,.F.);
#662=ORIENTED_EDGE('',*,*,#2796,.F.);
#663=ORIENTED_EDGE('',*,*,#2797,.F.);
#664=ORIENTED_EDGE('',*,*,#2798,.T.);
#665=ORIENTED_EDGE('',*,*,#2799,.F.);
#666=ORIENTED_EDGE('',*,*,#2800,.F.);
#667=ORIENTED_EDGE('',*,*,#2801,.F.);
#668=ORIENTED_EDGE('',*,*,#2802,.F.);
#669=ORIENTED_EDGE('',*,*,#2803,.T.);
#670=ORIENTED_EDGE('',*,*,#2804,.F.);
#671=ORIENTED_EDGE('',*,*,#2805,.F.);
#672=ORIENTED_EDGE('',*,*,#2806,.T.);
#673=ORIENTED_EDGE('',*,*,#2807,.T.);
#674=ORIENTED_EDGE('',*,*,#2808,.T.);
#675=ORIENTED_EDGE('',*,*,#2809,.F.);
#676=ORIENTED_EDGE('',*,*,#2810,.F.);
#677=ORIENTED_EDGE('',*,*,#2811,.F.);
#678=ORIENTED_EDGE('',*,*,#2812,.F.);
#679=ORIENTED_EDGE('',*,*,#2813,.F.);
#680=ORIENTED_EDGE('',*,*,#2809,.T.);
#681=ORIENTED_EDGE('',*,*,#2814,.T.);
#682=ORIENTED_EDGE('',*,*,#2779,.F.);
#683=ORIENTED_EDGE('',*,*,#2815,.F.);
#684=ORIENTED_EDGE('',*,*,#2799,.T.);
#685=ORIENTED_EDGE('',*,*,#2816,.T.);
#686=ORIENTED_EDGE('',*,*,#2817,.F.);
#687=ORIENTED_EDGE('',*,*,#2818,.T.);
#688=ORIENTED_EDGE('',*,*,#2819,.F.);
#689=ORIENTED_EDGE('',*,*,#2820,.F.);
#690=ORIENTED_EDGE('',*,*,#2821,.F.);
#691=ORIENTED_EDGE('',*,*,#2817,.T.);
#692=ORIENTED_EDGE('',*,*,#2822,.T.);
#693=ORIENTED_EDGE('',*,*,#2823,.T.);
#694=ORIENTED_EDGE('',*,*,#2824,.F.);
#695=ORIENTED_EDGE('',*,*,#2825,.F.);
#696=ORIENTED_EDGE('',*,*,#2826,.F.);
#697=ORIENTED_EDGE('',*,*,#2827,.T.);
#698=ORIENTED_EDGE('',*,*,#2828,.T.);
#699=ORIENTED_EDGE('',*,*,#2825,.T.);
#700=ORIENTED_EDGE('',*,*,#2829,.T.);
#701=ORIENTED_EDGE('',*,*,#2805,.T.);
#702=ORIENTED_EDGE('',*,*,#2830,.T.);
#703=ORIENTED_EDGE('',*,*,#2831,.T.);
#704=ORIENTED_EDGE('',*,*,#2802,.T.);
#705=ORIENTED_EDGE('',*,*,#2832,.F.);
#706=ORIENTED_EDGE('',*,*,#2833,.F.);
#707=ORIENTED_EDGE('',*,*,#2834,.F.);
#708=ORIENTED_EDGE('',*,*,#2835,.F.);
#709=ORIENTED_EDGE('',*,*,#2836,.F.);
#710=ORIENTED_EDGE('',*,*,#2837,.F.);
#711=ORIENTED_EDGE('',*,*,#2838,.F.);
#712=ORIENTED_EDGE('',*,*,#2839,.T.);
#713=ORIENTED_EDGE('',*,*,#2840,.T.);
#714=ORIENTED_EDGE('',*,*,#2841,.F.);
#715=ORIENTED_EDGE('',*,*,#2842,.F.);
#716=ORIENTED_EDGE('',*,*,#2843,.F.);
#717=ORIENTED_EDGE('',*,*,#2844,.F.);
#718=ORIENTED_EDGE('',*,*,#2845,.F.);
#719=ORIENTED_EDGE('',*,*,#2846,.F.);
#720=ORIENTED_EDGE('',*,*,#2847,.F.);
#721=ORIENTED_EDGE('',*,*,#2848,.F.);
#722=ORIENTED_EDGE('',*,*,#2849,.F.);
#723=ORIENTED_EDGE('',*,*,#2850,.F.);
#724=ORIENTED_EDGE('',*,*,#2851,.F.);
#725=ORIENTED_EDGE('',*,*,#2852,.F.);
#726=ORIENTED_EDGE('',*,*,#2853,.F.);
#727=ORIENTED_EDGE('',*,*,#2837,.T.);
#728=ORIENTED_EDGE('',*,*,#2854,.F.);
#729=ORIENTED_EDGE('',*,*,#2835,.T.);
#730=ORIENTED_EDGE('',*,*,#2855,.F.);
#731=ORIENTED_EDGE('',*,*,#2833,.T.);
#732=ORIENTED_EDGE('',*,*,#2856,.F.);
#733=ORIENTED_EDGE('',*,*,#2857,.T.);
#734=ORIENTED_EDGE('',*,*,#2858,.T.);
#735=ORIENTED_EDGE('',*,*,#2859,.F.);
#736=ORIENTED_EDGE('',*,*,#2860,.F.);
#737=ORIENTED_EDGE('',*,*,#2852,.T.);
#738=ORIENTED_EDGE('',*,*,#2861,.F.);
#739=ORIENTED_EDGE('',*,*,#2850,.T.);
#740=ORIENTED_EDGE('',*,*,#2862,.F.);
#741=ORIENTED_EDGE('',*,*,#2848,.T.);
#742=ORIENTED_EDGE('',*,*,#2863,.F.);
#743=ORIENTED_EDGE('',*,*,#2864,.F.);
#744=ORIENTED_EDGE('',*,*,#2826,.T.);
#745=ORIENTED_EDGE('',*,*,#2865,.F.);
#746=ORIENTED_EDGE('',*,*,#2822,.F.);
#747=ORIENTED_EDGE('',*,*,#2816,.F.);
#748=ORIENTED_EDGE('',*,*,#2798,.F.);
#749=ORIENTED_EDGE('',*,*,#2866,.T.);
#750=ORIENTED_EDGE('',*,*,#2867,.T.);
#751=ORIENTED_EDGE('',*,*,#2868,.T.);
#752=ORIENTED_EDGE('',*,*,#2869,.T.);
#753=ORIENTED_EDGE('',*,*,#2870,.T.);
#754=ORIENTED_EDGE('',*,*,#2871,.T.);
#755=ORIENTED_EDGE('',*,*,#2872,.T.);
#756=ORIENTED_EDGE('',*,*,#2858,.F.);
#757=ORIENTED_EDGE('',*,*,#2873,.F.);
#758=ORIENTED_EDGE('',*,*,#2874,.T.);
#759=ORIENTED_EDGE('',*,*,#2875,.T.);
#760=ORIENTED_EDGE('',*,*,#2840,.F.);
#761=ORIENTED_EDGE('',*,*,#2876,.F.);
#762=ORIENTED_EDGE('',*,*,#2877,.T.);
#763=ORIENTED_EDGE('',*,*,#2878,.F.);
#764=ORIENTED_EDGE('',*,*,#2879,.F.);
#765=ORIENTED_EDGE('',*,*,#2880,.F.);
#766=ORIENTED_EDGE('',*,*,#2881,.F.);
#767=ORIENTED_EDGE('',*,*,#2882,.T.);
#768=ORIENTED_EDGE('',*,*,#2883,.F.);
#769=ORIENTED_EDGE('',*,*,#2884,.F.);
#770=ORIENTED_EDGE('',*,*,#2885,.F.);
#771=ORIENTED_EDGE('',*,*,#2886,.F.);
#772=ORIENTED_EDGE('',*,*,#2887,.F.);
#773=ORIENTED_EDGE('',*,*,#2888,.F.);
#774=ORIENTED_EDGE('',*,*,#2889,.T.);
#775=ORIENTED_EDGE('',*,*,#2890,.F.);
#776=ORIENTED_EDGE('',*,*,#2891,.F.);
#777=ORIENTED_EDGE('',*,*,#2795,.T.);
#778=ORIENTED_EDGE('',*,*,#2892,.T.);
#779=ORIENTED_EDGE('',*,*,#2893,.F.);
#780=ORIENTED_EDGE('',*,*,#2894,.F.);
#781=ORIENTED_EDGE('',*,*,#2783,.T.);
#782=ORIENTED_EDGE('',*,*,#2895,.T.);
#783=ORIENTED_EDGE('',*,*,#2896,.T.);
#784=ORIENTED_EDGE('',*,*,#2897,.F.);
#785=ORIENTED_EDGE('',*,*,#2898,.T.);
#786=ORIENTED_EDGE('',*,*,#2899,.F.);
#787=ORIENTED_EDGE('',*,*,#2900,.T.);
#788=ORIENTED_EDGE('',*,*,#2901,.F.);
#789=ORIENTED_EDGE('',*,*,#2902,.T.);
#790=ORIENTED_EDGE('',*,*,#2903,.F.);
#791=ORIENTED_EDGE('',*,*,#2904,.F.);
#792=ORIENTED_EDGE('',*,*,#2903,.T.);
#793=ORIENTED_EDGE('',*,*,#2905,.F.);
#794=ORIENTED_EDGE('',*,*,#2906,.T.);
#795=ORIENTED_EDGE('',*,*,#2907,.F.);
#796=ORIENTED_EDGE('',*,*,#2908,.T.);
#797=ORIENTED_EDGE('',*,*,#2909,.F.);
#798=ORIENTED_EDGE('',*,*,#2897,.T.);
#799=ORIENTED_EDGE('',*,*,#2910,.F.);
#800=ORIENTED_EDGE('',*,*,#2901,.T.);
#801=ORIENTED_EDGE('',*,*,#2911,.F.);
#802=ORIENTED_EDGE('',*,*,#2912,.T.);
#803=ORIENTED_EDGE('',*,*,#2913,.F.);
#804=ORIENTED_EDGE('',*,*,#2899,.T.);
#805=ORIENTED_EDGE('',*,*,#2914,.F.);
#806=ORIENTED_EDGE('',*,*,#2915,.T.);
#807=ORIENTED_EDGE('',*,*,#2916,.F.);
#808=ORIENTED_EDGE('',*,*,#2917,.T.);
#809=ORIENTED_EDGE('',*,*,#2918,.T.);
#810=ORIENTED_EDGE('',*,*,#2919,.T.);
#811=ORIENTED_EDGE('',*,*,#2920,.T.);
#812=ORIENTED_EDGE('',*,*,#2921,.T.);
#813=ORIENTED_EDGE('',*,*,#2922,.F.);
#814=ORIENTED_EDGE('',*,*,#2923,.T.);
#815=ORIENTED_EDGE('',*,*,#2924,.F.);
#816=ORIENTED_EDGE('',*,*,#2925,.T.);
#817=ORIENTED_EDGE('',*,*,#2922,.T.);
#818=ORIENTED_EDGE('',*,*,#2926,.T.);
#819=ORIENTED_EDGE('',*,*,#2927,.F.);
#820=ORIENTED_EDGE('',*,*,#2928,.F.);
#821=ORIENTED_EDGE('',*,*,#2929,.F.);
#822=ORIENTED_EDGE('',*,*,#2930,.T.);
#823=ORIENTED_EDGE('',*,*,#2924,.T.);
#824=ORIENTED_EDGE('',*,*,#2931,.T.);
#825=ORIENTED_EDGE('',*,*,#2932,.T.);
#826=ORIENTED_EDGE('',*,*,#2933,.T.);
#827=ORIENTED_EDGE('',*,*,#2934,.T.);
#828=ORIENTED_EDGE('',*,*,#2935,.T.);
#829=ORIENTED_EDGE('',*,*,#2790,.F.);
#830=ORIENTED_EDGE('',*,*,#2936,.F.);
#831=ORIENTED_EDGE('',*,*,#2937,.F.);
#832=ORIENTED_EDGE('',*,*,#2938,.F.);
#833=ORIENTED_EDGE('',*,*,#2939,.F.);
#834=ORIENTED_EDGE('',*,*,#2940,.F.);
#835=ORIENTED_EDGE('',*,*,#2882,.F.);
#836=ORIENTED_EDGE('',*,*,#2941,.F.);
#837=ORIENTED_EDGE('',*,*,#2892,.F.);
#838=ORIENTED_EDGE('',*,*,#2794,.F.);
#839=ORIENTED_EDGE('',*,*,#2942,.T.);
#840=ORIENTED_EDGE('',*,*,#2943,.T.);
#841=ORIENTED_EDGE('',*,*,#2944,.T.);
#842=ORIENTED_EDGE('',*,*,#2945,.T.);
#843=ORIENTED_EDGE('',*,*,#2946,.T.);
#844=ORIENTED_EDGE('',*,*,#2947,.T.);
#845=ORIENTED_EDGE('',*,*,#2948,.F.);
#846=ORIENTED_EDGE('',*,*,#2949,.F.);
#847=ORIENTED_EDGE('',*,*,#2950,.F.);
#848=ORIENTED_EDGE('',*,*,#2951,.T.);
#849=ORIENTED_EDGE('',*,*,#2952,.F.);
#850=ORIENTED_EDGE('',*,*,#2953,.F.);
#851=ORIENTED_EDGE('',*,*,#2954,.F.);
#852=ORIENTED_EDGE('',*,*,#2955,.T.);
#853=ORIENTED_EDGE('',*,*,#2908,.F.);
#854=ORIENTED_EDGE('',*,*,#2956,.F.);
#855=ORIENTED_EDGE('',*,*,#2906,.F.);
#856=ORIENTED_EDGE('',*,*,#2957,.F.);
#857=ORIENTED_EDGE('',*,*,#2912,.F.);
#858=ORIENTED_EDGE('',*,*,#2958,.F.);
#859=ORIENTED_EDGE('',*,*,#2915,.F.);
#860=ORIENTED_EDGE('',*,*,#2959,.F.);
#861=ORIENTED_EDGE('',*,*,#2960,.F.);
#862=ORIENTED_EDGE('',*,*,#2917,.F.);
#863=ORIENTED_EDGE('',*,*,#2930,.F.);
#864=ORIENTED_EDGE('',*,*,#2961,.F.);
#865=ORIENTED_EDGE('',*,*,#2962,.T.);
#866=ORIENTED_EDGE('',*,*,#2963,.T.);
#867=ORIENTED_EDGE('',*,*,#2964,.F.);
#868=ORIENTED_EDGE('',*,*,#2951,.F.);
#869=ORIENTED_EDGE('',*,*,#2965,.F.);
#870=ORIENTED_EDGE('',*,*,#2966,.T.);
#871=ORIENTED_EDGE('',*,*,#2926,.F.);
#872=ORIENTED_EDGE('',*,*,#2921,.F.);
#873=ORIENTED_EDGE('',*,*,#2967,.F.);
#874=ORIENTED_EDGE('',*,*,#2775,.F.);
#875=ORIENTED_EDGE('',*,*,#2968,.T.);
#876=ORIENTED_EDGE('',*,*,#2952,.T.);
#877=ORIENTED_EDGE('',*,*,#2964,.T.);
#878=ORIENTED_EDGE('',*,*,#2969,.T.);
#879=ORIENTED_EDGE('',*,*,#2937,.T.);
#880=ORIENTED_EDGE('',*,*,#2970,.F.);
#881=ORIENTED_EDGE('',*,*,#2971,.F.);
#882=ORIENTED_EDGE('',*,*,#2972,.T.);
#883=ORIENTED_EDGE('',*,*,#2973,.T.);
#884=ORIENTED_EDGE('',*,*,#2974,.T.);
#885=ORIENTED_EDGE('',*,*,#2975,.T.);
#886=ORIENTED_EDGE('',*,*,#2976,.T.);
#887=ORIENTED_EDGE('',*,*,#2977,.T.);
#888=ORIENTED_EDGE('',*,*,#2978,.T.);
#889=ORIENTED_EDGE('',*,*,#2979,.T.);
#890=ORIENTED_EDGE('',*,*,#2980,.T.);
#891=ORIENTED_EDGE('',*,*,#2981,.T.);
#892=ORIENTED_EDGE('',*,*,#2982,.T.);
#893=ORIENTED_EDGE('',*,*,#2916,.T.);
#894=ORIENTED_EDGE('',*,*,#2936,.T.);
#895=ORIENTED_EDGE('',*,*,#2789,.F.);
#896=ORIENTED_EDGE('',*,*,#2983,.F.);
#897=ORIENTED_EDGE('',*,*,#2970,.T.);
#898=ORIENTED_EDGE('',*,*,#2940,.T.);
#899=ORIENTED_EDGE('',*,*,#2984,.F.);
#900=ORIENTED_EDGE('',*,*,#2985,.F.);
#901=ORIENTED_EDGE('',*,*,#2883,.T.);
#902=ORIENTED_EDGE('',*,*,#2939,.T.);
#903=ORIENTED_EDGE('',*,*,#2986,.F.);
#904=ORIENTED_EDGE('',*,*,#2987,.F.);
#905=ORIENTED_EDGE('',*,*,#2984,.T.);
#906=ORIENTED_EDGE('',*,*,#2938,.T.);
#907=ORIENTED_EDGE('',*,*,#2972,.F.);
#908=ORIENTED_EDGE('',*,*,#2988,.F.);
#909=ORIENTED_EDGE('',*,*,#2986,.T.);
#910=ORIENTED_EDGE('',*,*,#2989,.F.);
#911=ORIENTED_EDGE('',*,*,#2990,.F.);
#912=ORIENTED_EDGE('',*,*,#2991,.F.);
#913=ORIENTED_EDGE('',*,*,#2992,.F.);
#914=ORIENTED_EDGE('',*,*,#2993,.F.);
#915=ORIENTED_EDGE('',*,*,#2994,.F.);
#916=ORIENTED_EDGE('',*,*,#2995,.F.);
#917=ORIENTED_EDGE('',*,*,#2784,.T.);
#918=ORIENTED_EDGE('',*,*,#2894,.T.);
#919=ORIENTED_EDGE('',*,*,#2996,.T.);
#920=ORIENTED_EDGE('',*,*,#2884,.T.);
#921=ORIENTED_EDGE('',*,*,#2985,.T.);
#922=ORIENTED_EDGE('',*,*,#2987,.T.);
#923=ORIENTED_EDGE('',*,*,#2988,.T.);
#924=ORIENTED_EDGE('',*,*,#2971,.T.);
#925=ORIENTED_EDGE('',*,*,#2983,.T.);
#926=ORIENTED_EDGE('',*,*,#2788,.T.);
#927=ORIENTED_EDGE('',*,*,#2997,.F.);
#928=ORIENTED_EDGE('',*,*,#2998,.F.);
#929=ORIENTED_EDGE('',*,*,#2999,.F.);
#930=ORIENTED_EDGE('',*,*,#3000,.F.);
#931=ORIENTED_EDGE('',*,*,#3001,.F.);
#932=ORIENTED_EDGE('',*,*,#3002,.F.);
#933=ORIENTED_EDGE('',*,*,#2923,.F.);
#934=ORIENTED_EDGE('',*,*,#2925,.F.);
#935=ORIENTED_EDGE('',*,*,#3003,.T.);
#936=ORIENTED_EDGE('',*,*,#2791,.T.);
#937=ORIENTED_EDGE('',*,*,#2935,.F.);
#938=ORIENTED_EDGE('',*,*,#3004,.F.);
#939=ORIENTED_EDGE('',*,*,#2953,.T.);
#940=ORIENTED_EDGE('',*,*,#2968,.F.);
#941=ORIENTED_EDGE('',*,*,#3005,.F.);
#942=ORIENTED_EDGE('',*,*,#3006,.T.);
#943=ORIENTED_EDGE('',*,*,#2989,.T.);
#944=ORIENTED_EDGE('',*,*,#2787,.F.);
#945=ORIENTED_EDGE('',*,*,#3007,.F.);
#946=ORIENTED_EDGE('',*,*,#2931,.F.);
#947=ORIENTED_EDGE('',*,*,#3008,.T.);
#948=ORIENTED_EDGE('',*,*,#3009,.F.);
#949=ORIENTED_EDGE('',*,*,#3010,.T.);
#950=ORIENTED_EDGE('',*,*,#3011,.T.);
#951=ORIENTED_EDGE('',*,*,#3012,.T.);
#952=ORIENTED_EDGE('',*,*,#3005,.T.);
#953=ORIENTED_EDGE('',*,*,#2969,.F.);
#954=ORIENTED_EDGE('',*,*,#2963,.F.);
#955=ORIENTED_EDGE('',*,*,#3013,.F.);
#956=ORIENTED_EDGE('',*,*,#2993,.T.);
#957=ORIENTED_EDGE('',*,*,#3014,.F.);
#958=ORIENTED_EDGE('',*,*,#3015,.F.);
#959=ORIENTED_EDGE('',*,*,#2785,.F.);
#960=ORIENTED_EDGE('',*,*,#2995,.T.);
#961=ORIENTED_EDGE('',*,*,#3016,.T.);
#962=ORIENTED_EDGE('',*,*,#2990,.T.);
#963=ORIENTED_EDGE('',*,*,#3006,.F.);
#964=ORIENTED_EDGE('',*,*,#3012,.F.);
#965=ORIENTED_EDGE('',*,*,#3017,.F.);
#966=ORIENTED_EDGE('',*,*,#3018,.T.);
#967=ORIENTED_EDGE('',*,*,#2991,.T.);
#968=ORIENTED_EDGE('',*,*,#3016,.F.);
#969=ORIENTED_EDGE('',*,*,#3019,.F.);
#970=ORIENTED_EDGE('',*,*,#2962,.F.);
#971=ORIENTED_EDGE('',*,*,#3020,.F.);
#972=ORIENTED_EDGE('',*,*,#3014,.T.);
#973=ORIENTED_EDGE('',*,*,#2992,.T.);
#974=ORIENTED_EDGE('',*,*,#3018,.F.);
#975=ORIENTED_EDGE('',*,*,#3021,.F.);
#976=ORIENTED_EDGE('',*,*,#3008,.F.);
#977=ORIENTED_EDGE('',*,*,#3022,.F.);
#978=ORIENTED_EDGE('',*,*,#3023,.T.);
#979=ORIENTED_EDGE('',*,*,#3024,.T.);
#980=ORIENTED_EDGE('',*,*,#2932,.F.);
#981=ORIENTED_EDGE('',*,*,#3007,.T.);
#982=ORIENTED_EDGE('',*,*,#2786,.T.);
#983=ORIENTED_EDGE('',*,*,#3015,.T.);
#984=ORIENTED_EDGE('',*,*,#3020,.T.);
#985=ORIENTED_EDGE('',*,*,#2961,.T.);
#986=ORIENTED_EDGE('',*,*,#2934,.F.);
#987=ORIENTED_EDGE('',*,*,#2944,.F.);
#988=ORIENTED_EDGE('',*,*,#3025,.T.);
#989=ORIENTED_EDGE('',*,*,#2942,.F.);
#990=ORIENTED_EDGE('',*,*,#2793,.T.);
#991=ORIENTED_EDGE('',*,*,#3026,.T.);
#992=ORIENTED_EDGE('',*,*,#3027,.T.);
#993=ORIENTED_EDGE('',*,*,#3028,.T.);
#994=ORIENTED_EDGE('',*,*,#3029,.T.);
#995=ORIENTED_EDGE('',*,*,#2946,.F.);
#996=ORIENTED_EDGE('',*,*,#3030,.F.);
#997=ORIENTED_EDGE('',*,*,#3031,.T.);
#998=ORIENTED_EDGE('',*,*,#2954,.T.);
#999=ORIENTED_EDGE('',*,*,#3004,.T.);
#1000=ORIENTED_EDGE('',*,*,#2947,.F.);
#1001=ORIENTED_EDGE('',*,*,#3029,.F.);
#1002=ORIENTED_EDGE('',*,*,#2950,.T.);
#1003=ORIENTED_EDGE('',*,*,#3032,.T.);
#1004=ORIENTED_EDGE('',*,*,#3030,.T.);
#1005=ORIENTED_EDGE('',*,*,#2945,.F.);
#1006=ORIENTED_EDGE('',*,*,#3027,.F.);
#1007=ORIENTED_EDGE('',*,*,#3033,.T.);
#1008=ORIENTED_EDGE('',*,*,#2965,.T.);
#1009=ORIENTED_EDGE('',*,*,#3034,.F.);
#1010=ORIENTED_EDGE('',*,*,#3035,.T.);
#1011=ORIENTED_EDGE('',*,*,#2927,.T.);
#1012=ORIENTED_EDGE('',*,*,#2966,.F.);
#1013=ORIENTED_EDGE('',*,*,#3033,.F.);
#1014=ORIENTED_EDGE('',*,*,#3026,.F.);
#1015=ORIENTED_EDGE('',*,*,#2792,.F.);
#1016=ORIENTED_EDGE('',*,*,#3003,.F.);
#1017=ORIENTED_EDGE('',*,*,#2929,.T.);
#1018=ORIENTED_EDGE('',*,*,#3036,.F.);
#1019=ORIENTED_EDGE('',*,*,#2960,.T.);
#1020=ORIENTED_EDGE('',*,*,#2774,.T.);
#1021=ORIENTED_EDGE('',*,*,#3037,.F.);
#1022=ORIENTED_EDGE('',*,*,#2918,.F.);
#1023=ORIENTED_EDGE('',*,*,#3038,.F.);
#1024=ORIENTED_EDGE('',*,*,#2776,.F.);
#1025=ORIENTED_EDGE('',*,*,#2967,.T.);
#1026=ORIENTED_EDGE('',*,*,#2920,.F.);
#1027=ORIENTED_EDGE('',*,*,#3037,.T.);
#1028=ORIENTED_EDGE('',*,*,#2777,.T.);
#1029=ORIENTED_EDGE('',*,*,#3038,.T.);
#1030=ORIENTED_EDGE('',*,*,#2919,.F.);
#1031=ORIENTED_EDGE('',*,*,#3039,.F.);
#1032=ORIENTED_EDGE('',*,*,#3040,.F.);
#1033=ORIENTED_EDGE('',*,*,#3041,.F.);
#1034=ORIENTED_EDGE('',*,*,#3021,.T.);
#1035=ORIENTED_EDGE('',*,*,#3019,.T.);
#1036=ORIENTED_EDGE('',*,*,#3017,.T.);
#1037=ORIENTED_EDGE('',*,*,#3042,.T.);
#1038=ORIENTED_EDGE('',*,*,#3043,.F.);
#1039=ORIENTED_EDGE('',*,*,#3044,.T.);
#1040=ORIENTED_EDGE('',*,*,#3045,.T.);
#1041=ORIENTED_EDGE('',*,*,#3046,.T.);
#1042=ORIENTED_EDGE('',*,*,#3031,.F.);
#1043=ORIENTED_EDGE('',*,*,#3028,.F.);
#1044=ORIENTED_EDGE('',*,*,#3032,.F.);
#1045=ORIENTED_EDGE('',*,*,#3047,.F.);
#1046=ORIENTED_EDGE('',*,*,#3048,.T.);
#1047=ORIENTED_EDGE('',*,*,#3049,.T.);
#1048=ORIENTED_EDGE('',*,*,#3010,.F.);
#1049=ORIENTED_EDGE('',*,*,#3050,.F.);
#1050=ORIENTED_EDGE('',*,*,#3051,.T.);
#1051=ORIENTED_EDGE('',*,*,#3052,.T.);
#1052=ORIENTED_EDGE('',*,*,#3023,.F.);
#1053=ORIENTED_EDGE('',*,*,#3053,.F.);
#1054=ORIENTED_EDGE('',*,*,#3040,.T.);
#1055=ORIENTED_EDGE('',*,*,#3054,.T.);
#1056=ORIENTED_EDGE('',*,*,#3043,.T.);
#1057=ORIENTED_EDGE('',*,*,#2933,.F.);
#1058=ORIENTED_EDGE('',*,*,#3055,.T.);
#1059=ORIENTED_EDGE('',*,*,#3056,.F.);
#1060=ORIENTED_EDGE('',*,*,#3057,.F.);
#1061=ORIENTED_EDGE('',*,*,#3058,.F.);
#1062=ORIENTED_EDGE('',*,*,#3059,.F.);
#1063=ORIENTED_EDGE('',*,*,#3060,.T.);
#1064=ORIENTED_EDGE('',*,*,#3056,.T.);
#1065=ORIENTED_EDGE('',*,*,#3061,.T.);
#1066=ORIENTED_EDGE('',*,*,#3062,.F.);
#1067=ORIENTED_EDGE('',*,*,#3063,.F.);
#1068=ORIENTED_EDGE('',*,*,#3059,.T.);
#1069=ORIENTED_EDGE('',*,*,#3064,.F.);
#1070=ORIENTED_EDGE('',*,*,#3065,.F.);
#1071=ORIENTED_EDGE('',*,*,#3066,.T.);
#1072=ORIENTED_EDGE('',*,*,#3062,.T.);
#1073=ORIENTED_EDGE('',*,*,#2928,.T.);
#1074=ORIENTED_EDGE('',*,*,#3067,.F.);
#1075=ORIENTED_EDGE('',*,*,#3065,.T.);
#1076=ORIENTED_EDGE('',*,*,#3068,.T.);
#1077=ORIENTED_EDGE('',*,*,#3069,.T.);
#1078=ORIENTED_EDGE('',*,*,#3045,.F.);
#1079=ORIENTED_EDGE('',*,*,#3070,.F.);
#1080=ORIENTED_EDGE('',*,*,#3048,.F.);
#1081=ORIENTED_EDGE('',*,*,#3071,.F.);
#1082=ORIENTED_EDGE('',*,*,#3034,.T.);
#1083=ORIENTED_EDGE('',*,*,#3072,.T.);
#1084=ORIENTED_EDGE('',*,*,#3073,.F.);
#1085=ORIENTED_EDGE('',*,*,#3074,.F.);
#1086=ORIENTED_EDGE('',*,*,#2948,.T.);
#1087=ORIENTED_EDGE('',*,*,#3075,.T.);
#1088=ORIENTED_EDGE('',*,*,#3051,.F.);
#1089=ORIENTED_EDGE('',*,*,#3076,.F.);
#1090=ORIENTED_EDGE('',*,*,#3073,.T.);
#1091=ORIENTED_EDGE('',*,*,#3050,.T.);
#1092=ORIENTED_EDGE('',*,*,#3009,.T.);
#1093=ORIENTED_EDGE('',*,*,#3041,.T.);
#1094=ORIENTED_EDGE('',*,*,#3053,.T.);
#1095=ORIENTED_EDGE('',*,*,#3022,.T.);
#1096=ORIENTED_EDGE('',*,*,#3057,.T.);
#1097=ORIENTED_EDGE('',*,*,#3060,.F.);
#1098=ORIENTED_EDGE('',*,*,#3063,.T.);
#1099=ORIENTED_EDGE('',*,*,#3066,.F.);
#1100=ORIENTED_EDGE('',*,*,#3067,.T.);
#1101=ORIENTED_EDGE('',*,*,#3035,.F.);
#1102=ORIENTED_EDGE('',*,*,#3071,.T.);
#1103=ORIENTED_EDGE('',*,*,#3047,.T.);
#1104=ORIENTED_EDGE('',*,*,#2949,.T.);
#1105=ORIENTED_EDGE('',*,*,#3074,.T.);
#1106=ORIENTED_EDGE('',*,*,#3076,.T.);
#1107=ORIENTED_EDGE('',*,*,#3049,.F.);
#1108=ORIENTED_EDGE('',*,*,#3075,.F.);
#1109=ORIENTED_EDGE('',*,*,#3072,.F.);
#1110=ORIENTED_EDGE('',*,*,#2955,.F.);
#1111=ORIENTED_EDGE('',*,*,#3046,.F.);
#1112=ORIENTED_EDGE('',*,*,#3069,.F.);
#1113=ORIENTED_EDGE('',*,*,#3036,.T.);
#1114=ORIENTED_EDGE('',*,*,#3068,.F.);
#1115=ORIENTED_EDGE('',*,*,#3064,.T.);
#1116=ORIENTED_EDGE('',*,*,#3061,.F.);
#1117=ORIENTED_EDGE('',*,*,#3058,.T.);
#1118=ORIENTED_EDGE('',*,*,#3055,.F.);
#1119=ORIENTED_EDGE('',*,*,#3024,.F.);
#1120=ORIENTED_EDGE('',*,*,#3052,.F.);
#1121=ORIENTED_EDGE('',*,*,#3042,.F.);
#1122=ORIENTED_EDGE('',*,*,#3011,.F.);
#1123=ORIENTED_EDGE('',*,*,#3077,.F.);
#1124=ORIENTED_EDGE('',*,*,#3054,.F.);
#1125=ORIENTED_EDGE('',*,*,#3078,.F.);
#1126=ORIENTED_EDGE('',*,*,#3077,.T.);
#1127=ORIENTED_EDGE('',*,*,#3039,.T.);
#1128=ORIENTED_EDGE('',*,*,#3079,.F.);
#1129=ORIENTED_EDGE('',*,*,#3078,.T.);
#1130=ORIENTED_EDGE('',*,*,#3080,.F.);
#1131=ORIENTED_EDGE('',*,*,#3079,.T.);
#1132=ORIENTED_EDGE('',*,*,#3080,.T.);
#1133=ORIENTED_EDGE('',*,*,#3081,.T.);
#1134=ORIENTED_EDGE('',*,*,#3070,.T.);
#1135=ORIENTED_EDGE('',*,*,#3082,.F.);
#1136=ORIENTED_EDGE('',*,*,#3083,.F.);
#1137=ORIENTED_EDGE('',*,*,#3082,.T.);
#1138=ORIENTED_EDGE('',*,*,#3084,.F.);
#1139=ORIENTED_EDGE('',*,*,#3083,.T.);
#1140=ORIENTED_EDGE('',*,*,#3081,.F.);
#1141=ORIENTED_EDGE('',*,*,#3044,.F.);
#1142=ORIENTED_EDGE('',*,*,#3084,.T.);
#1143=ORIENTED_EDGE('',*,*,#3085,.T.);
#1144=ORIENTED_EDGE('',*,*,#2982,.F.);
#1145=ORIENTED_EDGE('',*,*,#3086,.T.);
#1146=ORIENTED_EDGE('',*,*,#3085,.F.);
#1147=ORIENTED_EDGE('',*,*,#3086,.F.);
#1148=ORIENTED_EDGE('',*,*,#3087,.T.);
#1149=ORIENTED_EDGE('',*,*,#2981,.F.);
#1150=ORIENTED_EDGE('',*,*,#3088,.T.);
#1151=ORIENTED_EDGE('',*,*,#3087,.F.);
#1152=ORIENTED_EDGE('',*,*,#3088,.F.);
#1153=ORIENTED_EDGE('',*,*,#3089,.T.);
#1154=ORIENTED_EDGE('',*,*,#2980,.F.);
#1155=ORIENTED_EDGE('',*,*,#3090,.T.);
#1156=ORIENTED_EDGE('',*,*,#3089,.F.);
#1157=ORIENTED_EDGE('',*,*,#3090,.F.);
#1158=ORIENTED_EDGE('',*,*,#3091,.T.);
#1159=ORIENTED_EDGE('',*,*,#2979,.F.);
#1160=ORIENTED_EDGE('',*,*,#3092,.T.);
#1161=ORIENTED_EDGE('',*,*,#3091,.F.);
#1162=ORIENTED_EDGE('',*,*,#3092,.F.);
#1163=ORIENTED_EDGE('',*,*,#3093,.F.);
#1164=ORIENTED_EDGE('',*,*,#3094,.F.);
#1165=ORIENTED_EDGE('',*,*,#3093,.T.);
#1166=ORIENTED_EDGE('',*,*,#3095,.F.);
#1167=ORIENTED_EDGE('',*,*,#3094,.T.);
#1168=ORIENTED_EDGE('',*,*,#3096,.F.);
#1169=ORIENTED_EDGE('',*,*,#3095,.T.);
#1170=ORIENTED_EDGE('',*,*,#3097,.F.);
#1171=ORIENTED_EDGE('',*,*,#3096,.T.);
#1172=ORIENTED_EDGE('',*,*,#2895,.F.);
#1173=ORIENTED_EDGE('',*,*,#3097,.T.);
#1174=ORIENTED_EDGE('',*,*,#2904,.T.);
#1175=ORIENTED_EDGE('',*,*,#2956,.T.);
#1176=ORIENTED_EDGE('',*,*,#2907,.T.);
#1177=ORIENTED_EDGE('',*,*,#2896,.F.);
#1178=ORIENTED_EDGE('',*,*,#2910,.T.);
#1179=ORIENTED_EDGE('',*,*,#2957,.T.);
#1180=ORIENTED_EDGE('',*,*,#2905,.T.);
#1181=ORIENTED_EDGE('',*,*,#2902,.F.);
#1182=ORIENTED_EDGE('',*,*,#2913,.T.);
#1183=ORIENTED_EDGE('',*,*,#2958,.T.);
#1184=ORIENTED_EDGE('',*,*,#2911,.T.);
#1185=ORIENTED_EDGE('',*,*,#2900,.F.);
#1186=ORIENTED_EDGE('',*,*,#2909,.T.);
#1187=ORIENTED_EDGE('',*,*,#2959,.T.);
#1188=ORIENTED_EDGE('',*,*,#2914,.T.);
#1189=ORIENTED_EDGE('',*,*,#2898,.F.);
#1190=ORIENTED_EDGE('',*,*,#3002,.T.);
#1191=ORIENTED_EDGE('',*,*,#2978,.F.);
#1192=ORIENTED_EDGE('',*,*,#3001,.T.);
#1193=ORIENTED_EDGE('',*,*,#2977,.F.);
#1194=ORIENTED_EDGE('',*,*,#3000,.T.);
#1195=ORIENTED_EDGE('',*,*,#2976,.F.);
#1196=ORIENTED_EDGE('',*,*,#2999,.T.);
#1197=ORIENTED_EDGE('',*,*,#2975,.F.);
#1198=ORIENTED_EDGE('',*,*,#2998,.T.);
#1199=ORIENTED_EDGE('',*,*,#2974,.F.);
#1200=ORIENTED_EDGE('',*,*,#2997,.T.);
#1201=ORIENTED_EDGE('',*,*,#2973,.F.);
#1202=ORIENTED_EDGE('',*,*,#3098,.F.);
#1203=ORIENTED_EDGE('',*,*,#2941,.T.);
#1204=ORIENTED_EDGE('',*,*,#3099,.F.);
#1205=ORIENTED_EDGE('',*,*,#3100,.F.);
#1206=ORIENTED_EDGE('',*,*,#3101,.F.);
#1207=ORIENTED_EDGE('',*,*,#3102,.F.);
#1208=ORIENTED_EDGE('',*,*,#3103,.F.);
#1209=ORIENTED_EDGE('',*,*,#2782,.T.);
#1210=ORIENTED_EDGE('',*,*,#3104,.F.);
#1211=ORIENTED_EDGE('',*,*,#3105,.F.);
#1212=ORIENTED_EDGE('',*,*,#3106,.F.);
#1213=ORIENTED_EDGE('',*,*,#2796,.T.);
#1214=ORIENTED_EDGE('',*,*,#3107,.F.);
#1215=ORIENTED_EDGE('',*,*,#3108,.F.);
#1216=ORIENTED_EDGE('',*,*,#3109,.F.);
#1217=ORIENTED_EDGE('',*,*,#3110,.F.);
#1218=ORIENTED_EDGE('',*,*,#3111,.T.);
#1219=ORIENTED_EDGE('',*,*,#3112,.F.);
#1220=ORIENTED_EDGE('',*,*,#3113,.F.);
#1221=ORIENTED_EDGE('',*,*,#3114,.T.);
#1222=ORIENTED_EDGE('',*,*,#3115,.T.);
#1223=ORIENTED_EDGE('',*,*,#2893,.T.);
#1224=ORIENTED_EDGE('',*,*,#3103,.T.);
#1225=ORIENTED_EDGE('',*,*,#3116,.F.);
#1226=ORIENTED_EDGE('',*,*,#3117,.F.);
#1227=ORIENTED_EDGE('',*,*,#3112,.T.);
#1228=ORIENTED_EDGE('',*,*,#3118,.F.);
#1229=ORIENTED_EDGE('',*,*,#3119,.F.);
#1230=ORIENTED_EDGE('',*,*,#3105,.T.);
#1231=ORIENTED_EDGE('',*,*,#3120,.F.);
#1232=ORIENTED_EDGE('',*,*,#3121,.F.);
#1233=ORIENTED_EDGE('',*,*,#3116,.T.);
#1234=ORIENTED_EDGE('',*,*,#3104,.T.);
#1235=ORIENTED_EDGE('',*,*,#2781,.F.);
#1236=ORIENTED_EDGE('',*,*,#3122,.F.);
#1237=ORIENTED_EDGE('',*,*,#3120,.T.);
#1238=ORIENTED_EDGE('',*,*,#3106,.T.);
#1239=ORIENTED_EDGE('',*,*,#3123,.F.);
#1240=ORIENTED_EDGE('',*,*,#2866,.F.);
#1241=ORIENTED_EDGE('',*,*,#2797,.T.);
#1242=ORIENTED_EDGE('',*,*,#3124,.F.);
#1243=ORIENTED_EDGE('',*,*,#3125,.F.);
#1244=ORIENTED_EDGE('',*,*,#3108,.T.);
#1245=ORIENTED_EDGE('',*,*,#3126,.F.);
#1246=ORIENTED_EDGE('',*,*,#2867,.F.);
#1247=ORIENTED_EDGE('',*,*,#3123,.T.);
#1248=ORIENTED_EDGE('',*,*,#3107,.T.);
#1249=ORIENTED_EDGE('',*,*,#2891,.T.);
#1250=ORIENTED_EDGE('',*,*,#3098,.T.);
#1251=ORIENTED_EDGE('',*,*,#3127,.F.);
#1252=ORIENTED_EDGE('',*,*,#2868,.F.);
#1253=ORIENTED_EDGE('',*,*,#3126,.T.);
#1254=ORIENTED_EDGE('',*,*,#3128,.T.);
#1255=ORIENTED_EDGE('',*,*,#3129,.T.);
#1256=ORIENTED_EDGE('',*,*,#3102,.T.);
#1257=ORIENTED_EDGE('',*,*,#3130,.F.);
#1258=ORIENTED_EDGE('',*,*,#2869,.F.);
#1259=ORIENTED_EDGE('',*,*,#3127,.T.);
#1260=ORIENTED_EDGE('',*,*,#3101,.T.);
#1261=ORIENTED_EDGE('',*,*,#3131,.F.);
#1262=ORIENTED_EDGE('',*,*,#2870,.F.);
#1263=ORIENTED_EDGE('',*,*,#3130,.T.);
#1264=ORIENTED_EDGE('',*,*,#3100,.T.);
#1265=ORIENTED_EDGE('',*,*,#3132,.F.);
#1266=ORIENTED_EDGE('',*,*,#2871,.F.);
#1267=ORIENTED_EDGE('',*,*,#3131,.T.);
#1268=ORIENTED_EDGE('',*,*,#3099,.T.);
#1269=ORIENTED_EDGE('',*,*,#2881,.T.);
#1270=ORIENTED_EDGE('',*,*,#3133,.F.);
#1271=ORIENTED_EDGE('',*,*,#3134,.F.);
#1272=ORIENTED_EDGE('',*,*,#2872,.F.);
#1273=ORIENTED_EDGE('',*,*,#3132,.T.);
#1274=ORIENTED_EDGE('',*,*,#2880,.T.);
#1275=ORIENTED_EDGE('',*,*,#3135,.F.);
#1276=ORIENTED_EDGE('',*,*,#3136,.F.);
#1277=ORIENTED_EDGE('',*,*,#3133,.T.);
#1278=ORIENTED_EDGE('',*,*,#2879,.T.);
#1279=ORIENTED_EDGE('',*,*,#3137,.F.);
#1280=ORIENTED_EDGE('',*,*,#3138,.F.);
#1281=ORIENTED_EDGE('',*,*,#3135,.T.);
#1282=ORIENTED_EDGE('',*,*,#2878,.T.);
#1283=ORIENTED_EDGE('',*,*,#3139,.F.);
#1284=ORIENTED_EDGE('',*,*,#3140,.F.);
#1285=ORIENTED_EDGE('',*,*,#3137,.T.);
#1286=ORIENTED_EDGE('',*,*,#2877,.F.);
#1287=ORIENTED_EDGE('',*,*,#3141,.F.);
#1288=ORIENTED_EDGE('',*,*,#3142,.T.);
#1289=ORIENTED_EDGE('',*,*,#3139,.T.);
#1290=ORIENTED_EDGE('',*,*,#2876,.T.);
#1291=ORIENTED_EDGE('',*,*,#2839,.F.);
#1292=ORIENTED_EDGE('',*,*,#3143,.F.);
#1293=ORIENTED_EDGE('',*,*,#3141,.T.);
#1294=ORIENTED_EDGE('',*,*,#2890,.T.);
#1295=ORIENTED_EDGE('',*,*,#3144,.F.);
#1296=ORIENTED_EDGE('',*,*,#3145,.F.);
#1297=ORIENTED_EDGE('',*,*,#2859,.T.);
#1298=ORIENTED_EDGE('',*,*,#2889,.F.);
#1299=ORIENTED_EDGE('',*,*,#3146,.F.);
#1300=ORIENTED_EDGE('',*,*,#3147,.T.);
#1301=ORIENTED_EDGE('',*,*,#3144,.T.);
#1302=ORIENTED_EDGE('',*,*,#2888,.T.);
#1303=ORIENTED_EDGE('',*,*,#3148,.F.);
#1304=ORIENTED_EDGE('',*,*,#3149,.F.);
#1305=ORIENTED_EDGE('',*,*,#3146,.T.);
#1306=ORIENTED_EDGE('',*,*,#2887,.T.);
#1307=ORIENTED_EDGE('',*,*,#3150,.F.);
#1308=ORIENTED_EDGE('',*,*,#3151,.F.);
#1309=ORIENTED_EDGE('',*,*,#3148,.T.);
#1310=ORIENTED_EDGE('',*,*,#2886,.T.);
#1311=ORIENTED_EDGE('',*,*,#3152,.F.);
#1312=ORIENTED_EDGE('',*,*,#3153,.F.);
#1313=ORIENTED_EDGE('',*,*,#3150,.T.);
#1314=ORIENTED_EDGE('',*,*,#2885,.T.);
#1315=ORIENTED_EDGE('',*,*,#3154,.T.);
#1316=ORIENTED_EDGE('',*,*,#3155,.F.);
#1317=ORIENTED_EDGE('',*,*,#3156,.F.);
#1318=ORIENTED_EDGE('',*,*,#3157,.F.);
#1319=ORIENTED_EDGE('',*,*,#3152,.T.);
#1320=ORIENTED_EDGE('',*,*,#3158,.T.);
#1321=ORIENTED_EDGE('',*,*,#3159,.F.);
#1322=ORIENTED_EDGE('',*,*,#3160,.F.);
#1323=ORIENTED_EDGE('',*,*,#3155,.T.);
#1324=ORIENTED_EDGE('',*,*,#3161,.T.);
#1325=ORIENTED_EDGE('',*,*,#3114,.F.);
#1326=ORIENTED_EDGE('',*,*,#3162,.F.);
#1327=ORIENTED_EDGE('',*,*,#3159,.T.);
#1328=ORIENTED_EDGE('',*,*,#2808,.F.);
#1329=ORIENTED_EDGE('',*,*,#3156,.T.);
#1330=ORIENTED_EDGE('',*,*,#3160,.T.);
#1331=ORIENTED_EDGE('',*,*,#3162,.T.);
#1332=ORIENTED_EDGE('',*,*,#3113,.T.);
#1333=ORIENTED_EDGE('',*,*,#3117,.T.);
#1334=ORIENTED_EDGE('',*,*,#3121,.T.);
#1335=ORIENTED_EDGE('',*,*,#3122,.T.);
#1336=ORIENTED_EDGE('',*,*,#2780,.F.);
#1337=ORIENTED_EDGE('',*,*,#2814,.F.);
#1338=ORIENTED_EDGE('',*,*,#2996,.F.);
#1339=ORIENTED_EDGE('',*,*,#3115,.F.);
#1340=ORIENTED_EDGE('',*,*,#3111,.F.);
#1341=ORIENTED_EDGE('',*,*,#3161,.F.);
#1342=ORIENTED_EDGE('',*,*,#3158,.F.);
#1343=ORIENTED_EDGE('',*,*,#3154,.F.);
#1344=ORIENTED_EDGE('',*,*,#3163,.T.);
#1345=ORIENTED_EDGE('',*,*,#2849,.T.);
#1346=ORIENTED_EDGE('',*,*,#2862,.T.);
#1347=ORIENTED_EDGE('',*,*,#3164,.T.);
#1348=ORIENTED_EDGE('',*,*,#3163,.F.);
#1349=ORIENTED_EDGE('',*,*,#3119,.T.);
#1350=ORIENTED_EDGE('',*,*,#3164,.F.);
#1351=ORIENTED_EDGE('',*,*,#3165,.T.);
#1352=ORIENTED_EDGE('',*,*,#2834,.T.);
#1353=ORIENTED_EDGE('',*,*,#2855,.T.);
#1354=ORIENTED_EDGE('',*,*,#3166,.T.);
#1355=ORIENTED_EDGE('',*,*,#3165,.F.);
#1356=ORIENTED_EDGE('',*,*,#3125,.T.);
#1357=ORIENTED_EDGE('',*,*,#3166,.F.);
#1358=ORIENTED_EDGE('',*,*,#3167,.T.);
#1359=ORIENTED_EDGE('',*,*,#2851,.T.);
#1360=ORIENTED_EDGE('',*,*,#2861,.T.);
#1361=ORIENTED_EDGE('',*,*,#3168,.T.);
#1362=ORIENTED_EDGE('',*,*,#3167,.F.);
#1363=ORIENTED_EDGE('',*,*,#3118,.T.);
#1364=ORIENTED_EDGE('',*,*,#3168,.F.);
#1365=ORIENTED_EDGE('',*,*,#3169,.T.);
#1366=ORIENTED_EDGE('',*,*,#2836,.T.);
#1367=ORIENTED_EDGE('',*,*,#2854,.T.);
#1368=ORIENTED_EDGE('',*,*,#3170,.T.);
#1369=ORIENTED_EDGE('',*,*,#3169,.F.);
#1370=ORIENTED_EDGE('',*,*,#3124,.T.);
#1371=ORIENTED_EDGE('',*,*,#3170,.F.);
#1372=ORIENTED_EDGE('',*,*,#3171,.T.);
#1373=ORIENTED_EDGE('',*,*,#3172,.T.);
#1374=ORIENTED_EDGE('',*,*,#3171,.F.);
#1375=ORIENTED_EDGE('',*,*,#3110,.T.);
#1376=ORIENTED_EDGE('',*,*,#3172,.F.);
#1377=ORIENTED_EDGE('',*,*,#3173,.T.);
#1378=ORIENTED_EDGE('',*,*,#3174,.T.);
#1379=ORIENTED_EDGE('',*,*,#3173,.F.);
#1380=ORIENTED_EDGE('',*,*,#3109,.T.);
#1381=ORIENTED_EDGE('',*,*,#3174,.F.);
#1382=ORIENTED_EDGE('',*,*,#3175,.T.);
#1383=ORIENTED_EDGE('',*,*,#3129,.F.);
#1384=ORIENTED_EDGE('',*,*,#3176,.T.);
#1385=ORIENTED_EDGE('',*,*,#3175,.F.);
#1386=ORIENTED_EDGE('',*,*,#3176,.F.);
#1387=ORIENTED_EDGE('',*,*,#3177,.T.);
#1388=ORIENTED_EDGE('',*,*,#3128,.F.);
#1389=ORIENTED_EDGE('',*,*,#3178,.T.);
#1390=ORIENTED_EDGE('',*,*,#3177,.F.);
#1391=ORIENTED_EDGE('',*,*,#3178,.F.);
#1392=ORIENTED_EDGE('',*,*,#3179,.F.);
#1393=ORIENTED_EDGE('',*,*,#2823,.F.);
#1394=ORIENTED_EDGE('',*,*,#3134,.T.);
#1395=ORIENTED_EDGE('',*,*,#3136,.T.);
#1396=ORIENTED_EDGE('',*,*,#3138,.T.);
#1397=ORIENTED_EDGE('',*,*,#3140,.T.);
#1398=ORIENTED_EDGE('',*,*,#3142,.F.);
#1399=ORIENTED_EDGE('',*,*,#3143,.T.);
#1400=ORIENTED_EDGE('',*,*,#2838,.T.);
#1401=ORIENTED_EDGE('',*,*,#2853,.T.);
#1402=ORIENTED_EDGE('',*,*,#2860,.T.);
#1403=ORIENTED_EDGE('',*,*,#3145,.T.);
#1404=ORIENTED_EDGE('',*,*,#3147,.F.);
#1405=ORIENTED_EDGE('',*,*,#3149,.T.);
#1406=ORIENTED_EDGE('',*,*,#3151,.T.);
#1407=ORIENTED_EDGE('',*,*,#3153,.T.);
#1408=ORIENTED_EDGE('',*,*,#3157,.T.);
#1409=ORIENTED_EDGE('',*,*,#2807,.F.);
#1410=ORIENTED_EDGE('',*,*,#3180,.F.);
#1411=ORIENTED_EDGE('',*,*,#3180,.T.);
#1412=ORIENTED_EDGE('',*,*,#2806,.F.);
#1413=ORIENTED_EDGE('',*,*,#2829,.F.);
#1414=ORIENTED_EDGE('',*,*,#2824,.T.);
#1415=ORIENTED_EDGE('',*,*,#3181,.T.);
#1416=ORIENTED_EDGE('',*,*,#3181,.F.);
#1417=ORIENTED_EDGE('',*,*,#2865,.T.);
#1418=ORIENTED_EDGE('',*,*,#3182,.T.);
#1419=ORIENTED_EDGE('',*,*,#3183,.T.);
#1420=ORIENTED_EDGE('',*,*,#3184,.T.);
#1421=ORIENTED_EDGE('',*,*,#3185,.F.);
#1422=ORIENTED_EDGE('',*,*,#3186,.T.);
#1423=ORIENTED_EDGE('',*,*,#3187,.T.);
#1424=ORIENTED_EDGE('',*,*,#3188,.T.);
#1425=ORIENTED_EDGE('',*,*,#3189,.F.);
#1426=ORIENTED_EDGE('',*,*,#3190,.T.);
#1427=ORIENTED_EDGE('',*,*,#3179,.T.);
#1428=ORIENTED_EDGE('',*,*,#3190,.F.);
#1429=ORIENTED_EDGE('',*,*,#2863,.T.);
#1430=ORIENTED_EDGE('',*,*,#3191,.T.);
#1431=ORIENTED_EDGE('',*,*,#3187,.F.);
#1432=ORIENTED_EDGE('',*,*,#3189,.T.);
#1433=ORIENTED_EDGE('',*,*,#3192,.F.);
#1434=ORIENTED_EDGE('',*,*,#3192,.T.);
#1435=ORIENTED_EDGE('',*,*,#3188,.F.);
#1436=ORIENTED_EDGE('',*,*,#3191,.F.);
#1437=ORIENTED_EDGE('',*,*,#3186,.F.);
#1438=ORIENTED_EDGE('',*,*,#3193,.T.);
#1439=ORIENTED_EDGE('',*,*,#3184,.F.);
#1440=ORIENTED_EDGE('',*,*,#3194,.F.);
#1441=ORIENTED_EDGE('',*,*,#3182,.F.);
#1442=ORIENTED_EDGE('',*,*,#3194,.T.);
#1443=ORIENTED_EDGE('',*,*,#3183,.F.);
#1444=ORIENTED_EDGE('',*,*,#3185,.T.);
#1445=ORIENTED_EDGE('',*,*,#3193,.F.);
#1446=ORIENTED_EDGE('',*,*,#3195,.F.);
#1447=ORIENTED_EDGE('',*,*,#2841,.T.);
#1448=ORIENTED_EDGE('',*,*,#2875,.F.);
#1449=ORIENTED_EDGE('',*,*,#3196,.F.);
#1450=ORIENTED_EDGE('',*,*,#2857,.F.);
#1451=ORIENTED_EDGE('',*,*,#3197,.T.);
#1452=ORIENTED_EDGE('',*,*,#3198,.T.);
#1453=ORIENTED_EDGE('',*,*,#2873,.T.);
#1454=ORIENTED_EDGE('',*,*,#3199,.F.);
#1455=ORIENTED_EDGE('',*,*,#3200,.F.);
#1456=ORIENTED_EDGE('',*,*,#3201,.F.);
#1457=ORIENTED_EDGE('',*,*,#3202,.F.);
#1458=ORIENTED_EDGE('',*,*,#2864,.T.);
#1459=ORIENTED_EDGE('',*,*,#2847,.T.);
#1460=ORIENTED_EDGE('',*,*,#2832,.T.);
#1461=ORIENTED_EDGE('',*,*,#3195,.T.);
#1462=ORIENTED_EDGE('',*,*,#3203,.F.);
#1463=ORIENTED_EDGE('',*,*,#3197,.F.);
#1464=ORIENTED_EDGE('',*,*,#2856,.T.);
#1465=ORIENTED_EDGE('',*,*,#3196,.T.);
#1466=ORIENTED_EDGE('',*,*,#2874,.F.);
#1467=ORIENTED_EDGE('',*,*,#3198,.F.);
#1468=ORIENTED_EDGE('',*,*,#3203,.T.);
#1469=ORIENTED_EDGE('',*,*,#3204,.F.);
#1470=ORIENTED_EDGE('',*,*,#3202,.T.);
#1471=ORIENTED_EDGE('',*,*,#3205,.F.);
#1472=ORIENTED_EDGE('',*,*,#3204,.T.);
#1473=ORIENTED_EDGE('',*,*,#3206,.F.);
#1474=ORIENTED_EDGE('',*,*,#3207,.F.);
#1475=ORIENTED_EDGE('',*,*,#3208,.F.);
#1476=ORIENTED_EDGE('',*,*,#3209,.F.);
#1477=ORIENTED_EDGE('',*,*,#3210,.F.);
#1478=ORIENTED_EDGE('',*,*,#3211,.F.);
#1479=ORIENTED_EDGE('',*,*,#3205,.T.);
#1480=ORIENTED_EDGE('',*,*,#3212,.F.);
#1481=ORIENTED_EDGE('',*,*,#3201,.T.);
#1482=ORIENTED_EDGE('',*,*,#3213,.F.);
#1483=ORIENTED_EDGE('',*,*,#3212,.T.);
#1484=ORIENTED_EDGE('',*,*,#3214,.F.);
#1485=ORIENTED_EDGE('',*,*,#3215,.F.);
#1486=ORIENTED_EDGE('',*,*,#3216,.F.);
#1487=ORIENTED_EDGE('',*,*,#3217,.F.);
#1488=ORIENTED_EDGE('',*,*,#3218,.F.);
#1489=ORIENTED_EDGE('',*,*,#3219,.F.);
#1490=ORIENTED_EDGE('',*,*,#3213,.T.);
#1491=ORIENTED_EDGE('',*,*,#3220,.F.);
#1492=ORIENTED_EDGE('',*,*,#3200,.T.);
#1493=ORIENTED_EDGE('',*,*,#3221,.F.);
#1494=ORIENTED_EDGE('',*,*,#3220,.T.);
#1495=ORIENTED_EDGE('',*,*,#3222,.F.);
#1496=ORIENTED_EDGE('',*,*,#3223,.F.);
#1497=ORIENTED_EDGE('',*,*,#3224,.F.);
#1498=ORIENTED_EDGE('',*,*,#3225,.F.);
#1499=ORIENTED_EDGE('',*,*,#3226,.F.);
#1500=ORIENTED_EDGE('',*,*,#3227,.F.);
#1501=ORIENTED_EDGE('',*,*,#3221,.T.);
#1502=ORIENTED_EDGE('',*,*,#3228,.F.);
#1503=ORIENTED_EDGE('',*,*,#3199,.T.);
#1504=ORIENTED_EDGE('',*,*,#3229,.F.);
#1505=ORIENTED_EDGE('',*,*,#3228,.T.);
#1506=ORIENTED_EDGE('',*,*,#3230,.F.);
#1507=ORIENTED_EDGE('',*,*,#3231,.F.);
#1508=ORIENTED_EDGE('',*,*,#3232,.F.);
#1509=ORIENTED_EDGE('',*,*,#3233,.F.);
#1510=ORIENTED_EDGE('',*,*,#3234,.F.);
#1511=ORIENTED_EDGE('',*,*,#3235,.F.);
#1512=ORIENTED_EDGE('',*,*,#3229,.T.);
#1513=ORIENTED_EDGE('',*,*,#3207,.T.);
#1514=ORIENTED_EDGE('',*,*,#3236,.F.);
#1515=ORIENTED_EDGE('',*,*,#3237,.F.);
#1516=ORIENTED_EDGE('',*,*,#3238,.T.);
#1517=ORIENTED_EDGE('',*,*,#3206,.T.);
#1518=ORIENTED_EDGE('',*,*,#3239,.F.);
#1519=ORIENTED_EDGE('',*,*,#3240,.F.);
#1520=ORIENTED_EDGE('',*,*,#3236,.T.);
#1521=ORIENTED_EDGE('',*,*,#3211,.T.);
#1522=ORIENTED_EDGE('',*,*,#3241,.F.);
#1523=ORIENTED_EDGE('',*,*,#3242,.F.);
#1524=ORIENTED_EDGE('',*,*,#3239,.T.);
#1525=ORIENTED_EDGE('',*,*,#3210,.T.);
#1526=ORIENTED_EDGE('',*,*,#3243,.F.);
#1527=ORIENTED_EDGE('',*,*,#3244,.F.);
#1528=ORIENTED_EDGE('',*,*,#3241,.T.);
#1529=ORIENTED_EDGE('',*,*,#3209,.T.);
#1530=ORIENTED_EDGE('',*,*,#3245,.F.);
#1531=ORIENTED_EDGE('',*,*,#3246,.F.);
#1532=ORIENTED_EDGE('',*,*,#3243,.T.);
#1533=ORIENTED_EDGE('',*,*,#3208,.T.);
#1534=ORIENTED_EDGE('',*,*,#3238,.F.);
#1535=ORIENTED_EDGE('',*,*,#3247,.F.);
#1536=ORIENTED_EDGE('',*,*,#3245,.T.);
#1537=ORIENTED_EDGE('',*,*,#3237,.T.);
#1538=ORIENTED_EDGE('',*,*,#3240,.T.);
#1539=ORIENTED_EDGE('',*,*,#3242,.T.);
#1540=ORIENTED_EDGE('',*,*,#3244,.T.);
#1541=ORIENTED_EDGE('',*,*,#3246,.T.);
#1542=ORIENTED_EDGE('',*,*,#3247,.T.);
#1543=ORIENTED_EDGE('',*,*,#3215,.T.);
#1544=ORIENTED_EDGE('',*,*,#3248,.F.);
#1545=ORIENTED_EDGE('',*,*,#3249,.F.);
#1546=ORIENTED_EDGE('',*,*,#3250,.T.);
#1547=ORIENTED_EDGE('',*,*,#3214,.T.);
#1548=ORIENTED_EDGE('',*,*,#3251,.F.);
#1549=ORIENTED_EDGE('',*,*,#3252,.F.);
#1550=ORIENTED_EDGE('',*,*,#3248,.T.);
#1551=ORIENTED_EDGE('',*,*,#3219,.T.);
#1552=ORIENTED_EDGE('',*,*,#3253,.F.);
#1553=ORIENTED_EDGE('',*,*,#3254,.F.);
#1554=ORIENTED_EDGE('',*,*,#3251,.T.);
#1555=ORIENTED_EDGE('',*,*,#3218,.T.);
#1556=ORIENTED_EDGE('',*,*,#3255,.F.);
#1557=ORIENTED_EDGE('',*,*,#3256,.F.);
#1558=ORIENTED_EDGE('',*,*,#3253,.T.);
#1559=ORIENTED_EDGE('',*,*,#3217,.T.);
#1560=ORIENTED_EDGE('',*,*,#3257,.F.);
#1561=ORIENTED_EDGE('',*,*,#3258,.F.);
#1562=ORIENTED_EDGE('',*,*,#3255,.T.);
#1563=ORIENTED_EDGE('',*,*,#3216,.T.);
#1564=ORIENTED_EDGE('',*,*,#3250,.F.);
#1565=ORIENTED_EDGE('',*,*,#3259,.F.);
#1566=ORIENTED_EDGE('',*,*,#3257,.T.);
#1567=ORIENTED_EDGE('',*,*,#3249,.T.);
#1568=ORIENTED_EDGE('',*,*,#3252,.T.);
#1569=ORIENTED_EDGE('',*,*,#3254,.T.);
#1570=ORIENTED_EDGE('',*,*,#3256,.T.);
#1571=ORIENTED_EDGE('',*,*,#3258,.T.);
#1572=ORIENTED_EDGE('',*,*,#3259,.T.);
#1573=ORIENTED_EDGE('',*,*,#3223,.T.);
#1574=ORIENTED_EDGE('',*,*,#3260,.F.);
#1575=ORIENTED_EDGE('',*,*,#3261,.F.);
#1576=ORIENTED_EDGE('',*,*,#3262,.T.);
#1577=ORIENTED_EDGE('',*,*,#3222,.T.);
#1578=ORIENTED_EDGE('',*,*,#3263,.F.);
#1579=ORIENTED_EDGE('',*,*,#3264,.F.);
#1580=ORIENTED_EDGE('',*,*,#3260,.T.);
#1581=ORIENTED_EDGE('',*,*,#3227,.T.);
#1582=ORIENTED_EDGE('',*,*,#3265,.F.);
#1583=ORIENTED_EDGE('',*,*,#3266,.F.);
#1584=ORIENTED_EDGE('',*,*,#3263,.T.);
#1585=ORIENTED_EDGE('',*,*,#3226,.T.);
#1586=ORIENTED_EDGE('',*,*,#3267,.F.);
#1587=ORIENTED_EDGE('',*,*,#3268,.F.);
#1588=ORIENTED_EDGE('',*,*,#3265,.T.);
#1589=ORIENTED_EDGE('',*,*,#3225,.T.);
#1590=ORIENTED_EDGE('',*,*,#3269,.F.);
#1591=ORIENTED_EDGE('',*,*,#3270,.F.);
#1592=ORIENTED_EDGE('',*,*,#3267,.T.);
#1593=ORIENTED_EDGE('',*,*,#3224,.T.);
#1594=ORIENTED_EDGE('',*,*,#3262,.F.);
#1595=ORIENTED_EDGE('',*,*,#3271,.F.);
#1596=ORIENTED_EDGE('',*,*,#3269,.T.);
#1597=ORIENTED_EDGE('',*,*,#3261,.T.);
#1598=ORIENTED_EDGE('',*,*,#3264,.T.);
#1599=ORIENTED_EDGE('',*,*,#3266,.T.);
#1600=ORIENTED_EDGE('',*,*,#3268,.T.);
#1601=ORIENTED_EDGE('',*,*,#3270,.T.);
#1602=ORIENTED_EDGE('',*,*,#3271,.T.);
#1603=ORIENTED_EDGE('',*,*,#3231,.T.);
#1604=ORIENTED_EDGE('',*,*,#3272,.F.);
#1605=ORIENTED_EDGE('',*,*,#3273,.F.);
#1606=ORIENTED_EDGE('',*,*,#3274,.T.);
#1607=ORIENTED_EDGE('',*,*,#3230,.T.);
#1608=ORIENTED_EDGE('',*,*,#3275,.F.);
#1609=ORIENTED_EDGE('',*,*,#3276,.F.);
#1610=ORIENTED_EDGE('',*,*,#3272,.T.);
#1611=ORIENTED_EDGE('',*,*,#3235,.T.);
#1612=ORIENTED_EDGE('',*,*,#3277,.F.);
#1613=ORIENTED_EDGE('',*,*,#3278,.F.);
#1614=ORIENTED_EDGE('',*,*,#3275,.T.);
#1615=ORIENTED_EDGE('',*,*,#3234,.T.);
#1616=ORIENTED_EDGE('',*,*,#3279,.F.);
#1617=ORIENTED_EDGE('',*,*,#3280,.F.);
#1618=ORIENTED_EDGE('',*,*,#3277,.T.);
#1619=ORIENTED_EDGE('',*,*,#3233,.T.);
#1620=ORIENTED_EDGE('',*,*,#3281,.F.);
#1621=ORIENTED_EDGE('',*,*,#3282,.F.);
#1622=ORIENTED_EDGE('',*,*,#3279,.T.);
#1623=ORIENTED_EDGE('',*,*,#3232,.T.);
#1624=ORIENTED_EDGE('',*,*,#3274,.F.);
#1625=ORIENTED_EDGE('',*,*,#3283,.F.);
#1626=ORIENTED_EDGE('',*,*,#3281,.T.);
#1627=ORIENTED_EDGE('',*,*,#3273,.T.);
#1628=ORIENTED_EDGE('',*,*,#3276,.T.);
#1629=ORIENTED_EDGE('',*,*,#3278,.T.);
#1630=ORIENTED_EDGE('',*,*,#3280,.T.);
#1631=ORIENTED_EDGE('',*,*,#3282,.T.);
#1632=ORIENTED_EDGE('',*,*,#3283,.T.);
#1633=ORIENTED_EDGE('',*,*,#3284,.T.);
#1634=ORIENTED_EDGE('',*,*,#3285,.F.);
#1635=ORIENTED_EDGE('',*,*,#2803,.F.);
#1636=ORIENTED_EDGE('',*,*,#2831,.F.);
#1637=ORIENTED_EDGE('',*,*,#2804,.T.);
#1638=ORIENTED_EDGE('',*,*,#3286,.F.);
#1639=ORIENTED_EDGE('',*,*,#3284,.F.);
#1640=ORIENTED_EDGE('',*,*,#2830,.F.);
#1641=ORIENTED_EDGE('',*,*,#2812,.T.);
#1642=ORIENTED_EDGE('',*,*,#3287,.T.);
#1643=ORIENTED_EDGE('',*,*,#2810,.T.);
#1644=ORIENTED_EDGE('',*,*,#2813,.T.);
#1645=ORIENTED_EDGE('',*,*,#2778,.T.);
#1646=ORIENTED_EDGE('',*,*,#3285,.T.);
#1647=ORIENTED_EDGE('',*,*,#3286,.T.);
#1648=ORIENTED_EDGE('',*,*,#2821,.T.);
#1649=ORIENTED_EDGE('',*,*,#3288,.F.);
#1650=ORIENTED_EDGE('',*,*,#2819,.T.);
#1651=ORIENTED_EDGE('',*,*,#3289,.T.);
#1652=ORIENTED_EDGE('',*,*,#3290,.T.);
#1653=ORIENTED_EDGE('',*,*,#2800,.T.);
#1654=ORIENTED_EDGE('',*,*,#2815,.T.);
#1655=ORIENTED_EDGE('',*,*,#3291,.T.);
#1656=ORIENTED_EDGE('',*,*,#3289,.F.);
#1657=ORIENTED_EDGE('',*,*,#2818,.F.);
#1658=ORIENTED_EDGE('',*,*,#2828,.F.);
#1659=ORIENTED_EDGE('',*,*,#2801,.T.);
#1660=ORIENTED_EDGE('',*,*,#3290,.F.);
#1661=ORIENTED_EDGE('',*,*,#3291,.F.);
#1662=ORIENTED_EDGE('',*,*,#2827,.F.);
#1663=ORIENTED_EDGE('',*,*,#3292,.F.);
#1664=ORIENTED_EDGE('',*,*,#3293,.F.);
#1665=ORIENTED_EDGE('',*,*,#3294,.F.);
#1666=ORIENTED_EDGE('',*,*,#3295,.F.);
#1667=ORIENTED_EDGE('',*,*,#3296,.F.);
#1668=ORIENTED_EDGE('',*,*,#3297,.F.);
#1669=ORIENTED_EDGE('',*,*,#3298,.F.);
#1670=ORIENTED_EDGE('',*,*,#3299,.F.);
#1671=ORIENTED_EDGE('',*,*,#3298,.T.);
#1672=ORIENTED_EDGE('',*,*,#3300,.F.);
#1673=ORIENTED_EDGE('',*,*,#3299,.T.);
#1674=ORIENTED_EDGE('',*,*,#3301,.F.);
#1675=ORIENTED_EDGE('',*,*,#3013,.T.);
#1676=ORIENTED_EDGE('',*,*,#3300,.T.);
#1677=ORIENTED_EDGE('',*,*,#2994,.T.);
#1678=ORIENTED_EDGE('',*,*,#3301,.T.);
#1679=ORIENTED_EDGE('',*,*,#3293,.T.);
#1680=ORIENTED_EDGE('',*,*,#3302,.F.);
#1681=ORIENTED_EDGE('',*,*,#3303,.F.);
#1682=ORIENTED_EDGE('',*,*,#3304,.T.);
#1683=ORIENTED_EDGE('',*,*,#3292,.T.);
#1684=ORIENTED_EDGE('',*,*,#3305,.F.);
#1685=ORIENTED_EDGE('',*,*,#3306,.F.);
#1686=ORIENTED_EDGE('',*,*,#3302,.T.);
#1687=ORIENTED_EDGE('',*,*,#3297,.T.);
#1688=ORIENTED_EDGE('',*,*,#3307,.F.);
#1689=ORIENTED_EDGE('',*,*,#3308,.F.);
#1690=ORIENTED_EDGE('',*,*,#3305,.T.);
#1691=ORIENTED_EDGE('',*,*,#3296,.T.);
#1692=ORIENTED_EDGE('',*,*,#3309,.F.);
#1693=ORIENTED_EDGE('',*,*,#3310,.F.);
#1694=ORIENTED_EDGE('',*,*,#3307,.T.);
#1695=ORIENTED_EDGE('',*,*,#3295,.T.);
#1696=ORIENTED_EDGE('',*,*,#3311,.F.);
#1697=ORIENTED_EDGE('',*,*,#3312,.F.);
#1698=ORIENTED_EDGE('',*,*,#3309,.T.);
#1699=ORIENTED_EDGE('',*,*,#3294,.T.);
#1700=ORIENTED_EDGE('',*,*,#3304,.F.);
#1701=ORIENTED_EDGE('',*,*,#3313,.F.);
#1702=ORIENTED_EDGE('',*,*,#3311,.T.);
#1703=ORIENTED_EDGE('',*,*,#3303,.T.);
#1704=ORIENTED_EDGE('',*,*,#3306,.T.);
#1705=ORIENTED_EDGE('',*,*,#3308,.T.);
#1706=ORIENTED_EDGE('',*,*,#3310,.T.);
#1707=ORIENTED_EDGE('',*,*,#3312,.T.);
#1708=ORIENTED_EDGE('',*,*,#3313,.T.);
#1709=ORIENTED_EDGE('',*,*,#3314,.F.);
#1710=ORIENTED_EDGE('',*,*,#2811,.T.);
#1711=ORIENTED_EDGE('',*,*,#3315,.F.);
#1712=ORIENTED_EDGE('',*,*,#3314,.T.);
#1713=ORIENTED_EDGE('',*,*,#3287,.F.);
#1714=ORIENTED_EDGE('',*,*,#3316,.F.);
#1715=ORIENTED_EDGE('',*,*,#3315,.T.);
#1716=ORIENTED_EDGE('',*,*,#3317,.F.);
#1717=ORIENTED_EDGE('',*,*,#3316,.T.);
#1718=ORIENTED_EDGE('',*,*,#3318,.F.);
#1719=ORIENTED_EDGE('',*,*,#3319,.F.);
#1720=ORIENTED_EDGE('',*,*,#3320,.F.);
#1721=ORIENTED_EDGE('',*,*,#3321,.F.);
#1722=ORIENTED_EDGE('',*,*,#3322,.F.);
#1723=ORIENTED_EDGE('',*,*,#3323,.F.);
#1724=ORIENTED_EDGE('',*,*,#3317,.T.);
#1725=ORIENTED_EDGE('',*,*,#3319,.T.);
#1726=ORIENTED_EDGE('',*,*,#3324,.F.);
#1727=ORIENTED_EDGE('',*,*,#3325,.F.);
#1728=ORIENTED_EDGE('',*,*,#3326,.T.);
#1729=ORIENTED_EDGE('',*,*,#3318,.T.);
#1730=ORIENTED_EDGE('',*,*,#3327,.F.);
#1731=ORIENTED_EDGE('',*,*,#3328,.F.);
#1732=ORIENTED_EDGE('',*,*,#3324,.T.);
#1733=ORIENTED_EDGE('',*,*,#3323,.T.);
#1734=ORIENTED_EDGE('',*,*,#3329,.F.);
#1735=ORIENTED_EDGE('',*,*,#3330,.F.);
#1736=ORIENTED_EDGE('',*,*,#3327,.T.);
#1737=ORIENTED_EDGE('',*,*,#3322,.T.);
#1738=ORIENTED_EDGE('',*,*,#3331,.F.);
#1739=ORIENTED_EDGE('',*,*,#3332,.F.);
#1740=ORIENTED_EDGE('',*,*,#3329,.T.);
#1741=ORIENTED_EDGE('',*,*,#3321,.T.);
#1742=ORIENTED_EDGE('',*,*,#3333,.F.);
#1743=ORIENTED_EDGE('',*,*,#3334,.F.);
#1744=ORIENTED_EDGE('',*,*,#3331,.T.);
#1745=ORIENTED_EDGE('',*,*,#3320,.T.);
#1746=ORIENTED_EDGE('',*,*,#3326,.F.);
#1747=ORIENTED_EDGE('',*,*,#3335,.F.);
#1748=ORIENTED_EDGE('',*,*,#3333,.T.);
#1749=ORIENTED_EDGE('',*,*,#3325,.T.);
#1750=ORIENTED_EDGE('',*,*,#3328,.T.);
#1751=ORIENTED_EDGE('',*,*,#3330,.T.);
#1752=ORIENTED_EDGE('',*,*,#3332,.T.);
#1753=ORIENTED_EDGE('',*,*,#3334,.T.);
#1754=ORIENTED_EDGE('',*,*,#3335,.T.);
#1755=ORIENTED_EDGE('',*,*,#3336,.T.);
#1756=ORIENTED_EDGE('',*,*,#2943,.F.);
#1757=ORIENTED_EDGE('',*,*,#3337,.F.);
#1758=ORIENTED_EDGE('',*,*,#3338,.F.);
#1759=ORIENTED_EDGE('',*,*,#3339,.F.);
#1760=ORIENTED_EDGE('',*,*,#3340,.F.);
#1761=ORIENTED_EDGE('',*,*,#3341,.F.);
#1762=ORIENTED_EDGE('',*,*,#3342,.F.);
#1763=ORIENTED_EDGE('',*,*,#3343,.F.);
#1764=ORIENTED_EDGE('',*,*,#3344,.F.);
#1765=ORIENTED_EDGE('',*,*,#3343,.T.);
#1766=ORIENTED_EDGE('',*,*,#3345,.F.);
#1767=ORIENTED_EDGE('',*,*,#3344,.T.);
#1768=ORIENTED_EDGE('',*,*,#3025,.F.);
#1769=ORIENTED_EDGE('',*,*,#3336,.F.);
#1770=ORIENTED_EDGE('',*,*,#3345,.T.);
#1771=ORIENTED_EDGE('',*,*,#3338,.T.);
#1772=ORIENTED_EDGE('',*,*,#3346,.F.);
#1773=ORIENTED_EDGE('',*,*,#3347,.F.);
#1774=ORIENTED_EDGE('',*,*,#3348,.T.);
#1775=ORIENTED_EDGE('',*,*,#3337,.T.);
#1776=ORIENTED_EDGE('',*,*,#3349,.F.);
#1777=ORIENTED_EDGE('',*,*,#3350,.F.);
#1778=ORIENTED_EDGE('',*,*,#3346,.T.);
#1779=ORIENTED_EDGE('',*,*,#3342,.T.);
#1780=ORIENTED_EDGE('',*,*,#3351,.F.);
#1781=ORIENTED_EDGE('',*,*,#3352,.F.);
#1782=ORIENTED_EDGE('',*,*,#3349,.T.);
#1783=ORIENTED_EDGE('',*,*,#3341,.T.);
#1784=ORIENTED_EDGE('',*,*,#3353,.F.);
#1785=ORIENTED_EDGE('',*,*,#3354,.F.);
#1786=ORIENTED_EDGE('',*,*,#3351,.T.);
#1787=ORIENTED_EDGE('',*,*,#3340,.T.);
#1788=ORIENTED_EDGE('',*,*,#3355,.F.);
#1789=ORIENTED_EDGE('',*,*,#3356,.F.);
#1790=ORIENTED_EDGE('',*,*,#3353,.T.);
#1791=ORIENTED_EDGE('',*,*,#3339,.T.);
#1792=ORIENTED_EDGE('',*,*,#3348,.F.);
#1793=ORIENTED_EDGE('',*,*,#3357,.F.);
#1794=ORIENTED_EDGE('',*,*,#3355,.T.);
#1795=ORIENTED_EDGE('',*,*,#3347,.T.);
#1796=ORIENTED_EDGE('',*,*,#3350,.T.);
#1797=ORIENTED_EDGE('',*,*,#3352,.T.);
#1798=ORIENTED_EDGE('',*,*,#3354,.T.);
#1799=ORIENTED_EDGE('',*,*,#3356,.T.);
#1800=ORIENTED_EDGE('',*,*,#3357,.T.);
#1801=ORIENTED_EDGE('',*,*,#3358,.F.);
#1802=ORIENTED_EDGE('',*,*,#2820,.T.);
#1803=ORIENTED_EDGE('',*,*,#3359,.F.);
#1804=ORIENTED_EDGE('',*,*,#3288,.T.);
#1805=ORIENTED_EDGE('',*,*,#3358,.T.);
#1806=ORIENTED_EDGE('',*,*,#3360,.F.);
#1807=ORIENTED_EDGE('',*,*,#3359,.T.);
#1808=ORIENTED_EDGE('',*,*,#3361,.F.);
#1809=ORIENTED_EDGE('',*,*,#3360,.T.);
#1810=ORIENTED_EDGE('',*,*,#3362,.F.);
#1811=ORIENTED_EDGE('',*,*,#3363,.F.);
#1812=ORIENTED_EDGE('',*,*,#3364,.F.);
#1813=ORIENTED_EDGE('',*,*,#3365,.F.);
#1814=ORIENTED_EDGE('',*,*,#3366,.F.);
#1815=ORIENTED_EDGE('',*,*,#3367,.F.);
#1816=ORIENTED_EDGE('',*,*,#3361,.T.);
#1817=ORIENTED_EDGE('',*,*,#3363,.T.);
#1818=ORIENTED_EDGE('',*,*,#3368,.F.);
#1819=ORIENTED_EDGE('',*,*,#3369,.F.);
#1820=ORIENTED_EDGE('',*,*,#3370,.T.);
#1821=ORIENTED_EDGE('',*,*,#3362,.T.);
#1822=ORIENTED_EDGE('',*,*,#3371,.F.);
#1823=ORIENTED_EDGE('',*,*,#3372,.F.);
#1824=ORIENTED_EDGE('',*,*,#3368,.T.);
#1825=ORIENTED_EDGE('',*,*,#3367,.T.);
#1826=ORIENTED_EDGE('',*,*,#3373,.F.);
#1827=ORIENTED_EDGE('',*,*,#3374,.F.);
#1828=ORIENTED_EDGE('',*,*,#3371,.T.);
#1829=ORIENTED_EDGE('',*,*,#3366,.T.);
#1830=ORIENTED_EDGE('',*,*,#3375,.F.);
#1831=ORIENTED_EDGE('',*,*,#3376,.F.);
#1832=ORIENTED_EDGE('',*,*,#3373,.T.);
#1833=ORIENTED_EDGE('',*,*,#3365,.T.);
#1834=ORIENTED_EDGE('',*,*,#3377,.F.);
#1835=ORIENTED_EDGE('',*,*,#3378,.F.);
#1836=ORIENTED_EDGE('',*,*,#3375,.T.);
#1837=ORIENTED_EDGE('',*,*,#3364,.T.);
#1838=ORIENTED_EDGE('',*,*,#3370,.F.);
#1839=ORIENTED_EDGE('',*,*,#3379,.F.);
#1840=ORIENTED_EDGE('',*,*,#3377,.T.);
#1841=ORIENTED_EDGE('',*,*,#3369,.T.);
#1842=ORIENTED_EDGE('',*,*,#3372,.T.);
#1843=ORIENTED_EDGE('',*,*,#3374,.T.);
#1844=ORIENTED_EDGE('',*,*,#3376,.T.);
#1845=ORIENTED_EDGE('',*,*,#3378,.T.);
#1846=ORIENTED_EDGE('',*,*,#3379,.T.);
#1847=ORIENTED_EDGE('',*,*,#2846,.T.);
#1848=ORIENTED_EDGE('',*,*,#2773,.T.);
#1849=ORIENTED_EDGE('',*,*,#2769,.T.);
#1850=ORIENTED_EDGE('',*,*,#3380,.F.);
#1851=ORIENTED_EDGE('',*,*,#2842,.T.);
#1852=ORIENTED_EDGE('',*,*,#3381,.T.);
#1853=ORIENTED_EDGE('',*,*,#2770,.T.);
#1854=ORIENTED_EDGE('',*,*,#3381,.F.);
#1855=ORIENTED_EDGE('',*,*,#2845,.T.);
#1856=ORIENTED_EDGE('',*,*,#3382,.T.);
#1857=ORIENTED_EDGE('',*,*,#2771,.T.);
#1858=ORIENTED_EDGE('',*,*,#3382,.F.);
#1859=ORIENTED_EDGE('',*,*,#2844,.T.);
#1860=ORIENTED_EDGE('',*,*,#3383,.T.);
#1861=ORIENTED_EDGE('',*,*,#2772,.T.);
#1862=ORIENTED_EDGE('',*,*,#3383,.F.);
#1863=ORIENTED_EDGE('',*,*,#2843,.T.);
#1864=ORIENTED_EDGE('',*,*,#3380,.T.);
#1865=ORIENTED_EDGE('',*,*,#3384,.F.);
#1866=ORIENTED_EDGE('',*,*,#3385,.T.);
#1867=ORIENTED_EDGE('',*,*,#3386,.T.);
#1868=ORIENTED_EDGE('',*,*,#3387,.F.);
#1869=ORIENTED_EDGE('',*,*,#3388,.F.);
#1870=ORIENTED_EDGE('',*,*,#3389,.T.);
#1871=ORIENTED_EDGE('',*,*,#3390,.T.);
#1872=ORIENTED_EDGE('',*,*,#3391,.T.);
#1873=ORIENTED_EDGE('',*,*,#3392,.F.);
#1874=ORIENTED_EDGE('',*,*,#3393,.T.);
#1875=ORIENTED_EDGE('',*,*,#3394,.F.);
#1876=ORIENTED_EDGE('',*,*,#3395,.T.);
#1877=ORIENTED_EDGE('',*,*,#3396,.T.);
#1878=ORIENTED_EDGE('',*,*,#3397,.F.);
#1879=ORIENTED_EDGE('',*,*,#3398,.T.);
#1880=ORIENTED_EDGE('',*,*,#3399,.T.);
#1881=ORIENTED_EDGE('',*,*,#3400,.T.);
#1882=ORIENTED_EDGE('',*,*,#3401,.T.);
#1883=ORIENTED_EDGE('',*,*,#3402,.T.);
#1884=ORIENTED_EDGE('',*,*,#3403,.T.);
#1885=ORIENTED_EDGE('',*,*,#3404,.T.);
#1886=ORIENTED_EDGE('',*,*,#3405,.T.);
#1887=ORIENTED_EDGE('',*,*,#3406,.T.);
#1888=ORIENTED_EDGE('',*,*,#3407,.T.);
#1889=ORIENTED_EDGE('',*,*,#3408,.T.);
#1890=ORIENTED_EDGE('',*,*,#3409,.T.);
#1891=ORIENTED_EDGE('',*,*,#3410,.T.);
#1892=ORIENTED_EDGE('',*,*,#3411,.T.);
#1893=ORIENTED_EDGE('',*,*,#3412,.T.);
#1894=ORIENTED_EDGE('',*,*,#3413,.T.);
#1895=ORIENTED_EDGE('',*,*,#3414,.T.);
#1896=ORIENTED_EDGE('',*,*,#3415,.T.);
#1897=ORIENTED_EDGE('',*,*,#3416,.T.);
#1898=ORIENTED_EDGE('',*,*,#3417,.T.);
#1899=ORIENTED_EDGE('',*,*,#3418,.T.);
#1900=ORIENTED_EDGE('',*,*,#3419,.T.);
#1901=ORIENTED_EDGE('',*,*,#3420,.T.);
#1902=ORIENTED_EDGE('',*,*,#3421,.F.);
#1903=ORIENTED_EDGE('',*,*,#3422,.F.);
#1904=ORIENTED_EDGE('',*,*,#3423,.F.);
#1905=ORIENTED_EDGE('',*,*,#3424,.T.);
#1906=ORIENTED_EDGE('',*,*,#3425,.T.);
#1907=ORIENTED_EDGE('',*,*,#3426,.F.);
#1908=ORIENTED_EDGE('',*,*,#3427,.F.);
#1909=ORIENTED_EDGE('',*,*,#3428,.T.);
#1910=ORIENTED_EDGE('',*,*,#3429,.T.);
#1911=ORIENTED_EDGE('',*,*,#3430,.T.);
#1912=ORIENTED_EDGE('',*,*,#3431,.F.);
#1913=ORIENTED_EDGE('',*,*,#3432,.T.);
#1914=ORIENTED_EDGE('',*,*,#3433,.F.);
#1915=ORIENTED_EDGE('',*,*,#3434,.F.);
#1916=ORIENTED_EDGE('',*,*,#3429,.F.);
#1917=ORIENTED_EDGE('',*,*,#3435,.T.);
#1918=ORIENTED_EDGE('',*,*,#3420,.F.);
#1919=ORIENTED_EDGE('',*,*,#3436,.T.);
#1920=ORIENTED_EDGE('',*,*,#3437,.F.);
#1921=ORIENTED_EDGE('',*,*,#3438,.F.);
#1922=ORIENTED_EDGE('',*,*,#3400,.F.);
#1923=ORIENTED_EDGE('',*,*,#3439,.F.);
#1924=ORIENTED_EDGE('',*,*,#3427,.T.);
#1925=ORIENTED_EDGE('',*,*,#3440,.F.);
#1926=ORIENTED_EDGE('',*,*,#3385,.F.);
#1927=ORIENTED_EDGE('',*,*,#3441,.F.);
#1928=ORIENTED_EDGE('',*,*,#3393,.F.);
#1929=ORIENTED_EDGE('',*,*,#3442,.F.);
#1930=ORIENTED_EDGE('',*,*,#3431,.T.);
#1931=ORIENTED_EDGE('',*,*,#3443,.T.);
#1932=ORIENTED_EDGE('',*,*,#3444,.T.);
#1933=ORIENTED_EDGE('',*,*,#3445,.F.);
#1934=ORIENTED_EDGE('',*,*,#3446,.T.);
#1935=ORIENTED_EDGE('',*,*,#3447,.F.);
#1936=ORIENTED_EDGE('',*,*,#3448,.T.);
#1937=ORIENTED_EDGE('',*,*,#3449,.T.);
#1938=ORIENTED_EDGE('',*,*,#3450,.T.);
#1939=ORIENTED_EDGE('',*,*,#3451,.F.);
#1940=ORIENTED_EDGE('',*,*,#3452,.T.);
#1941=ORIENTED_EDGE('',*,*,#3453,.F.);
#1942=ORIENTED_EDGE('',*,*,#3454,.T.);
#1943=ORIENTED_EDGE('',*,*,#3444,.F.);
#1944=ORIENTED_EDGE('',*,*,#3455,.T.);
#1945=ORIENTED_EDGE('',*,*,#3456,.F.);
#1946=ORIENTED_EDGE('',*,*,#3457,.F.);
#1947=ORIENTED_EDGE('',*,*,#3458,.F.);
#1948=ORIENTED_EDGE('',*,*,#3459,.F.);
#1949=ORIENTED_EDGE('',*,*,#3460,.F.);
#1950=ORIENTED_EDGE('',*,*,#3450,.F.);
#1951=ORIENTED_EDGE('',*,*,#3461,.F.);
#1952=ORIENTED_EDGE('',*,*,#3462,.F.);
#1953=ORIENTED_EDGE('',*,*,#3463,.F.);
#1954=ORIENTED_EDGE('',*,*,#3464,.F.);
#1955=ORIENTED_EDGE('',*,*,#3465,.F.);
#1956=ORIENTED_EDGE('',*,*,#3466,.F.);
#1957=ORIENTED_EDGE('',*,*,#3467,.F.);
#1958=ORIENTED_EDGE('',*,*,#3468,.F.);
#1959=ORIENTED_EDGE('',*,*,#3469,.F.);
#1960=ORIENTED_EDGE('',*,*,#3470,.F.);
#1961=ORIENTED_EDGE('',*,*,#3471,.F.);
#1962=ORIENTED_EDGE('',*,*,#3472,.F.);
#1963=ORIENTED_EDGE('',*,*,#3473,.F.);
#1964=ORIENTED_EDGE('',*,*,#3474,.F.);
#1965=ORIENTED_EDGE('',*,*,#3475,.F.);
#1966=ORIENTED_EDGE('',*,*,#3476,.F.);
#1967=ORIENTED_EDGE('',*,*,#3477,.F.);
#1968=ORIENTED_EDGE('',*,*,#3478,.F.);
#1969=ORIENTED_EDGE('',*,*,#3479,.F.);
#1970=ORIENTED_EDGE('',*,*,#3446,.F.);
#1971=ORIENTED_EDGE('',*,*,#3480,.T.);
#1972=ORIENTED_EDGE('',*,*,#3481,.T.);
#1973=ORIENTED_EDGE('',*,*,#3482,.F.);
#1974=ORIENTED_EDGE('',*,*,#3483,.F.);
#1975=ORIENTED_EDGE('',*,*,#3484,.T.);
#1976=ORIENTED_EDGE('',*,*,#3485,.T.);
#1977=ORIENTED_EDGE('',*,*,#3486,.T.);
#1978=ORIENTED_EDGE('',*,*,#3487,.F.);
#1979=ORIENTED_EDGE('',*,*,#3488,.F.);
#1980=ORIENTED_EDGE('',*,*,#3489,.F.);
#1981=ORIENTED_EDGE('',*,*,#3454,.F.);
#1982=ORIENTED_EDGE('',*,*,#3490,.F.);
#1983=ORIENTED_EDGE('',*,*,#3486,.F.);
#1984=ORIENTED_EDGE('',*,*,#3491,.F.);
#1985=ORIENTED_EDGE('',*,*,#3492,.F.);
#1986=ORIENTED_EDGE('',*,*,#3493,.F.);
#1987=ORIENTED_EDGE('',*,*,#3422,.T.);
#1988=ORIENTED_EDGE('',*,*,#3494,.T.);
#1989=ORIENTED_EDGE('',*,*,#3390,.F.);
#1990=ORIENTED_EDGE('',*,*,#3495,.F.);
#1991=ORIENTED_EDGE('',*,*,#3386,.F.);
#1992=ORIENTED_EDGE('',*,*,#3440,.T.);
#1993=ORIENTED_EDGE('',*,*,#3426,.T.);
#1994=ORIENTED_EDGE('',*,*,#3496,.F.);
#1995=ORIENTED_EDGE('',*,*,#3497,.F.);
#1996=ORIENTED_EDGE('',*,*,#3492,.T.);
#1997=ORIENTED_EDGE('',*,*,#3498,.F.);
#1998=ORIENTED_EDGE('',*,*,#3499,.F.);
#1999=ORIENTED_EDGE('',*,*,#3500,.T.);
#2000=ORIENTED_EDGE('',*,*,#3501,.T.);
#2001=ORIENTED_EDGE('',*,*,#3502,.F.);
#2002=ORIENTED_EDGE('',*,*,#3503,.T.);
#2003=ORIENTED_EDGE('',*,*,#3504,.T.);
#2004=ORIENTED_EDGE('',*,*,#3488,.T.);
#2005=ORIENTED_EDGE('',*,*,#3505,.F.);
#2006=ORIENTED_EDGE('',*,*,#3481,.F.);
#2007=ORIENTED_EDGE('',*,*,#3506,.T.);
#2008=ORIENTED_EDGE('',*,*,#3502,.T.);
#2009=ORIENTED_EDGE('',*,*,#3507,.F.);
#2010=ORIENTED_EDGE('',*,*,#3498,.T.);
#2011=ORIENTED_EDGE('',*,*,#3491,.T.);
#2012=ORIENTED_EDGE('',*,*,#3485,.F.);
#2013=ORIENTED_EDGE('',*,*,#3508,.F.);
#2014=ORIENTED_EDGE('',*,*,#3509,.F.);
#2015=ORIENTED_EDGE('',*,*,#3510,.F.);
#2016=ORIENTED_EDGE('',*,*,#3511,.F.);
#2017=ORIENTED_EDGE('',*,*,#3512,.F.);
#2018=ORIENTED_EDGE('',*,*,#3513,.F.);
#2019=ORIENTED_EDGE('',*,*,#3514,.T.);
#2020=ORIENTED_EDGE('',*,*,#3515,.T.);
#2021=ORIENTED_EDGE('',*,*,#3516,.F.);
#2022=ORIENTED_EDGE('',*,*,#3517,.F.);
#2023=ORIENTED_EDGE('',*,*,#3518,.F.);
#2024=ORIENTED_EDGE('',*,*,#3519,.F.);
#2025=ORIENTED_EDGE('',*,*,#3520,.F.);
#2026=ORIENTED_EDGE('',*,*,#3521,.T.);
#2027=ORIENTED_EDGE('',*,*,#3522,.F.);
#2028=ORIENTED_EDGE('',*,*,#3523,.F.);
#2029=ORIENTED_EDGE('',*,*,#3513,.T.);
#2030=ORIENTED_EDGE('',*,*,#3524,.T.);
#2031=ORIENTED_EDGE('',*,*,#3525,.T.);
#2032=ORIENTED_EDGE('',*,*,#3526,.T.);
#2033=ORIENTED_EDGE('',*,*,#3527,.T.);
#2034=ORIENTED_EDGE('',*,*,#3437,.T.);
#2035=ORIENTED_EDGE('',*,*,#3528,.T.);
#2036=ORIENTED_EDGE('',*,*,#3529,.T.);
#2037=ORIENTED_EDGE('',*,*,#3530,.T.);
#2038=ORIENTED_EDGE('',*,*,#3531,.T.);
#2039=ORIENTED_EDGE('',*,*,#3523,.T.);
#2040=ORIENTED_EDGE('',*,*,#3532,.T.);
#2041=ORIENTED_EDGE('',*,*,#3533,.T.);
#2042=ORIENTED_EDGE('',*,*,#3534,.T.);
#2043=ORIENTED_EDGE('',*,*,#3535,.T.);
#2044=ORIENTED_EDGE('',*,*,#3536,.T.);
#2045=ORIENTED_EDGE('',*,*,#3537,.T.);
#2046=ORIENTED_EDGE('',*,*,#3538,.F.);
#2047=ORIENTED_EDGE('',*,*,#3539,.T.);
#2048=ORIENTED_EDGE('',*,*,#3540,.F.);
#2049=ORIENTED_EDGE('',*,*,#3541,.T.);
#2050=ORIENTED_EDGE('',*,*,#3542,.T.);
#2051=ORIENTED_EDGE('',*,*,#3543,.T.);
#2052=ORIENTED_EDGE('',*,*,#3544,.T.);
#2053=ORIENTED_EDGE('',*,*,#3545,.T.);
#2054=ORIENTED_EDGE('',*,*,#3546,.T.);
#2055=ORIENTED_EDGE('',*,*,#3547,.F.);
#2056=ORIENTED_EDGE('',*,*,#3515,.F.);
#2057=ORIENTED_EDGE('',*,*,#3548,.F.);
#2058=ORIENTED_EDGE('',*,*,#3549,.F.);
#2059=ORIENTED_EDGE('',*,*,#3550,.F.);
#2060=ORIENTED_EDGE('',*,*,#3551,.F.);
#2061=ORIENTED_EDGE('',*,*,#3552,.F.);
#2062=ORIENTED_EDGE('',*,*,#3553,.F.);
#2063=ORIENTED_EDGE('',*,*,#3554,.T.);
#2064=ORIENTED_EDGE('',*,*,#3555,.F.);
#2065=ORIENTED_EDGE('',*,*,#3556,.T.);
#2066=ORIENTED_EDGE('',*,*,#3557,.F.);
#2067=ORIENTED_EDGE('',*,*,#3558,.F.);
#2068=ORIENTED_EDGE('',*,*,#3559,.F.);
#2069=ORIENTED_EDGE('',*,*,#3560,.F.);
#2070=ORIENTED_EDGE('',*,*,#3561,.F.);
#2071=ORIENTED_EDGE('',*,*,#3562,.F.);
#2072=ORIENTED_EDGE('',*,*,#3521,.F.);
#2073=ORIENTED_EDGE('',*,*,#3563,.F.);
#2074=ORIENTED_EDGE('',*,*,#3564,.F.);
#2075=ORIENTED_EDGE('',*,*,#3565,.F.);
#2076=ORIENTED_EDGE('',*,*,#3566,.F.);
#2077=ORIENTED_EDGE('',*,*,#3448,.F.);
#2078=ORIENTED_EDGE('',*,*,#3567,.F.);
#2079=ORIENTED_EDGE('',*,*,#3568,.F.);
#2080=ORIENTED_EDGE('',*,*,#3569,.F.);
#2081=ORIENTED_EDGE('',*,*,#3550,.T.);
#2082=ORIENTED_EDGE('',*,*,#3570,.F.);
#2083=ORIENTED_EDGE('',*,*,#3544,.F.);
#2084=ORIENTED_EDGE('',*,*,#3571,.T.);
#2085=ORIENTED_EDGE('',*,*,#3572,.T.);
#2086=ORIENTED_EDGE('',*,*,#3573,.T.);
#2087=ORIENTED_EDGE('',*,*,#3549,.T.);
#2088=ORIENTED_EDGE('',*,*,#3574,.F.);
#2089=ORIENTED_EDGE('',*,*,#3545,.F.);
#2090=ORIENTED_EDGE('',*,*,#3570,.T.);
#2091=ORIENTED_EDGE('',*,*,#3548,.T.);
#2092=ORIENTED_EDGE('',*,*,#3514,.F.);
#2093=ORIENTED_EDGE('',*,*,#3546,.F.);
#2094=ORIENTED_EDGE('',*,*,#3574,.T.);
#2095=ORIENTED_EDGE('',*,*,#3562,.T.);
#2096=ORIENTED_EDGE('',*,*,#3575,.F.);
#2097=ORIENTED_EDGE('',*,*,#3532,.F.);
#2098=ORIENTED_EDGE('',*,*,#3522,.T.);
#2099=ORIENTED_EDGE('',*,*,#3576,.F.);
#2100=ORIENTED_EDGE('',*,*,#3577,.F.);
#2101=ORIENTED_EDGE('',*,*,#3561,.T.);
#2102=ORIENTED_EDGE('',*,*,#3578,.F.);
#2103=ORIENTED_EDGE('',*,*,#3533,.F.);
#2104=ORIENTED_EDGE('',*,*,#3575,.T.);
#2105=ORIENTED_EDGE('',*,*,#3560,.T.);
#2106=ORIENTED_EDGE('',*,*,#3579,.F.);
#2107=ORIENTED_EDGE('',*,*,#3534,.F.);
#2108=ORIENTED_EDGE('',*,*,#3578,.T.);
#2109=ORIENTED_EDGE('',*,*,#3580,.F.);
#2110=ORIENTED_EDGE('',*,*,#3581,.F.);
#2111=ORIENTED_EDGE('',*,*,#3582,.F.);
#2112=ORIENTED_EDGE('',*,*,#3583,.F.);
#2113=ORIENTED_EDGE('',*,*,#3584,.T.);
#2114=ORIENTED_EDGE('',*,*,#3585,.T.);
#2115=ORIENTED_EDGE('',*,*,#3559,.T.);
#2116=ORIENTED_EDGE('',*,*,#3586,.F.);
#2117=ORIENTED_EDGE('',*,*,#3535,.F.);
#2118=ORIENTED_EDGE('',*,*,#3579,.T.);
#2119=ORIENTED_EDGE('',*,*,#3558,.T.);
#2120=ORIENTED_EDGE('',*,*,#3587,.F.);
#2121=ORIENTED_EDGE('',*,*,#3536,.F.);
#2122=ORIENTED_EDGE('',*,*,#3586,.T.);
#2123=ORIENTED_EDGE('',*,*,#3557,.T.);
#2124=ORIENTED_EDGE('',*,*,#3588,.F.);
#2125=ORIENTED_EDGE('',*,*,#3537,.F.);
#2126=ORIENTED_EDGE('',*,*,#3587,.T.);
#2127=ORIENTED_EDGE('',*,*,#3556,.F.);
#2128=ORIENTED_EDGE('',*,*,#3589,.F.);
#2129=ORIENTED_EDGE('',*,*,#3538,.T.);
#2130=ORIENTED_EDGE('',*,*,#3588,.T.);
#2131=ORIENTED_EDGE('',*,*,#3555,.T.);
#2132=ORIENTED_EDGE('',*,*,#3590,.F.);
#2133=ORIENTED_EDGE('',*,*,#3539,.F.);
#2134=ORIENTED_EDGE('',*,*,#3589,.T.);
#2135=ORIENTED_EDGE('',*,*,#3554,.F.);
#2136=ORIENTED_EDGE('',*,*,#3591,.F.);
#2137=ORIENTED_EDGE('',*,*,#3540,.T.);
#2138=ORIENTED_EDGE('',*,*,#3590,.T.);
#2139=ORIENTED_EDGE('',*,*,#3553,.T.);
#2140=ORIENTED_EDGE('',*,*,#3592,.F.);
#2141=ORIENTED_EDGE('',*,*,#3541,.F.);
#2142=ORIENTED_EDGE('',*,*,#3591,.T.);
#2143=ORIENTED_EDGE('',*,*,#3552,.T.);
#2144=ORIENTED_EDGE('',*,*,#3593,.F.);
#2145=ORIENTED_EDGE('',*,*,#3542,.F.);
#2146=ORIENTED_EDGE('',*,*,#3592,.T.);
#2147=ORIENTED_EDGE('',*,*,#3594,.F.);
#2148=ORIENTED_EDGE('',*,*,#3595,.T.);
#2149=ORIENTED_EDGE('',*,*,#3596,.T.);
#2150=ORIENTED_EDGE('',*,*,#3551,.T.);
#2151=ORIENTED_EDGE('',*,*,#3571,.F.);
#2152=ORIENTED_EDGE('',*,*,#3543,.F.);
#2153=ORIENTED_EDGE('',*,*,#3593,.T.);
#2154=ORIENTED_EDGE('',*,*,#3597,.F.);
#2155=ORIENTED_EDGE('',*,*,#3569,.T.);
#2156=ORIENTED_EDGE('',*,*,#3598,.T.);
#2157=ORIENTED_EDGE('',*,*,#3477,.T.);
#2158=ORIENTED_EDGE('',*,*,#3599,.F.);
#2159=ORIENTED_EDGE('',*,*,#3564,.T.);
#2160=ORIENTED_EDGE('',*,*,#3600,.T.);
#2161=ORIENTED_EDGE('',*,*,#3463,.T.);
#2162=ORIENTED_EDGE('',*,*,#3601,.F.);
#2163=ORIENTED_EDGE('',*,*,#3565,.T.);
#2164=ORIENTED_EDGE('',*,*,#3599,.T.);
#2165=ORIENTED_EDGE('',*,*,#3462,.T.);
#2166=ORIENTED_EDGE('',*,*,#3449,.F.);
#2167=ORIENTED_EDGE('',*,*,#3566,.T.);
#2168=ORIENTED_EDGE('',*,*,#3601,.T.);
#2169=ORIENTED_EDGE('',*,*,#3461,.T.);
#2170=ORIENTED_EDGE('',*,*,#3602,.F.);
#2171=ORIENTED_EDGE('',*,*,#3567,.T.);
#2172=ORIENTED_EDGE('',*,*,#3447,.T.);
#2173=ORIENTED_EDGE('',*,*,#3479,.T.);
#2174=ORIENTED_EDGE('',*,*,#3598,.F.);
#2175=ORIENTED_EDGE('',*,*,#3568,.T.);
#2176=ORIENTED_EDGE('',*,*,#3602,.T.);
#2177=ORIENTED_EDGE('',*,*,#3478,.T.);
#2178=ORIENTED_EDGE('',*,*,#3525,.F.);
#2179=ORIENTED_EDGE('',*,*,#3603,.F.);
#2180=ORIENTED_EDGE('',*,*,#3403,.F.);
#2181=ORIENTED_EDGE('',*,*,#3604,.T.);
#2182=ORIENTED_EDGE('',*,*,#3524,.F.);
#2183=ORIENTED_EDGE('',*,*,#3512,.T.);
#2184=ORIENTED_EDGE('',*,*,#3547,.T.);
#2185=ORIENTED_EDGE('',*,*,#3597,.T.);
#2186=ORIENTED_EDGE('',*,*,#3476,.T.);
#2187=ORIENTED_EDGE('',*,*,#3605,.F.);
#2188=ORIENTED_EDGE('',*,*,#3404,.F.);
#2189=ORIENTED_EDGE('',*,*,#3603,.T.);
#2190=ORIENTED_EDGE('',*,*,#3475,.T.);
#2191=ORIENTED_EDGE('',*,*,#3606,.F.);
#2192=ORIENTED_EDGE('',*,*,#3405,.F.);
#2193=ORIENTED_EDGE('',*,*,#3605,.T.);
#2194=ORIENTED_EDGE('',*,*,#3474,.T.);
#2195=ORIENTED_EDGE('',*,*,#3607,.F.);
#2196=ORIENTED_EDGE('',*,*,#3406,.F.);
#2197=ORIENTED_EDGE('',*,*,#3606,.T.);
#2198=ORIENTED_EDGE('',*,*,#3473,.T.);
#2199=ORIENTED_EDGE('',*,*,#3608,.F.);
#2200=ORIENTED_EDGE('',*,*,#3407,.F.);
#2201=ORIENTED_EDGE('',*,*,#3607,.T.);
#2202=ORIENTED_EDGE('',*,*,#3472,.T.);
#2203=ORIENTED_EDGE('',*,*,#3609,.F.);
#2204=ORIENTED_EDGE('',*,*,#3408,.F.);
#2205=ORIENTED_EDGE('',*,*,#3608,.T.);
#2206=ORIENTED_EDGE('',*,*,#3471,.T.);
#2207=ORIENTED_EDGE('',*,*,#3610,.F.);
#2208=ORIENTED_EDGE('',*,*,#3409,.F.);
#2209=ORIENTED_EDGE('',*,*,#3609,.T.);
#2210=ORIENTED_EDGE('',*,*,#3470,.T.);
#2211=ORIENTED_EDGE('',*,*,#3611,.F.);
#2212=ORIENTED_EDGE('',*,*,#3410,.F.);
#2213=ORIENTED_EDGE('',*,*,#3610,.T.);
#2214=ORIENTED_EDGE('',*,*,#3469,.T.);
#2215=ORIENTED_EDGE('',*,*,#3612,.F.);
#2216=ORIENTED_EDGE('',*,*,#3411,.F.);
#2217=ORIENTED_EDGE('',*,*,#3611,.T.);
#2218=ORIENTED_EDGE('',*,*,#3468,.T.);
#2219=ORIENTED_EDGE('',*,*,#3613,.F.);
#2220=ORIENTED_EDGE('',*,*,#3412,.F.);
#2221=ORIENTED_EDGE('',*,*,#3612,.T.);
#2222=ORIENTED_EDGE('',*,*,#3467,.T.);
#2223=ORIENTED_EDGE('',*,*,#3614,.F.);
#2224=ORIENTED_EDGE('',*,*,#3413,.F.);
#2225=ORIENTED_EDGE('',*,*,#3613,.T.);
#2226=ORIENTED_EDGE('',*,*,#3466,.T.);
#2227=ORIENTED_EDGE('',*,*,#3615,.F.);
#2228=ORIENTED_EDGE('',*,*,#3414,.F.);
#2229=ORIENTED_EDGE('',*,*,#3614,.T.);
#2230=ORIENTED_EDGE('',*,*,#3465,.T.);
#2231=ORIENTED_EDGE('',*,*,#3616,.F.);
#2232=ORIENTED_EDGE('',*,*,#3415,.F.);
#2233=ORIENTED_EDGE('',*,*,#3615,.T.);
#2234=ORIENTED_EDGE('',*,*,#3531,.F.);
#2235=ORIENTED_EDGE('',*,*,#3617,.F.);
#2236=ORIENTED_EDGE('',*,*,#3416,.F.);
#2237=ORIENTED_EDGE('',*,*,#3616,.T.);
#2238=ORIENTED_EDGE('',*,*,#3464,.T.);
#2239=ORIENTED_EDGE('',*,*,#3600,.F.);
#2240=ORIENTED_EDGE('',*,*,#3563,.T.);
#2241=ORIENTED_EDGE('',*,*,#3520,.T.);
#2242=ORIENTED_EDGE('',*,*,#3530,.F.);
#2243=ORIENTED_EDGE('',*,*,#3618,.F.);
#2244=ORIENTED_EDGE('',*,*,#3417,.F.);
#2245=ORIENTED_EDGE('',*,*,#3617,.T.);
#2246=ORIENTED_EDGE('',*,*,#3529,.F.);
#2247=ORIENTED_EDGE('',*,*,#3619,.F.);
#2248=ORIENTED_EDGE('',*,*,#3418,.F.);
#2249=ORIENTED_EDGE('',*,*,#3618,.T.);
#2250=ORIENTED_EDGE('',*,*,#3528,.F.);
#2251=ORIENTED_EDGE('',*,*,#3436,.F.);
#2252=ORIENTED_EDGE('',*,*,#3419,.F.);
#2253=ORIENTED_EDGE('',*,*,#3619,.T.);
#2254=ORIENTED_EDGE('',*,*,#3527,.F.);
#2255=ORIENTED_EDGE('',*,*,#3620,.F.);
#2256=ORIENTED_EDGE('',*,*,#3401,.F.);
#2257=ORIENTED_EDGE('',*,*,#3438,.T.);
#2258=ORIENTED_EDGE('',*,*,#3397,.T.);
#2259=ORIENTED_EDGE('',*,*,#3455,.F.);
#2260=ORIENTED_EDGE('',*,*,#3526,.F.);
#2261=ORIENTED_EDGE('',*,*,#3604,.F.);
#2262=ORIENTED_EDGE('',*,*,#3402,.F.);
#2263=ORIENTED_EDGE('',*,*,#3620,.T.);
#2264=ORIENTED_EDGE('',*,*,#3445,.T.);
#2265=ORIENTED_EDGE('',*,*,#3489,.T.);
#2266=ORIENTED_EDGE('',*,*,#3504,.F.);
#2267=ORIENTED_EDGE('',*,*,#3621,.T.);
#2268=ORIENTED_EDGE('',*,*,#3480,.F.);
#2269=ORIENTED_EDGE('',*,*,#3621,.F.);
#2270=ORIENTED_EDGE('',*,*,#3503,.F.);
#2271=ORIENTED_EDGE('',*,*,#3506,.F.);
#2272=ORIENTED_EDGE('',*,*,#3622,.F.);
#2273=ORIENTED_EDGE('',*,*,#3483,.T.);
#2274=ORIENTED_EDGE('',*,*,#3623,.F.);
#2275=ORIENTED_EDGE('',*,*,#3500,.F.);
#2276=ORIENTED_EDGE('',*,*,#3392,.T.);
#2277=ORIENTED_EDGE('',*,*,#3624,.T.);
#2278=ORIENTED_EDGE('',*,*,#3435,.F.);
#2279=ORIENTED_EDGE('',*,*,#3442,.T.);
#2280=ORIENTED_EDGE('',*,*,#3421,.T.);
#2281=ORIENTED_EDGE('',*,*,#3624,.F.);
#2282=ORIENTED_EDGE('',*,*,#3391,.F.);
#2283=ORIENTED_EDGE('',*,*,#3494,.F.);
#2284=ORIENTED_EDGE('',*,*,#3625,.F.);
#2285=ORIENTED_EDGE('',*,*,#3424,.F.);
#2286=ORIENTED_EDGE('',*,*,#3626,.F.);
#2287=ORIENTED_EDGE('',*,*,#3388,.T.);
#2288=ORIENTED_EDGE('',*,*,#3505,.T.);
#2289=ORIENTED_EDGE('',*,*,#3501,.F.);
#2290=ORIENTED_EDGE('',*,*,#3623,.T.);
#2291=ORIENTED_EDGE('',*,*,#3482,.T.);
#2292=ORIENTED_EDGE('',*,*,#3507,.T.);
#2293=ORIENTED_EDGE('',*,*,#3484,.F.);
#2294=ORIENTED_EDGE('',*,*,#3622,.T.);
#2295=ORIENTED_EDGE('',*,*,#3499,.T.);
#2296=ORIENTED_EDGE('',*,*,#3493,.T.);
#2297=ORIENTED_EDGE('',*,*,#3389,.F.);
#2298=ORIENTED_EDGE('',*,*,#3626,.T.);
#2299=ORIENTED_EDGE('',*,*,#3423,.T.);
#2300=ORIENTED_EDGE('',*,*,#3495,.T.);
#2301=ORIENTED_EDGE('',*,*,#3425,.F.);
#2302=ORIENTED_EDGE('',*,*,#3625,.T.);
#2303=ORIENTED_EDGE('',*,*,#3387,.T.);
#2304=ORIENTED_EDGE('',*,*,#3627,.T.);
#2305=ORIENTED_EDGE('',*,*,#3596,.F.);
#2306=ORIENTED_EDGE('',*,*,#3628,.T.);
#2307=ORIENTED_EDGE('',*,*,#3627,.F.);
#2308=ORIENTED_EDGE('',*,*,#3511,.T.);
#2309=ORIENTED_EDGE('',*,*,#3628,.F.);
#2310=ORIENTED_EDGE('',*,*,#3629,.T.);
#2311=ORIENTED_EDGE('',*,*,#3595,.F.);
#2312=ORIENTED_EDGE('',*,*,#3630,.T.);
#2313=ORIENTED_EDGE('',*,*,#3629,.F.);
#2314=ORIENTED_EDGE('',*,*,#3510,.T.);
#2315=ORIENTED_EDGE('',*,*,#3630,.F.);
#2316=ORIENTED_EDGE('',*,*,#3631,.T.);
#2317=ORIENTED_EDGE('',*,*,#3585,.F.);
#2318=ORIENTED_EDGE('',*,*,#3632,.T.);
#2319=ORIENTED_EDGE('',*,*,#3631,.F.);
#2320=ORIENTED_EDGE('',*,*,#3519,.T.);
#2321=ORIENTED_EDGE('',*,*,#3632,.F.);
#2322=ORIENTED_EDGE('',*,*,#3633,.T.);
#2323=ORIENTED_EDGE('',*,*,#3584,.F.);
#2324=ORIENTED_EDGE('',*,*,#3634,.T.);
#2325=ORIENTED_EDGE('',*,*,#3633,.F.);
#2326=ORIENTED_EDGE('',*,*,#3518,.T.);
#2327=ORIENTED_EDGE('',*,*,#3634,.F.);
#2328=ORIENTED_EDGE('',*,*,#3635,.T.);
#2329=ORIENTED_EDGE('',*,*,#3636,.T.);
#2330=ORIENTED_EDGE('',*,*,#3635,.F.);
#2331=ORIENTED_EDGE('',*,*,#3509,.T.);
#2332=ORIENTED_EDGE('',*,*,#3636,.F.);
#2333=ORIENTED_EDGE('',*,*,#3637,.T.);
#2334=ORIENTED_EDGE('',*,*,#3638,.T.);
#2335=ORIENTED_EDGE('',*,*,#3637,.F.);
#2336=ORIENTED_EDGE('',*,*,#3517,.T.);
#2337=ORIENTED_EDGE('',*,*,#3638,.F.);
#2338=ORIENTED_EDGE('',*,*,#3639,.T.);
#2339=ORIENTED_EDGE('',*,*,#3640,.T.);
#2340=ORIENTED_EDGE('',*,*,#3639,.F.);
#2341=ORIENTED_EDGE('',*,*,#3516,.T.);
#2342=ORIENTED_EDGE('',*,*,#3640,.F.);
#2343=ORIENTED_EDGE('',*,*,#3641,.T.);
#2344=ORIENTED_EDGE('',*,*,#3642,.T.);
#2345=ORIENTED_EDGE('',*,*,#3641,.F.);
#2346=ORIENTED_EDGE('',*,*,#3508,.T.);
#2347=ORIENTED_EDGE('',*,*,#3642,.F.);
#2348=ORIENTED_EDGE('',*,*,#3643,.F.);
#2349=ORIENTED_EDGE('',*,*,#3643,.T.);
#2350=ORIENTED_EDGE('',*,*,#3456,.T.);
#2351=ORIENTED_EDGE('',*,*,#3396,.F.);
#2352=ORIENTED_EDGE('',*,*,#3644,.F.);
#2353=ORIENTED_EDGE('',*,*,#3644,.T.);
#2354=ORIENTED_EDGE('',*,*,#3645,.F.);
#2355=ORIENTED_EDGE('',*,*,#3645,.T.);
#2356=ORIENTED_EDGE('',*,*,#3457,.T.);
#2357=ORIENTED_EDGE('',*,*,#3395,.F.);
#2358=ORIENTED_EDGE('',*,*,#3646,.F.);
#2359=ORIENTED_EDGE('',*,*,#3646,.T.);
#2360=ORIENTED_EDGE('',*,*,#3647,.F.);
#2361=ORIENTED_EDGE('',*,*,#3594,.T.);
#2362=ORIENTED_EDGE('',*,*,#3647,.T.);
#2363=ORIENTED_EDGE('',*,*,#3581,.T.);
#2364=ORIENTED_EDGE('',*,*,#3648,.F.);
#2365=ORIENTED_EDGE('',*,*,#3649,.F.);
#2366=ORIENTED_EDGE('',*,*,#3650,.T.);
#2367=ORIENTED_EDGE('',*,*,#3580,.T.);
#2368=ORIENTED_EDGE('',*,*,#3651,.F.);
#2369=ORIENTED_EDGE('',*,*,#3652,.F.);
#2370=ORIENTED_EDGE('',*,*,#3648,.T.);
#2371=ORIENTED_EDGE('',*,*,#3583,.T.);
#2372=ORIENTED_EDGE('',*,*,#3653,.F.);
#2373=ORIENTED_EDGE('',*,*,#3654,.F.);
#2374=ORIENTED_EDGE('',*,*,#3651,.T.);
#2375=ORIENTED_EDGE('',*,*,#3582,.T.);
#2376=ORIENTED_EDGE('',*,*,#3650,.F.);
#2377=ORIENTED_EDGE('',*,*,#3655,.F.);
#2378=ORIENTED_EDGE('',*,*,#3653,.T.);
#2379=ORIENTED_EDGE('',*,*,#3649,.T.);
#2380=ORIENTED_EDGE('',*,*,#3652,.T.);
#2381=ORIENTED_EDGE('',*,*,#3654,.T.);
#2382=ORIENTED_EDGE('',*,*,#3655,.T.);
#2383=ORIENTED_EDGE('',*,*,#3459,.T.);
#2384=ORIENTED_EDGE('',*,*,#3656,.F.);
#2385=ORIENTED_EDGE('',*,*,#3657,.T.);
#2386=ORIENTED_EDGE('',*,*,#3658,.T.);
#2387=ORIENTED_EDGE('',*,*,#3460,.T.);
#2388=ORIENTED_EDGE('',*,*,#3658,.F.);
#2389=ORIENTED_EDGE('',*,*,#3659,.T.);
#2390=ORIENTED_EDGE('',*,*,#3451,.T.);
#2391=ORIENTED_EDGE('',*,*,#3496,.T.);
#2392=ORIENTED_EDGE('',*,*,#3487,.T.);
#2393=ORIENTED_EDGE('',*,*,#3453,.T.);
#2394=ORIENTED_EDGE('',*,*,#3443,.F.);
#2395=ORIENTED_EDGE('',*,*,#3660,.T.);
#2396=ORIENTED_EDGE('',*,*,#3661,.T.);
#2397=ORIENTED_EDGE('',*,*,#3497,.T.);
#2398=ORIENTED_EDGE('',*,*,#3661,.F.);
#2399=ORIENTED_EDGE('',*,*,#3662,.T.);
#2400=ORIENTED_EDGE('',*,*,#3656,.T.);
#2401=ORIENTED_EDGE('',*,*,#3458,.T.);
#2402=ORIENTED_EDGE('',*,*,#3490,.T.);
#2403=ORIENTED_EDGE('',*,*,#3663,.F.);
#2404=ORIENTED_EDGE('',*,*,#3660,.F.);
#2405=ORIENTED_EDGE('',*,*,#3452,.F.);
#2406=ORIENTED_EDGE('',*,*,#3659,.F.);
#2407=ORIENTED_EDGE('',*,*,#3657,.F.);
#2408=ORIENTED_EDGE('',*,*,#3662,.F.);
#2409=ORIENTED_EDGE('',*,*,#3384,.T.);
#2410=ORIENTED_EDGE('',*,*,#3664,.T.);
#2411=ORIENTED_EDGE('',*,*,#3665,.F.);
#2412=ORIENTED_EDGE('',*,*,#3666,.F.);
#2413=ORIENTED_EDGE('',*,*,#3428,.F.);
#2414=ORIENTED_EDGE('',*,*,#3439,.T.);
#2415=ORIENTED_EDGE('',*,*,#3394,.T.);
#2416=ORIENTED_EDGE('',*,*,#3441,.T.);
#2417=ORIENTED_EDGE('',*,*,#3430,.F.);
#2418=ORIENTED_EDGE('',*,*,#3434,.T.);
#2419=ORIENTED_EDGE('',*,*,#3667,.F.);
#2420=ORIENTED_EDGE('',*,*,#3664,.F.);
#2421=ORIENTED_EDGE('',*,*,#3668,.T.);
#2422=ORIENTED_EDGE('',*,*,#3669,.F.);
#2423=ORIENTED_EDGE('',*,*,#3432,.F.);
#2424=ORIENTED_EDGE('',*,*,#3399,.F.);
#2425=ORIENTED_EDGE('',*,*,#3666,.T.);
#2426=ORIENTED_EDGE('',*,*,#3670,.F.);
#2427=ORIENTED_EDGE('',*,*,#3668,.F.);
#2428=ORIENTED_EDGE('',*,*,#3398,.F.);
#2429=ORIENTED_EDGE('',*,*,#3669,.T.);
#2430=ORIENTED_EDGE('',*,*,#3670,.T.);
#2431=ORIENTED_EDGE('',*,*,#3665,.T.);
#2432=ORIENTED_EDGE('',*,*,#3667,.T.);
#2433=ORIENTED_EDGE('',*,*,#3433,.T.);
#2434=ORIENTED_EDGE('',*,*,#3671,.F.);
#2435=ORIENTED_EDGE('',*,*,#3672,.F.);
#2436=ORIENTED_EDGE('',*,*,#3671,.T.);
#2437=ORIENTED_EDGE('',*,*,#3673,.F.);
#2438=ORIENTED_EDGE('',*,*,#3672,.T.);
#2439=ORIENTED_EDGE('',*,*,#3663,.T.);
#2440=ORIENTED_EDGE('',*,*,#3673,.T.);
#2441=ORIENTED_EDGE('',*,*,#3674,.T.);
#2442=ORIENTED_EDGE('',*,*,#3573,.F.);
#2443=ORIENTED_EDGE('',*,*,#3675,.T.);
#2444=ORIENTED_EDGE('',*,*,#3674,.F.);
#2445=ORIENTED_EDGE('',*,*,#3675,.F.);
#2446=ORIENTED_EDGE('',*,*,#3676,.T.);
#2447=ORIENTED_EDGE('',*,*,#3572,.F.);
#2448=ORIENTED_EDGE('',*,*,#3677,.T.);
#2449=ORIENTED_EDGE('',*,*,#3676,.F.);
#2450=ORIENTED_EDGE('',*,*,#3677,.F.);
#2451=ORIENTED_EDGE('',*,*,#3678,.T.);
#2452=ORIENTED_EDGE('',*,*,#3679,.T.);
#2453=ORIENTED_EDGE('',*,*,#3678,.F.);
#2454=ORIENTED_EDGE('',*,*,#3577,.T.);
#2455=ORIENTED_EDGE('',*,*,#3679,.F.);
#2456=ORIENTED_EDGE('',*,*,#3680,.T.);
#2457=ORIENTED_EDGE('',*,*,#3681,.T.);
#2458=ORIENTED_EDGE('',*,*,#3680,.F.);
#2459=ORIENTED_EDGE('',*,*,#3576,.T.);
#2460=ORIENTED_EDGE('',*,*,#3681,.F.);
#2461=ORIENTED_EDGE('',*,*,#3682,.F.);
#2462=ORIENTED_EDGE('',*,*,#3683,.F.);
#2463=ORIENTED_EDGE('',*,*,#3684,.F.);
#2464=ORIENTED_EDGE('',*,*,#3685,.F.);
#2465=ORIENTED_EDGE('',*,*,#3686,.T.);
#2466=ORIENTED_EDGE('',*,*,#3687,.F.);
#2467=ORIENTED_EDGE('',*,*,#3688,.F.);
#2468=ORIENTED_EDGE('',*,*,#3689,.T.);
#2469=ORIENTED_EDGE('',*,*,#3690,.T.);
#2470=ORIENTED_EDGE('',*,*,#3691,.F.);
#2471=ORIENTED_EDGE('',*,*,#3692,.F.);
#2472=ORIENTED_EDGE('',*,*,#3687,.T.);
#2473=ORIENTED_EDGE('',*,*,#3693,.T.);
#2474=ORIENTED_EDGE('',*,*,#3694,.F.);
#2475=ORIENTED_EDGE('',*,*,#3695,.F.);
#2476=ORIENTED_EDGE('',*,*,#3691,.T.);
#2477=ORIENTED_EDGE('',*,*,#3696,.T.);
#2478=ORIENTED_EDGE('',*,*,#3689,.F.);
#2479=ORIENTED_EDGE('',*,*,#3697,.F.);
#2480=ORIENTED_EDGE('',*,*,#3694,.T.);
#2481=ORIENTED_EDGE('',*,*,#3688,.T.);
#2482=ORIENTED_EDGE('',*,*,#3692,.T.);
#2483=ORIENTED_EDGE('',*,*,#3695,.T.);
#2484=ORIENTED_EDGE('',*,*,#3697,.T.);
#2485=ORIENTED_EDGE('',*,*,#3686,.F.);
#2486=ORIENTED_EDGE('',*,*,#3696,.F.);
#2487=ORIENTED_EDGE('',*,*,#3693,.F.);
#2488=ORIENTED_EDGE('',*,*,#3690,.F.);
#2489=ORIENTED_EDGE('',*,*,#3698,.F.);
#2490=ORIENTED_EDGE('',*,*,#3699,.F.);
#2491=ORIENTED_EDGE('',*,*,#3698,.T.);
#2492=ORIENTED_EDGE('',*,*,#3700,.F.);
#2493=ORIENTED_EDGE('',*,*,#3699,.T.);
#2494=ORIENTED_EDGE('',*,*,#3685,.T.);
#2495=ORIENTED_EDGE('',*,*,#3700,.T.);
#2496=ORIENTED_EDGE('',*,*,#3701,.F.);
#2497=ORIENTED_EDGE('',*,*,#3702,.F.);
#2498=ORIENTED_EDGE('',*,*,#3701,.T.);
#2499=ORIENTED_EDGE('',*,*,#3703,.F.);
#2500=ORIENTED_EDGE('',*,*,#3702,.T.);
#2501=ORIENTED_EDGE('',*,*,#3684,.T.);
#2502=ORIENTED_EDGE('',*,*,#3703,.T.);
#2503=ORIENTED_EDGE('',*,*,#3704,.F.);
#2504=ORIENTED_EDGE('',*,*,#3705,.F.);
#2505=ORIENTED_EDGE('',*,*,#3704,.T.);
#2506=ORIENTED_EDGE('',*,*,#3706,.F.);
#2507=ORIENTED_EDGE('',*,*,#3705,.T.);
#2508=ORIENTED_EDGE('',*,*,#3683,.T.);
#2509=ORIENTED_EDGE('',*,*,#3706,.T.);
#2510=ORIENTED_EDGE('',*,*,#3707,.F.);
#2511=ORIENTED_EDGE('',*,*,#3708,.F.);
#2512=ORIENTED_EDGE('',*,*,#3707,.T.);
#2513=ORIENTED_EDGE('',*,*,#3709,.F.);
#2514=ORIENTED_EDGE('',*,*,#3708,.T.);
#2515=ORIENTED_EDGE('',*,*,#3682,.T.);
#2516=ORIENTED_EDGE('',*,*,#3709,.T.);
#2517=ORIENTED_EDGE('',*,*,#3710,.T.);
#2518=ORIENTED_EDGE('',*,*,#3711,.F.);
#2519=ORIENTED_EDGE('',*,*,#3712,.T.);
#2520=ORIENTED_EDGE('',*,*,#3713,.T.);
#2521=ORIENTED_EDGE('',*,*,#3714,.T.);
#2522=ORIENTED_EDGE('',*,*,#3715,.F.);
#2523=ORIENTED_EDGE('',*,*,#3716,.T.);
#2524=ORIENTED_EDGE('',*,*,#3717,.T.);
#2525=ORIENTED_EDGE('',*,*,#3718,.T.);
#2526=ORIENTED_EDGE('',*,*,#3719,.F.);
#2527=ORIENTED_EDGE('',*,*,#3720,.T.);
#2528=ORIENTED_EDGE('',*,*,#3721,.T.);
#2529=ORIENTED_EDGE('',*,*,#3722,.T.);
#2530=ORIENTED_EDGE('',*,*,#3723,.F.);
#2531=ORIENTED_EDGE('',*,*,#3724,.T.);
#2532=ORIENTED_EDGE('',*,*,#3725,.T.);
#2533=ORIENTED_EDGE('',*,*,#3726,.T.);
#2534=ORIENTED_EDGE('',*,*,#3727,.F.);
#2535=ORIENTED_EDGE('',*,*,#3728,.T.);
#2536=ORIENTED_EDGE('',*,*,#3718,.F.);
#2537=ORIENTED_EDGE('',*,*,#3729,.F.);
#2538=ORIENTED_EDGE('',*,*,#3716,.F.);
#2539=ORIENTED_EDGE('',*,*,#3730,.T.);
#2540=ORIENTED_EDGE('',*,*,#3731,.T.);
#2541=ORIENTED_EDGE('',*,*,#3732,.F.);
#2542=ORIENTED_EDGE('',*,*,#3733,.T.);
#2543=ORIENTED_EDGE('',*,*,#3710,.F.);
#2544=ORIENTED_EDGE('',*,*,#3734,.F.);
#2545=ORIENTED_EDGE('',*,*,#3724,.F.);
#2546=ORIENTED_EDGE('',*,*,#3735,.T.);
#2547=ORIENTED_EDGE('',*,*,#3736,.T.);
#2548=ORIENTED_EDGE('',*,*,#3737,.F.);
#2549=ORIENTED_EDGE('',*,*,#3738,.T.);
#2550=ORIENTED_EDGE('',*,*,#3722,.F.);
#2551=ORIENTED_EDGE('',*,*,#3739,.F.);
#2552=ORIENTED_EDGE('',*,*,#3720,.F.);
#2553=ORIENTED_EDGE('',*,*,#3740,.T.);
#2554=ORIENTED_EDGE('',*,*,#3741,.T.);
#2555=ORIENTED_EDGE('',*,*,#3742,.F.);
#2556=ORIENTED_EDGE('',*,*,#3743,.T.);
#2557=ORIENTED_EDGE('',*,*,#3714,.F.);
#2558=ORIENTED_EDGE('',*,*,#3744,.F.);
#2559=ORIENTED_EDGE('',*,*,#3712,.F.);
#2560=ORIENTED_EDGE('',*,*,#3745,.T.);
#2561=ORIENTED_EDGE('',*,*,#3746,.T.);
#2562=ORIENTED_EDGE('',*,*,#3747,.F.);
#2563=ORIENTED_EDGE('',*,*,#3748,.F.);
#2564=ORIENTED_EDGE('',*,*,#3749,.T.);
#2565=ORIENTED_EDGE('',*,*,#3750,.T.);
#2566=ORIENTED_EDGE('',*,*,#3751,.F.);
#2567=ORIENTED_EDGE('',*,*,#3752,.F.);
#2568=ORIENTED_EDGE('',*,*,#3747,.T.);
#2569=ORIENTED_EDGE('',*,*,#3753,.T.);
#2570=ORIENTED_EDGE('',*,*,#3754,.F.);
#2571=ORIENTED_EDGE('',*,*,#3755,.F.);
#2572=ORIENTED_EDGE('',*,*,#3751,.T.);
#2573=ORIENTED_EDGE('',*,*,#3756,.T.);
#2574=ORIENTED_EDGE('',*,*,#3757,.F.);
#2575=ORIENTED_EDGE('',*,*,#3758,.F.);
#2576=ORIENTED_EDGE('',*,*,#3754,.T.);
#2577=ORIENTED_EDGE('',*,*,#3759,.T.);
#2578=ORIENTED_EDGE('',*,*,#3760,.F.);
#2579=ORIENTED_EDGE('',*,*,#3761,.F.);
#2580=ORIENTED_EDGE('',*,*,#3757,.T.);
#2581=ORIENTED_EDGE('',*,*,#3762,.T.);
#2582=ORIENTED_EDGE('',*,*,#3763,.F.);
#2583=ORIENTED_EDGE('',*,*,#3764,.F.);
#2584=ORIENTED_EDGE('',*,*,#3760,.T.);
#2585=ORIENTED_EDGE('',*,*,#3765,.T.);
#2586=ORIENTED_EDGE('',*,*,#3766,.F.);
#2587=ORIENTED_EDGE('',*,*,#3767,.F.);
#2588=ORIENTED_EDGE('',*,*,#3763,.T.);
#2589=ORIENTED_EDGE('',*,*,#3768,.T.);
#2590=ORIENTED_EDGE('',*,*,#3749,.F.);
#2591=ORIENTED_EDGE('',*,*,#3769,.F.);
#2592=ORIENTED_EDGE('',*,*,#3766,.T.);
#2593=ORIENTED_EDGE('',*,*,#3770,.T.);
#2594=ORIENTED_EDGE('',*,*,#3771,.T.);
#2595=ORIENTED_EDGE('',*,*,#3772,.T.);
#2596=ORIENTED_EDGE('',*,*,#3773,.T.);
#2597=ORIENTED_EDGE('',*,*,#3737,.T.);
#2598=ORIENTED_EDGE('',*,*,#3774,.T.);
#2599=ORIENTED_EDGE('',*,*,#3727,.T.);
#2600=ORIENTED_EDGE('',*,*,#3775,.T.);
#2601=ORIENTED_EDGE('',*,*,#3742,.T.);
#2602=ORIENTED_EDGE('',*,*,#3776,.T.);
#2603=ORIENTED_EDGE('',*,*,#3732,.T.);
#2604=ORIENTED_EDGE('',*,*,#3777,.T.);
#2605=ORIENTED_EDGE('',*,*,#3748,.T.);
#2606=ORIENTED_EDGE('',*,*,#3752,.T.);
#2607=ORIENTED_EDGE('',*,*,#3755,.T.);
#2608=ORIENTED_EDGE('',*,*,#3758,.T.);
#2609=ORIENTED_EDGE('',*,*,#3761,.T.);
#2610=ORIENTED_EDGE('',*,*,#3764,.T.);
#2611=ORIENTED_EDGE('',*,*,#3767,.T.);
#2612=ORIENTED_EDGE('',*,*,#3769,.T.);
#2613=ORIENTED_EDGE('',*,*,#3778,.F.);
#2614=ORIENTED_EDGE('',*,*,#3779,.F.);
#2615=ORIENTED_EDGE('',*,*,#3780,.F.);
#2616=ORIENTED_EDGE('',*,*,#3781,.F.);
#2617=ORIENTED_EDGE('',*,*,#3782,.F.);
#2618=ORIENTED_EDGE('',*,*,#3783,.F.);
#2619=ORIENTED_EDGE('',*,*,#3784,.F.);
#2620=ORIENTED_EDGE('',*,*,#3785,.F.);
#2621=ORIENTED_EDGE('',*,*,#3786,.F.);
#2622=ORIENTED_EDGE('',*,*,#3746,.F.);
#2623=ORIENTED_EDGE('',*,*,#3768,.F.);
#2624=ORIENTED_EDGE('',*,*,#3765,.F.);
#2625=ORIENTED_EDGE('',*,*,#3762,.F.);
#2626=ORIENTED_EDGE('',*,*,#3759,.F.);
#2627=ORIENTED_EDGE('',*,*,#3756,.F.);
#2628=ORIENTED_EDGE('',*,*,#3753,.F.);
#2629=ORIENTED_EDGE('',*,*,#3750,.F.);
#2630=ORIENTED_EDGE('',*,*,#3787,.T.);
#2631=ORIENTED_EDGE('',*,*,#3713,.F.);
#2632=ORIENTED_EDGE('',*,*,#3744,.T.);
#2633=ORIENTED_EDGE('',*,*,#3717,.F.);
#2634=ORIENTED_EDGE('',*,*,#3729,.T.);
#2635=ORIENTED_EDGE('',*,*,#3721,.F.);
#2636=ORIENTED_EDGE('',*,*,#3739,.T.);
#2637=ORIENTED_EDGE('',*,*,#3725,.F.);
#2638=ORIENTED_EDGE('',*,*,#3734,.T.);
#2639=ORIENTED_EDGE('',*,*,#3786,.T.);
#2640=ORIENTED_EDGE('',*,*,#3787,.F.);
#2641=ORIENTED_EDGE('',*,*,#3788,.T.);
#2642=ORIENTED_EDGE('',*,*,#3773,.F.);
#2643=ORIENTED_EDGE('',*,*,#3789,.T.);
#2644=ORIENTED_EDGE('',*,*,#3788,.F.);
#2645=ORIENTED_EDGE('',*,*,#3785,.T.);
#2646=ORIENTED_EDGE('',*,*,#3789,.F.);
#2647=ORIENTED_EDGE('',*,*,#3790,.T.);
#2648=ORIENTED_EDGE('',*,*,#3772,.F.);
#2649=ORIENTED_EDGE('',*,*,#3791,.T.);
#2650=ORIENTED_EDGE('',*,*,#3790,.F.);
#2651=ORIENTED_EDGE('',*,*,#3784,.T.);
#2652=ORIENTED_EDGE('',*,*,#3791,.F.);
#2653=ORIENTED_EDGE('',*,*,#3792,.T.);
#2654=ORIENTED_EDGE('',*,*,#3771,.F.);
#2655=ORIENTED_EDGE('',*,*,#3793,.T.);
#2656=ORIENTED_EDGE('',*,*,#3792,.F.);
#2657=ORIENTED_EDGE('',*,*,#3783,.T.);
#2658=ORIENTED_EDGE('',*,*,#3793,.F.);
#2659=ORIENTED_EDGE('',*,*,#3794,.T.);
#2660=ORIENTED_EDGE('',*,*,#3770,.F.);
#2661=ORIENTED_EDGE('',*,*,#3795,.T.);
#2662=ORIENTED_EDGE('',*,*,#3794,.F.);
#2663=ORIENTED_EDGE('',*,*,#3782,.T.);
#2664=ORIENTED_EDGE('',*,*,#3795,.F.);
#2665=ORIENTED_EDGE('',*,*,#3796,.T.);
#2666=ORIENTED_EDGE('',*,*,#3726,.F.);
#2667=ORIENTED_EDGE('',*,*,#3781,.T.);
#2668=ORIENTED_EDGE('',*,*,#3796,.F.);
#2669=ORIENTED_EDGE('',*,*,#3797,.T.);
#2670=ORIENTED_EDGE('',*,*,#3731,.F.);
#2671=ORIENTED_EDGE('',*,*,#3780,.T.);
#2672=ORIENTED_EDGE('',*,*,#3797,.F.);
#2673=ORIENTED_EDGE('',*,*,#3798,.T.);
#2674=ORIENTED_EDGE('',*,*,#3736,.F.);
#2675=ORIENTED_EDGE('',*,*,#3779,.T.);
#2676=ORIENTED_EDGE('',*,*,#3798,.F.);
#2677=ORIENTED_EDGE('',*,*,#3799,.T.);
#2678=ORIENTED_EDGE('',*,*,#3741,.F.);
#2679=ORIENTED_EDGE('',*,*,#3778,.T.);
#2680=ORIENTED_EDGE('',*,*,#3799,.F.);
#2681=ORIENTED_EDGE('',*,*,#3776,.F.);
#2682=ORIENTED_EDGE('',*,*,#3745,.F.);
#2683=ORIENTED_EDGE('',*,*,#3711,.T.);
#2684=ORIENTED_EDGE('',*,*,#3733,.F.);
#2685=ORIENTED_EDGE('',*,*,#3715,.T.);
#2686=ORIENTED_EDGE('',*,*,#3743,.F.);
#2687=ORIENTED_EDGE('',*,*,#3775,.F.);
#2688=ORIENTED_EDGE('',*,*,#3730,.F.);
#2689=ORIENTED_EDGE('',*,*,#3774,.F.);
#2690=ORIENTED_EDGE('',*,*,#3740,.F.);
#2691=ORIENTED_EDGE('',*,*,#3719,.T.);
#2692=ORIENTED_EDGE('',*,*,#3728,.F.);
#2693=ORIENTED_EDGE('',*,*,#3723,.T.);
#2694=ORIENTED_EDGE('',*,*,#3738,.F.);
#2695=ORIENTED_EDGE('',*,*,#3777,.F.);
#2696=ORIENTED_EDGE('',*,*,#3735,.F.);
#2697=ORIENTED_EDGE('',*,*,#3800,.F.);
#2698=ORIENTED_EDGE('',*,*,#3801,.T.);
#2699=ORIENTED_EDGE('',*,*,#3802,.T.);
#2700=ORIENTED_EDGE('',*,*,#3803,.T.);
#2701=ORIENTED_EDGE('',*,*,#3804,.T.);
#2702=ORIENTED_EDGE('',*,*,#3805,.T.);
#2703=ORIENTED_EDGE('',*,*,#3806,.T.);
#2704=ORIENTED_EDGE('',*,*,#3807,.F.);
#2705=ORIENTED_EDGE('',*,*,#3800,.T.);
#2706=ORIENTED_EDGE('',*,*,#3808,.F.);
#2707=ORIENTED_EDGE('',*,*,#3807,.T.);
#2708=ORIENTED_EDGE('',*,*,#3809,.F.);
#2709=ORIENTED_EDGE('',*,*,#3808,.T.);
#2710=ORIENTED_EDGE('',*,*,#3810,.F.);
#2711=ORIENTED_EDGE('',*,*,#3809,.T.);
#2712=ORIENTED_EDGE('',*,*,#3811,.F.);
#2713=ORIENTED_EDGE('',*,*,#3810,.T.);
#2714=ORIENTED_EDGE('',*,*,#3811,.T.);
#2715=ORIENTED_EDGE('',*,*,#3805,.F.);
#2716=ORIENTED_EDGE('',*,*,#3812,.F.);
#2717=ORIENTED_EDGE('',*,*,#3813,.T.);
#2718=ORIENTED_EDGE('',*,*,#3814,.T.);
#2719=ORIENTED_EDGE('',*,*,#3815,.T.);
#2720=ORIENTED_EDGE('',*,*,#3806,.F.);
#2721=ORIENTED_EDGE('',*,*,#3815,.F.);
#2722=ORIENTED_EDGE('',*,*,#3816,.T.);
#2723=ORIENTED_EDGE('',*,*,#3817,.T.);
#2724=ORIENTED_EDGE('',*,*,#3818,.T.);
#2725=ORIENTED_EDGE('',*,*,#3801,.F.);
#2726=ORIENTED_EDGE('',*,*,#3818,.F.);
#2727=ORIENTED_EDGE('',*,*,#3819,.T.);
#2728=ORIENTED_EDGE('',*,*,#3820,.T.);
#2729=ORIENTED_EDGE('',*,*,#3821,.T.);
#2730=ORIENTED_EDGE('',*,*,#3802,.F.);
#2731=ORIENTED_EDGE('',*,*,#3821,.F.);
#2732=ORIENTED_EDGE('',*,*,#3822,.T.);
#2733=ORIENTED_EDGE('',*,*,#3823,.T.);
#2734=ORIENTED_EDGE('',*,*,#3824,.T.);
#2735=ORIENTED_EDGE('',*,*,#3803,.F.);
#2736=ORIENTED_EDGE('',*,*,#3824,.F.);
#2737=ORIENTED_EDGE('',*,*,#3825,.T.);
#2738=ORIENTED_EDGE('',*,*,#3826,.T.);
#2739=ORIENTED_EDGE('',*,*,#3827,.T.);
#2740=ORIENTED_EDGE('',*,*,#3804,.F.);
#2741=ORIENTED_EDGE('',*,*,#3827,.F.);
#2742=ORIENTED_EDGE('',*,*,#3828,.T.);
#2743=ORIENTED_EDGE('',*,*,#3829,.T.);
#2744=ORIENTED_EDGE('',*,*,#3812,.T.);
#2745=ORIENTED_EDGE('',*,*,#3830,.T.);
#2746=ORIENTED_EDGE('',*,*,#3825,.F.);
#2747=ORIENTED_EDGE('',*,*,#3823,.F.);
#2748=ORIENTED_EDGE('',*,*,#3831,.T.);
#2749=ORIENTED_EDGE('',*,*,#3828,.F.);
#2750=ORIENTED_EDGE('',*,*,#3826,.F.);
#2751=ORIENTED_EDGE('',*,*,#3832,.T.);
#2752=ORIENTED_EDGE('',*,*,#3813,.F.);
#2753=ORIENTED_EDGE('',*,*,#3829,.F.);
#2754=ORIENTED_EDGE('',*,*,#3833,.T.);
#2755=ORIENTED_EDGE('',*,*,#3816,.F.);
#2756=ORIENTED_EDGE('',*,*,#3814,.F.);
#2757=ORIENTED_EDGE('',*,*,#3834,.T.);
#2758=ORIENTED_EDGE('',*,*,#3819,.F.);
#2759=ORIENTED_EDGE('',*,*,#3817,.F.);
#2760=ORIENTED_EDGE('',*,*,#3835,.T.);
#2761=ORIENTED_EDGE('',*,*,#3822,.F.);
#2762=ORIENTED_EDGE('',*,*,#3820,.F.);
#2763=ORIENTED_EDGE('',*,*,#3830,.F.);
#2764=ORIENTED_EDGE('',*,*,#3835,.F.);
#2765=ORIENTED_EDGE('',*,*,#3834,.F.);
#2766=ORIENTED_EDGE('',*,*,#3833,.F.);
#2767=ORIENTED_EDGE('',*,*,#3832,.F.);
#2768=ORIENTED_EDGE('',*,*,#3831,.F.);
#2769=EDGE_CURVE('',#3836,#3837,#4619,.T.);
#2770=EDGE_CURVE('',#3838,#3836,#297,.F.);
#2771=EDGE_CURVE('',#3839,#3838,#4620,.T.);
#2772=EDGE_CURVE('',#3837,#3839,#298,.F.);
#2773=EDGE_CURVE('',#3840,#3840,#299,.F.);
#2774=EDGE_CURVE('',#3841,#3842,#4621,.T.);
#2775=EDGE_CURVE('',#3841,#3843,#4622,.T.);
#2776=EDGE_CURVE('',#3843,#3844,#4623,.T.);
#2777=EDGE_CURVE('',#3842,#3844,#4624,.T.);
#2778=EDGE_CURVE('',#3845,#3846,#4625,.T.);
#2779=EDGE_CURVE('',#3845,#3847,#4626,.T.);
#2780=EDGE_CURVE('',#3847,#3848,#4627,.T.);
#2781=EDGE_CURVE('',#3848,#3849,#4628,.T.);
#2782=EDGE_CURVE('',#3850,#3849,#4629,.T.);
#2783=EDGE_CURVE('',#3851,#3850,#4630,.T.);
#2784=EDGE_CURVE('',#3852,#3851,#4631,.T.);
#2785=EDGE_CURVE('',#3852,#3853,#4632,.T.);
#2786=EDGE_CURVE('',#3854,#3853,#4633,.T.);
#2787=EDGE_CURVE('',#3854,#3855,#4634,.T.);
#2788=EDGE_CURVE('',#3856,#3855,#4635,.T.);
#2789=EDGE_CURVE('',#3856,#3857,#4636,.T.);
#2790=EDGE_CURVE('',#3857,#3858,#4637,.T.);
#2791=EDGE_CURVE('',#3859,#3858,#4638,.T.);
#2792=EDGE_CURVE('',#3859,#3860,#4639,.T.);
#2793=EDGE_CURVE('',#3861,#3860,#4640,.T.);
#2794=EDGE_CURVE('',#3861,#3862,#4641,.T.);
#2795=EDGE_CURVE('',#3863,#3862,#4642,.T.);
#2796=EDGE_CURVE('',#3864,#3863,#4643,.T.);
#2797=EDGE_CURVE('',#3865,#3864,#4644,.T.);
#2798=EDGE_CURVE('',#3865,#3866,#4645,.T.);
#2799=EDGE_CURVE('',#3867,#3866,#4646,.T.);
#2800=EDGE_CURVE('',#3868,#3867,#4647,.T.);
#2801=EDGE_CURVE('',#3869,#3868,#4648,.T.);
#2802=EDGE_CURVE('',#3870,#3869,#4649,.T.);
#2803=EDGE_CURVE('',#3870,#3846,#4650,.T.);
#2804=EDGE_CURVE('',#3871,#3872,#4651,.T.);
#2805=EDGE_CURVE('',#3873,#3871,#4652,.T.);
#2806=EDGE_CURVE('',#3873,#3874,#4653,.T.);
#2807=EDGE_CURVE('',#3874,#3875,#4654,.T.);
#2808=EDGE_CURVE('',#3875,#3876,#4655,.T.);
#2809=EDGE_CURVE('',#3877,#3876,#4656,.T.);
#2810=EDGE_CURVE('',#3878,#3877,#4657,.T.);
#2811=EDGE_CURVE('',#3879,#3878,#4658,.T.);
#2812=EDGE_CURVE('',#3872,#3879,#4659,.T.);
#2813=EDGE_CURVE('',#3877,#3845,#4660,.T.);
#2814=EDGE_CURVE('',#3876,#3847,#4661,.T.);
#2815=EDGE_CURVE('',#3867,#3880,#4662,.T.);
#2816=EDGE_CURVE('',#3866,#3881,#4663,.T.);
#2817=EDGE_CURVE('',#3880,#3881,#4664,.T.);
#2818=EDGE_CURVE('',#3882,#3883,#4665,.T.);
#2819=EDGE_CURVE('',#3884,#3883,#4666,.T.);
#2820=EDGE_CURVE('',#3885,#3884,#4667,.T.);
#2821=EDGE_CURVE('',#3880,#3885,#4668,.T.);
#2822=EDGE_CURVE('',#3881,#3886,#4669,.T.);
#2823=EDGE_CURVE('',#3886,#3887,#4670,.T.);
#2824=EDGE_CURVE('',#3888,#3887,#4671,.T.);
#2825=EDGE_CURVE('',#3882,#3888,#4672,.T.);
#2826=EDGE_CURVE('',#3889,#3889,#300,.T.);
#2827=EDGE_CURVE('',#3869,#3890,#4673,.T.);
#2828=EDGE_CURVE('',#3890,#3882,#4674,.T.);
#2829=EDGE_CURVE('',#3888,#3873,#4675,.T.);
#2830=EDGE_CURVE('',#3871,#3891,#4676,.T.);
#2831=EDGE_CURVE('',#3891,#3870,#4677,.T.);
#2832=EDGE_CURVE('',#3892,#3893,#4678,.T.);
#2833=EDGE_CURVE('',#3894,#3892,#4679,.T.);
#2834=EDGE_CURVE('',#3895,#3894,#289,.F.);
#2835=EDGE_CURVE('',#3896,#3895,#4680,.T.);
#2836=EDGE_CURVE('',#3897,#3896,#290,.F.);
#2837=EDGE_CURVE('',#3898,#3897,#4681,.T.);
#2838=EDGE_CURVE('',#3899,#3898,#4682,.T.);
#2839=EDGE_CURVE('',#3899,#3900,#4683,.T.);
#2840=EDGE_CURVE('',#3900,#3901,#4684,.T.);
#2841=EDGE_CURVE('',#3893,#3901,#4685,.T.);
#2842=EDGE_CURVE('',#3902,#3903,#4686,.T.);
#2843=EDGE_CURVE('',#3904,#3902,#301,.T.);
#2844=EDGE_CURVE('',#3905,#3904,#4687,.T.);
#2845=EDGE_CURVE('',#3903,#3905,#302,.T.);
#2846=EDGE_CURVE('',#3906,#3906,#303,.T.);
#2847=EDGE_CURVE('',#3907,#3892,#4688,.T.);
#2848=EDGE_CURVE('',#3908,#3907,#4689,.T.);
#2849=EDGE_CURVE('',#3909,#3908,#304,.F.);
#2850=EDGE_CURVE('',#3910,#3909,#4690,.T.);
#2851=EDGE_CURVE('',#3911,#3910,#305,.F.);
#2852=EDGE_CURVE('',#3912,#3911,#4691,.T.);
#2853=EDGE_CURVE('',#3898,#3912,#4692,.T.);
#2854=EDGE_CURVE('',#3896,#3897,#306,.F.);
#2855=EDGE_CURVE('',#3894,#3895,#307,.F.);
#2856=EDGE_CURVE('',#3913,#3907,#4693,.T.);
#2857=EDGE_CURVE('',#3913,#3914,#4694,.T.);
#2858=EDGE_CURVE('',#3914,#3915,#4695,.T.);
#2859=EDGE_CURVE('',#3916,#3915,#4696,.T.);
#2860=EDGE_CURVE('',#3912,#3916,#4697,.T.);
#2861=EDGE_CURVE('',#3910,#3911,#291,.F.);
#2862=EDGE_CURVE('',#3908,#3909,#292,.F.);
#2863=EDGE_CURVE('',#3917,#3917,#308,.T.);
#2864=EDGE_CURVE('',#3918,#3918,#309,.T.);
#2865=EDGE_CURVE('',#3919,#3919,#310,.T.);
#2866=EDGE_CURVE('',#3865,#3920,#4698,.T.);
#2867=EDGE_CURVE('',#3920,#3921,#4699,.T.);
#2868=EDGE_CURVE('',#3921,#3922,#4700,.T.);
#2869=EDGE_CURVE('',#3922,#3923,#4701,.T.);
#2870=EDGE_CURVE('',#3923,#3924,#4702,.T.);
#2871=EDGE_CURVE('',#3924,#3925,#4703,.T.);
#2872=EDGE_CURVE('',#3925,#3886,#4704,.T.);
#2873=EDGE_CURVE('',#3926,#3914,#4705,.T.);
#2874=EDGE_CURVE('',#3926,#3927,#4706,.T.);
#2875=EDGE_CURVE('',#3927,#3901,#4707,.T.);
#2876=EDGE_CURVE('',#3928,#3900,#4708,.T.);
#2877=EDGE_CURVE('',#3928,#3929,#311,.T.);
#2878=EDGE_CURVE('',#3930,#3929,#4709,.T.);
#2879=EDGE_CURVE('',#3931,#3930,#4710,.T.);
#2880=EDGE_CURVE('',#3932,#3931,#4711,.T.);
#2881=EDGE_CURVE('',#3933,#3932,#4712,.T.);
#2882=EDGE_CURVE('',#3933,#3934,#4713,.T.);
#2883=EDGE_CURVE('',#3935,#3934,#4714,.T.);
#2884=EDGE_CURVE('',#3936,#3935,#4715,.T.);
#2885=EDGE_CURVE('',#3937,#3936,#4716,.T.);
#2886=EDGE_CURVE('',#3938,#3937,#4717,.T.);
#2887=EDGE_CURVE('',#3939,#3938,#4718,.T.);
#2888=EDGE_CURVE('',#3940,#3939,#4719,.T.);
#2889=EDGE_CURVE('',#3940,#3941,#312,.T.);
#2890=EDGE_CURVE('',#3915,#3941,#4720,.T.);
#2891=EDGE_CURVE('',#3863,#3942,#4721,.T.);
#2892=EDGE_CURVE('',#3862,#3942,#4722,.T.);
#2893=EDGE_CURVE('',#3943,#3850,#4723,.T.);
#2894=EDGE_CURVE('',#3851,#3943,#4724,.T.);
#2895=EDGE_CURVE('',#3944,#3944,#313,.T.);
#2896=EDGE_CURVE('',#3945,#3946,#4725,.T.);
#2897=EDGE_CURVE('',#3947,#3946,#314,.T.);
#2898=EDGE_CURVE('',#3947,#3948,#4726,.T.);
#2899=EDGE_CURVE('',#3949,#3948,#315,.T.);
#2900=EDGE_CURVE('',#3949,#3950,#4727,.T.);
#2901=EDGE_CURVE('',#3951,#3950,#316,.T.);
#2902=EDGE_CURVE('',#3951,#3952,#4728,.T.);
#2903=EDGE_CURVE('',#3945,#3952,#317,.T.);
#2904=EDGE_CURVE('',#3945,#3953,#4729,.T.);
#2905=EDGE_CURVE('',#3954,#3952,#4730,.F.);
#2906=EDGE_CURVE('',#3954,#3953,#318,.F.);
#2907=EDGE_CURVE('',#3955,#3946,#4731,.F.);
#2908=EDGE_CURVE('',#3955,#3956,#319,.F.);
#2909=EDGE_CURVE('',#3947,#3956,#4732,.T.);
#2910=EDGE_CURVE('',#3951,#3957,#4733,.T.);
#2911=EDGE_CURVE('',#3958,#3950,#4734,.F.);
#2912=EDGE_CURVE('',#3958,#3957,#320,.F.);
#2913=EDGE_CURVE('',#3949,#3959,#4735,.T.);
#2914=EDGE_CURVE('',#3960,#3948,#4736,.F.);
#2915=EDGE_CURVE('',#3960,#3959,#321,.F.);
#2916=EDGE_CURVE('',#3961,#3961,#322,.T.);
#2917=EDGE_CURVE('',#3962,#3963,#323,.T.);
#2918=EDGE_CURVE('',#3963,#3964,#4737,.T.);
#2919=EDGE_CURVE('',#3964,#3965,#324,.T.);
#2920=EDGE_CURVE('',#3965,#3966,#4738,.F.);
#2921=EDGE_CURVE('',#3966,#3967,#325,.T.);
#2922=EDGE_CURVE('',#3968,#3967,#4739,.F.);
#2923=EDGE_CURVE('',#3968,#3969,#326,.F.);
#2924=EDGE_CURVE('',#3962,#3969,#4740,.T.);
#2925=EDGE_CURVE('',#3970,#3968,#4741,.T.);
#2926=EDGE_CURVE('',#3967,#3971,#4742,.T.);
#2927=EDGE_CURVE('',#3972,#3971,#4743,.T.);
#2928=EDGE_CURVE('',#3973,#3972,#4744,.T.);
#2929=EDGE_CURVE('',#3970,#3973,#4745,.T.);
#2930=EDGE_CURVE('',#3974,#3962,#4746,.T.);
#2931=EDGE_CURVE('',#3969,#3975,#4747,.T.);
#2932=EDGE_CURVE('',#3975,#3976,#4748,.T.);
#2933=EDGE_CURVE('',#3976,#3977,#4749,.T.);
#2934=EDGE_CURVE('',#3977,#3974,#4750,.T.);
#2935=EDGE_CURVE('',#3978,#3858,#4751,.T.);
#2936=EDGE_CURVE('',#3979,#3857,#4752,.T.);
#2937=EDGE_CURVE('',#3980,#3979,#4753,.T.);
#2938=EDGE_CURVE('',#3981,#3980,#327,.T.);
#2939=EDGE_CURVE('',#3982,#3981,#4754,.T.);
#2940=EDGE_CURVE('',#3934,#3982,#4755,.T.);
#2941=EDGE_CURVE('',#3942,#3933,#4756,.T.);
#2942=EDGE_CURVE('',#3861,#3983,#4757,.T.);
#2943=EDGE_CURVE('',#3983,#3984,#4758,.T.);
#2944=EDGE_CURVE('',#3984,#3985,#4759,.T.);
#2945=EDGE_CURVE('',#3985,#3986,#328,.T.);
#2946=EDGE_CURVE('',#3986,#3987,#4760,.T.);
#2947=EDGE_CURVE('',#3987,#3978,#329,.T.);
#2948=EDGE_CURVE('',#3988,#3989,#4761,.T.);
#2949=EDGE_CURVE('',#3990,#3988,#4762,.T.);
#2950=EDGE_CURVE('',#3991,#3990,#330,.F.);
#2951=EDGE_CURVE('',#3991,#3992,#4763,.T.);
#2952=EDGE_CURVE('',#3993,#3992,#4764,.T.);
#2953=EDGE_CURVE('',#3994,#3993,#4765,.T.);
#2954=EDGE_CURVE('',#3995,#3994,#331,.F.);
#2955=EDGE_CURVE('',#3995,#3989,#4766,.T.);
#2956=EDGE_CURVE('',#3953,#3955,#4767,.T.);
#2957=EDGE_CURVE('',#3957,#3954,#4768,.T.);
#2958=EDGE_CURVE('',#3959,#3958,#4769,.T.);
#2959=EDGE_CURVE('',#3956,#3960,#4770,.T.);
#2960=EDGE_CURVE('',#3963,#3841,#4771,.T.);
#2961=EDGE_CURVE('',#3996,#3974,#4772,.T.);
#2962=EDGE_CURVE('',#3996,#3997,#4773,.T.);
#2963=EDGE_CURVE('',#3997,#3998,#4774,.T.);
#2964=EDGE_CURVE('',#3992,#3998,#4775,.T.);
#2965=EDGE_CURVE('',#3999,#3991,#4776,.T.);
#2966=EDGE_CURVE('',#3999,#3971,#4777,.T.);
#2967=EDGE_CURVE('',#3843,#3966,#4778,.T.);
#2968=EDGE_CURVE('',#4000,#3993,#4779,.T.);
#2969=EDGE_CURVE('',#3998,#4000,#4780,.T.);
#2970=EDGE_CURVE('',#4001,#3979,#4781,.T.);
#2971=EDGE_CURVE('',#4002,#4001,#4782,.T.);
#2972=EDGE_CURVE('',#4002,#3980,#4783,.T.);
#2973=EDGE_CURVE('',#4003,#4003,#332,.T.);
#2974=EDGE_CURVE('',#4004,#4004,#333,.T.);
#2975=EDGE_CURVE('',#4005,#4005,#334,.T.);
#2976=EDGE_CURVE('',#4006,#4006,#335,.T.);
#2977=EDGE_CURVE('',#4007,#4007,#336,.T.);
#2978=EDGE_CURVE('',#4008,#4008,#337,.T.);
#2979=EDGE_CURVE('',#4009,#4009,#338,.T.);
#2980=EDGE_CURVE('',#4010,#4010,#339,.T.);
#2981=EDGE_CURVE('',#4011,#4011,#340,.T.);
#2982=EDGE_CURVE('',#4012,#4012,#341,.T.);
#2983=EDGE_CURVE('',#4001,#3856,#4784,.T.);
#2984=EDGE_CURVE('',#4013,#3982,#4785,.T.);
#2985=EDGE_CURVE('',#3935,#4013,#4786,.T.);
#2986=EDGE_CURVE('',#4014,#3981,#4787,.T.);
#2987=EDGE_CURVE('',#4013,#4014,#4788,.T.);
#2988=EDGE_CURVE('',#4014,#4002,#342,.T.);
#2989=EDGE_CURVE('',#4015,#3855,#4789,.T.);
#2990=EDGE_CURVE('',#4016,#4015,#343,.T.);
#2991=EDGE_CURVE('',#4017,#4016,#4790,.T.);
#2992=EDGE_CURVE('',#4018,#4017,#344,.T.);
#2993=EDGE_CURVE('',#4019,#4018,#4791,.T.);
#2994=EDGE_CURVE('',#4020,#4019,#4792,.T.);
#2995=EDGE_CURVE('',#3852,#4020,#4793,.T.);
#2996=EDGE_CURVE('',#3943,#3936,#4794,.T.);
#2997=EDGE_CURVE('',#4021,#4021,#345,.T.);
#2998=EDGE_CURVE('',#4022,#4022,#346,.T.);
#2999=EDGE_CURVE('',#4023,#4023,#347,.T.);
#3000=EDGE_CURVE('',#4024,#4024,#348,.T.);
#3001=EDGE_CURVE('',#4025,#4025,#349,.T.);
#3002=EDGE_CURVE('',#4026,#4026,#350,.T.);
#3003=EDGE_CURVE('',#3970,#3859,#4795,.T.);
#3004=EDGE_CURVE('',#3994,#3978,#4796,.T.);
#3005=EDGE_CURVE('',#4027,#4000,#4797,.T.);
#3006=EDGE_CURVE('',#4027,#4015,#4798,.T.);
#3007=EDGE_CURVE('',#3975,#3854,#4799,.T.);
#3008=EDGE_CURVE('',#3997,#4028,#351,.T.);
#3009=EDGE_CURVE('',#4029,#4028,#4800,.T.);
#3010=EDGE_CURVE('',#4029,#4030,#4801,.T.);
#3011=EDGE_CURVE('',#4030,#4031,#4802,.T.);
#3012=EDGE_CURVE('',#4031,#4027,#352,.T.);
#3013=EDGE_CURVE('',#4019,#4020,#353,.F.);
#3014=EDGE_CURVE('',#4032,#4018,#4803,.T.);
#3015=EDGE_CURVE('',#3853,#4032,#4804,.T.);
#3016=EDGE_CURVE('',#4033,#4016,#4805,.T.);
#3017=EDGE_CURVE('',#4033,#4031,#354,.T.);
#3018=EDGE_CURVE('',#4034,#4017,#4806,.T.);
#3019=EDGE_CURVE('',#4034,#4033,#4807,.T.);
#3020=EDGE_CURVE('',#4032,#3996,#355,.T.);
#3021=EDGE_CURVE('',#4028,#4034,#356,.T.);
#3022=EDGE_CURVE('',#4035,#3977,#4808,.T.);
#3023=EDGE_CURVE('',#4035,#4036,#4809,.T.);
#3024=EDGE_CURVE('',#4036,#3976,#4810,.T.);
#3025=EDGE_CURVE('',#3984,#3983,#357,.T.);
#3026=EDGE_CURVE('',#3860,#4037,#4811,.T.);
#3027=EDGE_CURVE('',#4037,#3985,#4812,.T.);
#3028=EDGE_CURVE('',#4038,#4039,#4813,.T.);
#3029=EDGE_CURVE('',#4039,#3987,#4814,.T.);
#3030=EDGE_CURVE('',#4038,#3986,#4815,.T.);
#3031=EDGE_CURVE('',#4039,#3995,#358,.F.);
#3032=EDGE_CURVE('',#3990,#4038,#359,.F.);
#3033=EDGE_CURVE('',#4037,#3999,#360,.T.);
#3034=EDGE_CURVE('',#4040,#4041,#4816,.T.);
#3035=EDGE_CURVE('',#4040,#3972,#4817,.T.);
#3036=EDGE_CURVE('',#4041,#3973,#4818,.T.);
#3037=EDGE_CURVE('',#3964,#3842,#4819,.T.);
#3038=EDGE_CURVE('',#3844,#3965,#4820,.T.);
#3039=EDGE_CURVE('',#4042,#4043,#361,.T.);
#3040=EDGE_CURVE('',#4044,#4042,#4821,.T.);
#3041=EDGE_CURVE('',#4028,#4044,#4822,.T.);
#3042=EDGE_CURVE('',#4031,#4045,#4823,.T.);
#3043=EDGE_CURVE('',#4043,#4045,#4824,.T.);
#3044=EDGE_CURVE('',#4046,#4047,#362,.T.);
#3045=EDGE_CURVE('',#4047,#4048,#4825,.T.);
#3046=EDGE_CURVE('',#4048,#3995,#4826,.T.);
#3047=EDGE_CURVE('',#4049,#3990,#4827,.T.);
#3048=EDGE_CURVE('',#4049,#4046,#4828,.T.);
#3049=EDGE_CURVE('',#4050,#4030,#363,.T.);
#3050=EDGE_CURVE('',#4051,#4029,#364,.T.);
#3051=EDGE_CURVE('',#4051,#4050,#4829,.T.);
#3052=EDGE_CURVE('',#4045,#4036,#4830,.T.);
#3053=EDGE_CURVE('',#4044,#4035,#4831,.T.);
#3054=EDGE_CURVE('',#4042,#4043,#4832,.T.);
#3055=EDGE_CURVE('',#3976,#4052,#4833,.T.);
#3056=EDGE_CURVE('',#4053,#4052,#4834,.T.);
#3057=EDGE_CURVE('',#3977,#4053,#4835,.T.);
#3058=EDGE_CURVE('',#4054,#4052,#365,.T.);
#3059=EDGE_CURVE('',#4055,#4054,#4836,.T.);
#3060=EDGE_CURVE('',#4055,#4053,#366,.T.);
#3061=EDGE_CURVE('',#4054,#4056,#4837,.T.);
#3062=EDGE_CURVE('',#4057,#4056,#4838,.T.);
#3063=EDGE_CURVE('',#4055,#4057,#4839,.T.);
#3064=EDGE_CURVE('',#4058,#4056,#367,.T.);
#3065=EDGE_CURVE('',#4059,#4058,#4840,.T.);
#3066=EDGE_CURVE('',#4059,#4057,#368,.T.);
#3067=EDGE_CURVE('',#4059,#3972,#4841,.T.);
#3068=EDGE_CURVE('',#4058,#3973,#4842,.T.);
#3069=EDGE_CURVE('',#4041,#4048,#4843,.T.);
#3070=EDGE_CURVE('',#4046,#4047,#4844,.T.);
#3071=EDGE_CURVE('',#4040,#4049,#4845,.T.);
#3072=EDGE_CURVE('',#3989,#4060,#369,.T.);
#3073=EDGE_CURVE('',#4061,#4060,#4846,.T.);
#3074=EDGE_CURVE('',#3988,#4061,#370,.T.);
#3075=EDGE_CURVE('',#4060,#4050,#4847,.T.);
#3076=EDGE_CURVE('',#4061,#4051,#4848,.T.);
#3077=EDGE_CURVE('',#4043,#4042,#371,.T.);
#3078=EDGE_CURVE('',#4062,#4062,#372,.T.);
#3079=EDGE_CURVE('',#4063,#4063,#373,.T.);
#3080=EDGE_CURVE('',#4064,#4064,#374,.T.);
#3081=EDGE_CURVE('',#4047,#4046,#375,.T.);
#3082=EDGE_CURVE('',#4065,#4065,#376,.T.);
#3083=EDGE_CURVE('',#4066,#4066,#377,.T.);
#3084=EDGE_CURVE('',#4067,#4067,#378,.T.);
#3085=EDGE_CURVE('',#4068,#4068,#379,.T.);
#3086=EDGE_CURVE('',#4069,#4069,#380,.T.);
#3087=EDGE_CURVE('',#4071,#4071,#381,.T.);
#3088=EDGE_CURVE('',#4072,#4072,#382,.T.);
#3089=EDGE_CURVE('',#4074,#4074,#383,.T.);
#3090=EDGE_CURVE('',#4075,#4075,#384,.T.);
#3091=EDGE_CURVE('',#4077,#4077,#385,.T.);
#3092=EDGE_CURVE('',#4078,#4078,#386,.T.);
#3093=EDGE_CURVE('',#4080,#4080,#387,.T.);
#3094=EDGE_CURVE('',#4081,#4081,#388,.T.);
#3095=EDGE_CURVE('',#4082,#4082,#389,.T.);
#3096=EDGE_CURVE('',#4083,#4083,#390,.T.);
#3097=EDGE_CURVE('',#4084,#4084,#391,.T.);
#3098=EDGE_CURVE('',#3942,#4085,#4849,.T.);
#3099=EDGE_CURVE('',#4086,#3933,#4850,.T.);
#3100=EDGE_CURVE('',#4087,#4086,#4851,.T.);
#3101=EDGE_CURVE('',#4088,#4087,#4852,.T.);
#3102=EDGE_CURVE('',#4085,#4088,#4853,.T.);
#3103=EDGE_CURVE('',#3850,#4089,#4854,.T.);
#3104=EDGE_CURVE('',#4090,#3849,#4855,.T.);
#3105=EDGE_CURVE('',#4089,#4090,#4856,.T.);
#3106=EDGE_CURVE('',#3864,#4091,#4857,.T.);
#3107=EDGE_CURVE('',#4092,#3863,#4858,.T.);
#3108=EDGE_CURVE('',#4091,#4092,#4859,.T.);
#3109=EDGE_CURVE('',#4093,#4093,#392,.T.);
#3110=EDGE_CURVE('',#4094,#4094,#393,.T.);
#3111=EDGE_CURVE('',#4095,#4096,#4860,.T.);
#3112=EDGE_CURVE('',#4097,#4096,#4861,.T.);
#3113=EDGE_CURVE('',#4098,#4097,#4862,.T.);
#3114=EDGE_CURVE('',#4098,#4095,#4863,.T.);
#3115=EDGE_CURVE('',#4096,#3943,#4864,.T.);
#3116=EDGE_CURVE('',#4099,#4089,#4865,.T.);
#3117=EDGE_CURVE('',#4097,#4099,#4866,.T.);
#3118=EDGE_CURVE('',#4100,#4100,#394,.T.);
#3119=EDGE_CURVE('',#4101,#4101,#395,.T.);
#3120=EDGE_CURVE('',#4102,#4090,#4867,.T.);
#3121=EDGE_CURVE('',#4099,#4102,#4868,.T.);
#3122=EDGE_CURVE('',#4102,#3848,#4869,.T.);
#3123=EDGE_CURVE('',#3920,#4091,#4870,.T.);
#3124=EDGE_CURVE('',#4103,#4103,#396,.T.);
#3125=EDGE_CURVE('',#4104,#4104,#397,.T.);
#3126=EDGE_CURVE('',#3921,#4092,#4871,.T.);
#3127=EDGE_CURVE('',#3922,#4085,#4872,.T.);
#3128=EDGE_CURVE('',#4105,#4105,#398,.T.);
#3129=EDGE_CURVE('',#4106,#4106,#399,.T.);
#3130=EDGE_CURVE('',#3923,#4088,#4873,.T.);
#3131=EDGE_CURVE('',#3924,#4087,#4874,.T.);
#3132=EDGE_CURVE('',#3925,#4086,#4875,.T.);
#3133=EDGE_CURVE('',#4107,#3932,#4876,.T.);
#3134=EDGE_CURVE('',#3886,#4107,#4877,.T.);
#3135=EDGE_CURVE('',#4108,#3931,#4878,.T.);
#3136=EDGE_CURVE('',#4107,#4108,#4879,.T.);
#3137=EDGE_CURVE('',#4109,#3930,#4880,.T.);
#3138=EDGE_CURVE('',#4108,#4109,#4881,.T.);
#3139=EDGE_CURVE('',#4110,#3929,#4882,.T.);
#3140=EDGE_CURVE('',#4109,#4110,#4883,.T.);
#3141=EDGE_CURVE('',#4111,#3928,#4884,.T.);
#3142=EDGE_CURVE('',#4111,#4110,#400,.T.);
#3143=EDGE_CURVE('',#4111,#3899,#4885,.T.);
#3144=EDGE_CURVE('',#4112,#3941,#4886,.T.);
#3145=EDGE_CURVE('',#3916,#4112,#4887,.T.);
#3146=EDGE_CURVE('',#4113,#3940,#4888,.T.);
#3147=EDGE_CURVE('',#4113,#4112,#401,.T.);
#3148=EDGE_CURVE('',#4114,#3939,#4889,.T.);
#3149=EDGE_CURVE('',#4113,#4114,#4890,.T.);
#3150=EDGE_CURVE('',#4115,#3938,#4891,.T.);
#3151=EDGE_CURVE('',#4114,#4115,#4892,.T.);
#3152=EDGE_CURVE('',#4116,#3937,#4893,.T.);
#3153=EDGE_CURVE('',#4115,#4116,#4894,.T.);
#3154=EDGE_CURVE('',#3936,#4117,#4895,.T.);
#3155=EDGE_CURVE('',#4118,#4117,#4896,.T.);
#3156=EDGE_CURVE('',#3875,#4118,#4897,.T.);
#3157=EDGE_CURVE('',#4116,#3875,#4898,.T.);
#3158=EDGE_CURVE('',#4117,#4119,#4899,.T.);
#3159=EDGE_CURVE('',#4120,#4119,#4900,.T.);
#3160=EDGE_CURVE('',#4118,#4120,#4901,.T.);
#3161=EDGE_CURVE('',#4119,#4095,#4902,.T.);
#3162=EDGE_CURVE('',#4120,#4098,#4903,.T.);
#3163=EDGE_CURVE('',#4121,#4121,#402,.T.);
#3164=EDGE_CURVE('',#4122,#4122,#403,.T.);
#3165=EDGE_CURVE('',#4123,#4123,#404,.T.);
#3166=EDGE_CURVE('',#4124,#4124,#405,.T.);
#3167=EDGE_CURVE('',#4125,#4125,#406,.T.);
#3168=EDGE_CURVE('',#4126,#4126,#407,.T.);
#3169=EDGE_CURVE('',#4127,#4127,#408,.T.);
#3170=EDGE_CURVE('',#4128,#4128,#409,.T.);
#3171=EDGE_CURVE('',#4129,#4129,#410,.T.);
#3172=EDGE_CURVE('',#4131,#4131,#411,.T.);
#3173=EDGE_CURVE('',#4132,#4132,#412,.T.);
#3174=EDGE_CURVE('',#4134,#4134,#413,.T.);
#3175=EDGE_CURVE('',#4135,#4135,#414,.T.);
#3176=EDGE_CURVE('',#4136,#4136,#415,.T.);
#3177=EDGE_CURVE('',#4138,#4138,#416,.T.);
#3178=EDGE_CURVE('',#4139,#4139,#417,.T.);
#3179=EDGE_CURVE('',#4141,#4141,#418,.F.);
#3180=EDGE_CURVE('',#3887,#3874,#4904,.T.);
#3181=EDGE_CURVE('',#4142,#4142,#419,.T.);
#3182=EDGE_CURVE('',#4143,#4144,#4905,.T.);
#3183=EDGE_CURVE('',#4144,#4145,#420,.T.);
#3184=EDGE_CURVE('',#4145,#4146,#4906,.F.);
#3185=EDGE_CURVE('',#4143,#4146,#421,.T.);
#3186=EDGE_CURVE('',#4147,#4148,#4907,.T.);
#3187=EDGE_CURVE('',#4148,#4149,#422,.T.);
#3188=EDGE_CURVE('',#4149,#4150,#4908,.F.);
#3189=EDGE_CURVE('',#4147,#4150,#423,.T.);
#3190=EDGE_CURVE('',#4151,#4151,#424,.T.);
#3191=EDGE_CURVE('',#4148,#4149,#4909,.T.);
#3192=EDGE_CURVE('',#4147,#4150,#4910,.T.);
#3193=EDGE_CURVE('',#4143,#4146,#4911,.T.);
#3194=EDGE_CURVE('',#4144,#4145,#4912,.T.);
#3195=EDGE_CURVE('',#3893,#4152,#4913,.T.);
#3196=EDGE_CURVE('',#4152,#3927,#4914,.T.);
#3197=EDGE_CURVE('',#3913,#4153,#4915,.T.);
#3198=EDGE_CURVE('',#4153,#3926,#4916,.T.);
#3199=EDGE_CURVE('',#4154,#4154,#425,.F.);
#3200=EDGE_CURVE('',#4155,#4155,#426,.F.);
#3201=EDGE_CURVE('',#4156,#4156,#427,.F.);
#3202=EDGE_CURVE('',#4157,#4157,#428,.F.);
#3203=EDGE_CURVE('',#4153,#4152,#4917,.T.);
#3204=EDGE_CURVE('',#4158,#4158,#429,.T.);
#3205=EDGE_CURVE('',#4159,#4159,#430,.T.);
#3206=EDGE_CURVE('',#4160,#4161,#4918,.T.);
#3207=EDGE_CURVE('',#4162,#4160,#4919,.T.);
#3208=EDGE_CURVE('',#4163,#4162,#4920,.T.);
#3209=EDGE_CURVE('',#4164,#4163,#4921,.T.);
#3210=EDGE_CURVE('',#4165,#4164,#4922,.T.);
#3211=EDGE_CURVE('',#4161,#4165,#4923,.T.);
#3212=EDGE_CURVE('',#4166,#4166,#431,.T.);
#3213=EDGE_CURVE('',#4167,#4167,#432,.T.);
#3214=EDGE_CURVE('',#4168,#4169,#4924,.T.);
#3215=EDGE_CURVE('',#4170,#4168,#4925,.T.);
#3216=EDGE_CURVE('',#4171,#4170,#4926,.T.);
#3217=EDGE_CURVE('',#4172,#4171,#4927,.T.);
#3218=EDGE_CURVE('',#4173,#4172,#4928,.T.);
#3219=EDGE_CURVE('',#4169,#4173,#4929,.T.);
#3220=EDGE_CURVE('',#4174,#4174,#433,.T.);
#3221=EDGE_CURVE('',#4175,#4175,#434,.T.);
#3222=EDGE_CURVE('',#4176,#4177,#4930,.T.);
#3223=EDGE_CURVE('',#4178,#4176,#4931,.T.);
#3224=EDGE_CURVE('',#4179,#4178,#4932,.T.);
#3225=EDGE_CURVE('',#4180,#4179,#4933,.T.);
#3226=EDGE_CURVE('',#4181,#4180,#4934,.T.);
#3227=EDGE_CURVE('',#4177,#4181,#4935,.T.);
#3228=EDGE_CURVE('',#4182,#4182,#435,.T.);
#3229=EDGE_CURVE('',#4183,#4183,#436,.T.);
#3230=EDGE_CURVE('',#4184,#4185,#4936,.T.);
#3231=EDGE_CURVE('',#4186,#4184,#4937,.T.);
#3232=EDGE_CURVE('',#4187,#4186,#4938,.T.);
#3233=EDGE_CURVE('',#4188,#4187,#4939,.T.);
#3234=EDGE_CURVE('',#4189,#4188,#4940,.T.);
#3235=EDGE_CURVE('',#4185,#4189,#4941,.T.);
#3236=EDGE_CURVE('',#4190,#4160,#4942,.T.);
#3237=EDGE_CURVE('',#4191,#4190,#4943,.T.);
#3238=EDGE_CURVE('',#4191,#4162,#4944,.T.);
#3239=EDGE_CURVE('',#4192,#4161,#4945,.T.);
#3240=EDGE_CURVE('',#4190,#4192,#4946,.T.);
#3241=EDGE_CURVE('',#4193,#4165,#4947,.T.);
#3242=EDGE_CURVE('',#4192,#4193,#4948,.T.);
#3243=EDGE_CURVE('',#4194,#4164,#4949,.T.);
#3244=EDGE_CURVE('',#4193,#4194,#4950,.T.);
#3245=EDGE_CURVE('',#4195,#4163,#4951,.T.);
#3246=EDGE_CURVE('',#4194,#4195,#4952,.T.);
#3247=EDGE_CURVE('',#4195,#4191,#4953,.T.);
#3248=EDGE_CURVE('',#4196,#4168,#4954,.T.);
#3249=EDGE_CURVE('',#4197,#4196,#4955,.T.);
#3250=EDGE_CURVE('',#4197,#4170,#4956,.T.);
#3251=EDGE_CURVE('',#4198,#4169,#4957,.T.);
#3252=EDGE_CURVE('',#4196,#4198,#4958,.T.);
#3253=EDGE_CURVE('',#4199,#4173,#4959,.T.);
#3254=EDGE_CURVE('',#4198,#4199,#4960,.T.);
#3255=EDGE_CURVE('',#4200,#4172,#4961,.T.);
#3256=EDGE_CURVE('',#4199,#4200,#4962,.T.);
#3257=EDGE_CURVE('',#4201,#4171,#4963,.T.);
#3258=EDGE_CURVE('',#4200,#4201,#4964,.T.);
#3259=EDGE_CURVE('',#4201,#4197,#4965,.T.);
#3260=EDGE_CURVE('',#4202,#4176,#4966,.T.);
#3261=EDGE_CURVE('',#4203,#4202,#4967,.T.);
#3262=EDGE_CURVE('',#4203,#4178,#4968,.T.);
#3263=EDGE_CURVE('',#4204,#4177,#4969,.T.);
#3264=EDGE_CURVE('',#4202,#4204,#4970,.T.);
#3265=EDGE_CURVE('',#4205,#4181,#4971,.T.);
#3266=EDGE_CURVE('',#4204,#4205,#4972,.T.);
#3267=EDGE_CURVE('',#4206,#4180,#4973,.T.);
#3268=EDGE_CURVE('',#4205,#4206,#4974,.T.);
#3269=EDGE_CURVE('',#4207,#4179,#4975,.T.);
#3270=EDGE_CURVE('',#4206,#4207,#4976,.T.);
#3271=EDGE_CURVE('',#4207,#4203,#4977,.T.);
#3272=EDGE_CURVE('',#4208,#4184,#4978,.T.);
#3273=EDGE_CURVE('',#4209,#4208,#4979,.T.);
#3274=EDGE_CURVE('',#4209,#4186,#4980,.T.);
#3275=EDGE_CURVE('',#4210,#4185,#4981,.T.);
#3276=EDGE_CURVE('',#4208,#4210,#4982,.T.);
#3277=EDGE_CURVE('',#4211,#4189,#4983,.T.);
#3278=EDGE_CURVE('',#4210,#4211,#4984,.T.);
#3279=EDGE_CURVE('',#4212,#4188,#4985,.T.);
#3280=EDGE_CURVE('',#4211,#4212,#4986,.T.);
#3281=EDGE_CURVE('',#4213,#4187,#4987,.T.);
#3282=EDGE_CURVE('',#4212,#4213,#4988,.T.);
#3283=EDGE_CURVE('',#4213,#4209,#4989,.T.);
#3284=EDGE_CURVE('',#3891,#4214,#4990,.T.);
#3285=EDGE_CURVE('',#3846,#4214,#4991,.T.);
#3286=EDGE_CURVE('',#4214,#3872,#4992,.T.);
#3287=EDGE_CURVE('',#3879,#3878,#437,.F.);
#3288=EDGE_CURVE('',#3884,#3885,#438,.T.);
#3289=EDGE_CURVE('',#3883,#4215,#4993,.T.);
#3290=EDGE_CURVE('',#4215,#3868,#4994,.T.);
#3291=EDGE_CURVE('',#3890,#4215,#4995,.T.);
#3292=EDGE_CURVE('',#4216,#4217,#4996,.T.);
#3293=EDGE_CURVE('',#4218,#4216,#4997,.T.);
#3294=EDGE_CURVE('',#4219,#4218,#4998,.T.);
#3295=EDGE_CURVE('',#4220,#4219,#4999,.T.);
#3296=EDGE_CURVE('',#4221,#4220,#5000,.T.);
#3297=EDGE_CURVE('',#4217,#4221,#5001,.T.);
#3298=EDGE_CURVE('',#4222,#4222,#439,.T.);
#3299=EDGE_CURVE('',#4223,#4223,#440,.T.);
#3300=EDGE_CURVE('',#4224,#4224,#441,.T.);
#3301=EDGE_CURVE('',#4019,#4020,#442,.T.);
#3302=EDGE_CURVE('',#4225,#4216,#5002,.T.);
#3303=EDGE_CURVE('',#4226,#4225,#5003,.T.);
#3304=EDGE_CURVE('',#4226,#4218,#5004,.T.);
#3305=EDGE_CURVE('',#4227,#4217,#5005,.T.);
#3306=EDGE_CURVE('',#4225,#4227,#5006,.T.);
#3307=EDGE_CURVE('',#4228,#4221,#5007,.T.);
#3308=EDGE_CURVE('',#4227,#4228,#5008,.T.);
#3309=EDGE_CURVE('',#4229,#4220,#5009,.T.);
#3310=EDGE_CURVE('',#4228,#4229,#5010,.T.);
#3311=EDGE_CURVE('',#4230,#4219,#5011,.T.);
#3312=EDGE_CURVE('',#4229,#4230,#5012,.T.);
#3313=EDGE_CURVE('',#4230,#4226,#5013,.T.);
#3314=EDGE_CURVE('',#3879,#3878,#443,.T.);
#3315=EDGE_CURVE('',#4231,#4231,#444,.T.);
#3316=EDGE_CURVE('',#4232,#4232,#445,.T.);
#3317=EDGE_CURVE('',#4233,#4233,#446,.T.);
#3318=EDGE_CURVE('',#4234,#4235,#5014,.T.);
#3319=EDGE_CURVE('',#4236,#4234,#5015,.T.);
#3320=EDGE_CURVE('',#4237,#4236,#5016,.T.);
#3321=EDGE_CURVE('',#4238,#4237,#5017,.T.);
#3322=EDGE_CURVE('',#4239,#4238,#5018,.T.);
#3323=EDGE_CURVE('',#4235,#4239,#5019,.T.);
#3324=EDGE_CURVE('',#4240,#4234,#5020,.T.);
#3325=EDGE_CURVE('',#4241,#4240,#5021,.T.);
#3326=EDGE_CURVE('',#4241,#4236,#5022,.T.);
#3327=EDGE_CURVE('',#4242,#4235,#5023,.T.);
#3328=EDGE_CURVE('',#4240,#4242,#5024,.T.);
#3329=EDGE_CURVE('',#4243,#4239,#5025,.T.);
#3330=EDGE_CURVE('',#4242,#4243,#5026,.T.);
#3331=EDGE_CURVE('',#4244,#4238,#5027,.T.);
#3332=EDGE_CURVE('',#4243,#4244,#5028,.T.);
#3333=EDGE_CURVE('',#4245,#4237,#5029,.T.);
#3334=EDGE_CURVE('',#4244,#4245,#5030,.T.);
#3335=EDGE_CURVE('',#4245,#4241,#5031,.T.);
#3336=EDGE_CURVE('',#3983,#3984,#447,.T.);
#3337=EDGE_CURVE('',#4246,#4247,#5032,.T.);
#3338=EDGE_CURVE('',#4248,#4246,#5033,.T.);
#3339=EDGE_CURVE('',#4249,#4248,#5034,.T.);
#3340=EDGE_CURVE('',#4250,#4249,#5035,.T.);
#3341=EDGE_CURVE('',#4251,#4250,#5036,.T.);
#3342=EDGE_CURVE('',#4247,#4251,#5037,.T.);
#3343=EDGE_CURVE('',#4252,#4252,#448,.T.);
#3344=EDGE_CURVE('',#4253,#4253,#449,.T.);
#3345=EDGE_CURVE('',#4254,#4254,#450,.T.);
#3346=EDGE_CURVE('',#4255,#4246,#5038,.T.);
#3347=EDGE_CURVE('',#4256,#4255,#5039,.T.);
#3348=EDGE_CURVE('',#4256,#4248,#5040,.T.);
#3349=EDGE_CURVE('',#4257,#4247,#5041,.T.);
#3350=EDGE_CURVE('',#4255,#4257,#5042,.T.);
#3351=EDGE_CURVE('',#4258,#4251,#5043,.T.);
#3352=EDGE_CURVE('',#4257,#4258,#5044,.T.);
#3353=EDGE_CURVE('',#4259,#4250,#5045,.T.);
#3354=EDGE_CURVE('',#4258,#4259,#5046,.T.);
#3355=EDGE_CURVE('',#4260,#4249,#5047,.T.);
#3356=EDGE_CURVE('',#4259,#4260,#5048,.T.);
#3357=EDGE_CURVE('',#4260,#4256,#5049,.T.);
#3358=EDGE_CURVE('',#3885,#3884,#451,.T.);
#3359=EDGE_CURVE('',#4261,#4261,#452,.T.);
#3360=EDGE_CURVE('',#4262,#4262,#453,.T.);
#3361=EDGE_CURVE('',#4263,#4263,#454,.T.);
#3362=EDGE_CURVE('',#4264,#4265,#5050,.T.);
#3363=EDGE_CURVE('',#4266,#4264,#5051,.T.);
#3364=EDGE_CURVE('',#4267,#4266,#5052,.T.);
#3365=EDGE_CURVE('',#4268,#4267,#5053,.T.);
#3366=EDGE_CURVE('',#4269,#4268,#5054,.T.);
#3367=EDGE_CURVE('',#4265,#4269,#5055,.T.);
#3368=EDGE_CURVE('',#4270,#4264,#5056,.T.);
#3369=EDGE_CURVE('',#4271,#4270,#5057,.T.);
#3370=EDGE_CURVE('',#4271,#4266,#5058,.T.);
#3371=EDGE_CURVE('',#4272,#4265,#5059,.T.);
#3372=EDGE_CURVE('',#4270,#4272,#5060,.T.);
#3373=EDGE_CURVE('',#4273,#4269,#5061,.T.);
#3374=EDGE_CURVE('',#4272,#4273,#5062,.T.);
#3375=EDGE_CURVE('',#4274,#4268,#5063,.T.);
#3376=EDGE_CURVE('',#4273,#4274,#5064,.T.);
#3377=EDGE_CURVE('',#4275,#4267,#5065,.T.);
#3378=EDGE_CURVE('',#4274,#4275,#5066,.T.);
#3379=EDGE_CURVE('',#4275,#4271,#5067,.T.);
#3380=EDGE_CURVE('',#3902,#3837,#5068,.T.);
#3381=EDGE_CURVE('',#3903,#3836,#5069,.T.);
#3382=EDGE_CURVE('',#3905,#3838,#5070,.T.);
#3383=EDGE_CURVE('',#3904,#3839,#5071,.T.);
#3384=EDGE_CURVE('',#4276,#4277,#455,.F.);
#3385=EDGE_CURVE('',#4276,#4278,#456,.F.);
#3386=EDGE_CURVE('',#4278,#4279,#5072,.T.);
#3387=EDGE_CURVE('',#4280,#4279,#5073,.T.);
#3388=EDGE_CURVE('',#4281,#4280,#457,.T.);
#3389=EDGE_CURVE('',#4281,#4282,#5074,.T.);
#3390=EDGE_CURVE('',#4282,#4283,#5075,.T.);
#3391=EDGE_CURVE('',#4283,#4284,#458,.F.);
#3392=EDGE_CURVE('',#4285,#4284,#5076,.T.);
#3393=EDGE_CURVE('',#4285,#4286,#459,.F.);
#3394=EDGE_CURVE('',#4277,#4286,#5077,.T.);
#3395=EDGE_CURVE('',#4287,#4287,#460,.F.);
#3396=EDGE_CURVE('',#4288,#4288,#461,.F.);
#3397=EDGE_CURVE('',#4289,#4289,#462,.T.);
#3398=EDGE_CURVE('',#4290,#4291,#463,.F.);
#3399=EDGE_CURVE('',#4291,#4292,#5078,.T.);
#3400=EDGE_CURVE('',#4292,#4293,#5079,.T.);
#3401=EDGE_CURVE('',#4293,#4294,#5080,.T.);
#3402=EDGE_CURVE('',#4294,#4295,#5081,.T.);
#3403=EDGE_CURVE('',#4295,#4296,#5082,.T.);
#3404=EDGE_CURVE('',#4296,#4297,#464,.T.);
#3405=EDGE_CURVE('',#4297,#4298,#5083,.T.);
#3406=EDGE_CURVE('',#4298,#4299,#5084,.T.);
#3407=EDGE_CURVE('',#4299,#4300,#465,.T.);
#3408=EDGE_CURVE('',#4300,#4301,#5085,.T.);
#3409=EDGE_CURVE('',#4301,#4302,#5086,.T.);
#3410=EDGE_CURVE('',#4302,#4303,#5087,.T.);
#3411=EDGE_CURVE('',#4303,#4304,#5088,.T.);
#3412=EDGE_CURVE('',#4304,#4305,#5089,.T.);
#3413=EDGE_CURVE('',#4305,#4306,#466,.T.);
#3414=EDGE_CURVE('',#4306,#4307,#5090,.T.);
#3415=EDGE_CURVE('',#4307,#4308,#5091,.T.);
#3416=EDGE_CURVE('',#4308,#4309,#467,.T.);
#3417=EDGE_CURVE('',#4309,#4310,#5092,.T.);
#3418=EDGE_CURVE('',#4310,#4311,#5093,.T.);
#3419=EDGE_CURVE('',#4311,#4312,#5094,.T.);
#3420=EDGE_CURVE('',#4312,#4313,#5095,.T.);
#3421=EDGE_CURVE('',#4314,#4313,#468,.T.);
#3422=EDGE_CURVE('',#4315,#4314,#5096,.T.);
#3423=EDGE_CURVE('',#4316,#4315,#5097,.T.);
#3424=EDGE_CURVE('',#4316,#4317,#469,.T.);
#3425=EDGE_CURVE('',#4317,#4318,#5098,.T.);
#3426=EDGE_CURVE('',#4319,#4318,#5099,.T.);
#3427=EDGE_CURVE('',#4320,#4319,#470,.T.);
#3428=EDGE_CURVE('',#4320,#4290,#471,.F.);
#3429=EDGE_CURVE('',#4321,#4322,#5100,.T.);
#3430=EDGE_CURVE('',#4322,#4323,#5101,.T.);
#3431=EDGE_CURVE('',#4321,#4323,#472,.T.);
#3432=EDGE_CURVE('',#4292,#4324,#5102,.T.);
#3433=EDGE_CURVE('',#4325,#4324,#5103,.T.);
#3434=EDGE_CURVE('',#4322,#4325,#5104,.T.);
#3435=EDGE_CURVE('',#4321,#4313,#5105,.T.);
#3436=EDGE_CURVE('',#4312,#4326,#5106,.T.);
#3437=EDGE_CURVE('',#4327,#4326,#5107,.T.);
#3438=EDGE_CURVE('',#4293,#4327,#5108,.T.);
#3439=EDGE_CURVE('',#4320,#4276,#19,.T.);
#3440=EDGE_CURVE('',#4278,#4319,#293,.F.);
#3441=EDGE_CURVE('',#4286,#4323,#20,.T.);
#3442=EDGE_CURVE('',#4321,#4285,#21,.T.);
#3443=EDGE_CURVE('',#4328,#4329,#5109,.T.);
#3444=EDGE_CURVE('',#4329,#4330,#5110,.T.);
#3445=EDGE_CURVE('',#4331,#4330,#5111,.T.);
#3446=EDGE_CURVE('',#4331,#4332,#5112,.T.);
#3447=EDGE_CURVE('',#4333,#4332,#5113,.T.);
#3448=EDGE_CURVE('',#4333,#4334,#5114,.T.);
#3449=EDGE_CURVE('',#4334,#4335,#5115,.T.);
#3450=EDGE_CURVE('',#4335,#4336,#5116,.T.);
#3451=EDGE_CURVE('',#4337,#4336,#5117,.T.);
#3452=EDGE_CURVE('',#4337,#4328,#5118,.T.);
#3453=EDGE_CURVE('',#4338,#4329,#5119,.T.);
#3454=EDGE_CURVE('',#4338,#4330,#473,.T.);
#3455=EDGE_CURVE('',#4339,#4339,#474,.T.);
#3456=EDGE_CURVE('',#4340,#4340,#475,.F.);
#3457=EDGE_CURVE('',#4341,#4341,#476,.F.);
#3458=EDGE_CURVE('',#4342,#4343,#477,.F.);
#3459=EDGE_CURVE('',#4344,#4342,#478,.F.);
#3460=EDGE_CURVE('',#4336,#4344,#5120,.T.);
#3461=EDGE_CURVE('',#4345,#4335,#5121,.T.);
#3462=EDGE_CURVE('',#4346,#4345,#5122,.T.);
#3463=EDGE_CURVE('',#4347,#4346,#5123,.T.);
#3464=EDGE_CURVE('',#4348,#4347,#479,.T.);
#3465=EDGE_CURVE('',#4349,#4348,#5124,.T.);
#3466=EDGE_CURVE('',#4350,#4349,#5125,.T.);
#3467=EDGE_CURVE('',#4351,#4350,#480,.T.);
#3468=EDGE_CURVE('',#4352,#4351,#5126,.T.);
#3469=EDGE_CURVE('',#4353,#4352,#5127,.T.);
#3470=EDGE_CURVE('',#4354,#4353,#5128,.T.);
#3471=EDGE_CURVE('',#4355,#4354,#5129,.T.);
#3472=EDGE_CURVE('',#4356,#4355,#5130,.T.);
#3473=EDGE_CURVE('',#4357,#4356,#481,.T.);
#3474=EDGE_CURVE('',#4358,#4357,#5131,.T.);
#3475=EDGE_CURVE('',#4359,#4358,#5132,.T.);
#3476=EDGE_CURVE('',#4360,#4359,#482,.T.);
#3477=EDGE_CURVE('',#4361,#4360,#5133,.T.);
#3478=EDGE_CURVE('',#4362,#4361,#5134,.T.);
#3479=EDGE_CURVE('',#4332,#4362,#5135,.T.);
#3480=EDGE_CURVE('',#4331,#4363,#483,.T.);
#3481=EDGE_CURVE('',#4363,#4364,#5136,.T.);
#3482=EDGE_CURVE('',#4365,#4364,#5137,.T.);
#3483=EDGE_CURVE('',#4366,#4365,#484,.T.);
#3484=EDGE_CURVE('',#4366,#4367,#5138,.T.);
#3485=EDGE_CURVE('',#4367,#4368,#5139,.T.);
#3486=EDGE_CURVE('',#4368,#4343,#485,.T.);
#3487=EDGE_CURVE('',#4369,#4338,#22,.T.);
#3488=EDGE_CURVE('',#4370,#4369,#486,.F.);
#3489=EDGE_CURVE('',#4330,#4370,#23,.T.);
#3490=EDGE_CURVE('',#4343,#4371,#24,.T.);
#3491=EDGE_CURVE('',#4372,#4368,#294,.F.);
#3492=EDGE_CURVE('',#4371,#4372,#487,.F.);
#3493=EDGE_CURVE('',#4315,#4282,#5140,.T.);
#3494=EDGE_CURVE('',#4314,#4283,#295,.F.);
#3495=EDGE_CURVE('',#4279,#4318,#5141,.T.);
#3496=EDGE_CURVE('',#4373,#4369,#5142,.T.);
#3497=EDGE_CURVE('',#4371,#4373,#488,.F.);
#3498=EDGE_CURVE('',#4374,#4372,#5143,.T.);
#3499=EDGE_CURVE('',#4375,#4374,#5144,.T.);
#3500=EDGE_CURVE('',#4375,#4376,#489,.T.);
#3501=EDGE_CURVE('',#4376,#4377,#5145,.T.);
#3502=EDGE_CURVE('',#4378,#4377,#5146,.T.);
#3503=EDGE_CURVE('',#4378,#4379,#490,.F.);
#3504=EDGE_CURVE('',#4379,#4370,#5147,.T.);
#3505=EDGE_CURVE('',#4364,#4377,#5148,.T.);
#3506=EDGE_CURVE('',#4363,#4378,#296,.F.);
#3507=EDGE_CURVE('',#4374,#4367,#5149,.T.);
#3508=EDGE_CURVE('',#4380,#4380,#491,.T.);
#3509=EDGE_CURVE('',#4381,#4381,#492,.T.);
#3510=EDGE_CURVE('',#4382,#4382,#493,.T.);
#3511=EDGE_CURVE('',#4383,#4383,#494,.T.);
#3512=EDGE_CURVE('',#4384,#4385,#5150,.T.);
#3513=EDGE_CURVE('',#4386,#4384,#5151,.T.);
#3514=EDGE_CURVE('',#4386,#4387,#5152,.T.);
#3515=EDGE_CURVE('',#4387,#4385,#5153,.T.);
#3516=EDGE_CURVE('',#4388,#4388,#495,.T.);
#3517=EDGE_CURVE('',#4389,#4389,#496,.T.);
#3518=EDGE_CURVE('',#4390,#4390,#497,.T.);
#3519=EDGE_CURVE('',#4391,#4391,#498,.T.);
#3520=EDGE_CURVE('',#4392,#4393,#5154,.F.);
#3521=EDGE_CURVE('',#4392,#4394,#5155,.T.);
#3522=EDGE_CURVE('',#4395,#4394,#5156,.T.);
#3523=EDGE_CURVE('',#4393,#4395,#5157,.T.);
#3524=EDGE_CURVE('',#4384,#4396,#499,.F.);
#3525=EDGE_CURVE('',#4396,#4397,#5158,.T.);
#3526=EDGE_CURVE('',#4397,#4398,#5159,.T.);
#3527=EDGE_CURVE('',#4398,#4327,#5160,.T.);
#3528=EDGE_CURVE('',#4326,#4399,#5161,.T.);
#3529=EDGE_CURVE('',#4399,#4400,#5162,.T.);
#3530=EDGE_CURVE('',#4400,#4401,#5163,.T.);
#3531=EDGE_CURVE('',#4401,#4393,#500,.F.);
#3532=EDGE_CURVE('',#4395,#4402,#5164,.T.);
#3533=EDGE_CURVE('',#4402,#4403,#5165,.T.);
#3534=EDGE_CURVE('',#4403,#4404,#5166,.T.);
#3535=EDGE_CURVE('',#4404,#4405,#5167,.T.);
#3536=EDGE_CURVE('',#4405,#4406,#5168,.T.);
#3537=EDGE_CURVE('',#4406,#4407,#5169,.T.);
#3538=EDGE_CURVE('',#4408,#4407,#501,.T.);
#3539=EDGE_CURVE('',#4408,#4409,#5170,.T.);
#3540=EDGE_CURVE('',#4410,#4409,#502,.T.);
#3541=EDGE_CURVE('',#4410,#4411,#5171,.T.);
#3542=EDGE_CURVE('',#4411,#4412,#5172,.T.);
#3543=EDGE_CURVE('',#4412,#4413,#5173,.T.);
#3544=EDGE_CURVE('',#4413,#4414,#5174,.T.);
#3545=EDGE_CURVE('',#4414,#4415,#5175,.T.);
#3546=EDGE_CURVE('',#4415,#4386,#5176,.T.);
#3547=EDGE_CURVE('',#4385,#4416,#503,.F.);
#3548=EDGE_CURVE('',#4417,#4387,#5177,.T.);
#3549=EDGE_CURVE('',#4418,#4417,#5178,.T.);
#3550=EDGE_CURVE('',#4419,#4418,#5179,.T.);
#3551=EDGE_CURVE('',#4420,#4419,#5180,.T.);
#3552=EDGE_CURVE('',#4421,#4420,#5181,.T.);
#3553=EDGE_CURVE('',#4422,#4421,#5182,.T.);
#3554=EDGE_CURVE('',#4422,#4423,#504,.T.);
#3555=EDGE_CURVE('',#4424,#4423,#5183,.T.);
#3556=EDGE_CURVE('',#4424,#4425,#505,.T.);
#3557=EDGE_CURVE('',#4426,#4425,#5184,.T.);
#3558=EDGE_CURVE('',#4427,#4426,#5185,.T.);
#3559=EDGE_CURVE('',#4428,#4427,#5186,.T.);
#3560=EDGE_CURVE('',#4429,#4428,#5187,.T.);
#3561=EDGE_CURVE('',#4430,#4429,#5188,.T.);
#3562=EDGE_CURVE('',#4394,#4430,#5189,.T.);
#3563=EDGE_CURVE('',#4431,#4392,#506,.F.);
#3564=EDGE_CURVE('',#4432,#4431,#5190,.T.);
#3565=EDGE_CURVE('',#4433,#4432,#5191,.T.);
#3566=EDGE_CURVE('',#4334,#4433,#5192,.T.);
#3567=EDGE_CURVE('',#4434,#4333,#5193,.T.);
#3568=EDGE_CURVE('',#4435,#4434,#5194,.T.);
#3569=EDGE_CURVE('',#4416,#4435,#5195,.T.);
#3570=EDGE_CURVE('',#4414,#4418,#5196,.T.);
#3571=EDGE_CURVE('',#4413,#4419,#5197,.T.);
#3572=EDGE_CURVE('',#4436,#4436,#507,.T.);
#3573=EDGE_CURVE('',#4437,#4437,#508,.T.);
#3574=EDGE_CURVE('',#4415,#4417,#5198,.T.);
#3575=EDGE_CURVE('',#4402,#4430,#5199,.T.);
#3576=EDGE_CURVE('',#4438,#4438,#509,.T.);
#3577=EDGE_CURVE('',#4439,#4439,#510,.T.);
#3578=EDGE_CURVE('',#4403,#4429,#5200,.T.);
#3579=EDGE_CURVE('',#4404,#4428,#5201,.T.);
#3580=EDGE_CURVE('',#4440,#4441,#5202,.T.);
#3581=EDGE_CURVE('',#4442,#4440,#511,.T.);
#3582=EDGE_CURVE('',#4443,#4442,#5203,.T.);
#3583=EDGE_CURVE('',#4441,#4443,#512,.T.);
#3584=EDGE_CURVE('',#4444,#4444,#513,.T.);
#3585=EDGE_CURVE('',#4445,#4445,#514,.T.);
#3586=EDGE_CURVE('',#4405,#4427,#5204,.T.);
#3587=EDGE_CURVE('',#4406,#4426,#5205,.T.);
#3588=EDGE_CURVE('',#4407,#4425,#5206,.T.);
#3589=EDGE_CURVE('',#4408,#4424,#5207,.T.);
#3590=EDGE_CURVE('',#4409,#4423,#5208,.T.);
#3591=EDGE_CURVE('',#4410,#4422,#5209,.T.);
#3592=EDGE_CURVE('',#4411,#4421,#5210,.T.);
#3593=EDGE_CURVE('',#4412,#4420,#5211,.T.);
#3594=EDGE_CURVE('',#4446,#4446,#515,.T.);
#3595=EDGE_CURVE('',#4447,#4447,#516,.T.);
#3596=EDGE_CURVE('',#4448,#4448,#517,.T.);
#3597=EDGE_CURVE('',#4416,#4360,#5212,.T.);
#3598=EDGE_CURVE('',#4435,#4361,#5213,.T.);
#3599=EDGE_CURVE('',#4432,#4346,#5214,.T.);
#3600=EDGE_CURVE('',#4431,#4347,#5215,.T.);
#3601=EDGE_CURVE('',#4433,#4345,#5216,.T.);
#3602=EDGE_CURVE('',#4434,#4362,#5217,.T.);
#3603=EDGE_CURVE('',#4296,#4396,#5218,.T.);
#3604=EDGE_CURVE('',#4295,#4397,#5219,.T.);
#3605=EDGE_CURVE('',#4297,#4359,#5220,.T.);
#3606=EDGE_CURVE('',#4298,#4358,#5221,.T.);
#3607=EDGE_CURVE('',#4299,#4357,#5222,.T.);
#3608=EDGE_CURVE('',#4300,#4356,#5223,.T.);
#3609=EDGE_CURVE('',#4301,#4355,#5224,.T.);
#3610=EDGE_CURVE('',#4302,#4354,#5225,.T.);
#3611=EDGE_CURVE('',#4303,#4353,#5226,.T.);
#3612=EDGE_CURVE('',#4304,#4352,#5227,.T.);
#3613=EDGE_CURVE('',#4305,#4351,#5228,.T.);
#3614=EDGE_CURVE('',#4306,#4350,#5229,.T.);
#3615=EDGE_CURVE('',#4307,#4349,#5230,.T.);
#3616=EDGE_CURVE('',#4308,#4348,#5231,.T.);
#3617=EDGE_CURVE('',#4309,#4401,#5232,.T.);
#3618=EDGE_CURVE('',#4310,#4400,#5233,.T.);
#3619=EDGE_CURVE('',#4311,#4399,#5234,.T.);
#3620=EDGE_CURVE('',#4294,#4398,#5235,.T.);
#3621=EDGE_CURVE('',#4379,#4331,#25,.T.);
#3622=EDGE_CURVE('',#4366,#4375,#5236,.T.);
#3623=EDGE_CURVE('',#4376,#4365,#5237,.T.);
#3624=EDGE_CURVE('',#4284,#4313,#26,.T.);
#3625=EDGE_CURVE('',#4317,#4280,#5238,.T.);
#3626=EDGE_CURVE('',#4281,#4316,#5239,.T.);
#3627=EDGE_CURVE('',#4449,#4449,#518,.T.);
#3628=EDGE_CURVE('',#4450,#4450,#519,.T.);
#3629=EDGE_CURVE('',#4451,#4451,#520,.T.);
#3630=EDGE_CURVE('',#4452,#4452,#521,.T.);
#3631=EDGE_CURVE('',#4453,#4453,#522,.T.);
#3632=EDGE_CURVE('',#4454,#4454,#523,.T.);
#3633=EDGE_CURVE('',#4455,#4455,#524,.T.);
#3634=EDGE_CURVE('',#4456,#4456,#525,.T.);
#3635=EDGE_CURVE('',#4457,#4457,#526,.T.);
#3636=EDGE_CURVE('',#4459,#4459,#527,.T.);
#3637=EDGE_CURVE('',#4460,#4460,#528,.T.);
#3638=EDGE_CURVE('',#4462,#4462,#529,.T.);
#3639=EDGE_CURVE('',#4463,#4463,#530,.T.);
#3640=EDGE_CURVE('',#4465,#4465,#531,.T.);
#3641=EDGE_CURVE('',#4466,#4466,#532,.T.);
#3642=EDGE_CURVE('',#4468,#4468,#533,.T.);
#3643=EDGE_CURVE('',#4469,#4469,#534,.T.);
#3644=EDGE_CURVE('',#4470,#4470,#535,.T.);
#3645=EDGE_CURVE('',#4471,#4471,#536,.T.);
#3646=EDGE_CURVE('',#4472,#4472,#537,.T.);
#3647=EDGE_CURVE('',#4473,#4473,#538,.T.);
#3648=EDGE_CURVE('',#4474,#4440,#5240,.T.);
#3649=EDGE_CURVE('',#4475,#4474,#539,.T.);
#3650=EDGE_CURVE('',#4475,#4442,#5241,.T.);
#3651=EDGE_CURVE('',#4476,#4441,#5242,.T.);
#3652=EDGE_CURVE('',#4474,#4476,#5243,.T.);
#3653=EDGE_CURVE('',#4477,#4443,#5244,.T.);
#3654=EDGE_CURVE('',#4476,#4477,#540,.T.);
#3655=EDGE_CURVE('',#4477,#4475,#5245,.T.);
#3656=EDGE_CURVE('',#4478,#4342,#5246,.T.);
#3657=EDGE_CURVE('',#4478,#4479,#541,.T.);
#3658=EDGE_CURVE('',#4479,#4344,#5247,.T.);
#3659=EDGE_CURVE('',#4479,#4337,#5248,.T.);
#3660=EDGE_CURVE('',#4328,#4480,#5249,.T.);
#3661=EDGE_CURVE('',#4480,#4373,#5250,.T.);
#3662=EDGE_CURVE('',#4480,#4478,#542,.T.);
#3663=EDGE_CURVE('',#4481,#4481,#543,.F.);
#3664=EDGE_CURVE('',#4277,#4482,#5251,.T.);
#3665=EDGE_CURVE('',#4483,#4482,#544,.T.);
#3666=EDGE_CURVE('',#4290,#4483,#5252,.T.);
#3667=EDGE_CURVE('',#4482,#4325,#5253,.T.);
#3668=EDGE_CURVE('',#4291,#4484,#5254,.T.);
#3669=EDGE_CURVE('',#4324,#4484,#5255,.T.);
#3670=EDGE_CURVE('',#4484,#4483,#545,.T.);
#3671=EDGE_CURVE('',#4485,#4485,#546,.T.);
#3672=EDGE_CURVE('',#4486,#4486,#547,.T.);
#3673=EDGE_CURVE('',#4487,#4487,#548,.T.);
#3674=EDGE_CURVE('',#4488,#4488,#549,.T.);
#3675=EDGE_CURVE('',#4489,#4489,#550,.T.);
#3676=EDGE_CURVE('',#4491,#4491,#551,.T.);
#3677=EDGE_CURVE('',#4492,#4492,#552,.T.);
#3678=EDGE_CURVE('',#4494,#4494,#553,.T.);
#3679=EDGE_CURVE('',#4496,#4496,#554,.T.);
#3680=EDGE_CURVE('',#4497,#4497,#555,.T.);
#3681=EDGE_CURVE('',#4499,#4499,#556,.T.);
#3682=EDGE_CURVE('',#4500,#4500,#557,.F.);
#3683=EDGE_CURVE('',#4501,#4501,#558,.F.);
#3684=EDGE_CURVE('',#4502,#4502,#559,.F.);
#3685=EDGE_CURVE('',#4503,#4503,#560,.F.);
#3686=EDGE_CURVE('',#4504,#4505,#5256,.T.);
#3687=EDGE_CURVE('',#4506,#4505,#5257,.T.);
#3688=EDGE_CURVE('',#4507,#4506,#5258,.T.);
#3689=EDGE_CURVE('',#4507,#4504,#5259,.T.);
#3690=EDGE_CURVE('',#4505,#4508,#5260,.T.);
#3691=EDGE_CURVE('',#4509,#4508,#5261,.T.);
#3692=EDGE_CURVE('',#4506,#4509,#5262,.T.);
#3693=EDGE_CURVE('',#4508,#4510,#5263,.T.);
#3694=EDGE_CURVE('',#4511,#4510,#5264,.T.);
#3695=EDGE_CURVE('',#4509,#4511,#5265,.T.);
#3696=EDGE_CURVE('',#4510,#4504,#5266,.T.);
#3697=EDGE_CURVE('',#4511,#4507,#5267,.T.);
#3698=EDGE_CURVE('',#4512,#4512,#561,.T.);
#3699=EDGE_CURVE('',#4513,#4513,#562,.T.);
#3700=EDGE_CURVE('',#4514,#4514,#563,.T.);
#3701=EDGE_CURVE('',#4515,#4515,#564,.T.);
#3702=EDGE_CURVE('',#4516,#4516,#565,.T.);
#3703=EDGE_CURVE('',#4517,#4517,#566,.T.);
#3704=EDGE_CURVE('',#4518,#4518,#567,.T.);
#3705=EDGE_CURVE('',#4519,#4519,#568,.T.);
#3706=EDGE_CURVE('',#4520,#4520,#569,.T.);
#3707=EDGE_CURVE('',#4521,#4521,#570,.T.);
#3708=EDGE_CURVE('',#4522,#4522,#571,.T.);
#3709=EDGE_CURVE('',#4523,#4523,#572,.T.);
#3710=EDGE_CURVE('',#4524,#4525,#5268,.F.);
#3711=EDGE_CURVE('',#4526,#4525,#573,.T.);
#3712=EDGE_CURVE('',#4526,#4527,#5269,.T.);
#3713=EDGE_CURVE('',#4527,#4524,#574,.T.);
#3714=EDGE_CURVE('',#4528,#4529,#5270,.F.);
#3715=EDGE_CURVE('',#4530,#4529,#575,.T.);
#3716=EDGE_CURVE('',#4530,#4531,#5271,.T.);
#3717=EDGE_CURVE('',#4531,#4528,#576,.T.);
#3718=EDGE_CURVE('',#4532,#4533,#5272,.F.);
#3719=EDGE_CURVE('',#4534,#4533,#577,.T.);
#3720=EDGE_CURVE('',#4534,#4535,#5273,.T.);
#3721=EDGE_CURVE('',#4535,#4532,#578,.T.);
#3722=EDGE_CURVE('',#4536,#4537,#5274,.F.);
#3723=EDGE_CURVE('',#4538,#4537,#579,.T.);
#3724=EDGE_CURVE('',#4538,#4539,#5275,.T.);
#3725=EDGE_CURVE('',#4539,#4536,#580,.T.);
#3726=EDGE_CURVE('',#4540,#4540,#581,.T.);
#3727=EDGE_CURVE('',#4541,#4542,#582,.T.);
#3728=EDGE_CURVE('',#4541,#4533,#27,.T.);
#3729=EDGE_CURVE('',#4531,#4532,#583,.F.);
#3730=EDGE_CURVE('',#4530,#4542,#28,.T.);
#3731=EDGE_CURVE('',#4543,#4543,#584,.T.);
#3732=EDGE_CURVE('',#4544,#4545,#585,.T.);
#3733=EDGE_CURVE('',#4544,#4525,#29,.T.);
#3734=EDGE_CURVE('',#4539,#4524,#586,.F.);
#3735=EDGE_CURVE('',#4538,#4545,#30,.T.);
#3736=EDGE_CURVE('',#4546,#4546,#587,.T.);
#3737=EDGE_CURVE('',#4547,#4548,#588,.T.);
#3738=EDGE_CURVE('',#4547,#4537,#31,.T.);
#3739=EDGE_CURVE('',#4535,#4536,#589,.F.);
#3740=EDGE_CURVE('',#4534,#4548,#32,.T.);
#3741=EDGE_CURVE('',#4549,#4549,#590,.T.);
#3742=EDGE_CURVE('',#4550,#4551,#591,.T.);
#3743=EDGE_CURVE('',#4550,#4529,#33,.T.);
#3744=EDGE_CURVE('',#4527,#4528,#592,.F.);
#3745=EDGE_CURVE('',#4526,#4551,#34,.T.);
#3746=EDGE_CURVE('',#4552,#4553,#5276,.T.);
#3747=EDGE_CURVE('',#4554,#4553,#5277,.T.);
#3748=EDGE_CURVE('',#4555,#4554,#5278,.T.);
#3749=EDGE_CURVE('',#4555,#4552,#5279,.T.);
#3750=EDGE_CURVE('',#4553,#4556,#5280,.T.);
#3751=EDGE_CURVE('',#4557,#4556,#5281,.T.);
#3752=EDGE_CURVE('',#4554,#4557,#5282,.T.);
#3753=EDGE_CURVE('',#4556,#4558,#5283,.T.);
#3754=EDGE_CURVE('',#4559,#4558,#5284,.T.);
#3755=EDGE_CURVE('',#4557,#4559,#5285,.T.);
#3756=EDGE_CURVE('',#4558,#4560,#5286,.T.);
#3757=EDGE_CURVE('',#4561,#4560,#5287,.T.);
#3758=EDGE_CURVE('',#4559,#4561,#5288,.T.);
#3759=EDGE_CURVE('',#4560,#4562,#5289,.T.);
#3760=EDGE_CURVE('',#4563,#4562,#5290,.T.);
#3761=EDGE_CURVE('',#4561,#4563,#5291,.T.);
#3762=EDGE_CURVE('',#4562,#4564,#5292,.T.);
#3763=EDGE_CURVE('',#4565,#4564,#5293,.T.);
#3764=EDGE_CURVE('',#4563,#4565,#5294,.T.);
#3765=EDGE_CURVE('',#4564,#4566,#5295,.T.);
#3766=EDGE_CURVE('',#4567,#4566,#5296,.T.);
#3767=EDGE_CURVE('',#4565,#4567,#5297,.T.);
#3768=EDGE_CURVE('',#4566,#4552,#5298,.T.);
#3769=EDGE_CURVE('',#4567,#4555,#5299,.T.);
#3770=EDGE_CURVE('',#4568,#4568,#593,.T.);
#3771=EDGE_CURVE('',#4569,#4569,#594,.T.);
#3772=EDGE_CURVE('',#4570,#4570,#595,.T.);
#3773=EDGE_CURVE('',#4571,#4571,#596,.T.);
#3774=EDGE_CURVE('',#4548,#4541,#597,.T.);
#3775=EDGE_CURVE('',#4542,#4550,#598,.T.);
#3776=EDGE_CURVE('',#4551,#4544,#599,.T.);
#3777=EDGE_CURVE('',#4545,#4547,#600,.T.);
#3778=EDGE_CURVE('',#4572,#4572,#601,.T.);
#3779=EDGE_CURVE('',#4573,#4573,#602,.T.);
#3780=EDGE_CURVE('',#4574,#4574,#603,.T.);
#3781=EDGE_CURVE('',#4575,#4575,#604,.T.);
#3782=EDGE_CURVE('',#4576,#4576,#605,.T.);
#3783=EDGE_CURVE('',#4577,#4577,#606,.T.);
#3784=EDGE_CURVE('',#4578,#4578,#607,.T.);
#3785=EDGE_CURVE('',#4579,#4579,#608,.T.);
#3786=EDGE_CURVE('',#4580,#4580,#609,.T.);
#3787=EDGE_CURVE('',#4581,#4581,#610,.T.);
#3788=EDGE_CURVE('',#4582,#4582,#611,.T.);
#3789=EDGE_CURVE('',#4583,#4583,#612,.T.);
#3790=EDGE_CURVE('',#4584,#4584,#613,.T.);
#3791=EDGE_CURVE('',#4585,#4585,#614,.T.);
#3792=EDGE_CURVE('',#4586,#4586,#615,.T.);
#3793=EDGE_CURVE('',#4587,#4587,#616,.T.);
#3794=EDGE_CURVE('',#4588,#4588,#617,.T.);
#3795=EDGE_CURVE('',#4589,#4589,#618,.T.);
#3796=EDGE_CURVE('',#4590,#4590,#619,.T.);
#3797=EDGE_CURVE('',#4591,#4591,#620,.T.);
#3798=EDGE_CURVE('',#4592,#4592,#621,.T.);
#3799=EDGE_CURVE('',#4593,#4593,#622,.T.);
#3800=EDGE_CURVE('',#4594,#4594,#623,.T.);
#3801=EDGE_CURVE('',#4595,#4596,#5300,.T.);
#3802=EDGE_CURVE('',#4596,#4597,#5301,.T.);
#3803=EDGE_CURVE('',#4597,#4598,#5302,.T.);
#3804=EDGE_CURVE('',#4598,#4599,#5303,.T.);
#3805=EDGE_CURVE('',#4599,#4600,#5304,.T.);
#3806=EDGE_CURVE('',#4600,#4595,#5305,.T.);
#3807=EDGE_CURVE('',#4601,#4601,#624,.T.);
#3808=EDGE_CURVE('',#4602,#4602,#625,.T.);
#3809=EDGE_CURVE('',#4603,#4603,#626,.T.);
#3810=EDGE_CURVE('',#4604,#4604,#627,.T.);
#3811=EDGE_CURVE('',#4605,#4605,#628,.T.);
#3812=EDGE_CURVE('',#4606,#4599,#5306,.T.);
#3813=EDGE_CURVE('',#4606,#4607,#5307,.T.);
#3814=EDGE_CURVE('',#4607,#4608,#5308,.T.);
#3815=EDGE_CURVE('',#4608,#4600,#5309,.T.);
#3816=EDGE_CURVE('',#4608,#4609,#5310,.T.);
#3817=EDGE_CURVE('',#4609,#4610,#5311,.T.);
#3818=EDGE_CURVE('',#4610,#4595,#5312,.T.);
#3819=EDGE_CURVE('',#4610,#4611,#5313,.T.);
#3820=EDGE_CURVE('',#4611,#4612,#5314,.T.);
#3821=EDGE_CURVE('',#4612,#4596,#5315,.T.);
#3822=EDGE_CURVE('',#4612,#4613,#5316,.T.);
#3823=EDGE_CURVE('',#4613,#4614,#5317,.T.);
#3824=EDGE_CURVE('',#4614,#4597,#5318,.T.);
#3825=EDGE_CURVE('',#4614,#4615,#5319,.T.);
#3826=EDGE_CURVE('',#4615,#4616,#5320,.T.);
#3827=EDGE_CURVE('',#4616,#4598,#5321,.T.);
#3828=EDGE_CURVE('',#4616,#4617,#5322,.T.);
#3829=EDGE_CURVE('',#4617,#4606,#5323,.T.);
#3830=EDGE_CURVE('',#4613,#4615,#629,.T.);
#3831=EDGE_CURVE('',#4615,#4617,#630,.T.);
#3832=EDGE_CURVE('',#4617,#4607,#631,.T.);
#3833=EDGE_CURVE('',#4607,#4609,#632,.T.);
#3834=EDGE_CURVE('',#4609,#4611,#633,.T.);
#3835=EDGE_CURVE('',#4611,#4613,#634,.T.);
#3836=VERTEX_POINT('',#11596);
#3837=VERTEX_POINT('',#11597);
#3838=VERTEX_POINT('',#11599);
#3839=VERTEX_POINT('',#11601);
#3840=VERTEX_POINT('',#11604);
#3841=VERTEX_POINT('',#11606);
#3842=VERTEX_POINT('',#11607);
#3843=VERTEX_POINT('',#11609);
#3844=VERTEX_POINT('',#11611);
#3845=VERTEX_POINT('',#11614);
#3846=VERTEX_POINT('',#11615);
#3847=VERTEX_POINT('',#11617);
#3848=VERTEX_POINT('',#11619);
#3849=VERTEX_POINT('',#11621);
#3850=VERTEX_POINT('',#11623);
#3851=VERTEX_POINT('',#11625);
#3852=VERTEX_POINT('',#11627);
#3853=VERTEX_POINT('',#11629);
#3854=VERTEX_POINT('',#11631);
#3855=VERTEX_POINT('',#11633);
#3856=VERTEX_POINT('',#11635);
#3857=VERTEX_POINT('',#11637);
#3858=VERTEX_POINT('',#11639);
#3859=VERTEX_POINT('',#11641);
#3860=VERTEX_POINT('',#11643);
#3861=VERTEX_POINT('',#11645);
#3862=VERTEX_POINT('',#11647);
#3863=VERTEX_POINT('',#11649);
#3864=VERTEX_POINT('',#11651);
#3865=VERTEX_POINT('',#11653);
#3866=VERTEX_POINT('',#11655);
#3867=VERTEX_POINT('',#11657);
#3868=VERTEX_POINT('',#11659);
#3869=VERTEX_POINT('',#11661);
#3870=VERTEX_POINT('',#11663);
#3871=VERTEX_POINT('',#11667);
#3872=VERTEX_POINT('',#11668);
#3873=VERTEX_POINT('',#11670);
#3874=VERTEX_POINT('',#11672);
#3875=VERTEX_POINT('',#11674);
#3876=VERTEX_POINT('',#11676);
#3877=VERTEX_POINT('',#11678);
#3878=VERTEX_POINT('',#11680);
#3879=VERTEX_POINT('',#11682);
#3880=VERTEX_POINT('',#11689);
#3881=VERTEX_POINT('',#11691);
#3882=VERTEX_POINT('',#11695);
#3883=VERTEX_POINT('',#11696);
#3884=VERTEX_POINT('',#11698);
#3885=VERTEX_POINT('',#11700);
#3886=VERTEX_POINT('',#11703);
#3887=VERTEX_POINT('',#11705);
#3888=VERTEX_POINT('',#11707);
#3889=VERTEX_POINT('',#11711);
#3890=VERTEX_POINT('',#11713);
#3891=VERTEX_POINT('',#11717);
#3892=VERTEX_POINT('',#11721);
#3893=VERTEX_POINT('',#11722);
#3894=VERTEX_POINT('',#11724);
#3895=VERTEX_POINT('',#11726);
#3896=VERTEX_POINT('',#11728);
#3897=VERTEX_POINT('',#11730);
#3898=VERTEX_POINT('',#11732);
#3899=VERTEX_POINT('',#11734);
#3900=VERTEX_POINT('',#11736);
#3901=VERTEX_POINT('',#11738);
#3902=VERTEX_POINT('',#11742);
#3903=VERTEX_POINT('',#11743);
#3904=VERTEX_POINT('',#11745);
#3905=VERTEX_POINT('',#11747);
#3906=VERTEX_POINT('',#11750);
#3907=VERTEX_POINT('',#11752);
#3908=VERTEX_POINT('',#11754);
#3909=VERTEX_POINT('',#11756);
#3910=VERTEX_POINT('',#11758);
#3911=VERTEX_POINT('',#11760);
#3912=VERTEX_POINT('',#11762);
#3913=VERTEX_POINT('',#11768);
#3914=VERTEX_POINT('',#11770);
#3915=VERTEX_POINT('',#11772);
#3916=VERTEX_POINT('',#11774);
#3917=VERTEX_POINT('',#11780);
#3918=VERTEX_POINT('',#11782);
#3919=VERTEX_POINT('',#11785);
#3920=VERTEX_POINT('',#11788);
#3921=VERTEX_POINT('',#11790);
#3922=VERTEX_POINT('',#11792);
#3923=VERTEX_POINT('',#11794);
#3924=VERTEX_POINT('',#11796);
#3925=VERTEX_POINT('',#11798);
#3926=VERTEX_POINT('',#11802);
#3927=VERTEX_POINT('',#11804);
#3928=VERTEX_POINT('',#11807);
#3929=VERTEX_POINT('',#11809);
#3930=VERTEX_POINT('',#11811);
#3931=VERTEX_POINT('',#11813);
#3932=VERTEX_POINT('',#11815);
#3933=VERTEX_POINT('',#11817);
#3934=VERTEX_POINT('',#11819);
#3935=VERTEX_POINT('',#11821);
#3936=VERTEX_POINT('',#11823);
#3937=VERTEX_POINT('',#11825);
#3938=VERTEX_POINT('',#11827);
#3939=VERTEX_POINT('',#11829);
#3940=VERTEX_POINT('',#11831);
#3941=VERTEX_POINT('',#11833);
#3942=VERTEX_POINT('',#11837);
#3943=VERTEX_POINT('',#11841);
#3944=VERTEX_POINT('',#11845);
#3945=VERTEX_POINT('',#11847);
#3946=VERTEX_POINT('',#11848);
#3947=VERTEX_POINT('',#11850);
#3948=VERTEX_POINT('',#11852);
#3949=VERTEX_POINT('',#11854);
#3950=VERTEX_POINT('',#11856);
#3951=VERTEX_POINT('',#11858);
#3952=VERTEX_POINT('',#11860);
#3953=VERTEX_POINT('',#11864);
#3954=VERTEX_POINT('',#11866);
#3955=VERTEX_POINT('',#11870);
#3956=VERTEX_POINT('',#11872);
#3957=VERTEX_POINT('',#11876);
#3958=VERTEX_POINT('',#11878);
#3959=VERTEX_POINT('',#11882);
#3960=VERTEX_POINT('',#11884);
#3961=VERTEX_POINT('',#11888);
#3962=VERTEX_POINT('',#11890);
#3963=VERTEX_POINT('',#11891);
#3964=VERTEX_POINT('',#11893);
#3965=VERTEX_POINT('',#11895);
#3966=VERTEX_POINT('',#11897);
#3967=VERTEX_POINT('',#11899);
#3968=VERTEX_POINT('',#11901);
#3969=VERTEX_POINT('',#11903);
#3970=VERTEX_POINT('',#11907);
#3971=VERTEX_POINT('',#11909);
#3972=VERTEX_POINT('',#11911);
#3973=VERTEX_POINT('',#11913);
#3974=VERTEX_POINT('',#11917);
#3975=VERTEX_POINT('',#11919);
#3976=VERTEX_POINT('',#11921);
#3977=VERTEX_POINT('',#11923);
#3978=VERTEX_POINT('',#11927);
#3979=VERTEX_POINT('',#11929);
#3980=VERTEX_POINT('',#11931);
#3981=VERTEX_POINT('',#11933);
#3982=VERTEX_POINT('',#11935);
#3983=VERTEX_POINT('',#11939);
#3984=VERTEX_POINT('',#11941);
#3985=VERTEX_POINT('',#11943);
#3986=VERTEX_POINT('',#11945);
#3987=VERTEX_POINT('',#11947);
#3988=VERTEX_POINT('',#11951);
#3989=VERTEX_POINT('',#11952);
#3990=VERTEX_POINT('',#11954);
#3991=VERTEX_POINT('',#11956);
#3992=VERTEX_POINT('',#11958);
#3993=VERTEX_POINT('',#11960);
#3994=VERTEX_POINT('',#11962);
#3995=VERTEX_POINT('',#11964);
#3996=VERTEX_POINT('',#11973);
#3997=VERTEX_POINT('',#11975);
#3998=VERTEX_POINT('',#11977);
#3999=VERTEX_POINT('',#11980);
#4000=VERTEX_POINT('',#11985);
#4001=VERTEX_POINT('',#11988);
#4002=VERTEX_POINT('',#11990);
#4003=VERTEX_POINT('',#11994);
#4004=VERTEX_POINT('',#11996);
#4005=VERTEX_POINT('',#11998);
#4006=VERTEX_POINT('',#12000);
#4007=VERTEX_POINT('',#12002);
#4008=VERTEX_POINT('',#12004);
#4009=VERTEX_POINT('',#12006);
#4010=VERTEX_POINT('',#12008);
#4011=VERTEX_POINT('',#12010);
#4012=VERTEX_POINT('',#12012);
#4013=VERTEX_POINT('',#12016);
#4014=VERTEX_POINT('',#12020);
#4015=VERTEX_POINT('',#12026);
#4016=VERTEX_POINT('',#12028);
#4017=VERTEX_POINT('',#12030);
#4018=VERTEX_POINT('',#12032);
#4019=VERTEX_POINT('',#12034);
#4020=VERTEX_POINT('',#12036);
#4021=VERTEX_POINT('',#12041);
#4022=VERTEX_POINT('',#12043);
#4023=VERTEX_POINT('',#12045);
#4024=VERTEX_POINT('',#12047);
#4025=VERTEX_POINT('',#12049);
#4026=VERTEX_POINT('',#12051);
#4027=VERTEX_POINT('',#12055);
#4028=VERTEX_POINT('',#12060);
#4029=VERTEX_POINT('',#12062);
#4030=VERTEX_POINT('',#12064);
#4031=VERTEX_POINT('',#12066);
#4032=VERTEX_POINT('',#12071);
#4033=VERTEX_POINT('',#12075);
#4034=VERTEX_POINT('',#12079);
#4035=VERTEX_POINT('',#12086);
#4036=VERTEX_POINT('',#12088);
#4037=VERTEX_POINT('',#12093);
#4038=VERTEX_POINT('',#12097);
#4039=VERTEX_POINT('',#12098);
#4040=VERTEX_POINT('',#12108);
#4041=VERTEX_POINT('',#12109);
#4042=VERTEX_POINT('',#12119);
#4043=VERTEX_POINT('',#12120);
#4044=VERTEX_POINT('',#12122);
#4045=VERTEX_POINT('',#12125);
#4046=VERTEX_POINT('',#12129);
#4047=VERTEX_POINT('',#12130);
#4048=VERTEX_POINT('',#12132);
#4049=VERTEX_POINT('',#12135);
#4050=VERTEX_POINT('',#12139);
#4051=VERTEX_POINT('',#12141);
#4052=VERTEX_POINT('',#12149);
#4053=VERTEX_POINT('',#12151);
#4054=VERTEX_POINT('',#12155);
#4055=VERTEX_POINT('',#12157);
#4056=VERTEX_POINT('',#12161);
#4057=VERTEX_POINT('',#12163);
#4058=VERTEX_POINT('',#12167);
#4059=VERTEX_POINT('',#12169);
#4060=VERTEX_POINT('',#12180);
#4061=VERTEX_POINT('',#12182);
#4062=VERTEX_POINT('',#12193);
#4063=VERTEX_POINT('',#12196);
#4064=VERTEX_POINT('',#12199);
#4065=VERTEX_POINT('',#12205);
#4066=VERTEX_POINT('',#12208);
#4067=VERTEX_POINT('',#12211);
#4068=VERTEX_POINT('',#12215);
#4069=VERTEX_POINT('',#12218);
#4070=VERTEX_POINT('',#12220);
#4071=VERTEX_POINT('',#12223);
#4072=VERTEX_POINT('',#12226);
#4073=VERTEX_POINT('',#12228);
#4074=VERTEX_POINT('',#12231);
#4075=VERTEX_POINT('',#12234);
#4076=VERTEX_POINT('',#12236);
#4077=VERTEX_POINT('',#12239);
#4078=VERTEX_POINT('',#12242);
#4079=VERTEX_POINT('',#12244);
#4080=VERTEX_POINT('',#12247);
#4081=VERTEX_POINT('',#12250);
#4082=VERTEX_POINT('',#12253);
#4083=VERTEX_POINT('',#12256);
#4084=VERTEX_POINT('',#12259);
#4085=VERTEX_POINT('',#12273);
#4086=VERTEX_POINT('',#12275);
#4087=VERTEX_POINT('',#12277);
#4088=VERTEX_POINT('',#12279);
#4089=VERTEX_POINT('',#12283);
#4090=VERTEX_POINT('',#12285);
#4091=VERTEX_POINT('',#12289);
#4092=VERTEX_POINT('',#12291);
#4093=VERTEX_POINT('',#12295);
#4094=VERTEX_POINT('',#12297);
#4095=VERTEX_POINT('',#12299);
#4096=VERTEX_POINT('',#12300);
#4097=VERTEX_POINT('',#12302);
#4098=VERTEX_POINT('',#12304);
#4099=VERTEX_POINT('',#12309);
#4100=VERTEX_POINT('',#12313);
#4101=VERTEX_POINT('',#12315);
#4102=VERTEX_POINT('',#12317);
#4103=VERTEX_POINT('',#12325);
#4104=VERTEX_POINT('',#12327);
#4105=VERTEX_POINT('',#12333);
#4106=VERTEX_POINT('',#12335);
#4107=VERTEX_POINT('',#12343);
#4108=VERTEX_POINT('',#12347);
#4109=VERTEX_POINT('',#12351);
#4110=VERTEX_POINT('',#12355);
#4111=VERTEX_POINT('',#12359);
#4112=VERTEX_POINT('',#12365);
#4113=VERTEX_POINT('',#12369);
#4114=VERTEX_POINT('',#12373);
#4115=VERTEX_POINT('',#12377);
#4116=VERTEX_POINT('',#12381);
#4117=VERTEX_POINT('',#12385);
#4118=VERTEX_POINT('',#12387);
#4119=VERTEX_POINT('',#12392);
#4120=VERTEX_POINT('',#12394);
#4121=VERTEX_POINT('',#12403);
#4122=VERTEX_POINT('',#12406);
#4123=VERTEX_POINT('',#12410);
#4124=VERTEX_POINT('',#12413);
#4125=VERTEX_POINT('',#12417);
#4126=VERTEX_POINT('',#12420);
#4127=VERTEX_POINT('',#12424);
#4128=VERTEX_POINT('',#12427);
#4129=VERTEX_POINT('',#12431);
#4130=VERTEX_POINT('',#12432);
#4131=VERTEX_POINT('',#12435);
#4132=VERTEX_POINT('',#12439);
#4133=VERTEX_POINT('',#12440);
#4134=VERTEX_POINT('',#12443);
#4135=VERTEX_POINT('',#12447);
#4136=VERTEX_POINT('',#12450);
#4137=VERTEX_POINT('',#12452);
#4138=VERTEX_POINT('',#12455);
#4139=VERTEX_POINT('',#12458);
#4140=VERTEX_POINT('',#12460);
#4141=VERTEX_POINT('',#12463);
#4142=VERTEX_POINT('',#12468);
#4143=VERTEX_POINT('',#12472);
#4144=VERTEX_POINT('',#12473);
#4145=VERTEX_POINT('',#12475);
#4146=VERTEX_POINT('',#12477);
#4147=VERTEX_POINT('',#12480);
#4148=VERTEX_POINT('',#12481);
#4149=VERTEX_POINT('',#12483);
#4150=VERTEX_POINT('',#12485);
#4151=VERTEX_POINT('',#12488);
#4152=VERTEX_POINT('',#12502);
#4153=VERTEX_POINT('',#12506);
#4154=VERTEX_POINT('',#12510);
#4155=VERTEX_POINT('',#12512);
#4156=VERTEX_POINT('',#12514);
#4157=VERTEX_POINT('',#12516);
#4158=VERTEX_POINT('',#12521);
#4159=VERTEX_POINT('',#12524);
#4160=VERTEX_POINT('',#12527);
#4161=VERTEX_POINT('',#12528);
#4162=VERTEX_POINT('',#12530);
#4163=VERTEX_POINT('',#12532);
#4164=VERTEX_POINT('',#12534);
#4165=VERTEX_POINT('',#12536);
#4166=VERTEX_POINT('',#12540);
#4167=VERTEX_POINT('',#12543);
#4168=VERTEX_POINT('',#12546);
#4169=VERTEX_POINT('',#12547);
#4170=VERTEX_POINT('',#12549);
#4171=VERTEX_POINT('',#12551);
#4172=VERTEX_POINT('',#12553);
#4173=VERTEX_POINT('',#12555);
#4174=VERTEX_POINT('',#12559);
#4175=VERTEX_POINT('',#12562);
#4176=VERTEX_POINT('',#12565);
#4177=VERTEX_POINT('',#12566);
#4178=VERTEX_POINT('',#12568);
#4179=VERTEX_POINT('',#12570);
#4180=VERTEX_POINT('',#12572);
#4181=VERTEX_POINT('',#12574);
#4182=VERTEX_POINT('',#12578);
#4183=VERTEX_POINT('',#12581);
#4184=VERTEX_POINT('',#12584);
#4185=VERTEX_POINT('',#12585);
#4186=VERTEX_POINT('',#12587);
#4187=VERTEX_POINT('',#12589);
#4188=VERTEX_POINT('',#12591);
#4189=VERTEX_POINT('',#12593);
#4190=VERTEX_POINT('',#12597);
#4191=VERTEX_POINT('',#12599);
#4192=VERTEX_POINT('',#12603);
#4193=VERTEX_POINT('',#12607);
#4194=VERTEX_POINT('',#12611);
#4195=VERTEX_POINT('',#12615);
#4196=VERTEX_POINT('',#12622);
#4197=VERTEX_POINT('',#12624);
#4198=VERTEX_POINT('',#12628);
#4199=VERTEX_POINT('',#12632);
#4200=VERTEX_POINT('',#12636);
#4201=VERTEX_POINT('',#12640);
#4202=VERTEX_POINT('',#12647);
#4203=VERTEX_POINT('',#12649);
#4204=VERTEX_POINT('',#12653);
#4205=VERTEX_POINT('',#12657);
#4206=VERTEX_POINT('',#12661);
#4207=VERTEX_POINT('',#12665);
#4208=VERTEX_POINT('',#12672);
#4209=VERTEX_POINT('',#12674);
#4210=VERTEX_POINT('',#12678);
#4211=VERTEX_POINT('',#12682);
#4212=VERTEX_POINT('',#12686);
#4213=VERTEX_POINT('',#12690);
#4214=VERTEX_POINT('',#12697);
#4215=VERTEX_POINT('',#12706);
#4216=VERTEX_POINT('',#12713);
#4217=VERTEX_POINT('',#12714);
#4218=VERTEX_POINT('',#12716);
#4219=VERTEX_POINT('',#12718);
#4220=VERTEX_POINT('',#12720);
#4221=VERTEX_POINT('',#12722);
#4222=VERTEX_POINT('',#12725);
#4223=VERTEX_POINT('',#12728);
#4224=VERTEX_POINT('',#12731);
#4225=VERTEX_POINT('',#12737);
#4226=VERTEX_POINT('',#12739);
#4227=VERTEX_POINT('',#12743);
#4228=VERTEX_POINT('',#12747);
#4229=VERTEX_POINT('',#12751);
#4230=VERTEX_POINT('',#12755);
#4231=VERTEX_POINT('',#12764);
#4232=VERTEX_POINT('',#12767);
#4233=VERTEX_POINT('',#12770);
#4234=VERTEX_POINT('',#12773);
#4235=VERTEX_POINT('',#12774);
#4236=VERTEX_POINT('',#12776);
#4237=VERTEX_POINT('',#12778);
#4238=VERTEX_POINT('',#12780);
#4239=VERTEX_POINT('',#12782);
#4240=VERTEX_POINT('',#12786);
#4241=VERTEX_POINT('',#12788);
#4242=VERTEX_POINT('',#12792);
#4243=VERTEX_POINT('',#12796);
#4244=VERTEX_POINT('',#12800);
#4245=VERTEX_POINT('',#12804);
#4246=VERTEX_POINT('',#12813);
#4247=VERTEX_POINT('',#12814);
#4248=VERTEX_POINT('',#12816);
#4249=VERTEX_POINT('',#12818);
#4250=VERTEX_POINT('',#12820);
#4251=VERTEX_POINT('',#12822);
#4252=VERTEX_POINT('',#12825);
#4253=VERTEX_POINT('',#12828);
#4254=VERTEX_POINT('',#12831);
#4255=VERTEX_POINT('',#12835);
#4256=VERTEX_POINT('',#12837);
#4257=VERTEX_POINT('',#12841);
#4258=VERTEX_POINT('',#12845);
#4259=VERTEX_POINT('',#12849);
#4260=VERTEX_POINT('',#12853);
#4261=VERTEX_POINT('',#12862);
#4262=VERTEX_POINT('',#12865);
#4263=VERTEX_POINT('',#12868);
#4264=VERTEX_POINT('',#12871);
#4265=VERTEX_POINT('',#12872);
#4266=VERTEX_POINT('',#12874);
#4267=VERTEX_POINT('',#12876);
#4268=VERTEX_POINT('',#12878);
#4269=VERTEX_POINT('',#12880);
#4270=VERTEX_POINT('',#12884);
#4271=VERTEX_POINT('',#12886);
#4272=VERTEX_POINT('',#12890);
#4273=VERTEX_POINT('',#12894);
#4274=VERTEX_POINT('',#12898);
#4275=VERTEX_POINT('',#12902);
#4276=VERTEX_POINT('',#12919);
#4277=VERTEX_POINT('',#12920);
#4278=VERTEX_POINT('',#12922);
#4279=VERTEX_POINT('',#12924);
#4280=VERTEX_POINT('',#12926);
#4281=VERTEX_POINT('',#12928);
#4282=VERTEX_POINT('',#12930);
#4283=VERTEX_POINT('',#12932);
#4284=VERTEX_POINT('',#12934);
#4285=VERTEX_POINT('',#12936);
#4286=VERTEX_POINT('',#12938);
#4287=VERTEX_POINT('',#12942);
#4288=VERTEX_POINT('',#12944);
#4289=VERTEX_POINT('',#12946);
#4290=VERTEX_POINT('',#12948);
#4291=VERTEX_POINT('',#12949);
#4292=VERTEX_POINT('',#12951);
#4293=VERTEX_POINT('',#12953);
#4294=VERTEX_POINT('',#12955);
#4295=VERTEX_POINT('',#12957);
#4296=VERTEX_POINT('',#12959);
#4297=VERTEX_POINT('',#12961);
#4298=VERTEX_POINT('',#12963);
#4299=VERTEX_POINT('',#12965);
#4300=VERTEX_POINT('',#12967);
#4301=VERTEX_POINT('',#12969);
#4302=VERTEX_POINT('',#12971);
#4303=VERTEX_POINT('',#12973);
#4304=VERTEX_POINT('',#12975);
#4305=VERTEX_POINT('',#12977);
#4306=VERTEX_POINT('',#12979);
#4307=VERTEX_POINT('',#12981);
#4308=VERTEX_POINT('',#12983);
#4309=VERTEX_POINT('',#12985);
#4310=VERTEX_POINT('',#12987);
#4311=VERTEX_POINT('',#12989);
#4312=VERTEX_POINT('',#12991);
#4313=VERTEX_POINT('',#12993);
#4314=VERTEX_POINT('',#12995);
#4315=VERTEX_POINT('',#12997);
#4316=VERTEX_POINT('',#12999);
#4317=VERTEX_POINT('',#13001);
#4318=VERTEX_POINT('',#13003);
#4319=VERTEX_POINT('',#13005);
#4320=VERTEX_POINT('',#13007);
#4321=VERTEX_POINT('',#13011);
#4322=VERTEX_POINT('',#13012);
#4323=VERTEX_POINT('',#13014);
#4324=VERTEX_POINT('',#13018);
#4325=VERTEX_POINT('',#13020);
#4326=VERTEX_POINT('',#13024);
#4327=VERTEX_POINT('',#13026);
#4328=VERTEX_POINT('',#13045);
#4329=VERTEX_POINT('',#13046);
#4330=VERTEX_POINT('',#13048);
#4331=VERTEX_POINT('',#13050);
#4332=VERTEX_POINT('',#13052);
#4333=VERTEX_POINT('',#13054);
#4334=VERTEX_POINT('',#13056);
#4335=VERTEX_POINT('',#13058);
#4336=VERTEX_POINT('',#13060);
#4337=VERTEX_POINT('',#13062);
#4338=VERTEX_POINT('',#13066);
#4339=VERTEX_POINT('',#13070);
#4340=VERTEX_POINT('',#13072);
#4341=VERTEX_POINT('',#13074);
#4342=VERTEX_POINT('',#13076);
#4343=VERTEX_POINT('',#13077);
#4344=VERTEX_POINT('',#13079);
#4345=VERTEX_POINT('',#13082);
#4346=VERTEX_POINT('',#13084);
#4347=VERTEX_POINT('',#13086);
#4348=VERTEX_POINT('',#13088);
#4349=VERTEX_POINT('',#13090);
#4350=VERTEX_POINT('',#13092);
#4351=VERTEX_POINT('',#13094);
#4352=VERTEX_POINT('',#13096);
#4353=VERTEX_POINT('',#13098);
#4354=VERTEX_POINT('',#13100);
#4355=VERTEX_POINT('',#13102);
#4356=VERTEX_POINT('',#13104);
#4357=VERTEX_POINT('',#13106);
#4358=VERTEX_POINT('',#13108);
#4359=VERTEX_POINT('',#13110);
#4360=VERTEX_POINT('',#13112);
#4361=VERTEX_POINT('',#13114);
#4362=VERTEX_POINT('',#13116);
#4363=VERTEX_POINT('',#13119);
#4364=VERTEX_POINT('',#13121);
#4365=VERTEX_POINT('',#13123);
#4366=VERTEX_POINT('',#13125);
#4367=VERTEX_POINT('',#13127);
#4368=VERTEX_POINT('',#13129);
#4369=VERTEX_POINT('',#13136);
#4370=VERTEX_POINT('',#13138);
#4371=VERTEX_POINT('',#13148);
#4372=VERTEX_POINT('',#13150);
#4373=VERTEX_POINT('',#13159);
#4374=VERTEX_POINT('',#13162);
#4375=VERTEX_POINT('',#13164);
#4376=VERTEX_POINT('',#13166);
#4377=VERTEX_POINT('',#13168);
#4378=VERTEX_POINT('',#13170);
#4379=VERTEX_POINT('',#13172);
#4380=VERTEX_POINT('',#13181);
#4381=VERTEX_POINT('',#13183);
#4382=VERTEX_POINT('',#13185);
#4383=VERTEX_POINT('',#13187);
#4384=VERTEX_POINT('',#13189);
#4385=VERTEX_POINT('',#13190);
#4386=VERTEX_POINT('',#13192);
#4387=VERTEX_POINT('',#13194);
#4388=VERTEX_POINT('',#13198);
#4389=VERTEX_POINT('',#13200);
#4390=VERTEX_POINT('',#13202);
#4391=VERTEX_POINT('',#13204);
#4392=VERTEX_POINT('',#13206);
#4393=VERTEX_POINT('',#13207);
#4394=VERTEX_POINT('',#13209);
#4395=VERTEX_POINT('',#13211);
#4396=VERTEX_POINT('',#13215);
#4397=VERTEX_POINT('',#13217);
#4398=VERTEX_POINT('',#13219);
#4399=VERTEX_POINT('',#13222);
#4400=VERTEX_POINT('',#13224);
#4401=VERTEX_POINT('',#13226);
#4402=VERTEX_POINT('',#13229);
#4403=VERTEX_POINT('',#13231);
#4404=VERTEX_POINT('',#13233);
#4405=VERTEX_POINT('',#13235);
#4406=VERTEX_POINT('',#13237);
#4407=VERTEX_POINT('',#13239);
#4408=VERTEX_POINT('',#13241);
#4409=VERTEX_POINT('',#13243);
#4410=VERTEX_POINT('',#13245);
#4411=VERTEX_POINT('',#13247);
#4412=VERTEX_POINT('',#13249);
#4413=VERTEX_POINT('',#13251);
#4414=VERTEX_POINT('',#13253);
#4415=VERTEX_POINT('',#13255);
#4416=VERTEX_POINT('',#13259);
#4417=VERTEX_POINT('',#13261);
#4418=VERTEX_POINT('',#13263);
#4419=VERTEX_POINT('',#13265);
#4420=VERTEX_POINT('',#13267);
#4421=VERTEX_POINT('',#13269);
#4422=VERTEX_POINT('',#13271);
#4423=VERTEX_POINT('',#13273);
#4424=VERTEX_POINT('',#13275);
#4425=VERTEX_POINT('',#13277);
#4426=VERTEX_POINT('',#13279);
#4427=VERTEX_POINT('',#13281);
#4428=VERTEX_POINT('',#13283);
#4429=VERTEX_POINT('',#13285);
#4430=VERTEX_POINT('',#13287);
#4431=VERTEX_POINT('',#13290);
#4432=VERTEX_POINT('',#13292);
#4433=VERTEX_POINT('',#13294);
#4434=VERTEX_POINT('',#13297);
#4435=VERTEX_POINT('',#13299);
#4436=VERTEX_POINT('',#13306);
#4437=VERTEX_POINT('',#13308);
#4438=VERTEX_POINT('',#13315);
#4439=VERTEX_POINT('',#13317);
#4440=VERTEX_POINT('',#13323);
#4441=VERTEX_POINT('',#13324);
#4442=VERTEX_POINT('',#13326);
#4443=VERTEX_POINT('',#13328);
#4444=VERTEX_POINT('',#13331);
#4445=VERTEX_POINT('',#13333);
#4446=VERTEX_POINT('',#13351);
#4447=VERTEX_POINT('',#13353);
#4448=VERTEX_POINT('',#13355);
#4449=VERTEX_POINT('',#13430);
#4450=VERTEX_POINT('',#13433);
#4451=VERTEX_POINT('',#13437);
#4452=VERTEX_POINT('',#13440);
#4453=VERTEX_POINT('',#13444);
#4454=VERTEX_POINT('',#13447);
#4455=VERTEX_POINT('',#13451);
#4456=VERTEX_POINT('',#13454);
#4457=VERTEX_POINT('',#13458);
#4458=VERTEX_POINT('',#13459);
#4459=VERTEX_POINT('',#13462);
#4460=VERTEX_POINT('',#13466);
#4461=VERTEX_POINT('',#13467);
#4462=VERTEX_POINT('',#13470);
#4463=VERTEX_POINT('',#13474);
#4464=VERTEX_POINT('',#13475);
#4465=VERTEX_POINT('',#13478);
#4466=VERTEX_POINT('',#13482);
#4467=VERTEX_POINT('',#13483);
#4468=VERTEX_POINT('',#13486);
#4469=VERTEX_POINT('',#13490);
#4470=VERTEX_POINT('',#13494);
#4471=VERTEX_POINT('',#13498);
#4472=VERTEX_POINT('',#13502);
#4473=VERTEX_POINT('',#13506);
#4474=VERTEX_POINT('',#13510);
#4475=VERTEX_POINT('',#13512);
#4476=VERTEX_POINT('',#13516);
#4477=VERTEX_POINT('',#13520);
#4478=VERTEX_POINT('',#13527);
#4479=VERTEX_POINT('',#13529);
#4480=VERTEX_POINT('',#13535);
#4481=VERTEX_POINT('',#13541);
#4482=VERTEX_POINT('',#13544);
#4483=VERTEX_POINT('',#13546);
#4484=VERTEX_POINT('',#13552);
#4485=VERTEX_POINT('',#13559);
#4486=VERTEX_POINT('',#13562);
#4487=VERTEX_POINT('',#13565);
#4488=VERTEX_POINT('',#13569);
#4489=VERTEX_POINT('',#13572);
#4490=VERTEX_POINT('',#13574);
#4491=VERTEX_POINT('',#13577);
#4492=VERTEX_POINT('',#13580);
#4493=VERTEX_POINT('',#13582);
#4494=VERTEX_POINT('',#13585);
#4495=VERTEX_POINT('',#13586);
#4496=VERTEX_POINT('',#13589);
#4497=VERTEX_POINT('',#13593);
#4498=VERTEX_POINT('',#13594);
#4499=VERTEX_POINT('',#13597);
#4500=VERTEX_POINT('',#13602);
#4501=VERTEX_POINT('',#13604);
#4502=VERTEX_POINT('',#13606);
#4503=VERTEX_POINT('',#13608);
#4504=VERTEX_POINT('',#13610);
#4505=VERTEX_POINT('',#13611);
#4506=VERTEX_POINT('',#13613);
#4507=VERTEX_POINT('',#13615);
#4508=VERTEX_POINT('',#13619);
#4509=VERTEX_POINT('',#13621);
#4510=VERTEX_POINT('',#13625);
#4511=VERTEX_POINT('',#13627);
#4512=VERTEX_POINT('',#13636);
#4513=VERTEX_POINT('',#13639);
#4514=VERTEX_POINT('',#13642);
#4515=VERTEX_POINT('',#13646);
#4516=VERTEX_POINT('',#13649);
#4517=VERTEX_POINT('',#13652);
#4518=VERTEX_POINT('',#13656);
#4519=VERTEX_POINT('',#13659);
#4520=VERTEX_POINT('',#13662);
#4521=VERTEX_POINT('',#13666);
#4522=VERTEX_POINT('',#13669);
#4523=VERTEX_POINT('',#13672);
#4524=VERTEX_POINT('',#13677);
#4525=VERTEX_POINT('',#13678);
#4526=VERTEX_POINT('',#13680);
#4527=VERTEX_POINT('',#13682);
#4528=VERTEX_POINT('',#13686);
#4529=VERTEX_POINT('',#13687);
#4530=VERTEX_POINT('',#13689);
#4531=VERTEX_POINT('',#13691);
#4532=VERTEX_POINT('',#13695);
#4533=VERTEX_POINT('',#13696);
#4534=VERTEX_POINT('',#13698);
#4535=VERTEX_POINT('',#13700);
#4536=VERTEX_POINT('',#13704);
#4537=VERTEX_POINT('',#13705);
#4538=VERTEX_POINT('',#13707);
#4539=VERTEX_POINT('',#13709);
#4540=VERTEX_POINT('',#13713);
#4541=VERTEX_POINT('',#13715);
#4542=VERTEX_POINT('',#13716);
#4543=VERTEX_POINT('',#13728);
#4544=VERTEX_POINT('',#13730);
#4545=VERTEX_POINT('',#13731);
#4546=VERTEX_POINT('',#13743);
#4547=VERTEX_POINT('',#13745);
#4548=VERTEX_POINT('',#13746);
#4549=VERTEX_POINT('',#13758);
#4550=VERTEX_POINT('',#13760);
#4551=VERTEX_POINT('',#13761);
#4552=VERTEX_POINT('',#13773);
#4553=VERTEX_POINT('',#13774);
#4554=VERTEX_POINT('',#13776);
#4555=VERTEX_POINT('',#13778);
#4556=VERTEX_POINT('',#13782);
#4557=VERTEX_POINT('',#13784);
#4558=VERTEX_POINT('',#13788);
#4559=VERTEX_POINT('',#13790);
#4560=VERTEX_POINT('',#13794);
#4561=VERTEX_POINT('',#13796);
#4562=VERTEX_POINT('',#13800);
#4563=VERTEX_POINT('',#13802);
#4564=VERTEX_POINT('',#13806);
#4565=VERTEX_POINT('',#13808);
#4566=VERTEX_POINT('',#13812);
#4567=VERTEX_POINT('',#13814);
#4568=VERTEX_POINT('',#13821);
#4569=VERTEX_POINT('',#13823);
#4570=VERTEX_POINT('',#13825);
#4571=VERTEX_POINT('',#13827);
#4572=VERTEX_POINT('',#13834);
#4573=VERTEX_POINT('',#13836);
#4574=VERTEX_POINT('',#13838);
#4575=VERTEX_POINT('',#13840);
#4576=VERTEX_POINT('',#13842);
#4577=VERTEX_POINT('',#13844);
#4578=VERTEX_POINT('',#13846);
#4579=VERTEX_POINT('',#13848);
#4580=VERTEX_POINT('',#13850);
#4581=VERTEX_POINT('',#13853);
#4582=VERTEX_POINT('',#13857);
#4583=VERTEX_POINT('',#13860);
#4584=VERTEX_POINT('',#13864);
#4585=VERTEX_POINT('',#13867);
#4586=VERTEX_POINT('',#13871);
#4587=VERTEX_POINT('',#13874);
#4588=VERTEX_POINT('',#13878);
#4589=VERTEX_POINT('',#13881);
#4590=VERTEX_POINT('',#13885);
#4591=VERTEX_POINT('',#13889);
#4592=VERTEX_POINT('',#13893);
#4593=VERTEX_POINT('',#13897);
#4594=VERTEX_POINT('',#13906);
#4595=VERTEX_POINT('',#13908);
#4596=VERTEX_POINT('',#13909);
#4597=VERTEX_POINT('',#13911);
#4598=VERTEX_POINT('',#13913);
#4599=VERTEX_POINT('',#13915);
#4600=VERTEX_POINT('',#13917);
#4601=VERTEX_POINT('',#13921);
#4602=VERTEX_POINT('',#13924);
#4603=VERTEX_POINT('',#13927);
#4604=VERTEX_POINT('',#13930);
#4605=VERTEX_POINT('',#13933);
#4606=VERTEX_POINT('',#13937);
#4607=VERTEX_POINT('',#13939);
#4608=VERTEX_POINT('',#13941);
#4609=VERTEX_POINT('',#13945);
#4610=VERTEX_POINT('',#13947);
#4611=VERTEX_POINT('',#13951);
#4612=VERTEX_POINT('',#13953);
#4613=VERTEX_POINT('',#13957);
#4614=VERTEX_POINT('',#13959);
#4615=VERTEX_POINT('',#13963);
#4616=VERTEX_POINT('',#13965);
#4617=VERTEX_POINT('',#13969);
#4618=VERTEX_POINT('',#13984);
#4619=LINE('',#11595,#5324);
#4620=LINE('',#11600,#5325);
#4621=LINE('',#11605,#5326);
#4622=LINE('',#11608,#5327);
#4623=LINE('',#11610,#5328);
#4624=LINE('',#11612,#5329);
#4625=LINE('',#11613,#5330);
#4626=LINE('',#11616,#5331);
#4627=LINE('',#11618,#5332);
#4628=LINE('',#11620,#5333);
#4629=LINE('',#11622,#5334);
#4630=LINE('',#11624,#5335);
#4631=LINE('',#11626,#5336);
#4632=LINE('',#11628,#5337);
#4633=LINE('',#11630,#5338);
#4634=LINE('',#11632,#5339);
#4635=LINE('',#11634,#5340);
#4636=LINE('',#11636,#5341);
#4637=LINE('',#11638,#5342);
#4638=LINE('',#11640,#5343);
#4639=LINE('',#11642,#5344);
#4640=LINE('',#11644,#5345);
#4641=LINE('',#11646,#5346);
#4642=LINE('',#11648,#5347);
#4643=LINE('',#11650,#5348);
#4644=LINE('',#11652,#5349);
#4645=LINE('',#11654,#5350);
#4646=LINE('',#11656,#5351);
#4647=LINE('',#11658,#5352);
#4648=LINE('',#11660,#5353);
#4649=LINE('',#11662,#5354);
#4650=LINE('',#11664,#5355);
#4651=LINE('',#11666,#5356);
#4652=LINE('',#11669,#5357);
#4653=LINE('',#11671,#5358);
#4654=LINE('',#11673,#5359);
#4655=LINE('',#11675,#5360);
#4656=LINE('',#11677,#5361);
#4657=LINE('',#11679,#5362);
#4658=LINE('',#11681,#5363);
#4659=LINE('',#11683,#5364);
#4660=LINE('',#11685,#5365);
#4661=LINE('',#11686,#5366);
#4662=LINE('',#11688,#5367);
#4663=LINE('',#11690,#5368);
#4664=LINE('',#11692,#5369);
#4665=LINE('',#11694,#5370);
#4666=LINE('',#11697,#5371);
#4667=LINE('',#11699,#5372);
#4668=LINE('',#11701,#5373);
#4669=LINE('',#11702,#5374);
#4670=LINE('',#11704,#5375);
#4671=LINE('',#11706,#5376);
#4672=LINE('',#11708,#5377);
#4673=LINE('',#11712,#5378);
#4674=LINE('',#11714,#5379);
#4675=LINE('',#11715,#5380);
#4676=LINE('',#11716,#5381);
#4677=LINE('',#11718,#5382);
#4678=LINE('',#11720,#5383);
#4679=LINE('',#11723,#5384);
#4680=LINE('',#11727,#5385);
#4681=LINE('',#11731,#5386);
#4682=LINE('',#11733,#5387);
#4683=LINE('',#11735,#5388);
#4684=LINE('',#11737,#5389);
#4685=LINE('',#11739,#5390);
#4686=LINE('',#11741,#5391);
#4687=LINE('',#11746,#5392);
#4688=LINE('',#11751,#5393);
#4689=LINE('',#11753,#5394);
#4690=LINE('',#11757,#5395);
#4691=LINE('',#11761,#5396);
#4692=LINE('',#11763,#5397);
#4693=LINE('',#11767,#5398);
#4694=LINE('',#11769,#5399);
#4695=LINE('',#11771,#5400);
#4696=LINE('',#11773,#5401);
#4697=LINE('',#11775,#5402);
#4698=LINE('',#11787,#5403);
#4699=LINE('',#11789,#5404);
#4700=LINE('',#11791,#5405);
#4701=LINE('',#11793,#5406);
#4702=LINE('',#11795,#5407);
#4703=LINE('',#11797,#5408);
#4704=LINE('',#11799,#5409);
#4705=LINE('',#11801,#5410);
#4706=LINE('',#11803,#5411);
#4707=LINE('',#11805,#5412);
#4708=LINE('',#11806,#5413);
#4709=LINE('',#11810,#5414);
#4710=LINE('',#11812,#5415);
#4711=LINE('',#11814,#5416);
#4712=LINE('',#11816,#5417);
#4713=LINE('',#11818,#5418);
#4714=LINE('',#11820,#5419);
#4715=LINE('',#11822,#5420);
#4716=LINE('',#11824,#5421);
#4717=LINE('',#11826,#5422);
#4718=LINE('',#11828,#5423);
#4719=LINE('',#11830,#5424);
#4720=LINE('',#11834,#5425);
#4721=LINE('',#11836,#5426);
#4722=LINE('',#11838,#5427);
#4723=LINE('',#11840,#5428);
#4724=LINE('',#11842,#5429);
#4725=LINE('',#11846,#5430);
#4726=LINE('',#11851,#5431);
#4727=LINE('',#11855,#5432);
#4728=LINE('',#11859,#5433);
#4729=LINE('',#11863,#5434);
#4730=LINE('',#11865,#5435);
#4731=LINE('',#11869,#5436);
#4732=LINE('',#11873,#5437);
#4733=LINE('',#11875,#5438);
#4734=LINE('',#11877,#5439);
#4735=LINE('',#11881,#5440);
#4736=LINE('',#11883,#5441);
#4737=LINE('',#11892,#5442);
#4738=LINE('',#11896,#5443);
#4739=LINE('',#11900,#5444);
#4740=LINE('',#11904,#5445);
#4741=LINE('',#11906,#5446);
#4742=LINE('',#11908,#5447);
#4743=LINE('',#11910,#5448);
#4744=LINE('',#11912,#5449);
#4745=LINE('',#11914,#5450);
#4746=LINE('',#11916,#5451);
#4747=LINE('',#11918,#5452);
#4748=LINE('',#11920,#5453);
#4749=LINE('',#11922,#5454);
#4750=LINE('',#11924,#5455);
#4751=LINE('',#11926,#5456);
#4752=LINE('',#11928,#5457);
#4753=LINE('',#11930,#5458);
#4754=LINE('',#11934,#5459);
#4755=LINE('',#11936,#5460);
#4756=LINE('',#11937,#5461);
#4757=LINE('',#11938,#5462);
#4758=LINE('',#11940,#5463);
#4759=LINE('',#11942,#5464);
#4760=LINE('',#11946,#5465);
#4761=LINE('',#11950,#5466);
#4762=LINE('',#11953,#5467);
#4763=LINE('',#11957,#5468);
#4764=LINE('',#11959,#5469);
#4765=LINE('',#11961,#5470);
#4766=LINE('',#11965,#5471);
#4767=LINE('',#11967,#5472);
#4768=LINE('',#11968,#5473);
#4769=LINE('',#11969,#5474);
#4770=LINE('',#11970,#5475);
#4771=LINE('',#11971,#5476);
#4772=LINE('',#11972,#5477);
#4773=LINE('',#11974,#5478);
#4774=LINE('',#11976,#5479);
#4775=LINE('',#11978,#5480);
#4776=LINE('',#11979,#5481);
#4777=LINE('',#11981,#5482);
#4778=LINE('',#11982,#5483);
#4779=LINE('',#11984,#5484);
#4780=LINE('',#11986,#5485);
#4781=LINE('',#11987,#5486);
#4782=LINE('',#11989,#5487);
#4783=LINE('',#11991,#5488);
#4784=LINE('',#12013,#5489);
#4785=LINE('',#12015,#5490);
#4786=LINE('',#12017,#5491);
#4787=LINE('',#12019,#5492);
#4788=LINE('',#12021,#5493);
#4789=LINE('',#12025,#5494);
#4790=LINE('',#12029,#5495);
#4791=LINE('',#12033,#5496);
#4792=LINE('',#12035,#5497);
#4793=LINE('',#12037,#5498);
#4794=LINE('',#12038,#5499);
#4795=LINE('',#12052,#5500);
#4796=LINE('',#12053,#5501);
#4797=LINE('',#12054,#5502);
#4798=LINE('',#12056,#5503);
#4799=LINE('',#12057,#5504);
#4800=LINE('',#12061,#5505);
#4801=LINE('',#12063,#5506);
#4802=LINE('',#12065,#5507);
#4803=LINE('',#12070,#5508);
#4804=LINE('',#12072,#5509);
#4805=LINE('',#12074,#5510);
#4806=LINE('',#12078,#5511);
#4807=LINE('',#12080,#5512);
#4808=LINE('',#12085,#5513);
#4809=LINE('',#12087,#5514);
#4810=LINE('',#12089,#5515);
#4811=LINE('',#12092,#5516);
#4812=LINE('',#12094,#5517);
#4813=LINE('',#12096,#5518);
#4814=LINE('',#12099,#5519);
#4815=LINE('',#12100,#5520);
#4816=LINE('',#12107,#5521);
#4817=LINE('',#12110,#5522);
#4818=LINE('',#12111,#5523);
#4819=LINE('',#12113,#5524);
#4820=LINE('',#12115,#5525);
#4821=LINE('',#12121,#5526);
#4822=LINE('',#12123,#5527);
#4823=LINE('',#12124,#5528);
#4824=LINE('',#12126,#5529);
#4825=LINE('',#12131,#5530);
#4826=LINE('',#12133,#5531);
#4827=LINE('',#12134,#5532);
#4828=LINE('',#12136,#5533);
#4829=LINE('',#12142,#5534);
#4830=LINE('',#12144,#5535);
#4831=LINE('',#12145,#5536);
#4832=LINE('',#12146,#5537);
#4833=LINE('',#12148,#5538);
#4834=LINE('',#12150,#5539);
#4835=LINE('',#12152,#5540);
#4836=LINE('',#12156,#5541);
#4837=LINE('',#12160,#5542);
#4838=LINE('',#12162,#5543);
#4839=LINE('',#12164,#5544);
#4840=LINE('',#12168,#5545);
#4841=LINE('',#12172,#5546);
#4842=LINE('',#12173,#5547);
#4843=LINE('',#12175,#5548);
#4844=LINE('',#12176,#5549);
#4845=LINE('',#12177,#5550);
#4846=LINE('',#12181,#5551);
#4847=LINE('',#12185,#5552);
#4848=LINE('',#12186,#5553);
#4849=LINE('',#12272,#5554);
#4850=LINE('',#12274,#5555);
#4851=LINE('',#12276,#5556);
#4852=LINE('',#12278,#5557);
#4853=LINE('',#12280,#5558);
#4854=LINE('',#12282,#5559);
#4855=LINE('',#12284,#5560);
#4856=LINE('',#12286,#5561);
#4857=LINE('',#12288,#5562);
#4858=LINE('',#12290,#5563);
#4859=LINE('',#12292,#5564);
#4860=LINE('',#12298,#5565);
#4861=LINE('',#12301,#5566);
#4862=LINE('',#12303,#5567);
#4863=LINE('',#12305,#5568);
#4864=LINE('',#12307,#5569);
#4865=LINE('',#12308,#5570);
#4866=LINE('',#12310,#5571);
#4867=LINE('',#12316,#5572);
#4868=LINE('',#12318,#5573);
#4869=LINE('',#12320,#5574);
#4870=LINE('',#12322,#5575);
#4871=LINE('',#12328,#5576);
#4872=LINE('',#12330,#5577);
#4873=LINE('',#12336,#5578);
#4874=LINE('',#12338,#5579);
#4875=LINE('',#12340,#5580);
#4876=LINE('',#12342,#5581);
#4877=LINE('',#12344,#5582);
#4878=LINE('',#12346,#5583);
#4879=LINE('',#12348,#5584);
#4880=LINE('',#12350,#5585);
#4881=LINE('',#12352,#5586);
#4882=LINE('',#12354,#5587);
#4883=LINE('',#12356,#5588);
#4884=LINE('',#12358,#5589);
#4885=LINE('',#12362,#5590);
#4886=LINE('',#12364,#5591);
#4887=LINE('',#12366,#5592);
#4888=LINE('',#12368,#5593);
#4889=LINE('',#12372,#5594);
#4890=LINE('',#12374,#5595);
#4891=LINE('',#12376,#5596);
#4892=LINE('',#12378,#5597);
#4893=LINE('',#12380,#5598);
#4894=LINE('',#12382,#5599);
#4895=LINE('',#12384,#5600);
#4896=LINE('',#12386,#5601);
#4897=LINE('',#12388,#5602);
#4898=LINE('',#12389,#5603);
#4899=LINE('',#12391,#5604);
#4900=LINE('',#12393,#5605);
#4901=LINE('',#12395,#5606);
#4902=LINE('',#12397,#5607);
#4903=LINE('',#12398,#5608);
#4904=LINE('',#12464,#5609);
#4905=LINE('',#12471,#5610);
#4906=LINE('',#12476,#5611);
#4907=LINE('',#12479,#5612);
#4908=LINE('',#12484,#5613);
#4909=LINE('',#12491,#5614);
#4910=LINE('',#12493,#5615);
#4911=LINE('',#12496,#5616);
#4912=LINE('',#12497,#5617);
#4913=LINE('',#12501,#5618);
#4914=LINE('',#12503,#5619);
#4915=LINE('',#12505,#5620);
#4916=LINE('',#12507,#5621);
#4917=LINE('',#12517,#5622);
#4918=LINE('',#12526,#5623);
#4919=LINE('',#12529,#5624);
#4920=LINE('',#12531,#5625);
#4921=LINE('',#12533,#5626);
#4922=LINE('',#12535,#5627);
#4923=LINE('',#12537,#5628);
#4924=LINE('',#12545,#5629);
#4925=LINE('',#12548,#5630);
#4926=LINE('',#12550,#5631);
#4927=LINE('',#12552,#5632);
#4928=LINE('',#12554,#5633);
#4929=LINE('',#12556,#5634);
#4930=LINE('',#12564,#5635);
#4931=LINE('',#12567,#5636);
#4932=LINE('',#12569,#5637);
#4933=LINE('',#12571,#5638);
#4934=LINE('',#12573,#5639);
#4935=LINE('',#12575,#5640);
#4936=LINE('',#12583,#5641);
#4937=LINE('',#12586,#5642);
#4938=LINE('',#12588,#5643);
#4939=LINE('',#12590,#5644);
#4940=LINE('',#12592,#5645);
#4941=LINE('',#12594,#5646);
#4942=LINE('',#12596,#5647);
#4943=LINE('',#12598,#5648);
#4944=LINE('',#12600,#5649);
#4945=LINE('',#12602,#5650);
#4946=LINE('',#12604,#5651);
#4947=LINE('',#12606,#5652);
#4948=LINE('',#12608,#5653);
#4949=LINE('',#12610,#5654);
#4950=LINE('',#12612,#5655);
#4951=LINE('',#12614,#5656);
#4952=LINE('',#12616,#5657);
#4953=LINE('',#12618,#5658);
#4954=LINE('',#12621,#5659);
#4955=LINE('',#12623,#5660);
#4956=LINE('',#12625,#5661);
#4957=LINE('',#12627,#5662);
#4958=LINE('',#12629,#5663);
#4959=LINE('',#12631,#5664);
#4960=LINE('',#12633,#5665);
#4961=LINE('',#12635,#5666);
#4962=LINE('',#12637,#5667);
#4963=LINE('',#12639,#5668);
#4964=LINE('',#12641,#5669);
#4965=LINE('',#12643,#5670);
#4966=LINE('',#12646,#5671);
#4967=LINE('',#12648,#5672);
#4968=LINE('',#12650,#5673);
#4969=LINE('',#12652,#5674);
#4970=LINE('',#12654,#5675);
#4971=LINE('',#12656,#5676);
#4972=LINE('',#12658,#5677);
#4973=LINE('',#12660,#5678);
#4974=LINE('',#12662,#5679);
#4975=LINE('',#12664,#5680);
#4976=LINE('',#12666,#5681);
#4977=LINE('',#12668,#5682);
#4978=LINE('',#12671,#5683);
#4979=LINE('',#12673,#5684);
#4980=LINE('',#12675,#5685);
#4981=LINE('',#12677,#5686);
#4982=LINE('',#12679,#5687);
#4983=LINE('',#12681,#5688);
#4984=LINE('',#12683,#5689);
#4985=LINE('',#12685,#5690);
#4986=LINE('',#12687,#5691);
#4987=LINE('',#12689,#5692);
#4988=LINE('',#12691,#5693);
#4989=LINE('',#12693,#5694);
#4990=LINE('',#12696,#5695);
#4991=LINE('',#12698,#5696);
#4992=LINE('',#12700,#5697);
#4993=LINE('',#12705,#5698);
#4994=LINE('',#12707,#5699);
#4995=LINE('',#12709,#5700);
#4996=LINE('',#12712,#5701);
#4997=LINE('',#12715,#5702);
#4998=LINE('',#12717,#5703);
#4999=LINE('',#12719,#5704);
#5000=LINE('',#12721,#5705);
#5001=LINE('',#12723,#5706);
#5002=LINE('',#12736,#5707);
#5003=LINE('',#12738,#5708);
#5004=LINE('',#12740,#5709);
#5005=LINE('',#12742,#5710);
#5006=LINE('',#12744,#5711);
#5007=LINE('',#12746,#5712);
#5008=LINE('',#12748,#5713);
#5009=LINE('',#12750,#5714);
#5010=LINE('',#12752,#5715);
#5011=LINE('',#12754,#5716);
#5012=LINE('',#12756,#5717);
#5013=LINE('',#12758,#5718);
#5014=LINE('',#12772,#5719);
#5015=LINE('',#12775,#5720);
#5016=LINE('',#12777,#5721);
#5017=LINE('',#12779,#5722);
#5018=LINE('',#12781,#5723);
#5019=LINE('',#12783,#5724);
#5020=LINE('',#12785,#5725);
#5021=LINE('',#12787,#5726);
#5022=LINE('',#12789,#5727);
#5023=LINE('',#12791,#5728);
#5024=LINE('',#12793,#5729);
#5025=LINE('',#12795,#5730);
#5026=LINE('',#12797,#5731);
#5027=LINE('',#12799,#5732);
#5028=LINE('',#12801,#5733);
#5029=LINE('',#12803,#5734);
#5030=LINE('',#12805,#5735);
#5031=LINE('',#12807,#5736);
#5032=LINE('',#12812,#5737);
#5033=LINE('',#12815,#5738);
#5034=LINE('',#12817,#5739);
#5035=LINE('',#12819,#5740);
#5036=LINE('',#12821,#5741);
#5037=LINE('',#12823,#5742);
#5038=LINE('',#12834,#5743);
#5039=LINE('',#12836,#5744);
#5040=LINE('',#12838,#5745);
#5041=LINE('',#12840,#5746);
#5042=LINE('',#12842,#5747);
#5043=LINE('',#12844,#5748);
#5044=LINE('',#12846,#5749);
#5045=LINE('',#12848,#5750);
#5046=LINE('',#12850,#5751);
#5047=LINE('',#12852,#5752);
#5048=LINE('',#12854,#5753);
#5049=LINE('',#12856,#5754);
#5050=LINE('',#12870,#5755);
#5051=LINE('',#12873,#5756);
#5052=LINE('',#12875,#5757);
#5053=LINE('',#12877,#5758);
#5054=LINE('',#12879,#5759);
#5055=LINE('',#12881,#5760);
#5056=LINE('',#12883,#5761);
#5057=LINE('',#12885,#5762);
#5058=LINE('',#12887,#5763);
#5059=LINE('',#12889,#5764);
#5060=LINE('',#12891,#5765);
#5061=LINE('',#12893,#5766);
#5062=LINE('',#12895,#5767);
#5063=LINE('',#12897,#5768);
#5064=LINE('',#12899,#5769);
#5065=LINE('',#12901,#5770);
#5066=LINE('',#12903,#5771);
#5067=LINE('',#12905,#5772);
#5068=LINE('',#12909,#5773);
#5069=LINE('',#12910,#5774);
#5070=LINE('',#12912,#5775);
#5071=LINE('',#12914,#5776);
#5072=LINE('',#12923,#5777);
#5073=LINE('',#12925,#5778);
#5074=LINE('',#12929,#5779);
#5075=LINE('',#12931,#5780);
#5076=LINE('',#12935,#5781);
#5077=LINE('',#12939,#5782);
#5078=LINE('',#12950,#5783);
#5079=LINE('',#12952,#5784);
#5080=LINE('',#12954,#5785);
#5081=LINE('',#12956,#5786);
#5082=LINE('',#12958,#5787);
#5083=LINE('',#12962,#5788);
#5084=LINE('',#12964,#5789);
#5085=LINE('',#12968,#5790);
#5086=LINE('',#12970,#5791);
#5087=LINE('',#12972,#5792);
#5088=LINE('',#12974,#5793);
#5089=LINE('',#12976,#5794);
#5090=LINE('',#12980,#5795);
#5091=LINE('',#12982,#5796);
#5092=LINE('',#12986,#5797);
#5093=LINE('',#12988,#5798);
#5094=LINE('',#12990,#5799);
#5095=LINE('',#12992,#5800);
#5096=LINE('',#12996,#5801);
#5097=LINE('',#12998,#5802);
#5098=LINE('',#13002,#5803);
#5099=LINE('',#13004,#5804);
#5100=LINE('',#13010,#5805);
#5101=LINE('',#13013,#5806);
#5102=LINE('',#13017,#5807);
#5103=LINE('',#13019,#5808);
#5104=LINE('',#13021,#5809);
#5105=LINE('',#13022,#5810);
#5106=LINE('',#13023,#5811);
#5107=LINE('',#13025,#5812);
#5108=LINE('',#13027,#5813);
#5109=LINE('',#13044,#5814);
#5110=LINE('',#13047,#5815);
#5111=LINE('',#13049,#5816);
#5112=LINE('',#13051,#5817);
#5113=LINE('',#13053,#5818);
#5114=LINE('',#13055,#5819);
#5115=LINE('',#13057,#5820);
#5116=LINE('',#13059,#5821);
#5117=LINE('',#13061,#5822);
#5118=LINE('',#13063,#5823);
#5119=LINE('',#13065,#5824);
#5120=LINE('',#13080,#5825);
#5121=LINE('',#13081,#5826);
#5122=LINE('',#13083,#5827);
#5123=LINE('',#13085,#5828);
#5124=LINE('',#13089,#5829);
#5125=LINE('',#13091,#5830);
#5126=LINE('',#13095,#5831);
#5127=LINE('',#13097,#5832);
#5128=LINE('',#13099,#5833);
#5129=LINE('',#13101,#5834);
#5130=LINE('',#13103,#5835);
#5131=LINE('',#13107,#5836);
#5132=LINE('',#13109,#5837);
#5133=LINE('',#13113,#5838);
#5134=LINE('',#13115,#5839);
#5135=LINE('',#13117,#5840);
#5136=LINE('',#13120,#5841);
#5137=LINE('',#13122,#5842);
#5138=LINE('',#13126,#5843);
#5139=LINE('',#13128,#5844);
#5140=LINE('',#13153,#5845);
#5141=LINE('',#13156,#5846);
#5142=LINE('',#13158,#5847);
#5143=LINE('',#13161,#5848);
#5144=LINE('',#13163,#5849);
#5145=LINE('',#13167,#5850);
#5146=LINE('',#13169,#5851);
#5147=LINE('',#13173,#5852);
#5148=LINE('',#13175,#5853);
#5149=LINE('',#13178,#5854);
#5150=LINE('',#13188,#5855);
#5151=LINE('',#13191,#5856);
#5152=LINE('',#13193,#5857);
#5153=LINE('',#13195,#5858);
#5154=LINE('',#13205,#5859);
#5155=LINE('',#13208,#5860);
#5156=LINE('',#13210,#5861);
#5157=LINE('',#13212,#5862);
#5158=LINE('',#13216,#5863);
#5159=LINE('',#13218,#5864);
#5160=LINE('',#13220,#5865);
#5161=LINE('',#13221,#5866);
#5162=LINE('',#13223,#5867);
#5163=LINE('',#13225,#5868);
#5164=LINE('',#13228,#5869);
#5165=LINE('',#13230,#5870);
#5166=LINE('',#13232,#5871);
#5167=LINE('',#13234,#5872);
#5168=LINE('',#13236,#5873);
#5169=LINE('',#13238,#5874);
#5170=LINE('',#13242,#5875);
#5171=LINE('',#13246,#5876);
#5172=LINE('',#13248,#5877);
#5173=LINE('',#13250,#5878);
#5174=LINE('',#13252,#5879);
#5175=LINE('',#13254,#5880);
#5176=LINE('',#13256,#5881);
#5177=LINE('',#13260,#5882);
#5178=LINE('',#13262,#5883);
#5179=LINE('',#13264,#5884);
#5180=LINE('',#13266,#5885);
#5181=LINE('',#13268,#5886);
#5182=LINE('',#13270,#5887);
#5183=LINE('',#13274,#5888);
#5184=LINE('',#13278,#5889);
#5185=LINE('',#13280,#5890);
#5186=LINE('',#13282,#5891);
#5187=LINE('',#13284,#5892);
#5188=LINE('',#13286,#5893);
#5189=LINE('',#13288,#5894);
#5190=LINE('',#13291,#5895);
#5191=LINE('',#13293,#5896);
#5192=LINE('',#13295,#5897);
#5193=LINE('',#13296,#5898);
#5194=LINE('',#13298,#5899);
#5195=LINE('',#13300,#5900);
#5196=LINE('',#13302,#5901);
#5197=LINE('',#13303,#5902);
#5198=LINE('',#13309,#5903);
#5199=LINE('',#13312,#5904);
#5200=LINE('',#13318,#5905);
#5201=LINE('',#13320,#5906);
#5202=LINE('',#13322,#5907);
#5203=LINE('',#13327,#5908);
#5204=LINE('',#13334,#5909);
#5205=LINE('',#13336,#5910);
#5206=LINE('',#13338,#5911);
#5207=LINE('',#13340,#5912);
#5208=LINE('',#13342,#5913);
#5209=LINE('',#13344,#5914);
#5210=LINE('',#13346,#5915);
#5211=LINE('',#13348,#5916);
#5212=LINE('',#13357,#5917);
#5213=LINE('',#13358,#5918);
#5214=LINE('',#13360,#5919);
#5215=LINE('',#13361,#5920);
#5216=LINE('',#13363,#5921);
#5217=LINE('',#13366,#5922);
#5218=LINE('',#13369,#5923);
#5219=LINE('',#13370,#5924);
#5220=LINE('',#13372,#5925);
#5221=LINE('',#13374,#5926);
#5222=LINE('',#13376,#5927);
#5223=LINE('',#13378,#5928);
#5224=LINE('',#13380,#5929);
#5225=LINE('',#13382,#5930);
#5226=LINE('',#13384,#5931);
#5227=LINE('',#13386,#5932);
#5228=LINE('',#13388,#5933);
#5229=LINE('',#13390,#5934);
#5230=LINE('',#13392,#5935);
#5231=LINE('',#13394,#5936);
#5232=LINE('',#13396,#5937);
#5233=LINE('',#13398,#5938);
#5234=LINE('',#13400,#5939);
#5235=LINE('',#13403,#5940);
#5236=LINE('',#13413,#5941);
#5237=LINE('',#13414,#5942);
#5238=LINE('',#13422,#5943);
#5239=LINE('',#13423,#5944);
#5240=LINE('',#13509,#5945);
#5241=LINE('',#13513,#5946);
#5242=LINE('',#13515,#5947);
#5243=LINE('',#13517,#5948);
#5244=LINE('',#13519,#5949);
#5245=LINE('',#13523,#5950);
#5246=LINE('',#13526,#5951);
#5247=LINE('',#13530,#5952);
#5248=LINE('',#13532,#5953);
#5249=LINE('',#13534,#5954);
#5250=LINE('',#13536,#5955);
#5251=LINE('',#13543,#5956);
#5252=LINE('',#13547,#5957);
#5253=LINE('',#13549,#5958);
#5254=LINE('',#13551,#5959);
#5255=LINE('',#13553,#5960);
#5256=LINE('',#13609,#5961);
#5257=LINE('',#13612,#5962);
#5258=LINE('',#13614,#5963);
#5259=LINE('',#13616,#5964);
#5260=LINE('',#13618,#5965);
#5261=LINE('',#13620,#5966);
#5262=LINE('',#13622,#5967);
#5263=LINE('',#13624,#5968);
#5264=LINE('',#13626,#5969);
#5265=LINE('',#13628,#5970);
#5266=LINE('',#13630,#5971);
#5267=LINE('',#13631,#5972);
#5268=LINE('',#13676,#5973);
#5269=LINE('',#13681,#5974);
#5270=LINE('',#13685,#5975);
#5271=LINE('',#13690,#5976);
#5272=LINE('',#13694,#5977);
#5273=LINE('',#13699,#5978);
#5274=LINE('',#13703,#5979);
#5275=LINE('',#13708,#5980);
#5276=LINE('',#13772,#5981);
#5277=LINE('',#13775,#5982);
#5278=LINE('',#13777,#5983);
#5279=LINE('',#13779,#5984);
#5280=LINE('',#13781,#5985);
#5281=LINE('',#13783,#5986);
#5282=LINE('',#13785,#5987);
#5283=LINE('',#13787,#5988);
#5284=LINE('',#13789,#5989);
#5285=LINE('',#13791,#5990);
#5286=LINE('',#13793,#5991);
#5287=LINE('',#13795,#5992);
#5288=LINE('',#13797,#5993);
#5289=LINE('',#13799,#5994);
#5290=LINE('',#13801,#5995);
#5291=LINE('',#13803,#5996);
#5292=LINE('',#13805,#5997);
#5293=LINE('',#13807,#5998);
#5294=LINE('',#13809,#5999);
#5295=LINE('',#13811,#6000);
#5296=LINE('',#13813,#6001);
#5297=LINE('',#13815,#6002);
#5298=LINE('',#13817,#6003);
#5299=LINE('',#13818,#6004);
#5300=LINE('',#13907,#6005);
#5301=LINE('',#13910,#6006);
#5302=LINE('',#13912,#6007);
#5303=LINE('',#13914,#6008);
#5304=LINE('',#13916,#6009);
#5305=LINE('',#13918,#6010);
#5306=LINE('',#13936,#6011);
#5307=LINE('',#13938,#6012);
#5308=LINE('',#13940,#6013);
#5309=LINE('',#13942,#6014);
#5310=LINE('',#13944,#6015);
#5311=LINE('',#13946,#6016);
#5312=LINE('',#13948,#6017);
#5313=LINE('',#13950,#6018);
#5314=LINE('',#13952,#6019);
#5315=LINE('',#13954,#6020);
#5316=LINE('',#13956,#6021);
#5317=LINE('',#13958,#6022);
#5318=LINE('',#13960,#6023);
#5319=LINE('',#13962,#6024);
#5320=LINE('',#13964,#6025);
#5321=LINE('',#13966,#6026);
#5322=LINE('',#13968,#6027);
#5323=LINE('',#13970,#6028);
#5324=VECTOR('',#9204,1000.);
#5325=VECTOR('',#9207,1000.);
#5326=VECTOR('',#9212,1000.);
#5327=VECTOR('',#9213,1000.);
#5328=VECTOR('',#9214,1000.);
#5329=VECTOR('',#9215,1000.);
#5330=VECTOR('',#9216,1000.);
#5331=VECTOR('',#9217,1000.);
#5332=VECTOR('',#9218,1000.);
#5333=VECTOR('',#9219,1000.);
#5334=VECTOR('',#9220,1000.);
#5335=VECTOR('',#9221,1000.);
#5336=VECTOR('',#9222,1000.);
#5337=VECTOR('',#9223,1000.);
#5338=VECTOR('',#9224,1000.);
#5339=VECTOR('',#9225,1000.);
#5340=VECTOR('',#9226,1000.);
#5341=VECTOR('',#9227,1000.);
#5342=VECTOR('',#9228,1000.);
#5343=VECTOR('',#9229,1000.);
#5344=VECTOR('',#9230,1000.);
#5345=VECTOR('',#9231,1000.);
#5346=VECTOR('',#9232,1000.);
#5347=VECTOR('',#9233,1000.);
#5348=VECTOR('',#9234,1000.);
#5349=VECTOR('',#9235,1000.);
#5350=VECTOR('',#9236,1000.);
#5351=VECTOR('',#9237,1000.);
#5352=VECTOR('',#9238,1000.);
#5353=VECTOR('',#9239,1000.);
#5354=VECTOR('',#9240,1000.);
#5355=VECTOR('',#9241,1000.);
#5356=VECTOR('',#9244,1000.);
#5357=VECTOR('',#9245,1000.);
#5358=VECTOR('',#9246,1000.);
#5359=VECTOR('',#9247,1000.);
#5360=VECTOR('',#9248,1000.);
#5361=VECTOR('',#9249,1000.);
#5362=VECTOR('',#9250,1000.);
#5363=VECTOR('',#9251,1000.);
#5364=VECTOR('',#9252,1000.);
#5365=VECTOR('',#9255,1000.);
#5366=VECTOR('',#9256,1000.);
#5367=VECTOR('',#9259,1000.);
#5368=VECTOR('',#9260,1000.);
#5369=VECTOR('',#9261,1000.);
#5370=VECTOR('',#9264,1000.);
#5371=VECTOR('',#9265,1000.);
#5372=VECTOR('',#9266,1000.);
#5373=VECTOR('',#9267,1000.);
#5374=VECTOR('',#9268,1000.);
#5375=VECTOR('',#9269,1000.);
#5376=VECTOR('',#9270,1000.);
#5377=VECTOR('',#9271,1000.);
#5378=VECTOR('',#9276,1000.);
#5379=VECTOR('',#9277,1000.);
#5380=VECTOR('',#9278,1000.);
#5381=VECTOR('',#9279,1000.);
#5382=VECTOR('',#9280,1000.);
#5383=VECTOR('',#9283,1000.);
#5384=VECTOR('',#9284,1000.);
#5385=VECTOR('',#9287,1000.);
#5386=VECTOR('',#9290,1000.);
#5387=VECTOR('',#9291,1000.);
#5388=VECTOR('',#9292,1000.);
#5389=VECTOR('',#9293,1000.);
#5390=VECTOR('',#9294,1000.);
#5391=VECTOR('',#9297,1000.);
#5392=VECTOR('',#9300,1000.);
#5393=VECTOR('',#9305,1000.);
#5394=VECTOR('',#9306,1000.);
#5395=VECTOR('',#9309,1000.);
#5396=VECTOR('',#9312,1000.);
#5397=VECTOR('',#9313,1000.);
#5398=VECTOR('',#9320,1000.);
#5399=VECTOR('',#9321,1000.);
#5400=VECTOR('',#9322,1000.);
#5401=VECTOR('',#9323,1000.);
#5402=VECTOR('',#9324,1000.);
#5403=VECTOR('',#9341,1000.);
#5404=VECTOR('',#9342,1000.);
#5405=VECTOR('',#9343,1000.);
#5406=VECTOR('',#9344,1000.);
#5407=VECTOR('',#9345,1000.);
#5408=VECTOR('',#9346,1000.);
#5409=VECTOR('',#9347,1000.);
#5410=VECTOR('',#9350,1000.);
#5411=VECTOR('',#9351,1000.);
#5412=VECTOR('',#9352,1000.);
#5413=VECTOR('',#9353,1000.);
#5414=VECTOR('',#9356,1000.);
#5415=VECTOR('',#9357,1000.);
#5416=VECTOR('',#9358,1000.);
#5417=VECTOR('',#9359,1000.);
#5418=VECTOR('',#9360,1000.);
#5419=VECTOR('',#9361,1000.);
#5420=VECTOR('',#9362,1000.);
#5421=VECTOR('',#9363,1000.);
#5422=VECTOR('',#9364,1000.);
#5423=VECTOR('',#9365,1000.);
#5424=VECTOR('',#9366,1000.);
#5425=VECTOR('',#9369,1000.);
#5426=VECTOR('',#9372,1000.);
#5427=VECTOR('',#9373,1000.);
#5428=VECTOR('',#9376,1000.);
#5429=VECTOR('',#9377,1000.);
#5430=VECTOR('',#9382,1000.);
#5431=VECTOR('',#9385,1000.);
#5432=VECTOR('',#9388,1000.);
#5433=VECTOR('',#9391,1000.);
#5434=VECTOR('',#9396,1000.);
#5435=VECTOR('',#9397,1000.);
#5436=VECTOR('',#9402,1000.);
#5437=VECTOR('',#9405,1000.);
#5438=VECTOR('',#9408,1000.);
#5439=VECTOR('',#9409,1000.);
#5440=VECTOR('',#9414,1000.);
#5441=VECTOR('',#9415,1000.);
#5442=VECTOR('',#9424,1000.);
#5443=VECTOR('',#9427,1000.);
#5444=VECTOR('',#9430,1000.);
#5445=VECTOR('',#9433,1000.);
#5446=VECTOR('',#9436,1000.);
#5447=VECTOR('',#9437,1000.);
#5448=VECTOR('',#9438,1000.);
#5449=VECTOR('',#9439,1000.);
#5450=VECTOR('',#9440,1000.);
#5451=VECTOR('',#9443,1000.);
#5452=VECTOR('',#9444,1000.);
#5453=VECTOR('',#9445,1000.);
#5454=VECTOR('',#9446,1000.);
#5455=VECTOR('',#9447,1000.);
#5456=VECTOR('',#9450,1000.);
#5457=VECTOR('',#9451,1000.);
#5458=VECTOR('',#9452,1000.);
#5459=VECTOR('',#9455,1000.);
#5460=VECTOR('',#9456,1000.);
#5461=VECTOR('',#9457,1000.);
#5462=VECTOR('',#9458,1000.);
#5463=VECTOR('',#9459,1000.);
#5464=VECTOR('',#9460,1000.);
#5465=VECTOR('',#9463,1000.);
#5466=VECTOR('',#9468,1000.);
#5467=VECTOR('',#9469,1000.);
#5468=VECTOR('',#9472,1000.);
#5469=VECTOR('',#9473,1000.);
#5470=VECTOR('',#9474,1000.);
#5471=VECTOR('',#9477,1000.);
#5472=VECTOR('',#9480,1000.);
#5473=VECTOR('',#9481,1000.);
#5474=VECTOR('',#9482,1000.);
#5475=VECTOR('',#9483,1000.);
#5476=VECTOR('',#9484,1000.);
#5477=VECTOR('',#9485,1000.);
#5478=VECTOR('',#9486,1000.);
#5479=VECTOR('',#9487,1000.);
#5480=VECTOR('',#9488,1000.);
#5481=VECTOR('',#9489,1000.);
#5482=VECTOR('',#9490,1000.);
#5483=VECTOR('',#9491,1000.);
#5484=VECTOR('',#9494,1000.);
#5485=VECTOR('',#9495,1000.);
#5486=VECTOR('',#9496,1000.);
#5487=VECTOR('',#9497,1000.);
#5488=VECTOR('',#9498,1000.);
#5489=VECTOR('',#9521,1000.);
#5490=VECTOR('',#9524,1000.);
#5491=VECTOR('',#9525,1000.);
#5492=VECTOR('',#9528,1000.);
#5493=VECTOR('',#9529,1000.);
#5494=VECTOR('',#9536,1000.);
#5495=VECTOR('',#9539,1000.);
#5496=VECTOR('',#9542,1000.);
#5497=VECTOR('',#9543,1000.);
#5498=VECTOR('',#9544,1000.);
#5499=VECTOR('',#9545,1000.);
#5500=VECTOR('',#9560,1000.);
#5501=VECTOR('',#9561,1000.);
#5502=VECTOR('',#9562,1000.);
#5503=VECTOR('',#9563,1000.);
#5504=VECTOR('',#9564,1000.);
#5505=VECTOR('',#9569,1000.);
#5506=VECTOR('',#9570,1000.);
#5507=VECTOR('',#9571,1000.);
#5508=VECTOR('',#9578,1000.);
#5509=VECTOR('',#9579,1000.);
#5510=VECTOR('',#9582,1000.);
#5511=VECTOR('',#9587,1000.);
#5512=VECTOR('',#9588,1000.);
#5513=VECTOR('',#9597,1000.);
#5514=VECTOR('',#9598,1000.);
#5515=VECTOR('',#9599,1000.);
#5516=VECTOR('',#9604,1000.);
#5517=VECTOR('',#9605,1000.);
#5518=VECTOR('',#9608,1000.);
#5519=VECTOR('',#9609,1000.);
#5520=VECTOR('',#9610,1000.);
#5521=VECTOR('',#9623,1000.);
#5522=VECTOR('',#9624,1000.);
#5523=VECTOR('',#9625,1000.);
#5524=VECTOR('',#9628,1000.);
#5525=VECTOR('',#9631,1000.);
#5526=VECTOR('',#9638,1000.);
#5527=VECTOR('',#9639,1000.);
#5528=VECTOR('',#9640,1000.);
#5529=VECTOR('',#9641,1000.);
#5530=VECTOR('',#9646,1000.);
#5531=VECTOR('',#9647,1000.);
#5532=VECTOR('',#9648,1000.);
#5533=VECTOR('',#9649,1000.);
#5534=VECTOR('',#9656,1000.);
#5535=VECTOR('',#9659,1000.);
#5536=VECTOR('',#9660,1000.);
#5537=VECTOR('',#9661,1000.);
#5538=VECTOR('',#9664,1000.);
#5539=VECTOR('',#9665,1000.);
#5540=VECTOR('',#9666,1000.);
#5541=VECTOR('',#9671,1000.);
#5542=VECTOR('',#9676,1000.);
#5543=VECTOR('',#9677,1000.);
#5544=VECTOR('',#9678,1000.);
#5545=VECTOR('',#9683,1000.);
#5546=VECTOR('',#9688,1000.);
#5547=VECTOR('',#9689,1000.);
#5548=VECTOR('',#9692,1000.);
#5549=VECTOR('',#9693,1000.);
#5550=VECTOR('',#9694,1000.);
#5551=VECTOR('',#9699,1000.);
#5552=VECTOR('',#9704,1000.);
#5553=VECTOR('',#9705,1000.);
#5554=VECTOR('',#9830,1000.);
#5555=VECTOR('',#9831,1000.);
#5556=VECTOR('',#9832,1000.);
#5557=VECTOR('',#9833,1000.);
#5558=VECTOR('',#9834,1000.);
#5559=VECTOR('',#9837,1000.);
#5560=VECTOR('',#9838,1000.);
#5561=VECTOR('',#9839,1000.);
#5562=VECTOR('',#9842,1000.);
#5563=VECTOR('',#9843,1000.);
#5564=VECTOR('',#9844,1000.);
#5565=VECTOR('',#9851,1000.);
#5566=VECTOR('',#9852,1000.);
#5567=VECTOR('',#9853,1000.);
#5568=VECTOR('',#9854,1000.);
#5569=VECTOR('',#9857,1000.);
#5570=VECTOR('',#9858,1000.);
#5571=VECTOR('',#9859,1000.);
#5572=VECTOR('',#9866,1000.);
#5573=VECTOR('',#9867,1000.);
#5574=VECTOR('',#9870,1000.);
#5575=VECTOR('',#9873,1000.);
#5576=VECTOR('',#9880,1000.);
#5577=VECTOR('',#9883,1000.);
#5578=VECTOR('',#9890,1000.);
#5579=VECTOR('',#9893,1000.);
#5580=VECTOR('',#9896,1000.);
#5581=VECTOR('',#9899,1000.);
#5582=VECTOR('',#9900,1000.);
#5583=VECTOR('',#9903,1000.);
#5584=VECTOR('',#9904,1000.);
#5585=VECTOR('',#9907,1000.);
#5586=VECTOR('',#9908,1000.);
#5587=VECTOR('',#9911,1000.);
#5588=VECTOR('',#9912,1000.);
#5589=VECTOR('',#9915,1000.);
#5590=VECTOR('',#9920,1000.);
#5591=VECTOR('',#9923,1000.);
#5592=VECTOR('',#9924,1000.);
#5593=VECTOR('',#9927,1000.);
#5594=VECTOR('',#9932,1000.);
#5595=VECTOR('',#9933,1000.);
#5596=VECTOR('',#9936,1000.);
#5597=VECTOR('',#9937,1000.);
#5598=VECTOR('',#9940,1000.);
#5599=VECTOR('',#9941,1000.);
#5600=VECTOR('',#9944,1000.);
#5601=VECTOR('',#9945,1000.);
#5602=VECTOR('',#9946,1000.);
#5603=VECTOR('',#9947,1000.);
#5604=VECTOR('',#9950,1000.);
#5605=VECTOR('',#9951,1000.);
#5606=VECTOR('',#9952,1000.);
#5607=VECTOR('',#9955,1000.);
#5608=VECTOR('',#9956,1000.);
#5609=VECTOR('',#10045,1000.);
#5610=VECTOR('',#10056,1000.);
#5611=VECTOR('',#10059,1000.);
#5612=VECTOR('',#10062,1000.);
#5613=VECTOR('',#10065,1000.);
#5614=VECTOR('',#10074,1000.);
#5615=VECTOR('',#10077,1000.);
#5616=VECTOR('',#10082,1000.);
#5617=VECTOR('',#10083,1000.);
#5618=VECTOR('',#10090,1000.);
#5619=VECTOR('',#10091,1000.);
#5620=VECTOR('',#10094,1000.);
#5621=VECTOR('',#10095,1000.);
#5622=VECTOR('',#10106,1000.);
#5623=VECTOR('',#10119,1000.);
#5624=VECTOR('',#10120,1000.);
#5625=VECTOR('',#10121,1000.);
#5626=VECTOR('',#10122,1000.);
#5627=VECTOR('',#10123,1000.);
#5628=VECTOR('',#10124,1000.);
#5629=VECTOR('',#10135,1000.);
#5630=VECTOR('',#10136,1000.);
#5631=VECTOR('',#10137,1000.);
#5632=VECTOR('',#10138,1000.);
#5633=VECTOR('',#10139,1000.);
#5634=VECTOR('',#10140,1000.);
#5635=VECTOR('',#10151,1000.);
#5636=VECTOR('',#10152,1000.);
#5637=VECTOR('',#10153,1000.);
#5638=VECTOR('',#10154,1000.);
#5639=VECTOR('',#10155,1000.);
#5640=VECTOR('',#10156,1000.);
#5641=VECTOR('',#10167,1000.);
#5642=VECTOR('',#10168,1000.);
#5643=VECTOR('',#10169,1000.);
#5644=VECTOR('',#10170,1000.);
#5645=VECTOR('',#10171,1000.);
#5646=VECTOR('',#10172,1000.);
#5647=VECTOR('',#10175,1000.);
#5648=VECTOR('',#10176,1000.);
#5649=VECTOR('',#10177,1000.);
#5650=VECTOR('',#10180,1000.);
#5651=VECTOR('',#10181,1000.);
#5652=VECTOR('',#10184,1000.);
#5653=VECTOR('',#10185,1000.);
#5654=VECTOR('',#10188,1000.);
#5655=VECTOR('',#10189,1000.);
#5656=VECTOR('',#10192,1000.);
#5657=VECTOR('',#10193,1000.);
#5658=VECTOR('',#10196,1000.);
#5659=VECTOR('',#10201,1000.);
#5660=VECTOR('',#10202,1000.);
#5661=VECTOR('',#10203,1000.);
#5662=VECTOR('',#10206,1000.);
#5663=VECTOR('',#10207,1000.);
#5664=VECTOR('',#10210,1000.);
#5665=VECTOR('',#10211,1000.);
#5666=VECTOR('',#10214,1000.);
#5667=VECTOR('',#10215,1000.);
#5668=VECTOR('',#10218,1000.);
#5669=VECTOR('',#10219,1000.);
#5670=VECTOR('',#10222,1000.);
#5671=VECTOR('',#10227,1000.);
#5672=VECTOR('',#10228,1000.);
#5673=VECTOR('',#10229,1000.);
#5674=VECTOR('',#10232,1000.);
#5675=VECTOR('',#10233,1000.);
#5676=VECTOR('',#10236,1000.);
#5677=VECTOR('',#10237,1000.);
#5678=VECTOR('',#10240,1000.);
#5679=VECTOR('',#10241,1000.);
#5680=VECTOR('',#10244,1000.);
#5681=VECTOR('',#10245,1000.);
#5682=VECTOR('',#10248,1000.);
#5683=VECTOR('',#10253,1000.);
#5684=VECTOR('',#10254,1000.);
#5685=VECTOR('',#10255,1000.);
#5686=VECTOR('',#10258,1000.);
#5687=VECTOR('',#10259,1000.);
#5688=VECTOR('',#10262,1000.);
#5689=VECTOR('',#10263,1000.);
#5690=VECTOR('',#10266,1000.);
#5691=VECTOR('',#10267,1000.);
#5692=VECTOR('',#10270,1000.);
#5693=VECTOR('',#10271,1000.);
#5694=VECTOR('',#10274,1000.);
#5695=VECTOR('',#10279,1000.);
#5696=VECTOR('',#10280,1000.);
#5697=VECTOR('',#10283,1000.);
#5698=VECTOR('',#10292,1000.);
#5699=VECTOR('',#10293,1000.);
#5700=VECTOR('',#10296,1000.);
#5701=VECTOR('',#10301,1000.);
#5702=VECTOR('',#10302,1000.);
#5703=VECTOR('',#10303,1000.);
#5704=VECTOR('',#10304,1000.);
#5705=VECTOR('',#10305,1000.);
#5706=VECTOR('',#10306,1000.);
#5707=VECTOR('',#10325,1000.);
#5708=VECTOR('',#10326,1000.);
#5709=VECTOR('',#10327,1000.);
#5710=VECTOR('',#10330,1000.);
#5711=VECTOR('',#10331,1000.);
#5712=VECTOR('',#10334,1000.);
#5713=VECTOR('',#10335,1000.);
#5714=VECTOR('',#10338,1000.);
#5715=VECTOR('',#10339,1000.);
#5716=VECTOR('',#10342,1000.);
#5717=VECTOR('',#10343,1000.);
#5718=VECTOR('',#10346,1000.);
#5719=VECTOR('',#10367,1000.);
#5720=VECTOR('',#10368,1000.);
#5721=VECTOR('',#10369,1000.);
#5722=VECTOR('',#10370,1000.);
#5723=VECTOR('',#10371,1000.);
#5724=VECTOR('',#10372,1000.);
#5725=VECTOR('',#10375,1000.);
#5726=VECTOR('',#10376,1000.);
#5727=VECTOR('',#10377,1000.);
#5728=VECTOR('',#10380,1000.);
#5729=VECTOR('',#10381,1000.);
#5730=VECTOR('',#10384,1000.);
#5731=VECTOR('',#10385,1000.);
#5732=VECTOR('',#10388,1000.);
#5733=VECTOR('',#10389,1000.);
#5734=VECTOR('',#10392,1000.);
#5735=VECTOR('',#10393,1000.);
#5736=VECTOR('',#10396,1000.);
#5737=VECTOR('',#10405,1000.);
#5738=VECTOR('',#10406,1000.);
#5739=VECTOR('',#10407,1000.);
#5740=VECTOR('',#10408,1000.);
#5741=VECTOR('',#10409,1000.);
#5742=VECTOR('',#10410,1000.);
#5743=VECTOR('',#10425,1000.);
#5744=VECTOR('',#10426,1000.);
#5745=VECTOR('',#10427,1000.);
#5746=VECTOR('',#10430,1000.);
#5747=VECTOR('',#10431,1000.);
#5748=VECTOR('',#10434,1000.);
#5749=VECTOR('',#10435,1000.);
#5750=VECTOR('',#10438,1000.);
#5751=VECTOR('',#10439,1000.);
#5752=VECTOR('',#10442,1000.);
#5753=VECTOR('',#10443,1000.);
#5754=VECTOR('',#10446,1000.);
#5755=VECTOR('',#10467,1000.);
#5756=VECTOR('',#10468,1000.);
#5757=VECTOR('',#10469,1000.);
#5758=VECTOR('',#10470,1000.);
#5759=VECTOR('',#10471,1000.);
#5760=VECTOR('',#10472,1000.);
#5761=VECTOR('',#10475,1000.);
#5762=VECTOR('',#10476,1000.);
#5763=VECTOR('',#10477,1000.);
#5764=VECTOR('',#10480,1000.);
#5765=VECTOR('',#10481,1000.);
#5766=VECTOR('',#10484,1000.);
#5767=VECTOR('',#10485,1000.);
#5768=VECTOR('',#10488,1000.);
#5769=VECTOR('',#10489,1000.);
#5770=VECTOR('',#10492,1000.);
#5771=VECTOR('',#10493,1000.);
#5772=VECTOR('',#10496,1000.);
#5773=VECTOR('',#10503,1000.);
#5774=VECTOR('',#10504,1000.);
#5775=VECTOR('',#10507,1000.);
#5776=VECTOR('',#10510,1000.);
#5777=VECTOR('',#10521,1000.);
#5778=VECTOR('',#10522,1000.);
#5779=VECTOR('',#10525,1000.);
#5780=VECTOR('',#10526,1000.);
#5781=VECTOR('',#10529,1000.);
#5782=VECTOR('',#10532,1000.);
#5783=VECTOR('',#10543,1000.);
#5784=VECTOR('',#10544,1000.);
#5785=VECTOR('',#10545,1000.);
#5786=VECTOR('',#10546,1000.);
#5787=VECTOR('',#10547,1000.);
#5788=VECTOR('',#10550,1000.);
#5789=VECTOR('',#10551,1000.);
#5790=VECTOR('',#10554,1000.);
#5791=VECTOR('',#10555,1000.);
#5792=VECTOR('',#10556,1000.);
#5793=VECTOR('',#10557,1000.);
#5794=VECTOR('',#10558,1000.);
#5795=VECTOR('',#10561,1000.);
#5796=VECTOR('',#10562,1000.);
#5797=VECTOR('',#10565,1000.);
#5798=VECTOR('',#10566,1000.);
#5799=VECTOR('',#10567,1000.);
#5800=VECTOR('',#10568,1000.);
#5801=VECTOR('',#10571,1000.);
#5802=VECTOR('',#10572,1000.);
#5803=VECTOR('',#10575,1000.);
#5804=VECTOR('',#10576,1000.);
#5805=VECTOR('',#10583,1000.);
#5806=VECTOR('',#10584,1000.);
#5807=VECTOR('',#10589,1000.);
#5808=VECTOR('',#10590,1000.);
#5809=VECTOR('',#10591,1000.);
#5810=VECTOR('',#10592,1000.);
#5811=VECTOR('',#10593,1000.);
#5812=VECTOR('',#10594,1000.);
#5813=VECTOR('',#10595,1000.);
#5814=VECTOR('',#10604,1000.);
#5815=VECTOR('',#10605,1000.);
#5816=VECTOR('',#10606,1000.);
#5817=VECTOR('',#10607,1000.);
#5818=VECTOR('',#10608,1000.);
#5819=VECTOR('',#10609,1000.);
#5820=VECTOR('',#10610,1000.);
#5821=VECTOR('',#10611,1000.);
#5822=VECTOR('',#10612,1000.);
#5823=VECTOR('',#10613,1000.);
#5824=VECTOR('',#10616,1000.);
#5825=VECTOR('',#10631,1000.);
#5826=VECTOR('',#10632,1000.);
#5827=VECTOR('',#10633,1000.);
#5828=VECTOR('',#10634,1000.);
#5829=VECTOR('',#10637,1000.);
#5830=VECTOR('',#10638,1000.);
#5831=VECTOR('',#10641,1000.);
#5832=VECTOR('',#10642,1000.);
#5833=VECTOR('',#10643,1000.);
#5834=VECTOR('',#10644,1000.);
#5835=VECTOR('',#10645,1000.);
#5836=VECTOR('',#10648,1000.);
#5837=VECTOR('',#10649,1000.);
#5838=VECTOR('',#10652,1000.);
#5839=VECTOR('',#10653,1000.);
#5840=VECTOR('',#10654,1000.);
#5841=VECTOR('',#10657,1000.);
#5842=VECTOR('',#10658,1000.);
#5843=VECTOR('',#10661,1000.);
#5844=VECTOR('',#10662,1000.);
#5845=VECTOR('',#10677,1000.);
#5846=VECTOR('',#10682,1000.);
#5847=VECTOR('',#10685,1000.);
#5848=VECTOR('',#10688,1000.);
#5849=VECTOR('',#10689,1000.);
#5850=VECTOR('',#10692,1000.);
#5851=VECTOR('',#10693,1000.);
#5852=VECTOR('',#10696,1000.);
#5853=VECTOR('',#10699,1000.);
#5854=VECTOR('',#10704,1000.);
#5855=VECTOR('',#10715,1000.);
#5856=VECTOR('',#10716,1000.);
#5857=VECTOR('',#10717,1000.);
#5858=VECTOR('',#10718,1000.);
#5859=VECTOR('',#10729,1000.);
#5860=VECTOR('',#10730,1000.);
#5861=VECTOR('',#10731,1000.);
#5862=VECTOR('',#10732,1000.);
#5863=VECTOR('',#10737,1000.);
#5864=VECTOR('',#10738,1000.);
#5865=VECTOR('',#10739,1000.);
#5866=VECTOR('',#10740,1000.);
#5867=VECTOR('',#10741,1000.);
#5868=VECTOR('',#10742,1000.);
#5869=VECTOR('',#10745,1000.);
#5870=VECTOR('',#10746,1000.);
#5871=VECTOR('',#10747,1000.);
#5872=VECTOR('',#10748,1000.);
#5873=VECTOR('',#10749,1000.);
#5874=VECTOR('',#10750,1000.);
#5875=VECTOR('',#10753,1000.);
#5876=VECTOR('',#10756,1000.);
#5877=VECTOR('',#10757,1000.);
#5878=VECTOR('',#10758,1000.);
#5879=VECTOR('',#10759,1000.);
#5880=VECTOR('',#10760,1000.);
#5881=VECTOR('',#10761,1000.);
#5882=VECTOR('',#10766,1000.);
#5883=VECTOR('',#10767,1000.);
#5884=VECTOR('',#10768,1000.);
#5885=VECTOR('',#10769,1000.);
#5886=VECTOR('',#10770,1000.);
#5887=VECTOR('',#10771,1000.);
#5888=VECTOR('',#10774,1000.);
#5889=VECTOR('',#10777,1000.);
#5890=VECTOR('',#10778,1000.);
#5891=VECTOR('',#10779,1000.);
#5892=VECTOR('',#10780,1000.);
#5893=VECTOR('',#10781,1000.);
#5894=VECTOR('',#10782,1000.);
#5895=VECTOR('',#10785,1000.);
#5896=VECTOR('',#10786,1000.);
#5897=VECTOR('',#10787,1000.);
#5898=VECTOR('',#10788,1000.);
#5899=VECTOR('',#10789,1000.);
#5900=VECTOR('',#10790,1000.);
#5901=VECTOR('',#10793,1000.);
#5902=VECTOR('',#10794,1000.);
#5903=VECTOR('',#10801,1000.);
#5904=VECTOR('',#10806,1000.);
#5905=VECTOR('',#10813,1000.);
#5906=VECTOR('',#10816,1000.);
#5907=VECTOR('',#10819,1000.);
#5908=VECTOR('',#10822,1000.);
#5909=VECTOR('',#10829,1000.);
#5910=VECTOR('',#10832,1000.);
#5911=VECTOR('',#10835,1000.);
#5912=VECTOR('',#10838,1000.);
#5913=VECTOR('',#10841,1000.);
#5914=VECTOR('',#10844,1000.);
#5915=VECTOR('',#10847,1000.);
#5916=VECTOR('',#10850,1000.);
#5917=VECTOR('',#10861,1000.);
#5918=VECTOR('',#10862,1000.);
#5919=VECTOR('',#10865,1000.);
#5920=VECTOR('',#10866,1000.);
#5921=VECTOR('',#10869,1000.);
#5922=VECTOR('',#10874,1000.);
#5923=VECTOR('',#10879,1000.);
#5924=VECTOR('',#10880,1000.);
#5925=VECTOR('',#10883,1000.);
#5926=VECTOR('',#10886,1000.);
#5927=VECTOR('',#10889,1000.);
#5928=VECTOR('',#10892,1000.);
#5929=VECTOR('',#10895,1000.);
#5930=VECTOR('',#10898,1000.);
#5931=VECTOR('',#10901,1000.);
#5932=VECTOR('',#10904,1000.);
#5933=VECTOR('',#10907,1000.);
#5934=VECTOR('',#10910,1000.);
#5935=VECTOR('',#10913,1000.);
#5936=VECTOR('',#10916,1000.);
#5937=VECTOR('',#10919,1000.);
#5938=VECTOR('',#10922,1000.);
#5939=VECTOR('',#10925,1000.);
#5940=VECTOR('',#10930,1000.);
#5941=VECTOR('',#10941,1000.);
#5942=VECTOR('',#10942,1000.);
#5943=VECTOR('',#10949,1000.);
#5944=VECTOR('',#10950,1000.);
#5945=VECTOR('',#11071,1000.);
#5946=VECTOR('',#11074,1000.);
#5947=VECTOR('',#11077,1000.);
#5948=VECTOR('',#11078,1000.);
#5949=VECTOR('',#11081,1000.);
#5950=VECTOR('',#11086,1000.);
#5951=VECTOR('',#11091,1000.);
#5952=VECTOR('',#11094,1000.);
#5953=VECTOR('',#11097,1000.);
#5954=VECTOR('',#11100,1000.);
#5955=VECTOR('',#11101,1000.);
#5956=VECTOR('',#11112,1000.);
#5957=VECTOR('',#11115,1000.);
#5958=VECTOR('',#11118,1000.);
#5959=VECTOR('',#11121,1000.);
#5960=VECTOR('',#11122,1000.);
#5961=VECTOR('',#11195,1000.);
#5962=VECTOR('',#11196,1000.);
#5963=VECTOR('',#11197,1000.);
#5964=VECTOR('',#11198,1000.);
#5965=VECTOR('',#11201,1000.);
#5966=VECTOR('',#11202,1000.);
#5967=VECTOR('',#11203,1000.);
#5968=VECTOR('',#11206,1000.);
#5969=VECTOR('',#11207,1000.);
#5970=VECTOR('',#11208,1000.);
#5971=VECTOR('',#11211,1000.);
#5972=VECTOR('',#11212,1000.);
#5973=VECTOR('',#11277,1000.);
#5974=VECTOR('',#11280,1000.);
#5975=VECTOR('',#11285,1000.);
#5976=VECTOR('',#11288,1000.);
#5977=VECTOR('',#11293,1000.);
#5978=VECTOR('',#11296,1000.);
#5979=VECTOR('',#11301,1000.);
#5980=VECTOR('',#11304,1000.);
#5981=VECTOR('',#11341,1000.);
#5982=VECTOR('',#11342,1000.);
#5983=VECTOR('',#11343,1000.);
#5984=VECTOR('',#11344,1000.);
#5985=VECTOR('',#11347,1000.);
#5986=VECTOR('',#11348,1000.);
#5987=VECTOR('',#11349,1000.);
#5988=VECTOR('',#11352,1000.);
#5989=VECTOR('',#11353,1000.);
#5990=VECTOR('',#11354,1000.);
#5991=VECTOR('',#11357,1000.);
#5992=VECTOR('',#11358,1000.);
#5993=VECTOR('',#11359,1000.);
#5994=VECTOR('',#11362,1000.);
#5995=VECTOR('',#11363,1000.);
#5996=VECTOR('',#11364,1000.);
#5997=VECTOR('',#11367,1000.);
#5998=VECTOR('',#11368,1000.);
#5999=VECTOR('',#11369,1000.);
#6000=VECTOR('',#11372,1000.);
#6001=VECTOR('',#11373,1000.);
#6002=VECTOR('',#11374,1000.);
#6003=VECTOR('',#11377,1000.);
#6004=VECTOR('',#11378,1000.);
#6005=VECTOR('',#11501,1000.);
#6006=VECTOR('',#11502,1000.);
#6007=VECTOR('',#11503,1000.);
#6008=VECTOR('',#11504,1000.);
#6009=VECTOR('',#11505,1000.);
#6010=VECTOR('',#11506,1000.);
#6011=VECTOR('',#11531,1000.);
#6012=VECTOR('',#11532,1000.);
#6013=VECTOR('',#11533,1000.);
#6014=VECTOR('',#11534,1000.);
#6015=VECTOR('',#11537,1000.);
#6016=VECTOR('',#11538,1000.);
#6017=VECTOR('',#11539,1000.);
#6018=VECTOR('',#11542,1000.);
#6019=VECTOR('',#11543,1000.);
#6020=VECTOR('',#11544,1000.);
#6021=VECTOR('',#11547,1000.);
#6022=VECTOR('',#11548,1000.);
#6023=VECTOR('',#11549,1000.);
#6024=VECTOR('',#11552,1000.);
#6025=VECTOR('',#11553,1000.);
#6026=VECTOR('',#11554,1000.);
#6027=VECTOR('',#11557,1000.);
#6028=VECTOR('',#11558,1000.);
#6029=EDGE_LOOP('',(#635,#636,#637,#638));
#6030=EDGE_LOOP('',(#639));
#6031=EDGE_LOOP('',(#640,#641,#642,#643));
#6032=EDGE_LOOP('',(#644,#645,#646,#647,#648,#649,#650,#651,#652,#653,#654,
#655,#656,#657,#658,#659,#660,#661,#662,#663,#664,#665,#666,#667,#668,#669));
#6033=EDGE_LOOP('',(#670,#671,#672,#673,#674,#675,#676,#677,#678));
#6034=EDGE_LOOP('',(#679,#680,#681,#682));
#6035=EDGE_LOOP('',(#683,#684,#685,#686));
#6036=EDGE_LOOP('',(#687,#688,#689,#690,#691,#692,#693,#694,#695));
#6037=EDGE_LOOP('',(#696));
#6038=EDGE_LOOP('',(#697,#698,#699,#700,#701,#702,#703,#704));
#6039=EDGE_LOOP('',(#705,#706,#707,#708,#709,#710,#711,#712,#713,#714));
#6040=EDGE_LOOP('',(#715,#716,#717,#718));
#6041=EDGE_LOOP('',(#719));
#6042=EDGE_LOOP('',(#720,#721,#722,#723,#724,#725,#726,#727,#728,#729,#730,
#731));
#6043=EDGE_LOOP('',(#732,#733,#734,#735,#736,#737,#738,#739,#740,#741));
#6044=EDGE_LOOP('',(#742));
#6045=EDGE_LOOP('',(#743));
#6046=EDGE_LOOP('',(#744));
#6047=EDGE_LOOP('',(#745));
#6048=EDGE_LOOP('',(#746,#747,#748,#749,#750,#751,#752,#753,#754,#755));
#6049=EDGE_LOOP('',(#756,#757,#758,#759,#760,#761,#762,#763,#764,#765,#766,
#767,#768,#769,#770,#771,#772,#773,#774,#775));
#6050=EDGE_LOOP('',(#776,#777,#778));
#6051=EDGE_LOOP('',(#779,#780,#781));
#6052=EDGE_LOOP('',(#782));
#6053=EDGE_LOOP('',(#783,#784,#785,#786,#787,#788,#789,#790));
#6054=EDGE_LOOP('',(#791,#792,#793,#794));
#6055=EDGE_LOOP('',(#795,#796,#797,#798));
#6056=EDGE_LOOP('',(#799,#800,#801,#802));
#6057=EDGE_LOOP('',(#803,#804,#805,#806));
#6058=EDGE_LOOP('',(#807));
#6059=EDGE_LOOP('',(#808,#809,#810,#811,#812,#813,#814,#815));
#6060=EDGE_LOOP('',(#816,#817,#818,#819,#820,#821));
#6061=EDGE_LOOP('',(#822,#823,#824,#825,#826,#827));
#6062=EDGE_LOOP('',(#828,#829,#830,#831,#832,#833,#834,#835,#836,#837,#838,
#839,#840,#841,#842,#843,#844));
#6063=EDGE_LOOP('',(#845,#846,#847,#848,#849,#850,#851,#852));
#6064=EDGE_LOOP('',(#853,#854,#855,#856,#857,#858,#859,#860));
#6065=EDGE_LOOP('',(#861,#862,#863,#864,#865,#866,#867,#868,#869,#870,#871,
#872,#873,#874));
#6066=EDGE_LOOP('',(#875,#876,#877,#878));
#6067=EDGE_LOOP('',(#879,#880,#881,#882));
#6068=EDGE_LOOP('',(#883));
#6069=EDGE_LOOP('',(#884));
#6070=EDGE_LOOP('',(#885));
#6071=EDGE_LOOP('',(#886));
#6072=EDGE_LOOP('',(#887));
#6073=EDGE_LOOP('',(#888));
#6074=EDGE_LOOP('',(#889));
#6075=EDGE_LOOP('',(#890));
#6076=EDGE_LOOP('',(#891));
#6077=EDGE_LOOP('',(#892));
#6078=EDGE_LOOP('',(#893));
#6079=EDGE_LOOP('',(#894,#895,#896,#897));
#6080=EDGE_LOOP('',(#898,#899,#900,#901));
#6081=EDGE_LOOP('',(#902,#903,#904,#905));
#6082=EDGE_LOOP('',(#906,#907,#908,#909));
#6083=EDGE_LOOP('',(#910,#911,#912,#913,#914,#915,#916,#917,#918,#919,#920,
#921,#922,#923,#924,#925,#926));
#6084=EDGE_LOOP('',(#927));
#6085=EDGE_LOOP('',(#928));
#6086=EDGE_LOOP('',(#929));
#6087=EDGE_LOOP('',(#930));
#6088=EDGE_LOOP('',(#931));
#6089=EDGE_LOOP('',(#932));
#6090=EDGE_LOOP('',(#933,#934,#935,#936,#937,#938,#939,#940,#941,#942,#943,
#944,#945,#946));
#6091=EDGE_LOOP('',(#947,#948,#949,#950,#951,#952,#953,#954));
#6092=EDGE_LOOP('',(#955,#956,#957,#958,#959,#960));
#6093=EDGE_LOOP('',(#961,#962,#963,#964,#965));
#6094=EDGE_LOOP('',(#966,#967,#968,#969));
#6095=EDGE_LOOP('',(#970,#971,#972,#973,#974,#975,#976));
#6096=EDGE_LOOP('',(#977,#978,#979,#980,#981,#982,#983,#984,#985,#986));
#6097=EDGE_LOOP('',(#987,#988,#989,#990,#991,#992));
#6098=EDGE_LOOP('',(#993,#994,#995,#996));
#6099=EDGE_LOOP('',(#997,#998,#999,#1000,#1001));
#6100=EDGE_LOOP('',(#1002,#1003,#1004,#1005,#1006,#1007,#1008));
#6101=EDGE_LOOP('',(#1009,#1010,#1011,#1012,#1013,#1014,#1015,#1016,#1017,
#1018));
#6102=EDGE_LOOP('',(#1019,#1020,#1021,#1022));
#6103=EDGE_LOOP('',(#1023,#1024,#1025,#1026));
#6104=EDGE_LOOP('',(#1027,#1028,#1029,#1030));
#6105=EDGE_LOOP('',(#1031,#1032,#1033,#1034,#1035,#1036,#1037,#1038));
#6106=EDGE_LOOP('',(#1039,#1040,#1041,#1042,#1043,#1044,#1045,#1046));
#6107=EDGE_LOOP('',(#1047,#1048,#1049,#1050));
#6108=EDGE_LOOP('',(#1051,#1052,#1053,#1054,#1055,#1056));
#6109=EDGE_LOOP('',(#1057,#1058,#1059,#1060));
#6110=EDGE_LOOP('',(#1061,#1062,#1063,#1064));
#6111=EDGE_LOOP('',(#1065,#1066,#1067,#1068));
#6112=EDGE_LOOP('',(#1069,#1070,#1071,#1072));
#6113=EDGE_LOOP('',(#1073,#1074,#1075,#1076));
#6114=EDGE_LOOP('',(#1077,#1078,#1079,#1080,#1081,#1082));
#6115=EDGE_LOOP('',(#1083,#1084,#1085,#1086));
#6116=EDGE_LOOP('',(#1087,#1088,#1089,#1090));
#6117=EDGE_LOOP('',(#1091,#1092,#1093,#1094,#1095,#1096,#1097,#1098,#1099,
#1100,#1101,#1102,#1103,#1104,#1105,#1106));
#6118=EDGE_LOOP('',(#1107,#1108,#1109,#1110,#1111,#1112,#1113,#1114,#1115,
#1116,#1117,#1118,#1119,#1120,#1121,#1122));
#6119=EDGE_LOOP('',(#1123,#1124));
#6120=EDGE_LOOP('',(#1125));
#6121=EDGE_LOOP('',(#1126,#1127));
#6122=EDGE_LOOP('',(#1128));
#6123=EDGE_LOOP('',(#1129));
#6124=EDGE_LOOP('',(#1130));
#6125=EDGE_LOOP('',(#1131));
#6126=EDGE_LOOP('',(#1132));
#6127=EDGE_LOOP('',(#1133,#1134));
#6128=EDGE_LOOP('',(#1135));
#6129=EDGE_LOOP('',(#1136));
#6130=EDGE_LOOP('',(#1137));
#6131=EDGE_LOOP('',(#1138));
#6132=EDGE_LOOP('',(#1139));
#6133=EDGE_LOOP('',(#1140,#1141));
#6134=EDGE_LOOP('',(#1142));
#6135=EDGE_LOOP('',(#1143));
#6136=EDGE_LOOP('',(#1144));
#6137=EDGE_LOOP('',(#1145));
#6138=EDGE_LOOP('',(#1146));
#6139=EDGE_LOOP('',(#1147));
#6140=EDGE_LOOP('',(#1148));
#6141=EDGE_LOOP('',(#1149));
#6142=EDGE_LOOP('',(#1150));
#6143=EDGE_LOOP('',(#1151));
#6144=EDGE_LOOP('',(#1152));
#6145=EDGE_LOOP('',(#1153));
#6146=EDGE_LOOP('',(#1154));
#6147=EDGE_LOOP('',(#1155));
#6148=EDGE_LOOP('',(#1156));
#6149=EDGE_LOOP('',(#1157));
#6150=EDGE_LOOP('',(#1158));
#6151=EDGE_LOOP('',(#1159));
#6152=EDGE_LOOP('',(#1160));
#6153=EDGE_LOOP('',(#1161));
#6154=EDGE_LOOP('',(#1162));
#6155=EDGE_LOOP('',(#1163));
#6156=EDGE_LOOP('',(#1164));
#6157=EDGE_LOOP('',(#1165));
#6158=EDGE_LOOP('',(#1166));
#6159=EDGE_LOOP('',(#1167));
#6160=EDGE_LOOP('',(#1168));
#6161=EDGE_LOOP('',(#1169));
#6162=EDGE_LOOP('',(#1170));
#6163=EDGE_LOOP('',(#1171));
#6164=EDGE_LOOP('',(#1172));
#6165=EDGE_LOOP('',(#1173));
#6166=EDGE_LOOP('',(#1174,#1175,#1176,#1177));
#6167=EDGE_LOOP('',(#1178,#1179,#1180,#1181));
#6168=EDGE_LOOP('',(#1182,#1183,#1184,#1185));
#6169=EDGE_LOOP('',(#1186,#1187,#1188,#1189));
#6170=EDGE_LOOP('',(#1190));
#6171=EDGE_LOOP('',(#1191));
#6172=EDGE_LOOP('',(#1192));
#6173=EDGE_LOOP('',(#1193));
#6174=EDGE_LOOP('',(#1194));
#6175=EDGE_LOOP('',(#1195));
#6176=EDGE_LOOP('',(#1196));
#6177=EDGE_LOOP('',(#1197));
#6178=EDGE_LOOP('',(#1198));
#6179=EDGE_LOOP('',(#1199));
#6180=EDGE_LOOP('',(#1200));
#6181=EDGE_LOOP('',(#1201));
#6182=EDGE_LOOP('',(#1202,#1203,#1204,#1205,#1206,#1207));
#6183=EDGE_LOOP('',(#1208,#1209,#1210,#1211));
#6184=EDGE_LOOP('',(#1212,#1213,#1214,#1215));
#6185=EDGE_LOOP('',(#1216));
#6186=EDGE_LOOP('',(#1217));
#6187=EDGE_LOOP('',(#1218,#1219,#1220,#1221));
#6188=EDGE_LOOP('',(#1222,#1223,#1224,#1225,#1226,#1227));
#6189=EDGE_LOOP('',(#1228));
#6190=EDGE_LOOP('',(#1229));
#6191=EDGE_LOOP('',(#1230,#1231,#1232,#1233));
#6192=EDGE_LOOP('',(#1234,#1235,#1236,#1237));
#6193=EDGE_LOOP('',(#1238,#1239,#1240,#1241));
#6194=EDGE_LOOP('',(#1242));
#6195=EDGE_LOOP('',(#1243));
#6196=EDGE_LOOP('',(#1244,#1245,#1246,#1247));
#6197=EDGE_LOOP('',(#1248,#1249,#1250,#1251,#1252,#1253));
#6198=EDGE_LOOP('',(#1254));
#6199=EDGE_LOOP('',(#1255));
#6200=EDGE_LOOP('',(#1256,#1257,#1258,#1259));
#6201=EDGE_LOOP('',(#1260,#1261,#1262,#1263));
#6202=EDGE_LOOP('',(#1264,#1265,#1266,#1267));
#6203=EDGE_LOOP('',(#1268,#1269,#1270,#1271,#1272,#1273));
#6204=EDGE_LOOP('',(#1274,#1275,#1276,#1277));
#6205=EDGE_LOOP('',(#1278,#1279,#1280,#1281));
#6206=EDGE_LOOP('',(#1282,#1283,#1284,#1285));
#6207=EDGE_LOOP('',(#1286,#1287,#1288,#1289));
#6208=EDGE_LOOP('',(#1290,#1291,#1292,#1293));
#6209=EDGE_LOOP('',(#1294,#1295,#1296,#1297));
#6210=EDGE_LOOP('',(#1298,#1299,#1300,#1301));
#6211=EDGE_LOOP('',(#1302,#1303,#1304,#1305));
#6212=EDGE_LOOP('',(#1306,#1307,#1308,#1309));
#6213=EDGE_LOOP('',(#1310,#1311,#1312,#1313));
#6214=EDGE_LOOP('',(#1314,#1315,#1316,#1317,#1318,#1319));
#6215=EDGE_LOOP('',(#1320,#1321,#1322,#1323));
#6216=EDGE_LOOP('',(#1324,#1325,#1326,#1327));
#6217=EDGE_LOOP('',(#1328,#1329,#1330,#1331,#1332,#1333,#1334,#1335,#1336,
#1337));
#6218=EDGE_LOOP('',(#1338,#1339,#1340,#1341,#1342,#1343));
#6219=EDGE_LOOP('',(#1344));
#6220=EDGE_LOOP('',(#1345,#1346));
#6221=EDGE_LOOP('',(#1347));
#6222=EDGE_LOOP('',(#1348));
#6223=EDGE_LOOP('',(#1349));
#6224=EDGE_LOOP('',(#1350));
#6225=EDGE_LOOP('',(#1351));
#6226=EDGE_LOOP('',(#1352,#1353));
#6227=EDGE_LOOP('',(#1354));
#6228=EDGE_LOOP('',(#1355));
#6229=EDGE_LOOP('',(#1356));
#6230=EDGE_LOOP('',(#1357));
#6231=EDGE_LOOP('',(#1358));
#6232=EDGE_LOOP('',(#1359,#1360));
#6233=EDGE_LOOP('',(#1361));
#6234=EDGE_LOOP('',(#1362));
#6235=EDGE_LOOP('',(#1363));
#6236=EDGE_LOOP('',(#1364));
#6237=EDGE_LOOP('',(#1365));
#6238=EDGE_LOOP('',(#1366,#1367));
#6239=EDGE_LOOP('',(#1368));
#6240=EDGE_LOOP('',(#1369));
#6241=EDGE_LOOP('',(#1370));
#6242=EDGE_LOOP('',(#1371));
#6243=EDGE_LOOP('',(#1372));
#6244=EDGE_LOOP('',(#1373));
#6245=EDGE_LOOP('',(#1374));
#6246=EDGE_LOOP('',(#1375));
#6247=EDGE_LOOP('',(#1376));
#6248=EDGE_LOOP('',(#1377));
#6249=EDGE_LOOP('',(#1378));
#6250=EDGE_LOOP('',(#1379));
#6251=EDGE_LOOP('',(#1380));
#6252=EDGE_LOOP('',(#1381));
#6253=EDGE_LOOP('',(#1382));
#6254=EDGE_LOOP('',(#1383));
#6255=EDGE_LOOP('',(#1384));
#6256=EDGE_LOOP('',(#1385));
#6257=EDGE_LOOP('',(#1386));
#6258=EDGE_LOOP('',(#1387));
#6259=EDGE_LOOP('',(#1388));
#6260=EDGE_LOOP('',(#1389));
#6261=EDGE_LOOP('',(#1390));
#6262=EDGE_LOOP('',(#1391));
#6263=EDGE_LOOP('',(#1392));
#6264=EDGE_LOOP('',(#1393,#1394,#1395,#1396,#1397,#1398,#1399,#1400,#1401,
#1402,#1403,#1404,#1405,#1406,#1407,#1408,#1409,#1410));
#6265=EDGE_LOOP('',(#1411,#1412,#1413,#1414));
#6266=EDGE_LOOP('',(#1415));
#6267=EDGE_LOOP('',(#1416));
#6268=EDGE_LOOP('',(#1417));
#6269=EDGE_LOOP('',(#1418,#1419,#1420,#1421));
#6270=EDGE_LOOP('',(#1422,#1423,#1424,#1425));
#6271=EDGE_LOOP('',(#1426));
#6272=EDGE_LOOP('',(#1427));
#6273=EDGE_LOOP('',(#1428));
#6274=EDGE_LOOP('',(#1429));
#6275=EDGE_LOOP('',(#1430,#1431));
#6276=EDGE_LOOP('',(#1432,#1433));
#6277=EDGE_LOOP('',(#1434,#1435,#1436,#1437));
#6278=EDGE_LOOP('',(#1438,#1439,#1440,#1441));
#6279=EDGE_LOOP('',(#1442,#1443));
#6280=EDGE_LOOP('',(#1444,#1445));
#6281=EDGE_LOOP('',(#1446,#1447,#1448,#1449));
#6282=EDGE_LOOP('',(#1450,#1451,#1452,#1453));
#6283=EDGE_LOOP('',(#1454));
#6284=EDGE_LOOP('',(#1455));
#6285=EDGE_LOOP('',(#1456));
#6286=EDGE_LOOP('',(#1457));
#6287=EDGE_LOOP('',(#1458));
#6288=EDGE_LOOP('',(#1459,#1460,#1461,#1462,#1463,#1464));
#6289=EDGE_LOOP('',(#1465,#1466,#1467,#1468));
#6290=EDGE_LOOP('',(#1469));
#6291=EDGE_LOOP('',(#1470));
#6292=EDGE_LOOP('',(#1471));
#6293=EDGE_LOOP('',(#1472));
#6294=EDGE_LOOP('',(#1473,#1474,#1475,#1476,#1477,#1478));
#6295=EDGE_LOOP('',(#1479));
#6296=EDGE_LOOP('',(#1480));
#6297=EDGE_LOOP('',(#1481));
#6298=EDGE_LOOP('',(#1482));
#6299=EDGE_LOOP('',(#1483));
#6300=EDGE_LOOP('',(#1484,#1485,#1486,#1487,#1488,#1489));
#6301=EDGE_LOOP('',(#1490));
#6302=EDGE_LOOP('',(#1491));
#6303=EDGE_LOOP('',(#1492));
#6304=EDGE_LOOP('',(#1493));
#6305=EDGE_LOOP('',(#1494));
#6306=EDGE_LOOP('',(#1495,#1496,#1497,#1498,#1499,#1500));
#6307=EDGE_LOOP('',(#1501));
#6308=EDGE_LOOP('',(#1502));
#6309=EDGE_LOOP('',(#1503));
#6310=EDGE_LOOP('',(#1504));
#6311=EDGE_LOOP('',(#1505));
#6312=EDGE_LOOP('',(#1506,#1507,#1508,#1509,#1510,#1511));
#6313=EDGE_LOOP('',(#1512));
#6314=EDGE_LOOP('',(#1513,#1514,#1515,#1516));
#6315=EDGE_LOOP('',(#1517,#1518,#1519,#1520));
#6316=EDGE_LOOP('',(#1521,#1522,#1523,#1524));
#6317=EDGE_LOOP('',(#1525,#1526,#1527,#1528));
#6318=EDGE_LOOP('',(#1529,#1530,#1531,#1532));
#6319=EDGE_LOOP('',(#1533,#1534,#1535,#1536));
#6320=EDGE_LOOP('',(#1537,#1538,#1539,#1540,#1541,#1542));
#6321=EDGE_LOOP('',(#1543,#1544,#1545,#1546));
#6322=EDGE_LOOP('',(#1547,#1548,#1549,#1550));
#6323=EDGE_LOOP('',(#1551,#1552,#1553,#1554));
#6324=EDGE_LOOP('',(#1555,#1556,#1557,#1558));
#6325=EDGE_LOOP('',(#1559,#1560,#1561,#1562));
#6326=EDGE_LOOP('',(#1563,#1564,#1565,#1566));
#6327=EDGE_LOOP('',(#1567,#1568,#1569,#1570,#1571,#1572));
#6328=EDGE_LOOP('',(#1573,#1574,#1575,#1576));
#6329=EDGE_LOOP('',(#1577,#1578,#1579,#1580));
#6330=EDGE_LOOP('',(#1581,#1582,#1583,#1584));
#6331=EDGE_LOOP('',(#1585,#1586,#1587,#1588));
#6332=EDGE_LOOP('',(#1589,#1590,#1591,#1592));
#6333=EDGE_LOOP('',(#1593,#1594,#1595,#1596));
#6334=EDGE_LOOP('',(#1597,#1598,#1599,#1600,#1601,#1602));
#6335=EDGE_LOOP('',(#1603,#1604,#1605,#1606));
#6336=EDGE_LOOP('',(#1607,#1608,#1609,#1610));
#6337=EDGE_LOOP('',(#1611,#1612,#1613,#1614));
#6338=EDGE_LOOP('',(#1615,#1616,#1617,#1618));
#6339=EDGE_LOOP('',(#1619,#1620,#1621,#1622));
#6340=EDGE_LOOP('',(#1623,#1624,#1625,#1626));
#6341=EDGE_LOOP('',(#1627,#1628,#1629,#1630,#1631,#1632));
#6342=EDGE_LOOP('',(#1633,#1634,#1635,#1636));
#6343=EDGE_LOOP('',(#1637,#1638,#1639,#1640));
#6344=EDGE_LOOP('',(#1641,#1642,#1643,#1644,#1645,#1646,#1647));
#6345=EDGE_LOOP('',(#1648,#1649,#1650,#1651,#1652,#1653,#1654));
#6346=EDGE_LOOP('',(#1655,#1656,#1657,#1658));
#6347=EDGE_LOOP('',(#1659,#1660,#1661,#1662));
#6348=EDGE_LOOP('',(#1663,#1664,#1665,#1666,#1667,#1668));
#6349=EDGE_LOOP('',(#1669));
#6350=EDGE_LOOP('',(#1670));
#6351=EDGE_LOOP('',(#1671));
#6352=EDGE_LOOP('',(#1672));
#6353=EDGE_LOOP('',(#1673));
#6354=EDGE_LOOP('',(#1674,#1675));
#6355=EDGE_LOOP('',(#1676));
#6356=EDGE_LOOP('',(#1677,#1678));
#6357=EDGE_LOOP('',(#1679,#1680,#1681,#1682));
#6358=EDGE_LOOP('',(#1683,#1684,#1685,#1686));
#6359=EDGE_LOOP('',(#1687,#1688,#1689,#1690));
#6360=EDGE_LOOP('',(#1691,#1692,#1693,#1694));
#6361=EDGE_LOOP('',(#1695,#1696,#1697,#1698));
#6362=EDGE_LOOP('',(#1699,#1700,#1701,#1702));
#6363=EDGE_LOOP('',(#1703,#1704,#1705,#1706,#1707,#1708));
#6364=EDGE_LOOP('',(#1709,#1710));
#6365=EDGE_LOOP('',(#1711));
#6366=EDGE_LOOP('',(#1712,#1713));
#6367=EDGE_LOOP('',(#1714));
#6368=EDGE_LOOP('',(#1715));
#6369=EDGE_LOOP('',(#1716));
#6370=EDGE_LOOP('',(#1717));
#6371=EDGE_LOOP('',(#1718,#1719,#1720,#1721,#1722,#1723));
#6372=EDGE_LOOP('',(#1724));
#6373=EDGE_LOOP('',(#1725,#1726,#1727,#1728));
#6374=EDGE_LOOP('',(#1729,#1730,#1731,#1732));
#6375=EDGE_LOOP('',(#1733,#1734,#1735,#1736));
#6376=EDGE_LOOP('',(#1737,#1738,#1739,#1740));
#6377=EDGE_LOOP('',(#1741,#1742,#1743,#1744));
#6378=EDGE_LOOP('',(#1745,#1746,#1747,#1748));
#6379=EDGE_LOOP('',(#1749,#1750,#1751,#1752,#1753,#1754));
#6380=EDGE_LOOP('',(#1755,#1756));
#6381=EDGE_LOOP('',(#1757,#1758,#1759,#1760,#1761,#1762));
#6382=EDGE_LOOP('',(#1763));
#6383=EDGE_LOOP('',(#1764));
#6384=EDGE_LOOP('',(#1765));
#6385=EDGE_LOOP('',(#1766));
#6386=EDGE_LOOP('',(#1767));
#6387=EDGE_LOOP('',(#1768,#1769));
#6388=EDGE_LOOP('',(#1770));
#6389=EDGE_LOOP('',(#1771,#1772,#1773,#1774));
#6390=EDGE_LOOP('',(#1775,#1776,#1777,#1778));
#6391=EDGE_LOOP('',(#1779,#1780,#1781,#1782));
#6392=EDGE_LOOP('',(#1783,#1784,#1785,#1786));
#6393=EDGE_LOOP('',(#1787,#1788,#1789,#1790));
#6394=EDGE_LOOP('',(#1791,#1792,#1793,#1794));
#6395=EDGE_LOOP('',(#1795,#1796,#1797,#1798,#1799,#1800));
#6396=EDGE_LOOP('',(#1801,#1802));
#6397=EDGE_LOOP('',(#1803));
#6398=EDGE_LOOP('',(#1804,#1805));
#6399=EDGE_LOOP('',(#1806));
#6400=EDGE_LOOP('',(#1807));
#6401=EDGE_LOOP('',(#1808));
#6402=EDGE_LOOP('',(#1809));
#6403=EDGE_LOOP('',(#1810,#1811,#1812,#1813,#1814,#1815));
#6404=EDGE_LOOP('',(#1816));
#6405=EDGE_LOOP('',(#1817,#1818,#1819,#1820));
#6406=EDGE_LOOP('',(#1821,#1822,#1823,#1824));
#6407=EDGE_LOOP('',(#1825,#1826,#1827,#1828));
#6408=EDGE_LOOP('',(#1829,#1830,#1831,#1832));
#6409=EDGE_LOOP('',(#1833,#1834,#1835,#1836));
#6410=EDGE_LOOP('',(#1837,#1838,#1839,#1840));
#6411=EDGE_LOOP('',(#1841,#1842,#1843,#1844,#1845,#1846));
#6412=EDGE_LOOP('',(#1847));
#6413=EDGE_LOOP('',(#1848));
#6414=EDGE_LOOP('',(#1849,#1850,#1851,#1852));
#6415=EDGE_LOOP('',(#1853,#1854,#1855,#1856));
#6416=EDGE_LOOP('',(#1857,#1858,#1859,#1860));
#6417=EDGE_LOOP('',(#1861,#1862,#1863,#1864));
#6418=EDGE_LOOP('',(#1865,#1866,#1867,#1868,#1869,#1870,#1871,#1872,#1873,
#1874,#1875));
#6419=EDGE_LOOP('',(#1876));
#6420=EDGE_LOOP('',(#1877));
#6421=EDGE_LOOP('',(#1878));
#6422=EDGE_LOOP('',(#1879,#1880,#1881,#1882,#1883,#1884,#1885,#1886,#1887,
#1888,#1889,#1890,#1891,#1892,#1893,#1894,#1895,#1896,#1897,#1898,#1899,
#1900,#1901,#1902,#1903,#1904,#1905,#1906,#1907,#1908,#1909));
#6423=EDGE_LOOP('',(#1910,#1911,#1912));
#6424=EDGE_LOOP('',(#1913,#1914,#1915,#1916,#1917,#1918,#1919,#1920,#1921,
#1922));
#6425=EDGE_LOOP('',(#1923,#1924,#1925,#1926));
#6426=EDGE_LOOP('',(#1927,#1928,#1929,#1930));
#6427=EDGE_LOOP('',(#1931,#1932,#1933,#1934,#1935,#1936,#1937,#1938,#1939,
#1940));
#6428=EDGE_LOOP('',(#1941,#1942,#1943));
#6429=EDGE_LOOP('',(#1944));
#6430=EDGE_LOOP('',(#1945));
#6431=EDGE_LOOP('',(#1946));
#6432=EDGE_LOOP('',(#1947,#1948,#1949,#1950,#1951,#1952,#1953,#1954,#1955,
#1956,#1957,#1958,#1959,#1960,#1961,#1962,#1963,#1964,#1965,#1966,#1967,
#1968,#1969,#1970,#1971,#1972,#1973,#1974,#1975,#1976,#1977));
#6433=EDGE_LOOP('',(#1978,#1979,#1980,#1981));
#6434=EDGE_LOOP('',(#1982,#1983,#1984,#1985));
#6435=EDGE_LOOP('',(#1986,#1987,#1988,#1989));
#6436=EDGE_LOOP('',(#1990,#1991,#1992,#1993));
#6437=EDGE_LOOP('',(#1994,#1995,#1996,#1997,#1998,#1999,#2000,#2001,#2002,
#2003,#2004));
#6438=EDGE_LOOP('',(#2005,#2006,#2007,#2008));
#6439=EDGE_LOOP('',(#2009,#2010,#2011,#2012));
#6440=EDGE_LOOP('',(#2013));
#6441=EDGE_LOOP('',(#2014));
#6442=EDGE_LOOP('',(#2015));
#6443=EDGE_LOOP('',(#2016));
#6444=EDGE_LOOP('',(#2017,#2018,#2019,#2020));
#6445=EDGE_LOOP('',(#2021));
#6446=EDGE_LOOP('',(#2022));
#6447=EDGE_LOOP('',(#2023));
#6448=EDGE_LOOP('',(#2024));
#6449=EDGE_LOOP('',(#2025,#2026,#2027,#2028));
#6450=EDGE_LOOP('',(#2029,#2030,#2031,#2032,#2033,#2034,#2035,#2036,#2037,
#2038,#2039,#2040,#2041,#2042,#2043,#2044,#2045,#2046,#2047,#2048,#2049,
#2050,#2051,#2052,#2053,#2054));
#6451=EDGE_LOOP('',(#2055,#2056,#2057,#2058,#2059,#2060,#2061,#2062,#2063,
#2064,#2065,#2066,#2067,#2068,#2069,#2070,#2071,#2072,#2073,#2074,#2075,
#2076,#2077,#2078,#2079,#2080));
#6452=EDGE_LOOP('',(#2081,#2082,#2083,#2084));
#6453=EDGE_LOOP('',(#2085));
#6454=EDGE_LOOP('',(#2086));
#6455=EDGE_LOOP('',(#2087,#2088,#2089,#2090));
#6456=EDGE_LOOP('',(#2091,#2092,#2093,#2094));
#6457=EDGE_LOOP('',(#2095,#2096,#2097,#2098));
#6458=EDGE_LOOP('',(#2099));
#6459=EDGE_LOOP('',(#2100));
#6460=EDGE_LOOP('',(#2101,#2102,#2103,#2104));
#6461=EDGE_LOOP('',(#2105,#2106,#2107,#2108));
#6462=EDGE_LOOP('',(#2109,#2110,#2111,#2112));
#6463=EDGE_LOOP('',(#2113));
#6464=EDGE_LOOP('',(#2114));
#6465=EDGE_LOOP('',(#2115,#2116,#2117,#2118));
#6466=EDGE_LOOP('',(#2119,#2120,#2121,#2122));
#6467=EDGE_LOOP('',(#2123,#2124,#2125,#2126));
#6468=EDGE_LOOP('',(#2127,#2128,#2129,#2130));
#6469=EDGE_LOOP('',(#2131,#2132,#2133,#2134));
#6470=EDGE_LOOP('',(#2135,#2136,#2137,#2138));
#6471=EDGE_LOOP('',(#2139,#2140,#2141,#2142));
#6472=EDGE_LOOP('',(#2143,#2144,#2145,#2146));
#6473=EDGE_LOOP('',(#2147));
#6474=EDGE_LOOP('',(#2148));
#6475=EDGE_LOOP('',(#2149));
#6476=EDGE_LOOP('',(#2150,#2151,#2152,#2153));
#6477=EDGE_LOOP('',(#2154,#2155,#2156,#2157));
#6478=EDGE_LOOP('',(#2158,#2159,#2160,#2161));
#6479=EDGE_LOOP('',(#2162,#2163,#2164,#2165));
#6480=EDGE_LOOP('',(#2166,#2167,#2168,#2169));
#6481=EDGE_LOOP('',(#2170,#2171,#2172,#2173));
#6482=EDGE_LOOP('',(#2174,#2175,#2176,#2177));
#6483=EDGE_LOOP('',(#2178,#2179,#2180,#2181));
#6484=EDGE_LOOP('',(#2182,#2183,#2184,#2185,#2186,#2187,#2188,#2189));
#6485=EDGE_LOOP('',(#2190,#2191,#2192,#2193));
#6486=EDGE_LOOP('',(#2194,#2195,#2196,#2197));
#6487=EDGE_LOOP('',(#2198,#2199,#2200,#2201));
#6488=EDGE_LOOP('',(#2202,#2203,#2204,#2205));
#6489=EDGE_LOOP('',(#2206,#2207,#2208,#2209));
#6490=EDGE_LOOP('',(#2210,#2211,#2212,#2213));
#6491=EDGE_LOOP('',(#2214,#2215,#2216,#2217));
#6492=EDGE_LOOP('',(#2218,#2219,#2220,#2221));
#6493=EDGE_LOOP('',(#2222,#2223,#2224,#2225));
#6494=EDGE_LOOP('',(#2226,#2227,#2228,#2229));
#6495=EDGE_LOOP('',(#2230,#2231,#2232,#2233));
#6496=EDGE_LOOP('',(#2234,#2235,#2236,#2237,#2238,#2239,#2240,#2241));
#6497=EDGE_LOOP('',(#2242,#2243,#2244,#2245));
#6498=EDGE_LOOP('',(#2246,#2247,#2248,#2249));
#6499=EDGE_LOOP('',(#2250,#2251,#2252,#2253));
#6500=EDGE_LOOP('',(#2254,#2255,#2256,#2257));
#6501=EDGE_LOOP('',(#2258));
#6502=EDGE_LOOP('',(#2259));
#6503=EDGE_LOOP('',(#2260,#2261,#2262,#2263));
#6504=EDGE_LOOP('',(#2264,#2265,#2266,#2267));
#6505=EDGE_LOOP('',(#2268,#2269,#2270,#2271));
#6506=EDGE_LOOP('',(#2272,#2273,#2274,#2275));
#6507=EDGE_LOOP('',(#2276,#2277,#2278,#2279));
#6508=EDGE_LOOP('',(#2280,#2281,#2282,#2283));
#6509=EDGE_LOOP('',(#2284,#2285,#2286,#2287));
#6510=EDGE_LOOP('',(#2288,#2289,#2290,#2291));
#6511=EDGE_LOOP('',(#2292,#2293,#2294,#2295));
#6512=EDGE_LOOP('',(#2296,#2297,#2298,#2299));
#6513=EDGE_LOOP('',(#2300,#2301,#2302,#2303));
#6514=EDGE_LOOP('',(#2304));
#6515=EDGE_LOOP('',(#2305));
#6516=EDGE_LOOP('',(#2306));
#6517=EDGE_LOOP('',(#2307));
#6518=EDGE_LOOP('',(#2308));
#6519=EDGE_LOOP('',(#2309));
#6520=EDGE_LOOP('',(#2310));
#6521=EDGE_LOOP('',(#2311));
#6522=EDGE_LOOP('',(#2312));
#6523=EDGE_LOOP('',(#2313));
#6524=EDGE_LOOP('',(#2314));
#6525=EDGE_LOOP('',(#2315));
#6526=EDGE_LOOP('',(#2316));
#6527=EDGE_LOOP('',(#2317));
#6528=EDGE_LOOP('',(#2318));
#6529=EDGE_LOOP('',(#2319));
#6530=EDGE_LOOP('',(#2320));
#6531=EDGE_LOOP('',(#2321));
#6532=EDGE_LOOP('',(#2322));
#6533=EDGE_LOOP('',(#2323));
#6534=EDGE_LOOP('',(#2324));
#6535=EDGE_LOOP('',(#2325));
#6536=EDGE_LOOP('',(#2326));
#6537=EDGE_LOOP('',(#2327));
#6538=EDGE_LOOP('',(#2328));
#6539=EDGE_LOOP('',(#2329));
#6540=EDGE_LOOP('',(#2330));
#6541=EDGE_LOOP('',(#2331));
#6542=EDGE_LOOP('',(#2332));
#6543=EDGE_LOOP('',(#2333));
#6544=EDGE_LOOP('',(#2334));
#6545=EDGE_LOOP('',(#2335));
#6546=EDGE_LOOP('',(#2336));
#6547=EDGE_LOOP('',(#2337));
#6548=EDGE_LOOP('',(#2338));
#6549=EDGE_LOOP('',(#2339));
#6550=EDGE_LOOP('',(#2340));
#6551=EDGE_LOOP('',(#2341));
#6552=EDGE_LOOP('',(#2342));
#6553=EDGE_LOOP('',(#2343));
#6554=EDGE_LOOP('',(#2344));
#6555=EDGE_LOOP('',(#2345));
#6556=EDGE_LOOP('',(#2346));
#6557=EDGE_LOOP('',(#2347));
#6558=EDGE_LOOP('',(#2348));
#6559=EDGE_LOOP('',(#2349));
#6560=EDGE_LOOP('',(#2350));
#6561=EDGE_LOOP('',(#2351));
#6562=EDGE_LOOP('',(#2352));
#6563=EDGE_LOOP('',(#2353));
#6564=EDGE_LOOP('',(#2354));
#6565=EDGE_LOOP('',(#2355));
#6566=EDGE_LOOP('',(#2356));
#6567=EDGE_LOOP('',(#2357));
#6568=EDGE_LOOP('',(#2358));
#6569=EDGE_LOOP('',(#2359));
#6570=EDGE_LOOP('',(#2360));
#6571=EDGE_LOOP('',(#2361));
#6572=EDGE_LOOP('',(#2362));
#6573=EDGE_LOOP('',(#2363,#2364,#2365,#2366));
#6574=EDGE_LOOP('',(#2367,#2368,#2369,#2370));
#6575=EDGE_LOOP('',(#2371,#2372,#2373,#2374));
#6576=EDGE_LOOP('',(#2375,#2376,#2377,#2378));
#6577=EDGE_LOOP('',(#2379,#2380,#2381,#2382));
#6578=EDGE_LOOP('',(#2383,#2384,#2385,#2386));
#6579=EDGE_LOOP('',(#2387,#2388,#2389,#2390));
#6580=EDGE_LOOP('',(#2391,#2392,#2393,#2394,#2395,#2396));
#6581=EDGE_LOOP('',(#2397,#2398,#2399,#2400,#2401,#2402));
#6582=EDGE_LOOP('',(#2403));
#6583=EDGE_LOOP('',(#2404,#2405,#2406,#2407,#2408));
#6584=EDGE_LOOP('',(#2409,#2410,#2411,#2412,#2413,#2414));
#6585=EDGE_LOOP('',(#2415,#2416,#2417,#2418,#2419,#2420));
#6586=EDGE_LOOP('',(#2421,#2422,#2423,#2424));
#6587=EDGE_LOOP('',(#2425,#2426,#2427,#2428));
#6588=EDGE_LOOP('',(#2429,#2430,#2431,#2432,#2433));
#6589=EDGE_LOOP('',(#2434));
#6590=EDGE_LOOP('',(#2435));
#6591=EDGE_LOOP('',(#2436));
#6592=EDGE_LOOP('',(#2437));
#6593=EDGE_LOOP('',(#2438));
#6594=EDGE_LOOP('',(#2439));
#6595=EDGE_LOOP('',(#2440));
#6596=EDGE_LOOP('',(#2441));
#6597=EDGE_LOOP('',(#2442));
#6598=EDGE_LOOP('',(#2443));
#6599=EDGE_LOOP('',(#2444));
#6600=EDGE_LOOP('',(#2445));
#6601=EDGE_LOOP('',(#2446));
#6602=EDGE_LOOP('',(#2447));
#6603=EDGE_LOOP('',(#2448));
#6604=EDGE_LOOP('',(#2449));
#6605=EDGE_LOOP('',(#2450));
#6606=EDGE_LOOP('',(#2451));
#6607=EDGE_LOOP('',(#2452));
#6608=EDGE_LOOP('',(#2453));
#6609=EDGE_LOOP('',(#2454));
#6610=EDGE_LOOP('',(#2455));
#6611=EDGE_LOOP('',(#2456));
#6612=EDGE_LOOP('',(#2457));
#6613=EDGE_LOOP('',(#2458));
#6614=EDGE_LOOP('',(#2459));
#6615=EDGE_LOOP('',(#2460));
#6616=EDGE_LOOP('',(#2461));
#6617=EDGE_LOOP('',(#2462));
#6618=EDGE_LOOP('',(#2463));
#6619=EDGE_LOOP('',(#2464));
#6620=EDGE_LOOP('',(#2465,#2466,#2467,#2468));
#6621=EDGE_LOOP('',(#2469,#2470,#2471,#2472));
#6622=EDGE_LOOP('',(#2473,#2474,#2475,#2476));
#6623=EDGE_LOOP('',(#2477,#2478,#2479,#2480));
#6624=EDGE_LOOP('',(#2481,#2482,#2483,#2484));
#6625=EDGE_LOOP('',(#2485,#2486,#2487,#2488));
#6626=EDGE_LOOP('',(#2489));
#6627=EDGE_LOOP('',(#2490));
#6628=EDGE_LOOP('',(#2491));
#6629=EDGE_LOOP('',(#2492));
#6630=EDGE_LOOP('',(#2493));
#6631=EDGE_LOOP('',(#2494));
#6632=EDGE_LOOP('',(#2495));
#6633=EDGE_LOOP('',(#2496));
#6634=EDGE_LOOP('',(#2497));
#6635=EDGE_LOOP('',(#2498));
#6636=EDGE_LOOP('',(#2499));
#6637=EDGE_LOOP('',(#2500));
#6638=EDGE_LOOP('',(#2501));
#6639=EDGE_LOOP('',(#2502));
#6640=EDGE_LOOP('',(#2503));
#6641=EDGE_LOOP('',(#2504));
#6642=EDGE_LOOP('',(#2505));
#6643=EDGE_LOOP('',(#2506));
#6644=EDGE_LOOP('',(#2507));
#6645=EDGE_LOOP('',(#2508));
#6646=EDGE_LOOP('',(#2509));
#6647=EDGE_LOOP('',(#2510));
#6648=EDGE_LOOP('',(#2511));
#6649=EDGE_LOOP('',(#2512));
#6650=EDGE_LOOP('',(#2513));
#6651=EDGE_LOOP('',(#2514));
#6652=EDGE_LOOP('',(#2515));
#6653=EDGE_LOOP('',(#2516));
#6654=EDGE_LOOP('',(#2517,#2518,#2519,#2520));
#6655=EDGE_LOOP('',(#2521,#2522,#2523,#2524));
#6656=EDGE_LOOP('',(#2525,#2526,#2527,#2528));
#6657=EDGE_LOOP('',(#2529,#2530,#2531,#2532));
#6658=EDGE_LOOP('',(#2533));
#6659=EDGE_LOOP('',(#2534,#2535,#2536,#2537,#2538,#2539));
#6660=EDGE_LOOP('',(#2540));
#6661=EDGE_LOOP('',(#2541,#2542,#2543,#2544,#2545,#2546));
#6662=EDGE_LOOP('',(#2547));
#6663=EDGE_LOOP('',(#2548,#2549,#2550,#2551,#2552,#2553));
#6664=EDGE_LOOP('',(#2554));
#6665=EDGE_LOOP('',(#2555,#2556,#2557,#2558,#2559,#2560));
#6666=EDGE_LOOP('',(#2561,#2562,#2563,#2564));
#6667=EDGE_LOOP('',(#2565,#2566,#2567,#2568));
#6668=EDGE_LOOP('',(#2569,#2570,#2571,#2572));
#6669=EDGE_LOOP('',(#2573,#2574,#2575,#2576));
#6670=EDGE_LOOP('',(#2577,#2578,#2579,#2580));
#6671=EDGE_LOOP('',(#2581,#2582,#2583,#2584));
#6672=EDGE_LOOP('',(#2585,#2586,#2587,#2588));
#6673=EDGE_LOOP('',(#2589,#2590,#2591,#2592));
#6674=EDGE_LOOP('',(#2593));
#6675=EDGE_LOOP('',(#2594));
#6676=EDGE_LOOP('',(#2595));
#6677=EDGE_LOOP('',(#2596));
#6678=EDGE_LOOP('',(#2597,#2598,#2599,#2600,#2601,#2602,#2603,#2604));
#6679=EDGE_LOOP('',(#2605,#2606,#2607,#2608,#2609,#2610,#2611,#2612));
#6680=EDGE_LOOP('',(#2613));
#6681=EDGE_LOOP('',(#2614));
#6682=EDGE_LOOP('',(#2615));
#6683=EDGE_LOOP('',(#2616));
#6684=EDGE_LOOP('',(#2617));
#6685=EDGE_LOOP('',(#2618));
#6686=EDGE_LOOP('',(#2619));
#6687=EDGE_LOOP('',(#2620));
#6688=EDGE_LOOP('',(#2621));
#6689=EDGE_LOOP('',(#2622,#2623,#2624,#2625,#2626,#2627,#2628,#2629));
#6690=EDGE_LOOP('',(#2630));
#6691=EDGE_LOOP('',(#2631,#2632,#2633,#2634,#2635,#2636,#2637,#2638));
#6692=EDGE_LOOP('',(#2639));
#6693=EDGE_LOOP('',(#2640));
#6694=EDGE_LOOP('',(#2641));
#6695=EDGE_LOOP('',(#2642));
#6696=EDGE_LOOP('',(#2643));
#6697=EDGE_LOOP('',(#2644));
#6698=EDGE_LOOP('',(#2645));
#6699=EDGE_LOOP('',(#2646));
#6700=EDGE_LOOP('',(#2647));
#6701=EDGE_LOOP('',(#2648));
#6702=EDGE_LOOP('',(#2649));
#6703=EDGE_LOOP('',(#2650));
#6704=EDGE_LOOP('',(#2651));
#6705=EDGE_LOOP('',(#2652));
#6706=EDGE_LOOP('',(#2653));
#6707=EDGE_LOOP('',(#2654));
#6708=EDGE_LOOP('',(#2655));
#6709=EDGE_LOOP('',(#2656));
#6710=EDGE_LOOP('',(#2657));
#6711=EDGE_LOOP('',(#2658));
#6712=EDGE_LOOP('',(#2659));
#6713=EDGE_LOOP('',(#2660));
#6714=EDGE_LOOP('',(#2661));
#6715=EDGE_LOOP('',(#2662));
#6716=EDGE_LOOP('',(#2663));
#6717=EDGE_LOOP('',(#2664));
#6718=EDGE_LOOP('',(#2665));
#6719=EDGE_LOOP('',(#2666));
#6720=EDGE_LOOP('',(#2667));
#6721=EDGE_LOOP('',(#2668));
#6722=EDGE_LOOP('',(#2669));
#6723=EDGE_LOOP('',(#2670));
#6724=EDGE_LOOP('',(#2671));
#6725=EDGE_LOOP('',(#2672));
#6726=EDGE_LOOP('',(#2673));
#6727=EDGE_LOOP('',(#2674));
#6728=EDGE_LOOP('',(#2675));
#6729=EDGE_LOOP('',(#2676));
#6730=EDGE_LOOP('',(#2677));
#6731=EDGE_LOOP('',(#2678));
#6732=EDGE_LOOP('',(#2679));
#6733=EDGE_LOOP('',(#2680));
#6734=EDGE_LOOP('',(#2681,#2682,#2683,#2684));
#6735=EDGE_LOOP('',(#2685,#2686,#2687,#2688));
#6736=EDGE_LOOP('',(#2689,#2690,#2691,#2692));
#6737=EDGE_LOOP('',(#2693,#2694,#2695,#2696));
#6738=EDGE_LOOP('',(#2697));
#6739=EDGE_LOOP('',(#2698,#2699,#2700,#2701,#2702,#2703));
#6740=EDGE_LOOP('',(#2704));
#6741=EDGE_LOOP('',(#2705));
#6742=EDGE_LOOP('',(#2706));
#6743=EDGE_LOOP('',(#2707));
#6744=EDGE_LOOP('',(#2708));
#6745=EDGE_LOOP('',(#2709));
#6746=EDGE_LOOP('',(#2710));
#6747=EDGE_LOOP('',(#2711));
#6748=EDGE_LOOP('',(#2712));
#6749=EDGE_LOOP('',(#2713));
#6750=EDGE_LOOP('',(#2714));
#6751=EDGE_LOOP('',(#2715,#2716,#2717,#2718,#2719));
#6752=EDGE_LOOP('',(#2720,#2721,#2722,#2723,#2724));
#6753=EDGE_LOOP('',(#2725,#2726,#2727,#2728,#2729));
#6754=EDGE_LOOP('',(#2730,#2731,#2732,#2733,#2734));
#6755=EDGE_LOOP('',(#2735,#2736,#2737,#2738,#2739));
#6756=EDGE_LOOP('',(#2740,#2741,#2742,#2743,#2744));
#6757=EDGE_LOOP('',(#2745,#2746,#2747));
#6758=EDGE_LOOP('',(#2748,#2749,#2750));
#6759=EDGE_LOOP('',(#2751,#2752,#2753));
#6760=EDGE_LOOP('',(#2754,#2755,#2756));
#6761=EDGE_LOOP('',(#2757,#2758,#2759));
#6762=EDGE_LOOP('',(#2760,#2761,#2762));
#6763=EDGE_LOOP('',(#2763,#2764,#2765,#2766,#2767,#2768));
#6764=FACE_BOUND('',#6029,.T.);
#6765=FACE_BOUND('',#6030,.T.);
#6766=FACE_BOUND('',#6031,.T.);
#6767=FACE_BOUND('',#6032,.T.);
#6768=FACE_BOUND('',#6033,.T.);
#6769=FACE_BOUND('',#6034,.T.);
#6770=FACE_BOUND('',#6035,.T.);
#6771=FACE_BOUND('',#6036,.T.);
#6772=FACE_BOUND('',#6037,.T.);
#6773=FACE_BOUND('',#6038,.T.);
#6774=FACE_BOUND('',#6039,.T.);
#6775=FACE_BOUND('',#6040,.T.);
#6776=FACE_BOUND('',#6041,.T.);
#6777=FACE_BOUND('',#6042,.T.);
#6778=FACE_BOUND('',#6043,.T.);
#6779=FACE_BOUND('',#6044,.T.);
#6780=FACE_BOUND('',#6045,.T.);
#6781=FACE_BOUND('',#6046,.T.);
#6782=FACE_BOUND('',#6047,.T.);
#6783=FACE_BOUND('',#6048,.T.);
#6784=FACE_BOUND('',#6049,.T.);
#6785=FACE_BOUND('',#6050,.T.);
#6786=FACE_BOUND('',#6051,.T.);
#6787=FACE_BOUND('',#6052,.T.);
#6788=FACE_BOUND('',#6053,.T.);
#6789=FACE_BOUND('',#6054,.T.);
#6790=FACE_BOUND('',#6055,.T.);
#6791=FACE_BOUND('',#6056,.T.);
#6792=FACE_BOUND('',#6057,.T.);
#6793=FACE_BOUND('',#6058,.T.);
#6794=FACE_BOUND('',#6059,.T.);
#6795=FACE_BOUND('',#6060,.T.);
#6796=FACE_BOUND('',#6061,.T.);
#6797=FACE_BOUND('',#6062,.T.);
#6798=FACE_BOUND('',#6063,.T.);
#6799=FACE_BOUND('',#6064,.T.);
#6800=FACE_BOUND('',#6065,.T.);
#6801=FACE_BOUND('',#6066,.T.);
#6802=FACE_BOUND('',#6067,.T.);
#6803=FACE_BOUND('',#6068,.T.);
#6804=FACE_BOUND('',#6069,.T.);
#6805=FACE_BOUND('',#6070,.T.);
#6806=FACE_BOUND('',#6071,.T.);
#6807=FACE_BOUND('',#6072,.T.);
#6808=FACE_BOUND('',#6073,.T.);
#6809=FACE_BOUND('',#6074,.T.);
#6810=FACE_BOUND('',#6075,.T.);
#6811=FACE_BOUND('',#6076,.T.);
#6812=FACE_BOUND('',#6077,.T.);
#6813=FACE_BOUND('',#6078,.T.);
#6814=FACE_BOUND('',#6079,.T.);
#6815=FACE_BOUND('',#6080,.T.);
#6816=FACE_BOUND('',#6081,.T.);
#6817=FACE_BOUND('',#6082,.T.);
#6818=FACE_BOUND('',#6083,.T.);
#6819=FACE_BOUND('',#6084,.T.);
#6820=FACE_BOUND('',#6085,.T.);
#6821=FACE_BOUND('',#6086,.T.);
#6822=FACE_BOUND('',#6087,.T.);
#6823=FACE_BOUND('',#6088,.T.);
#6824=FACE_BOUND('',#6089,.T.);
#6825=FACE_BOUND('',#6090,.T.);
#6826=FACE_BOUND('',#6091,.T.);
#6827=FACE_BOUND('',#6092,.T.);
#6828=FACE_BOUND('',#6093,.T.);
#6829=FACE_BOUND('',#6094,.T.);
#6830=FACE_BOUND('',#6095,.T.);
#6831=FACE_BOUND('',#6096,.T.);
#6832=FACE_BOUND('',#6097,.T.);
#6833=FACE_BOUND('',#6098,.T.);
#6834=FACE_BOUND('',#6099,.T.);
#6835=FACE_BOUND('',#6100,.T.);
#6836=FACE_BOUND('',#6101,.T.);
#6837=FACE_BOUND('',#6102,.T.);
#6838=FACE_BOUND('',#6103,.T.);
#6839=FACE_BOUND('',#6104,.T.);
#6840=FACE_BOUND('',#6105,.T.);
#6841=FACE_BOUND('',#6106,.T.);
#6842=FACE_BOUND('',#6107,.T.);
#6843=FACE_BOUND('',#6108,.T.);
#6844=FACE_BOUND('',#6109,.T.);
#6845=FACE_BOUND('',#6110,.T.);
#6846=FACE_BOUND('',#6111,.T.);
#6847=FACE_BOUND('',#6112,.T.);
#6848=FACE_BOUND('',#6113,.T.);
#6849=FACE_BOUND('',#6114,.T.);
#6850=FACE_BOUND('',#6115,.T.);
#6851=FACE_BOUND('',#6116,.T.);
#6852=FACE_BOUND('',#6117,.T.);
#6853=FACE_BOUND('',#6118,.T.);
#6854=FACE_BOUND('',#6119,.T.);
#6855=FACE_BOUND('',#6120,.T.);
#6856=FACE_BOUND('',#6121,.T.);
#6857=FACE_BOUND('',#6122,.T.);
#6858=FACE_BOUND('',#6123,.T.);
#6859=FACE_BOUND('',#6124,.T.);
#6860=FACE_BOUND('',#6125,.T.);
#6861=FACE_BOUND('',#6126,.T.);
#6862=FACE_BOUND('',#6127,.T.);
#6863=FACE_BOUND('',#6128,.T.);
#6864=FACE_BOUND('',#6129,.T.);
#6865=FACE_BOUND('',#6130,.T.);
#6866=FACE_BOUND('',#6131,.T.);
#6867=FACE_BOUND('',#6132,.T.);
#6868=FACE_BOUND('',#6133,.T.);
#6869=FACE_BOUND('',#6134,.T.);
#6870=FACE_BOUND('',#6135,.T.);
#6871=FACE_BOUND('',#6136,.T.);
#6872=FACE_BOUND('',#6137,.T.);
#6873=FACE_BOUND('',#6138,.T.);
#6874=FACE_BOUND('',#77,.T.);
#6875=FACE_BOUND('',#6139,.T.);
#6876=FACE_BOUND('',#6140,.T.);
#6877=FACE_BOUND('',#6141,.T.);
#6878=FACE_BOUND('',#6142,.T.);
#6879=FACE_BOUND('',#6143,.T.);
#6880=FACE_BOUND('',#78,.T.);
#6881=FACE_BOUND('',#6144,.T.);
#6882=FACE_BOUND('',#6145,.T.);
#6883=FACE_BOUND('',#6146,.T.);
#6884=FACE_BOUND('',#6147,.T.);
#6885=FACE_BOUND('',#6148,.T.);
#6886=FACE_BOUND('',#79,.T.);
#6887=FACE_BOUND('',#6149,.T.);
#6888=FACE_BOUND('',#6150,.T.);
#6889=FACE_BOUND('',#6151,.T.);
#6890=FACE_BOUND('',#6152,.T.);
#6891=FACE_BOUND('',#6153,.T.);
#6892=FACE_BOUND('',#80,.T.);
#6893=FACE_BOUND('',#6154,.T.);
#6894=FACE_BOUND('',#6155,.T.);
#6895=FACE_BOUND('',#6156,.T.);
#6896=FACE_BOUND('',#6157,.T.);
#6897=FACE_BOUND('',#6158,.T.);
#6898=FACE_BOUND('',#6159,.T.);
#6899=FACE_BOUND('',#6160,.T.);
#6900=FACE_BOUND('',#6161,.T.);
#6901=FACE_BOUND('',#6162,.T.);
#6902=FACE_BOUND('',#6163,.T.);
#6903=FACE_BOUND('',#6164,.T.);
#6904=FACE_BOUND('',#6165,.T.);
#6905=FACE_BOUND('',#6166,.T.);
#6906=FACE_BOUND('',#6167,.T.);
#6907=FACE_BOUND('',#6168,.T.);
#6908=FACE_BOUND('',#6169,.T.);
#6909=FACE_BOUND('',#6170,.T.);
#6910=FACE_BOUND('',#6171,.T.);
#6911=FACE_BOUND('',#6172,.T.);
#6912=FACE_BOUND('',#6173,.T.);
#6913=FACE_BOUND('',#6174,.T.);
#6914=FACE_BOUND('',#6175,.T.);
#6915=FACE_BOUND('',#6176,.T.);
#6916=FACE_BOUND('',#6177,.T.);
#6917=FACE_BOUND('',#6178,.T.);
#6918=FACE_BOUND('',#6179,.T.);
#6919=FACE_BOUND('',#6180,.T.);
#6920=FACE_BOUND('',#6181,.T.);
#6921=FACE_BOUND('',#6182,.T.);
#6922=FACE_BOUND('',#6183,.T.);
#6923=FACE_BOUND('',#6184,.T.);
#6924=FACE_BOUND('',#6185,.T.);
#6925=FACE_BOUND('',#6186,.T.);
#6926=FACE_BOUND('',#6187,.T.);
#6927=FACE_BOUND('',#6188,.T.);
#6928=FACE_BOUND('',#6189,.T.);
#6929=FACE_BOUND('',#6190,.T.);
#6930=FACE_BOUND('',#6191,.T.);
#6931=FACE_BOUND('',#6192,.T.);
#6932=FACE_BOUND('',#6193,.T.);
#6933=FACE_BOUND('',#6194,.T.);
#6934=FACE_BOUND('',#6195,.T.);
#6935=FACE_BOUND('',#6196,.T.);
#6936=FACE_BOUND('',#6197,.T.);
#6937=FACE_BOUND('',#6198,.T.);
#6938=FACE_BOUND('',#6199,.T.);
#6939=FACE_BOUND('',#6200,.T.);
#6940=FACE_BOUND('',#6201,.T.);
#6941=FACE_BOUND('',#6202,.T.);
#6942=FACE_BOUND('',#6203,.T.);
#6943=FACE_BOUND('',#6204,.T.);
#6944=FACE_BOUND('',#6205,.T.);
#6945=FACE_BOUND('',#6206,.T.);
#6946=FACE_BOUND('',#6207,.T.);
#6947=FACE_BOUND('',#6208,.T.);
#6948=FACE_BOUND('',#6209,.T.);
#6949=FACE_BOUND('',#6210,.T.);
#6950=FACE_BOUND('',#6211,.T.);
#6951=FACE_BOUND('',#6212,.T.);
#6952=FACE_BOUND('',#6213,.T.);
#6953=FACE_BOUND('',#6214,.T.);
#6954=FACE_BOUND('',#6215,.T.);
#6955=FACE_BOUND('',#6216,.T.);
#6956=FACE_BOUND('',#6217,.T.);
#6957=FACE_BOUND('',#6218,.T.);
#6958=FACE_BOUND('',#6219,.T.);
#6959=FACE_BOUND('',#6220,.T.);
#6960=FACE_BOUND('',#6221,.T.);
#6961=FACE_BOUND('',#6222,.T.);
#6962=FACE_BOUND('',#6223,.T.);
#6963=FACE_BOUND('',#6224,.T.);
#6964=FACE_BOUND('',#6225,.T.);
#6965=FACE_BOUND('',#6226,.T.);
#6966=FACE_BOUND('',#6227,.T.);
#6967=FACE_BOUND('',#6228,.T.);
#6968=FACE_BOUND('',#6229,.T.);
#6969=FACE_BOUND('',#6230,.T.);
#6970=FACE_BOUND('',#6231,.T.);
#6971=FACE_BOUND('',#6232,.T.);
#6972=FACE_BOUND('',#6233,.T.);
#6973=FACE_BOUND('',#6234,.T.);
#6974=FACE_BOUND('',#6235,.T.);
#6975=FACE_BOUND('',#6236,.T.);
#6976=FACE_BOUND('',#6237,.T.);
#6977=FACE_BOUND('',#6238,.T.);
#6978=FACE_BOUND('',#6239,.T.);
#6979=FACE_BOUND('',#6240,.T.);
#6980=FACE_BOUND('',#6241,.T.);
#6981=FACE_BOUND('',#6242,.T.);
#6982=FACE_BOUND('',#6243,.T.);
#6983=FACE_BOUND('',#81,.T.);
#6984=FACE_BOUND('',#6244,.T.);
#6985=FACE_BOUND('',#6245,.T.);
#6986=FACE_BOUND('',#6246,.T.);
#6987=FACE_BOUND('',#6247,.T.);
#6988=FACE_BOUND('',#6248,.T.);
#6989=FACE_BOUND('',#82,.T.);
#6990=FACE_BOUND('',#6249,.T.);
#6991=FACE_BOUND('',#6250,.T.);
#6992=FACE_BOUND('',#6251,.T.);
#6993=FACE_BOUND('',#6252,.T.);
#6994=FACE_BOUND('',#6253,.T.);
#6995=FACE_BOUND('',#6254,.T.);
#6996=FACE_BOUND('',#6255,.T.);
#6997=FACE_BOUND('',#6256,.T.);
#6998=FACE_BOUND('',#83,.T.);
#6999=FACE_BOUND('',#6257,.T.);
#7000=FACE_BOUND('',#6258,.T.);
#7001=FACE_BOUND('',#6259,.T.);
#7002=FACE_BOUND('',#6260,.T.);
#7003=FACE_BOUND('',#6261,.T.);
#7004=FACE_BOUND('',#84,.T.);
#7005=FACE_BOUND('',#6262,.T.);
#7006=FACE_BOUND('',#6263,.T.);
#7007=FACE_BOUND('',#6264,.T.);
#7008=FACE_BOUND('',#6265,.T.);
#7009=FACE_BOUND('',#6266,.T.);
#7010=FACE_BOUND('',#6267,.T.);
#7011=FACE_BOUND('',#6268,.T.);
#7012=FACE_BOUND('',#6269,.T.);
#7013=FACE_BOUND('',#6270,.T.);
#7014=FACE_BOUND('',#6271,.T.);
#7015=FACE_BOUND('',#6272,.T.);
#7016=FACE_BOUND('',#6273,.T.);
#7017=FACE_BOUND('',#6274,.T.);
#7018=FACE_BOUND('',#6275,.T.);
#7019=FACE_BOUND('',#6276,.T.);
#7020=FACE_BOUND('',#6277,.T.);
#7021=FACE_BOUND('',#6278,.T.);
#7022=FACE_BOUND('',#6279,.T.);
#7023=FACE_BOUND('',#6280,.T.);
#7024=FACE_BOUND('',#6281,.T.);
#7025=FACE_BOUND('',#6282,.T.);
#7026=FACE_BOUND('',#6283,.T.);
#7027=FACE_BOUND('',#6284,.T.);
#7028=FACE_BOUND('',#6285,.T.);
#7029=FACE_BOUND('',#6286,.T.);
#7030=FACE_BOUND('',#6287,.T.);
#7031=FACE_BOUND('',#6288,.T.);
#7032=FACE_BOUND('',#6289,.T.);
#7033=FACE_BOUND('',#6290,.T.);
#7034=FACE_BOUND('',#6291,.T.);
#7035=FACE_BOUND('',#6292,.T.);
#7036=FACE_BOUND('',#6293,.T.);
#7037=FACE_BOUND('',#6294,.T.);
#7038=FACE_BOUND('',#6295,.T.);
#7039=FACE_BOUND('',#6296,.T.);
#7040=FACE_BOUND('',#6297,.T.);
#7041=FACE_BOUND('',#6298,.T.);
#7042=FACE_BOUND('',#6299,.T.);
#7043=FACE_BOUND('',#6300,.T.);
#7044=FACE_BOUND('',#6301,.T.);
#7045=FACE_BOUND('',#6302,.T.);
#7046=FACE_BOUND('',#6303,.T.);
#7047=FACE_BOUND('',#6304,.T.);
#7048=FACE_BOUND('',#6305,.T.);
#7049=FACE_BOUND('',#6306,.T.);
#7050=FACE_BOUND('',#6307,.T.);
#7051=FACE_BOUND('',#6308,.T.);
#7052=FACE_BOUND('',#6309,.T.);
#7053=FACE_BOUND('',#6310,.T.);
#7054=FACE_BOUND('',#6311,.T.);
#7055=FACE_BOUND('',#6312,.T.);
#7056=FACE_BOUND('',#6313,.T.);
#7057=FACE_BOUND('',#6314,.T.);
#7058=FACE_BOUND('',#6315,.T.);
#7059=FACE_BOUND('',#6316,.T.);
#7060=FACE_BOUND('',#6317,.T.);
#7061=FACE_BOUND('',#6318,.T.);
#7062=FACE_BOUND('',#6319,.T.);
#7063=FACE_BOUND('',#6320,.T.);
#7064=FACE_BOUND('',#6321,.T.);
#7065=FACE_BOUND('',#6322,.T.);
#7066=FACE_BOUND('',#6323,.T.);
#7067=FACE_BOUND('',#6324,.T.);
#7068=FACE_BOUND('',#6325,.T.);
#7069=FACE_BOUND('',#6326,.T.);
#7070=FACE_BOUND('',#6327,.T.);
#7071=FACE_BOUND('',#6328,.T.);
#7072=FACE_BOUND('',#6329,.T.);
#7073=FACE_BOUND('',#6330,.T.);
#7074=FACE_BOUND('',#6331,.T.);
#7075=FACE_BOUND('',#6332,.T.);
#7076=FACE_BOUND('',#6333,.T.);
#7077=FACE_BOUND('',#6334,.T.);
#7078=FACE_BOUND('',#6335,.T.);
#7079=FACE_BOUND('',#6336,.T.);
#7080=FACE_BOUND('',#6337,.T.);
#7081=FACE_BOUND('',#6338,.T.);
#7082=FACE_BOUND('',#6339,.T.);
#7083=FACE_BOUND('',#6340,.T.);
#7084=FACE_BOUND('',#6341,.T.);
#7085=FACE_BOUND('',#6342,.T.);
#7086=FACE_BOUND('',#6343,.T.);
#7087=FACE_BOUND('',#6344,.T.);
#7088=FACE_BOUND('',#6345,.T.);
#7089=FACE_BOUND('',#6346,.T.);
#7090=FACE_BOUND('',#6347,.T.);
#7091=FACE_BOUND('',#6348,.T.);
#7092=FACE_BOUND('',#6349,.T.);
#7093=FACE_BOUND('',#6350,.T.);
#7094=FACE_BOUND('',#6351,.T.);
#7095=FACE_BOUND('',#6352,.T.);
#7096=FACE_BOUND('',#6353,.T.);
#7097=FACE_BOUND('',#6354,.T.);
#7098=FACE_BOUND('',#6355,.T.);
#7099=FACE_BOUND('',#6356,.T.);
#7100=FACE_BOUND('',#6357,.T.);
#7101=FACE_BOUND('',#6358,.T.);
#7102=FACE_BOUND('',#6359,.T.);
#7103=FACE_BOUND('',#6360,.T.);
#7104=FACE_BOUND('',#6361,.T.);
#7105=FACE_BOUND('',#6362,.T.);
#7106=FACE_BOUND('',#6363,.T.);
#7107=FACE_BOUND('',#6364,.T.);
#7108=FACE_BOUND('',#6365,.T.);
#7109=FACE_BOUND('',#6366,.T.);
#7110=FACE_BOUND('',#6367,.T.);
#7111=FACE_BOUND('',#6368,.T.);
#7112=FACE_BOUND('',#6369,.T.);
#7113=FACE_BOUND('',#6370,.T.);
#7114=FACE_BOUND('',#6371,.T.);
#7115=FACE_BOUND('',#6372,.T.);
#7116=FACE_BOUND('',#6373,.T.);
#7117=FACE_BOUND('',#6374,.T.);
#7118=FACE_BOUND('',#6375,.T.);
#7119=FACE_BOUND('',#6376,.T.);
#7120=FACE_BOUND('',#6377,.T.);
#7121=FACE_BOUND('',#6378,.T.);
#7122=FACE_BOUND('',#6379,.T.);
#7123=FACE_BOUND('',#6380,.T.);
#7124=FACE_BOUND('',#6381,.T.);
#7125=FACE_BOUND('',#6382,.T.);
#7126=FACE_BOUND('',#6383,.T.);
#7127=FACE_BOUND('',#6384,.T.);
#7128=FACE_BOUND('',#6385,.T.);
#7129=FACE_BOUND('',#6386,.T.);
#7130=FACE_BOUND('',#6387,.T.);
#7131=FACE_BOUND('',#6388,.T.);
#7132=FACE_BOUND('',#6389,.T.);
#7133=FACE_BOUND('',#6390,.T.);
#7134=FACE_BOUND('',#6391,.T.);
#7135=FACE_BOUND('',#6392,.T.);
#7136=FACE_BOUND('',#6393,.T.);
#7137=FACE_BOUND('',#6394,.T.);
#7138=FACE_BOUND('',#6395,.T.);
#7139=FACE_BOUND('',#6396,.T.);
#7140=FACE_BOUND('',#6397,.T.);
#7141=FACE_BOUND('',#6398,.T.);
#7142=FACE_BOUND('',#6399,.T.);
#7143=FACE_BOUND('',#6400,.T.);
#7144=FACE_BOUND('',#6401,.T.);
#7145=FACE_BOUND('',#6402,.T.);
#7146=FACE_BOUND('',#6403,.T.);
#7147=FACE_BOUND('',#6404,.T.);
#7148=FACE_BOUND('',#6405,.T.);
#7149=FACE_BOUND('',#6406,.T.);
#7150=FACE_BOUND('',#6407,.T.);
#7151=FACE_BOUND('',#6408,.T.);
#7152=FACE_BOUND('',#6409,.T.);
#7153=FACE_BOUND('',#6410,.T.);
#7154=FACE_BOUND('',#6411,.T.);
#7155=FACE_BOUND('',#6412,.T.);
#7156=FACE_BOUND('',#6413,.T.);
#7157=FACE_BOUND('',#6414,.T.);
#7158=FACE_BOUND('',#6415,.T.);
#7159=FACE_BOUND('',#6416,.T.);
#7160=FACE_BOUND('',#6417,.T.);
#7161=FACE_BOUND('',#6418,.T.);
#7162=FACE_BOUND('',#6419,.T.);
#7163=FACE_BOUND('',#6420,.T.);
#7164=FACE_BOUND('',#6421,.T.);
#7165=FACE_BOUND('',#6422,.T.);
#7166=FACE_BOUND('',#6423,.T.);
#7167=FACE_BOUND('',#6424,.T.);
#7168=FACE_BOUND('',#6425,.T.);
#7169=FACE_BOUND('',#6426,.T.);
#7170=FACE_BOUND('',#6427,.T.);
#7171=FACE_BOUND('',#6428,.T.);
#7172=FACE_BOUND('',#6429,.T.);
#7173=FACE_BOUND('',#6430,.T.);
#7174=FACE_BOUND('',#6431,.T.);
#7175=FACE_BOUND('',#6432,.T.);
#7176=FACE_BOUND('',#6433,.T.);
#7177=FACE_BOUND('',#6434,.T.);
#7178=FACE_BOUND('',#6435,.T.);
#7179=FACE_BOUND('',#6436,.T.);
#7180=FACE_BOUND('',#6437,.T.);
#7181=FACE_BOUND('',#6438,.T.);
#7182=FACE_BOUND('',#6439,.T.);
#7183=FACE_BOUND('',#6440,.T.);
#7184=FACE_BOUND('',#6441,.T.);
#7185=FACE_BOUND('',#6442,.T.);
#7186=FACE_BOUND('',#6443,.T.);
#7187=FACE_BOUND('',#6444,.T.);
#7188=FACE_BOUND('',#6445,.T.);
#7189=FACE_BOUND('',#6446,.T.);
#7190=FACE_BOUND('',#6447,.T.);
#7191=FACE_BOUND('',#6448,.T.);
#7192=FACE_BOUND('',#6449,.T.);
#7193=FACE_BOUND('',#6450,.T.);
#7194=FACE_BOUND('',#6451,.T.);
#7195=FACE_BOUND('',#6452,.T.);
#7196=FACE_BOUND('',#6453,.T.);
#7197=FACE_BOUND('',#6454,.T.);
#7198=FACE_BOUND('',#6455,.T.);
#7199=FACE_BOUND('',#6456,.T.);
#7200=FACE_BOUND('',#6457,.T.);
#7201=FACE_BOUND('',#6458,.T.);
#7202=FACE_BOUND('',#6459,.T.);
#7203=FACE_BOUND('',#6460,.T.);
#7204=FACE_BOUND('',#6461,.T.);
#7205=FACE_BOUND('',#6462,.T.);
#7206=FACE_BOUND('',#6463,.T.);
#7207=FACE_BOUND('',#6464,.T.);
#7208=FACE_BOUND('',#6465,.T.);
#7209=FACE_BOUND('',#6466,.T.);
#7210=FACE_BOUND('',#6467,.T.);
#7211=FACE_BOUND('',#6468,.T.);
#7212=FACE_BOUND('',#6469,.T.);
#7213=FACE_BOUND('',#6470,.T.);
#7214=FACE_BOUND('',#6471,.T.);
#7215=FACE_BOUND('',#6472,.T.);
#7216=FACE_BOUND('',#6473,.T.);
#7217=FACE_BOUND('',#6474,.T.);
#7218=FACE_BOUND('',#6475,.T.);
#7219=FACE_BOUND('',#6476,.T.);
#7220=FACE_BOUND('',#6477,.T.);
#7221=FACE_BOUND('',#6478,.T.);
#7222=FACE_BOUND('',#6479,.T.);
#7223=FACE_BOUND('',#6480,.T.);
#7224=FACE_BOUND('',#6481,.T.);
#7225=FACE_BOUND('',#6482,.T.);
#7226=FACE_BOUND('',#6483,.T.);
#7227=FACE_BOUND('',#6484,.T.);
#7228=FACE_BOUND('',#6485,.T.);
#7229=FACE_BOUND('',#6486,.T.);
#7230=FACE_BOUND('',#6487,.T.);
#7231=FACE_BOUND('',#6488,.T.);
#7232=FACE_BOUND('',#6489,.T.);
#7233=FACE_BOUND('',#6490,.T.);
#7234=FACE_BOUND('',#6491,.T.);
#7235=FACE_BOUND('',#6492,.T.);
#7236=FACE_BOUND('',#6493,.T.);
#7237=FACE_BOUND('',#6494,.T.);
#7238=FACE_BOUND('',#6495,.T.);
#7239=FACE_BOUND('',#6496,.T.);
#7240=FACE_BOUND('',#6497,.T.);
#7241=FACE_BOUND('',#6498,.T.);
#7242=FACE_BOUND('',#6499,.T.);
#7243=FACE_BOUND('',#6500,.T.);
#7244=FACE_BOUND('',#6501,.T.);
#7245=FACE_BOUND('',#6502,.T.);
#7246=FACE_BOUND('',#6503,.T.);
#7247=FACE_BOUND('',#6504,.T.);
#7248=FACE_BOUND('',#6505,.T.);
#7249=FACE_BOUND('',#6506,.T.);
#7250=FACE_BOUND('',#6507,.T.);
#7251=FACE_BOUND('',#6508,.T.);
#7252=FACE_BOUND('',#6509,.T.);
#7253=FACE_BOUND('',#6510,.T.);
#7254=FACE_BOUND('',#6511,.T.);
#7255=FACE_BOUND('',#6512,.T.);
#7256=FACE_BOUND('',#6513,.T.);
#7257=FACE_BOUND('',#6514,.T.);
#7258=FACE_BOUND('',#6515,.T.);
#7259=FACE_BOUND('',#6516,.T.);
#7260=FACE_BOUND('',#6517,.T.);
#7261=FACE_BOUND('',#6518,.T.);
#7262=FACE_BOUND('',#6519,.T.);
#7263=FACE_BOUND('',#6520,.T.);
#7264=FACE_BOUND('',#6521,.T.);
#7265=FACE_BOUND('',#6522,.T.);
#7266=FACE_BOUND('',#6523,.T.);
#7267=FACE_BOUND('',#6524,.T.);
#7268=FACE_BOUND('',#6525,.T.);
#7269=FACE_BOUND('',#6526,.T.);
#7270=FACE_BOUND('',#6527,.T.);
#7271=FACE_BOUND('',#6528,.T.);
#7272=FACE_BOUND('',#6529,.T.);
#7273=FACE_BOUND('',#6530,.T.);
#7274=FACE_BOUND('',#6531,.T.);
#7275=FACE_BOUND('',#6532,.T.);
#7276=FACE_BOUND('',#6533,.T.);
#7277=FACE_BOUND('',#6534,.T.);
#7278=FACE_BOUND('',#6535,.T.);
#7279=FACE_BOUND('',#6536,.T.);
#7280=FACE_BOUND('',#6537,.T.);
#7281=FACE_BOUND('',#6538,.T.);
#7282=FACE_BOUND('',#85,.T.);
#7283=FACE_BOUND('',#6539,.T.);
#7284=FACE_BOUND('',#6540,.T.);
#7285=FACE_BOUND('',#6541,.T.);
#7286=FACE_BOUND('',#6542,.T.);
#7287=FACE_BOUND('',#6543,.T.);
#7288=FACE_BOUND('',#86,.T.);
#7289=FACE_BOUND('',#6544,.T.);
#7290=FACE_BOUND('',#6545,.T.);
#7291=FACE_BOUND('',#6546,.T.);
#7292=FACE_BOUND('',#6547,.T.);
#7293=FACE_BOUND('',#6548,.T.);
#7294=FACE_BOUND('',#87,.T.);
#7295=FACE_BOUND('',#6549,.T.);
#7296=FACE_BOUND('',#6550,.T.);
#7297=FACE_BOUND('',#6551,.T.);
#7298=FACE_BOUND('',#6552,.T.);
#7299=FACE_BOUND('',#6553,.T.);
#7300=FACE_BOUND('',#88,.T.);
#7301=FACE_BOUND('',#6554,.T.);
#7302=FACE_BOUND('',#6555,.T.);
#7303=FACE_BOUND('',#6556,.T.);
#7304=FACE_BOUND('',#6557,.T.);
#7305=FACE_BOUND('',#6558,.T.);
#7306=FACE_BOUND('',#6559,.T.);
#7307=FACE_BOUND('',#6560,.T.);
#7308=FACE_BOUND('',#6561,.T.);
#7309=FACE_BOUND('',#6562,.T.);
#7310=FACE_BOUND('',#6563,.T.);
#7311=FACE_BOUND('',#6564,.T.);
#7312=FACE_BOUND('',#6565,.T.);
#7313=FACE_BOUND('',#6566,.T.);
#7314=FACE_BOUND('',#6567,.T.);
#7315=FACE_BOUND('',#6568,.T.);
#7316=FACE_BOUND('',#6569,.T.);
#7317=FACE_BOUND('',#6570,.T.);
#7318=FACE_BOUND('',#6571,.T.);
#7319=FACE_BOUND('',#6572,.T.);
#7320=FACE_BOUND('',#6573,.T.);
#7321=FACE_BOUND('',#6574,.T.);
#7322=FACE_BOUND('',#6575,.T.);
#7323=FACE_BOUND('',#6576,.T.);
#7324=FACE_BOUND('',#6577,.T.);
#7325=FACE_BOUND('',#6578,.T.);
#7326=FACE_BOUND('',#6579,.T.);
#7327=FACE_BOUND('',#6580,.T.);
#7328=FACE_BOUND('',#6581,.T.);
#7329=FACE_BOUND('',#6582,.T.);
#7330=FACE_BOUND('',#6583,.T.);
#7331=FACE_BOUND('',#6584,.T.);
#7332=FACE_BOUND('',#6585,.T.);
#7333=FACE_BOUND('',#6586,.T.);
#7334=FACE_BOUND('',#6587,.T.);
#7335=FACE_BOUND('',#6588,.T.);
#7336=FACE_BOUND('',#6589,.T.);
#7337=FACE_BOUND('',#6590,.T.);
#7338=FACE_BOUND('',#6591,.T.);
#7339=FACE_BOUND('',#6592,.T.);
#7340=FACE_BOUND('',#6593,.T.);
#7341=FACE_BOUND('',#6594,.T.);
#7342=FACE_BOUND('',#6595,.T.);
#7343=FACE_BOUND('',#6596,.T.);
#7344=FACE_BOUND('',#6597,.T.);
#7345=FACE_BOUND('',#6598,.T.);
#7346=FACE_BOUND('',#6599,.T.);
#7347=FACE_BOUND('',#89,.T.);
#7348=FACE_BOUND('',#6600,.T.);
#7349=FACE_BOUND('',#6601,.T.);
#7350=FACE_BOUND('',#6602,.T.);
#7351=FACE_BOUND('',#6603,.T.);
#7352=FACE_BOUND('',#6604,.T.);
#7353=FACE_BOUND('',#90,.T.);
#7354=FACE_BOUND('',#6605,.T.);
#7355=FACE_BOUND('',#6606,.T.);
#7356=FACE_BOUND('',#91,.T.);
#7357=FACE_BOUND('',#6607,.T.);
#7358=FACE_BOUND('',#6608,.T.);
#7359=FACE_BOUND('',#6609,.T.);
#7360=FACE_BOUND('',#6610,.T.);
#7361=FACE_BOUND('',#6611,.T.);
#7362=FACE_BOUND('',#92,.T.);
#7363=FACE_BOUND('',#6612,.T.);
#7364=FACE_BOUND('',#6613,.T.);
#7365=FACE_BOUND('',#6614,.T.);
#7366=FACE_BOUND('',#6615,.T.);
#7367=FACE_BOUND('',#6616,.T.);
#7368=FACE_BOUND('',#6617,.T.);
#7369=FACE_BOUND('',#6618,.T.);
#7370=FACE_BOUND('',#6619,.T.);
#7371=FACE_BOUND('',#6620,.T.);
#7372=FACE_BOUND('',#6621,.T.);
#7373=FACE_BOUND('',#6622,.T.);
#7374=FACE_BOUND('',#6623,.T.);
#7375=FACE_BOUND('',#6624,.T.);
#7376=FACE_BOUND('',#6625,.T.);
#7377=FACE_BOUND('',#6626,.T.);
#7378=FACE_BOUND('',#6627,.T.);
#7379=FACE_BOUND('',#6628,.T.);
#7380=FACE_BOUND('',#6629,.T.);
#7381=FACE_BOUND('',#6630,.T.);
#7382=FACE_BOUND('',#6631,.T.);
#7383=FACE_BOUND('',#6632,.T.);
#7384=FACE_BOUND('',#6633,.T.);
#7385=FACE_BOUND('',#6634,.T.);
#7386=FACE_BOUND('',#6635,.T.);
#7387=FACE_BOUND('',#6636,.T.);
#7388=FACE_BOUND('',#6637,.T.);
#7389=FACE_BOUND('',#6638,.T.);
#7390=FACE_BOUND('',#6639,.T.);
#7391=FACE_BOUND('',#6640,.T.);
#7392=FACE_BOUND('',#6641,.T.);
#7393=FACE_BOUND('',#6642,.T.);
#7394=FACE_BOUND('',#6643,.T.);
#7395=FACE_BOUND('',#6644,.T.);
#7396=FACE_BOUND('',#6645,.T.);
#7397=FACE_BOUND('',#6646,.T.);
#7398=FACE_BOUND('',#6647,.T.);
#7399=FACE_BOUND('',#6648,.T.);
#7400=FACE_BOUND('',#6649,.T.);
#7401=FACE_BOUND('',#6650,.T.);
#7402=FACE_BOUND('',#6651,.T.);
#7403=FACE_BOUND('',#6652,.T.);
#7404=FACE_BOUND('',#6653,.T.);
#7405=FACE_BOUND('',#6654,.T.);
#7406=FACE_BOUND('',#6655,.T.);
#7407=FACE_BOUND('',#6656,.T.);
#7408=FACE_BOUND('',#6657,.T.);
#7409=FACE_BOUND('',#6658,.T.);
#7410=FACE_BOUND('',#6659,.T.);
#7411=FACE_BOUND('',#6660,.T.);
#7412=FACE_BOUND('',#6661,.T.);
#7413=FACE_BOUND('',#6662,.T.);
#7414=FACE_BOUND('',#6663,.T.);
#7415=FACE_BOUND('',#6664,.T.);
#7416=FACE_BOUND('',#6665,.T.);
#7417=FACE_BOUND('',#6666,.T.);
#7418=FACE_BOUND('',#6667,.T.);
#7419=FACE_BOUND('',#6668,.T.);
#7420=FACE_BOUND('',#6669,.T.);
#7421=FACE_BOUND('',#6670,.T.);
#7422=FACE_BOUND('',#6671,.T.);
#7423=FACE_BOUND('',#6672,.T.);
#7424=FACE_BOUND('',#6673,.T.);
#7425=FACE_BOUND('',#6674,.T.);
#7426=FACE_BOUND('',#6675,.T.);
#7427=FACE_BOUND('',#6676,.T.);
#7428=FACE_BOUND('',#6677,.T.);
#7429=FACE_BOUND('',#6678,.T.);
#7430=FACE_BOUND('',#6679,.T.);
#7431=FACE_BOUND('',#6680,.T.);
#7432=FACE_BOUND('',#6681,.T.);
#7433=FACE_BOUND('',#6682,.T.);
#7434=FACE_BOUND('',#6683,.T.);
#7435=FACE_BOUND('',#6684,.T.);
#7436=FACE_BOUND('',#6685,.T.);
#7437=FACE_BOUND('',#6686,.T.);
#7438=FACE_BOUND('',#6687,.T.);
#7439=FACE_BOUND('',#6688,.T.);
#7440=FACE_BOUND('',#6689,.T.);
#7441=FACE_BOUND('',#6690,.T.);
#7442=FACE_BOUND('',#6691,.T.);
#7443=FACE_BOUND('',#6692,.T.);
#7444=FACE_BOUND('',#6693,.T.);
#7445=FACE_BOUND('',#6694,.T.);
#7446=FACE_BOUND('',#6695,.T.);
#7447=FACE_BOUND('',#6696,.T.);
#7448=FACE_BOUND('',#6697,.T.);
#7449=FACE_BOUND('',#6698,.T.);
#7450=FACE_BOUND('',#6699,.T.);
#7451=FACE_BOUND('',#6700,.T.);
#7452=FACE_BOUND('',#6701,.T.);
#7453=FACE_BOUND('',#6702,.T.);
#7454=FACE_BOUND('',#6703,.T.);
#7455=FACE_BOUND('',#6704,.T.);
#7456=FACE_BOUND('',#6705,.T.);
#7457=FACE_BOUND('',#6706,.T.);
#7458=FACE_BOUND('',#6707,.T.);
#7459=FACE_BOUND('',#6708,.T.);
#7460=FACE_BOUND('',#6709,.T.);
#7461=FACE_BOUND('',#6710,.T.);
#7462=FACE_BOUND('',#6711,.T.);
#7463=FACE_BOUND('',#6712,.T.);
#7464=FACE_BOUND('',#6713,.T.);
#7465=FACE_BOUND('',#6714,.T.);
#7466=FACE_BOUND('',#6715,.T.);
#7467=FACE_BOUND('',#6716,.T.);
#7468=FACE_BOUND('',#6717,.T.);
#7469=FACE_BOUND('',#6718,.T.);
#7470=FACE_BOUND('',#6719,.T.);
#7471=FACE_BOUND('',#6720,.T.);
#7472=FACE_BOUND('',#6721,.T.);
#7473=FACE_BOUND('',#6722,.T.);
#7474=FACE_BOUND('',#6723,.T.);
#7475=FACE_BOUND('',#6724,.T.);
#7476=FACE_BOUND('',#6725,.T.);
#7477=FACE_BOUND('',#6726,.T.);
#7478=FACE_BOUND('',#6727,.T.);
#7479=FACE_BOUND('',#6728,.T.);
#7480=FACE_BOUND('',#6729,.T.);
#7481=FACE_BOUND('',#6730,.T.);
#7482=FACE_BOUND('',#6731,.T.);
#7483=FACE_BOUND('',#6732,.T.);
#7484=FACE_BOUND('',#6733,.T.);
#7485=FACE_BOUND('',#6734,.T.);
#7486=FACE_BOUND('',#6735,.T.);
#7487=FACE_BOUND('',#6736,.T.);
#7488=FACE_BOUND('',#6737,.T.);
#7489=FACE_BOUND('',#6738,.T.);
#7490=FACE_BOUND('',#6739,.T.);
#7491=FACE_BOUND('',#6740,.T.);
#7492=FACE_BOUND('',#6741,.T.);
#7493=FACE_BOUND('',#6742,.T.);
#7494=FACE_BOUND('',#6743,.T.);
#7495=FACE_BOUND('',#6744,.T.);
#7496=FACE_BOUND('',#6745,.T.);
#7497=FACE_BOUND('',#6746,.T.);
#7498=FACE_BOUND('',#6747,.T.);
#7499=FACE_BOUND('',#6748,.T.);
#7500=FACE_BOUND('',#6749,.T.);
#7501=FACE_BOUND('',#6750,.T.);
#7502=FACE_BOUND('',#6751,.T.);
#7503=FACE_BOUND('',#6752,.T.);
#7504=FACE_BOUND('',#6753,.T.);
#7505=FACE_BOUND('',#6754,.T.);
#7506=FACE_BOUND('',#6755,.T.);
#7507=FACE_BOUND('',#6756,.T.);
#7508=FACE_BOUND('',#6757,.T.);
#7509=FACE_BOUND('',#6758,.T.);
#7510=FACE_BOUND('',#6759,.T.);
#7511=FACE_BOUND('',#6760,.T.);
#7512=FACE_BOUND('',#6761,.T.);
#7513=FACE_BOUND('',#6762,.T.);
#7514=FACE_BOUND('',#93,.T.);
#7515=FACE_BOUND('',#6763,.T.);
#7516=PLANE('',#8357);
#7517=PLANE('',#8361);
#7518=PLANE('',#8362);
#7519=PLANE('',#8363);
#7520=PLANE('',#8364);
#7521=PLANE('',#8365);
#7522=PLANE('',#8367);
#7523=PLANE('',#8370);
#7524=PLANE('',#8378);
#7525=PLANE('',#8386);
#7526=PLANE('',#8387);
#7527=PLANE('',#8390);
#7528=PLANE('',#8391);
#7529=PLANE('',#8392);
#7530=PLANE('',#8412);
#7531=PLANE('',#8413);
#7532=PLANE('',#8414);
#7533=PLANE('',#8418);
#7534=PLANE('',#8421);
#7535=PLANE('',#8422);
#7536=PLANE('',#8423);
#7537=PLANE('',#8434);
#7538=PLANE('',#8435);
#7539=PLANE('',#8438);
#7540=PLANE('',#8441);
#7541=PLANE('',#8448);
#7542=PLANE('',#8451);
#7543=PLANE('',#8455);
#7544=PLANE('',#8459);
#7545=PLANE('',#8460);
#7546=PLANE('',#8462);
#7547=PLANE('',#8468);
#7548=PLANE('',#8469);
#7549=PLANE('',#8470);
#7550=PLANE('',#8471);
#7551=PLANE('',#8472);
#7552=PLANE('',#8474);
#7553=PLANE('',#8479);
#7554=PLANE('',#8480);
#7555=PLANE('',#8484);
#7556=PLANE('',#8488);
#7557=PLANE('',#8489);
#7558=PLANE('',#8493);
#7559=PLANE('',#8494);
#7560=PLANE('',#8495);
#7561=PLANE('',#8496);
#7562=PLANE('',#8500);
#7563=PLANE('',#8504);
#7564=PLANE('',#8505);
#7565=PLANE('',#8507);
#7566=PLANE('',#8511);
#7567=PLANE('',#8534);
#7568=PLANE('',#8540);
#7569=PLANE('',#8545);
#7570=PLANE('',#8546);
#7571=PLANE('',#8547);
#7572=PLANE('',#8548);
#7573=PLANE('',#8555);
#7574=PLANE('',#8556);
#7575=PLANE('',#8557);
#7576=PLANE('',#8558);
#7577=PLANE('',#8561);
#7578=PLANE('',#8562);
#7579=PLANE('',#8565);
#7580=PLANE('',#8566);
#7581=PLANE('',#8567);
#7582=PLANE('',#8570);
#7583=PLANE('',#8571);
#7584=PLANE('',#8574);
#7585=PLANE('',#8575);
#7586=PLANE('',#8576);
#7587=PLANE('',#8577);
#7588=PLANE('',#8578);
#7589=PLANE('',#8579);
#7590=PLANE('',#8582);
#7591=PLANE('',#8583);
#7592=PLANE('',#8586);
#7593=PLANE('',#8587);
#7594=PLANE('',#8588);
#7595=PLANE('',#8589);
#7596=PLANE('',#8590);
#7597=PLANE('',#8591);
#7598=PLANE('',#8592);
#7599=PLANE('',#8593);
#7600=PLANE('',#8596);
#7601=PLANE('',#8601);
#7602=PLANE('',#8606);
#7603=PLANE('',#8611);
#7604=PLANE('',#8634);
#7605=PLANE('',#8636);
#7606=PLANE('',#8637);
#7607=PLANE('',#8646);
#7608=PLANE('',#8647);
#7609=PLANE('',#8648);
#7610=PLANE('',#8649);
#7611=PLANE('',#8650);
#7612=PLANE('',#8651);
#7613=PLANE('',#8652);
#7614=PLANE('',#8653);
#7615=PLANE('',#8654);
#7616=PLANE('',#8655);
#7617=PLANE('',#8660);
#7618=PLANE('',#8665);
#7619=PLANE('',#8670);
#7620=PLANE('',#8675);
#7621=PLANE('',#8680);
#7622=PLANE('',#8681);
#7623=PLANE('',#8682);
#7624=PLANE('',#8683);
#7625=PLANE('',#8684);
#7626=PLANE('',#8685);
#7627=PLANE('',#8686);
#7628=PLANE('',#8687);
#7629=PLANE('',#8688);
#7630=PLANE('',#8689);
#7631=PLANE('',#8690);
#7632=PLANE('',#8691);
#7633=PLANE('',#8692);
#7634=PLANE('',#8693);
#7635=PLANE('',#8694);
#7636=PLANE('',#8695);
#7637=PLANE('',#8696);
#7638=PLANE('',#8697);
#7639=PLANE('',#8698);
#7640=PLANE('',#8699);
#7641=PLANE('',#8700);
#7642=PLANE('',#8701);
#7643=PLANE('',#8702);
#7644=PLANE('',#8703);
#7645=PLANE('',#8704);
#7646=PLANE('',#8705);
#7647=PLANE('',#8706);
#7648=PLANE('',#8707);
#7649=PLANE('',#8708);
#7650=PLANE('',#8709);
#7651=PLANE('',#8710);
#7652=PLANE('',#8711);
#7653=PLANE('',#8713);
#7654=PLANE('',#8715);
#7655=PLANE('',#8716);
#7656=PLANE('',#8717);
#7657=PLANE('',#8721);
#7658=PLANE('',#8725);
#7659=PLANE('',#8726);
#7660=PLANE('',#8727);
#7661=PLANE('',#8728);
#7662=PLANE('',#8729);
#7663=PLANE('',#8730);
#7664=PLANE('',#8731);
#7665=PLANE('',#8732);
#7666=PLANE('',#8733);
#7667=PLANE('',#8737);
#7668=PLANE('',#8741);
#7669=PLANE('',#8742);
#7670=PLANE('',#8743);
#7671=PLANE('',#8744);
#7672=PLANE('',#8745);
#7673=PLANE('',#8746);
#7674=PLANE('',#8747);
#7675=PLANE('',#8748);
#7676=PLANE('',#8749);
#7677=PLANE('',#8751);
#7678=PLANE('',#8755);
#7679=PLANE('',#8758);
#7680=PLANE('',#8759);
#7681=PLANE('',#8760);
#7682=PLANE('',#8761);
#7683=PLANE('',#8762);
#7684=PLANE('',#8763);
#7685=PLANE('',#8764);
#7686=PLANE('',#8765);
#7687=PLANE('',#8769);
#7688=PLANE('',#8773);
#7689=PLANE('',#8774);
#7690=PLANE('',#8775);
#7691=PLANE('',#8776);
#7692=PLANE('',#8777);
#7693=PLANE('',#8778);
#7694=PLANE('',#8779);
#7695=PLANE('',#8780);
#7696=PLANE('',#8782);
#7697=PLANE('',#8784);
#7698=PLANE('',#8787);
#7699=PLANE('',#8793);
#7700=PLANE('',#8806);
#7701=PLANE('',#8808);
#7702=PLANE('',#8812);
#7703=PLANE('',#8813);
#7704=PLANE('',#8815);
#7705=PLANE('',#8833);
#7706=PLANE('',#8835);
#7707=PLANE('',#8836);
#7708=PLANE('',#8840);
#7709=PLANE('',#8842);
#7710=PLANE('',#8843);
#7711=PLANE('',#8848);
#7712=PLANE('',#8853);
#7713=PLANE('',#8858);
#7714=PLANE('',#8863);
#7715=PLANE('',#8864);
#7716=PLANE('',#8867);
#7717=PLANE('',#8868);
#7718=PLANE('',#8869);
#7719=PLANE('',#8872);
#7720=PLANE('',#8873);
#7721=PLANE('',#8878);
#7722=PLANE('',#8879);
#7723=PLANE('',#8881);
#7724=PLANE('',#8883);
#7725=PLANE('',#8884);
#7726=PLANE('',#8885);
#7727=PLANE('',#8889);
#7728=PLANE('',#8890);
#7729=PLANE('',#8891);
#7730=PLANE('',#8892);
#7731=PLANE('',#8893);
#7732=PLANE('',#8894);
#7733=PLANE('',#8895);
#7734=PLANE('',#8897);
#7735=PLANE('',#8898);
#7736=PLANE('',#8900);
#7737=PLANE('',#8901);
#7738=PLANE('',#8902);
#7739=PLANE('',#8903);
#7740=PLANE('',#8904);
#7741=PLANE('',#8906);
#7742=PLANE('',#8907);
#7743=PLANE('',#8909);
#7744=PLANE('',#8910);
#7745=PLANE('',#8911);
#7746=PLANE('',#8912);
#7747=PLANE('',#8914);
#7748=PLANE('',#8915);
#7749=PLANE('',#8918);
#7750=PLANE('',#8921);
#7751=PLANE('',#8922);
#7752=PLANE('',#8923);
#7753=PLANE('',#8924);
#7754=PLANE('',#8965);
#7755=PLANE('',#8970);
#7756=PLANE('',#8971);
#7757=PLANE('',#8976);
#7758=PLANE('',#8979);
#7759=PLANE('',#8982);
#7760=PLANE('',#8985);
#7761=PLANE('',#8986);
#7762=PLANE('',#8989);
#7763=PLANE('',#8990);
#7764=PLANE('',#8993);
#7765=PLANE('',#8997);
#7766=PLANE('',#8998);
#7767=PLANE('',#9001);
#7768=PLANE('',#9006);
#7769=PLANE('',#9030);
#7770=PLANE('',#9035);
#7771=PLANE('',#9036);
#7772=PLANE('',#9037);
#7773=PLANE('',#9038);
#7774=PLANE('',#9039);
#7775=PLANE('',#9040);
#7776=PLANE('',#9047);
#7777=PLANE('',#9054);
#7778=PLANE('',#9061);
#7779=PLANE('',#9097);
#7780=PLANE('',#9098);
#7781=PLANE('',#9099);
#7782=PLANE('',#9100);
#7783=PLANE('',#9101);
#7784=PLANE('',#9102);
#7785=PLANE('',#9103);
#7786=PLANE('',#9104);
#7787=PLANE('',#9105);
#7788=PLANE('',#9114);
#7789=PLANE('',#9124);
#7790=PLANE('',#9147);
#7791=PLANE('',#9150);
#7792=PLANE('',#9153);
#7793=PLANE('',#9156);
#7794=PLANE('',#9164);
#7795=PLANE('',#9170);
#7796=PLANE('',#9176);
#7797=PLANE('',#9177);
#7798=PLANE('',#9178);
#7799=PLANE('',#9179);
#7800=PLANE('',#9180);
#7801=PLANE('',#9181);
#7802=PLANE('',#9182);
#7803=PLANE('',#9183);
#7804=PLANE('',#9185);
#7805=PLANE('',#9187);
#7806=PLANE('',#9189);
#7807=PLANE('',#9191);
#7808=PLANE('',#9193);
#7809=ADVANCED_FACE('',(#6764,#6765,#6766,#6767),#7516,.F.);
#7810=ADVANCED_FACE('',(#6768),#7517,.F.);
#7811=ADVANCED_FACE('',(#6769),#7518,.F.);
#7812=ADVANCED_FACE('',(#6770),#7519,.F.);
#7813=ADVANCED_FACE('',(#6771),#7520,.F.);
#7814=ADVANCED_FACE('',(#6772,#6773),#7521,.T.);
#7815=ADVANCED_FACE('',(#6774),#7522,.F.);
#7816=ADVANCED_FACE('',(#6775,#6776,#6777),#7523,.F.);
#7817=ADVANCED_FACE('',(#6778),#7524,.F.);
#7818=ADVANCED_FACE('',(#6779,#6780),#168,.T.);
#7819=ADVANCED_FACE('',(#6781,#6782),#169,.F.);
#7820=ADVANCED_FACE('',(#6783),#7525,.T.);
#7821=ADVANCED_FACE('',(#6784),#7526,.F.);
#7822=ADVANCED_FACE('',(#6785),#7527,.F.);
#7823=ADVANCED_FACE('',(#6786),#7528,.F.);
#7824=ADVANCED_FACE('',(#6787,#6788),#7529,.F.);
#7825=ADVANCED_FACE('',(#6789),#170,.T.);
#7826=ADVANCED_FACE('',(#6790),#171,.T.);
#7827=ADVANCED_FACE('',(#6791),#172,.T.);
#7828=ADVANCED_FACE('',(#6792),#173,.T.);
#7829=ADVANCED_FACE('',(#6793,#6794),#174,.F.);
#7830=ADVANCED_FACE('',(#6795),#7530,.T.);
#7831=ADVANCED_FACE('',(#6796),#7531,.T.);
#7832=ADVANCED_FACE('',(#6797),#7532,.F.);
#7833=ADVANCED_FACE('',(#6798),#7533,.F.);
#7834=ADVANCED_FACE('',(#6799,#6800),#7534,.F.);
#7835=ADVANCED_FACE('',(#6801,#6802),#7535,.F.);
#7836=ADVANCED_FACE('',(#6803,#6804,#6805,#6806,#6807,#6808,#6809,#6810,
#6811,#6812,#6813,#6814),#7536,.F.);
#7837=ADVANCED_FACE('',(#6815),#7537,.F.);
#7838=ADVANCED_FACE('',(#6816),#7538,.F.);
#7839=ADVANCED_FACE('',(#6817),#175,.T.);
#7840=ADVANCED_FACE('',(#6818),#7539,.T.);
#7841=ADVANCED_FACE('',(#6819,#6820,#6821,#6822,#6823,#6824,#6825),#7540,
 .F.);
#7842=ADVANCED_FACE('',(#6826),#7541,.F.);
#7843=ADVANCED_FACE('',(#6827),#7542,.F.);
#7844=ADVANCED_FACE('',(#6828),#176,.F.);
#7845=ADVANCED_FACE('',(#6829),#7543,.F.);
#7846=ADVANCED_FACE('',(#6830),#177,.F.);
#7847=ADVANCED_FACE('',(#6831),#7544,.T.);
#7848=ADVANCED_FACE('',(#6832),#7545,.T.);
#7849=ADVANCED_FACE('',(#6833),#7546,.T.);
#7850=ADVANCED_FACE('',(#6834),#178,.F.);
#7851=ADVANCED_FACE('',(#6835),#179,.F.);
#7852=ADVANCED_FACE('',(#6836),#7547,.F.);
#7853=ADVANCED_FACE('',(#6837),#7548,.T.);
#7854=ADVANCED_FACE('',(#6838),#7549,.T.);
#7855=ADVANCED_FACE('',(#6839),#7550,.T.);
#7856=ADVANCED_FACE('',(#6840),#7551,.F.);
#7857=ADVANCED_FACE('',(#6841),#7552,.F.);
#7858=ADVANCED_FACE('',(#6842),#180,.T.);
#7859=ADVANCED_FACE('',(#6843),#7553,.F.);
#7860=ADVANCED_FACE('',(#6844),#7554,.F.);
#7861=ADVANCED_FACE('',(#6845),#181,.F.);
#7862=ADVANCED_FACE('',(#6846),#7555,.F.);
#7863=ADVANCED_FACE('',(#6847),#182,.F.);
#7864=ADVANCED_FACE('',(#6848),#7556,.F.);
#7865=ADVANCED_FACE('',(#6849),#7557,.F.);
#7866=ADVANCED_FACE('',(#6850),#183,.T.);
#7867=ADVANCED_FACE('',(#6851),#7558,.F.);
#7868=ADVANCED_FACE('',(#6852),#7559,.T.);
#7869=ADVANCED_FACE('',(#6853),#7560,.F.);
#7870=ADVANCED_FACE('',(#6854),#7561,.F.);
#7871=ADVANCED_FACE('',(#6855,#6856),#184,.T.);
#7872=ADVANCED_FACE('',(#6857,#6858),#7562,.F.);
#7873=ADVANCED_FACE('',(#6859,#6860),#185,.T.);
#7874=ADVANCED_FACE('',(#6861),#7563,.F.);
#7875=ADVANCED_FACE('',(#6862),#7564,.F.);
#7876=ADVANCED_FACE('',(#6863),#7565,.F.);
#7877=ADVANCED_FACE('',(#6864,#6865),#186,.T.);
#7878=ADVANCED_FACE('',(#6866,#6867),#7566,.F.);
#7879=ADVANCED_FACE('',(#6868,#6869),#187,.T.);
#7880=ADVANCED_FACE('',(#6870,#6871),#94,.F.);
#7881=ADVANCED_FACE('',(#6872,#6873),#188,.F.);
#7882=ADVANCED_FACE('',(#6874,#6875),#95,.F.);
#7883=ADVANCED_FACE('',(#6876,#6877),#96,.F.);
#7884=ADVANCED_FACE('',(#6878,#6879),#189,.F.);
#7885=ADVANCED_FACE('',(#6880,#6881),#97,.F.);
#7886=ADVANCED_FACE('',(#6882,#6883),#98,.F.);
#7887=ADVANCED_FACE('',(#6884,#6885),#190,.F.);
#7888=ADVANCED_FACE('',(#6886,#6887),#99,.F.);
#7889=ADVANCED_FACE('',(#6888,#6889),#100,.F.);
#7890=ADVANCED_FACE('',(#6890,#6891),#191,.F.);
#7891=ADVANCED_FACE('',(#6892,#6893),#101,.F.);
#7892=ADVANCED_FACE('',(#6894),#7567,.F.);
#7893=ADVANCED_FACE('',(#6895,#6896),#102,.T.);
#7894=ADVANCED_FACE('',(#6897,#6898),#192,.T.);
#7895=ADVANCED_FACE('',(#6899,#6900),#7568,.F.);
#7896=ADVANCED_FACE('',(#6901,#6902),#103,.T.);
#7897=ADVANCED_FACE('',(#6903,#6904),#193,.T.);
#7898=ADVANCED_FACE('',(#6905),#7569,.T.);
#7899=ADVANCED_FACE('',(#6906),#7570,.T.);
#7900=ADVANCED_FACE('',(#6907),#7571,.T.);
#7901=ADVANCED_FACE('',(#6908),#7572,.T.);
#7902=ADVANCED_FACE('',(#6909,#6910),#194,.F.);
#7903=ADVANCED_FACE('',(#6911,#6912),#195,.F.);
#7904=ADVANCED_FACE('',(#6913,#6914),#196,.F.);
#7905=ADVANCED_FACE('',(#6915,#6916),#197,.F.);
#7906=ADVANCED_FACE('',(#6917,#6918),#198,.F.);
#7907=ADVANCED_FACE('',(#6919,#6920),#199,.F.);
#7908=ADVANCED_FACE('',(#6921),#7573,.F.);
#7909=ADVANCED_FACE('',(#6922),#7574,.F.);
#7910=ADVANCED_FACE('',(#6923),#7575,.F.);
#7911=ADVANCED_FACE('',(#6924,#6925,#6926),#7576,.F.);
#7912=ADVANCED_FACE('',(#6927),#7577,.F.);
#7913=ADVANCED_FACE('',(#6928,#6929,#6930),#7578,.F.);
#7914=ADVANCED_FACE('',(#6931),#7579,.F.);
#7915=ADVANCED_FACE('',(#6932),#7580,.F.);
#7916=ADVANCED_FACE('',(#6933,#6934,#6935),#7581,.F.);
#7917=ADVANCED_FACE('',(#6936),#7582,.F.);
#7918=ADVANCED_FACE('',(#6937,#6938,#6939),#7583,.F.);
#7919=ADVANCED_FACE('',(#6940),#7584,.F.);
#7920=ADVANCED_FACE('',(#6941),#7585,.F.);
#7921=ADVANCED_FACE('',(#6942),#7586,.F.);
#7922=ADVANCED_FACE('',(#6943),#7587,.F.);
#7923=ADVANCED_FACE('',(#6944),#7588,.F.);
#7924=ADVANCED_FACE('',(#6945),#7589,.F.);
#7925=ADVANCED_FACE('',(#6946),#200,.F.);
#7926=ADVANCED_FACE('',(#6947),#7590,.F.);
#7927=ADVANCED_FACE('',(#6948),#7591,.F.);
#7928=ADVANCED_FACE('',(#6949),#201,.F.);
#7929=ADVANCED_FACE('',(#6950),#7592,.F.);
#7930=ADVANCED_FACE('',(#6951),#7593,.F.);
#7931=ADVANCED_FACE('',(#6952),#7594,.F.);
#7932=ADVANCED_FACE('',(#6953),#7595,.F.);
#7933=ADVANCED_FACE('',(#6954),#7596,.F.);
#7934=ADVANCED_FACE('',(#6955),#7597,.F.);
#7935=ADVANCED_FACE('',(#6956),#7598,.T.);
#7936=ADVANCED_FACE('',(#6957),#7599,.F.);
#7937=ADVANCED_FACE('',(#6958,#6959),#202,.F.);
#7938=ADVANCED_FACE('',(#6960,#6961),#7600,.T.);
#7939=ADVANCED_FACE('',(#6962,#6963),#203,.F.);
#7940=ADVANCED_FACE('',(#6964,#6965),#204,.F.);
#7941=ADVANCED_FACE('',(#6966,#6967),#7601,.T.);
#7942=ADVANCED_FACE('',(#6968,#6969),#205,.F.);
#7943=ADVANCED_FACE('',(#6970,#6971),#206,.F.);
#7944=ADVANCED_FACE('',(#6972,#6973),#7602,.T.);
#7945=ADVANCED_FACE('',(#6974,#6975),#207,.F.);
#7946=ADVANCED_FACE('',(#6976,#6977),#208,.F.);
#7947=ADVANCED_FACE('',(#6978,#6979),#7603,.T.);
#7948=ADVANCED_FACE('',(#6980,#6981),#209,.F.);
#7949=ADVANCED_FACE('',(#6982,#6983),#104,.F.);
#7950=ADVANCED_FACE('',(#6984,#6985),#210,.F.);
#7951=ADVANCED_FACE('',(#6986,#6987),#105,.F.);
#7952=ADVANCED_FACE('',(#6988,#6989),#106,.F.);
#7953=ADVANCED_FACE('',(#6990,#6991),#211,.F.);
#7954=ADVANCED_FACE('',(#6992,#6993),#107,.F.);
#7955=ADVANCED_FACE('',(#6994,#6995),#108,.F.);
#7956=ADVANCED_FACE('',(#6996,#6997),#212,.F.);
#7957=ADVANCED_FACE('',(#6998,#6999),#109,.F.);
#7958=ADVANCED_FACE('',(#7000,#7001),#110,.F.);
#7959=ADVANCED_FACE('',(#7002,#7003),#213,.F.);
#7960=ADVANCED_FACE('',(#7004,#7005),#111,.F.);
#7961=ADVANCED_FACE('',(#7006,#7007),#7604,.F.);
#7962=ADVANCED_FACE('',(#7008),#7605,.F.);
#7963=ADVANCED_FACE('',(#7009),#7606,.F.);
#7964=ADVANCED_FACE('',(#7010,#7011),#112,.T.);
#7965=ADVANCED_FACE('',(#7012,#7013,#7014,#7015),#214,.T.);
#7966=ADVANCED_FACE('',(#7016,#7017),#7607,.F.);
#7967=ADVANCED_FACE('',(#7018),#7608,.F.);
#7968=ADVANCED_FACE('',(#7019),#7609,.T.);
#7969=ADVANCED_FACE('',(#7020),#7610,.F.);
#7970=ADVANCED_FACE('',(#7021),#7611,.F.);
#7971=ADVANCED_FACE('',(#7022),#7612,.F.);
#7972=ADVANCED_FACE('',(#7023),#7613,.T.);
#7973=ADVANCED_FACE('',(#7024),#7614,.F.);
#7974=ADVANCED_FACE('',(#7025),#7615,.T.);
#7975=ADVANCED_FACE('',(#7026,#7027,#7028,#7029,#7030,#7031),#7616,.F.);
#7976=ADVANCED_FACE('',(#7032),#7617,.F.);
#7977=ADVANCED_FACE('',(#7033,#7034),#215,.T.);
#7978=ADVANCED_FACE('',(#7035,#7036),#113,.T.);
#7979=ADVANCED_FACE('',(#7037,#7038),#7618,.F.);
#7980=ADVANCED_FACE('',(#7039,#7040),#216,.T.);
#7981=ADVANCED_FACE('',(#7041,#7042),#114,.T.);
#7982=ADVANCED_FACE('',(#7043,#7044),#7619,.F.);
#7983=ADVANCED_FACE('',(#7045,#7046),#217,.T.);
#7984=ADVANCED_FACE('',(#7047,#7048),#115,.T.);
#7985=ADVANCED_FACE('',(#7049,#7050),#7620,.F.);
#7986=ADVANCED_FACE('',(#7051,#7052),#218,.T.);
#7987=ADVANCED_FACE('',(#7053,#7054),#116,.T.);
#7988=ADVANCED_FACE('',(#7055,#7056),#7621,.F.);
#7989=ADVANCED_FACE('',(#7057),#7622,.F.);
#7990=ADVANCED_FACE('',(#7058),#7623,.F.);
#7991=ADVANCED_FACE('',(#7059),#7624,.F.);
#7992=ADVANCED_FACE('',(#7060),#7625,.F.);
#7993=ADVANCED_FACE('',(#7061),#7626,.F.);
#7994=ADVANCED_FACE('',(#7062),#7627,.F.);
#7995=ADVANCED_FACE('',(#7063),#7628,.T.);
#7996=ADVANCED_FACE('',(#7064),#7629,.F.);
#7997=ADVANCED_FACE('',(#7065),#7630,.F.);
#7998=ADVANCED_FACE('',(#7066),#7631,.F.);
#7999=ADVANCED_FACE('',(#7067),#7632,.F.);
#8000=ADVANCED_FACE('',(#7068),#7633,.F.);
#8001=ADVANCED_FACE('',(#7069),#7634,.F.);
#8002=ADVANCED_FACE('',(#7070),#7635,.T.);
#8003=ADVANCED_FACE('',(#7071),#7636,.F.);
#8004=ADVANCED_FACE('',(#7072),#7637,.F.);
#8005=ADVANCED_FACE('',(#7073),#7638,.F.);
#8006=ADVANCED_FACE('',(#7074),#7639,.F.);
#8007=ADVANCED_FACE('',(#7075),#7640,.F.);
#8008=ADVANCED_FACE('',(#7076),#7641,.F.);
#8009=ADVANCED_FACE('',(#7077),#7642,.T.);
#8010=ADVANCED_FACE('',(#7078),#7643,.F.);
#8011=ADVANCED_FACE('',(#7079),#7644,.F.);
#8012=ADVANCED_FACE('',(#7080),#7645,.F.);
#8013=ADVANCED_FACE('',(#7081),#7646,.F.);
#8014=ADVANCED_FACE('',(#7082),#7647,.F.);
#8015=ADVANCED_FACE('',(#7083),#7648,.F.);
#8016=ADVANCED_FACE('',(#7084),#7649,.T.);
#8017=ADVANCED_FACE('',(#7085),#7650,.T.);
#8018=ADVANCED_FACE('',(#7086),#7651,.T.);
#8019=ADVANCED_FACE('',(#7087),#7652,.T.);
#8020=ADVANCED_FACE('',(#7088),#7653,.T.);
#8021=ADVANCED_FACE('',(#7089),#7654,.T.);
#8022=ADVANCED_FACE('',(#7090),#7655,.T.);
#8023=ADVANCED_FACE('',(#7091,#7092),#7656,.F.);
#8024=ADVANCED_FACE('',(#7093,#7094),#219,.T.);
#8025=ADVANCED_FACE('',(#7095,#7096),#7657,.F.);
#8026=ADVANCED_FACE('',(#7097,#7098),#220,.T.);
#8027=ADVANCED_FACE('',(#7099),#7658,.F.);
#8028=ADVANCED_FACE('',(#7100),#7659,.F.);
#8029=ADVANCED_FACE('',(#7101),#7660,.F.);
#8030=ADVANCED_FACE('',(#7102),#7661,.F.);
#8031=ADVANCED_FACE('',(#7103),#7662,.F.);
#8032=ADVANCED_FACE('',(#7104),#7663,.F.);
#8033=ADVANCED_FACE('',(#7105),#7664,.F.);
#8034=ADVANCED_FACE('',(#7106),#7665,.T.);
#8035=ADVANCED_FACE('',(#7107),#7666,.F.);
#8036=ADVANCED_FACE('',(#7108,#7109),#221,.T.);
#8037=ADVANCED_FACE('',(#7110,#7111),#7667,.F.);
#8038=ADVANCED_FACE('',(#7112,#7113),#222,.T.);
#8039=ADVANCED_FACE('',(#7114,#7115),#7668,.F.);
#8040=ADVANCED_FACE('',(#7116),#7669,.F.);
#8041=ADVANCED_FACE('',(#7117),#7670,.F.);
#8042=ADVANCED_FACE('',(#7118),#7671,.F.);
#8043=ADVANCED_FACE('',(#7119),#7672,.F.);
#8044=ADVANCED_FACE('',(#7120),#7673,.F.);
#8045=ADVANCED_FACE('',(#7121),#7674,.F.);
#8046=ADVANCED_FACE('',(#7122),#7675,.T.);
#8047=ADVANCED_FACE('',(#7123),#7676,.F.);
#8048=ADVANCED_FACE('',(#7124,#7125),#7677,.F.);
#8049=ADVANCED_FACE('',(#7126,#7127),#223,.T.);
#8050=ADVANCED_FACE('',(#7128,#7129),#7678,.F.);
#8051=ADVANCED_FACE('',(#7130,#7131),#224,.T.);
#8052=ADVANCED_FACE('',(#7132),#7679,.F.);
#8053=ADVANCED_FACE('',(#7133),#7680,.F.);
#8054=ADVANCED_FACE('',(#7134),#7681,.F.);
#8055=ADVANCED_FACE('',(#7135),#7682,.F.);
#8056=ADVANCED_FACE('',(#7136),#7683,.F.);
#8057=ADVANCED_FACE('',(#7137),#7684,.F.);
#8058=ADVANCED_FACE('',(#7138),#7685,.T.);
#8059=ADVANCED_FACE('',(#7139),#7686,.F.);
#8060=ADVANCED_FACE('',(#7140,#7141),#225,.T.);
#8061=ADVANCED_FACE('',(#7142,#7143),#7687,.F.);
#8062=ADVANCED_FACE('',(#7144,#7145),#226,.T.);
#8063=ADVANCED_FACE('',(#7146,#7147),#7688,.F.);
#8064=ADVANCED_FACE('',(#7148),#7689,.F.);
#8065=ADVANCED_FACE('',(#7149),#7690,.F.);
#8066=ADVANCED_FACE('',(#7150),#7691,.F.);
#8067=ADVANCED_FACE('',(#7151),#7692,.F.);
#8068=ADVANCED_FACE('',(#7152),#7693,.F.);
#8069=ADVANCED_FACE('',(#7153),#7694,.F.);
#8070=ADVANCED_FACE('',(#7154),#7695,.T.);
#8071=ADVANCED_FACE('',(#7155,#7156),#227,.F.);
#8072=ADVANCED_FACE('',(#7157),#7696,.T.);
#8073=ADVANCED_FACE('',(#7158),#228,.F.);
#8074=ADVANCED_FACE('',(#7159),#7697,.T.);
#8075=ADVANCED_FACE('',(#7160),#229,.F.);
#8076=ADVANCED_FACE('',(#7161),#7698,.F.);
#8077=ADVANCED_FACE('',(#7162,#7163,#7164,#7165),#7699,.T.);
#8078=ADVANCED_FACE('',(#7166),#7700,.T.);
#8079=ADVANCED_FACE('',(#7167),#7701,.F.);
#8080=ADVANCED_FACE('',(#7168),#117,.T.);
#8081=ADVANCED_FACE('',(#7169),#118,.T.);
#8082=ADVANCED_FACE('',(#7170),#7702,.F.);
#8083=ADVANCED_FACE('',(#7171),#7703,.F.);
#8084=ADVANCED_FACE('',(#7172,#7173,#7174,#7175),#7704,.F.);
#8085=ADVANCED_FACE('',(#7176),#119,.T.);
#8086=ADVANCED_FACE('',(#7177),#120,.T.);
#8087=ADVANCED_FACE('',(#7178),#7705,.F.);
#8088=ADVANCED_FACE('',(#7179),#7706,.F.);
#8089=ADVANCED_FACE('',(#7180),#7707,.F.);
#8090=ADVANCED_FACE('',(#7181),#7708,.F.);
#8091=ADVANCED_FACE('',(#7182),#7709,.F.);
#8092=ADVANCED_FACE('',(#7183,#7184,#7185,#7186,#7187),#7710,.F.);
#8093=ADVANCED_FACE('',(#7188,#7189,#7190,#7191,#7192),#7711,.F.);
#8094=ADVANCED_FACE('',(#7193),#7712,.T.);
#8095=ADVANCED_FACE('',(#7194),#7713,.F.);
#8096=ADVANCED_FACE('',(#7195),#7714,.F.);
#8097=ADVANCED_FACE('',(#7196,#7197,#7198),#7715,.F.);
#8098=ADVANCED_FACE('',(#7199),#7716,.F.);
#8099=ADVANCED_FACE('',(#7200),#7717,.F.);
#8100=ADVANCED_FACE('',(#7201,#7202,#7203),#7718,.F.);
#8101=ADVANCED_FACE('',(#7204),#7719,.F.);
#8102=ADVANCED_FACE('',(#7205,#7206,#7207,#7208),#7720,.F.);
#8103=ADVANCED_FACE('',(#7209),#7721,.F.);
#8104=ADVANCED_FACE('',(#7210),#7722,.F.);
#8105=ADVANCED_FACE('',(#7211),#230,.F.);
#8106=ADVANCED_FACE('',(#7212),#7723,.F.);
#8107=ADVANCED_FACE('',(#7213),#231,.F.);
#8108=ADVANCED_FACE('',(#7214),#7724,.F.);
#8109=ADVANCED_FACE('',(#7215),#7725,.F.);
#8110=ADVANCED_FACE('',(#7216,#7217,#7218,#7219),#7726,.F.);
#8111=ADVANCED_FACE('',(#7220),#7727,.F.);
#8112=ADVANCED_FACE('',(#7221),#7728,.F.);
#8113=ADVANCED_FACE('',(#7222),#7729,.F.);
#8114=ADVANCED_FACE('',(#7223),#7730,.F.);
#8115=ADVANCED_FACE('',(#7224),#7731,.F.);
#8116=ADVANCED_FACE('',(#7225),#7732,.F.);
#8117=ADVANCED_FACE('',(#7226),#7733,.F.);
#8118=ADVANCED_FACE('',(#7227),#232,.T.);
#8119=ADVANCED_FACE('',(#7228),#7734,.F.);
#8120=ADVANCED_FACE('',(#7229),#7735,.F.);
#8121=ADVANCED_FACE('',(#7230),#233,.T.);
#8122=ADVANCED_FACE('',(#7231),#7736,.F.);
#8123=ADVANCED_FACE('',(#7232),#7737,.F.);
#8124=ADVANCED_FACE('',(#7233),#7738,.F.);
#8125=ADVANCED_FACE('',(#7234),#7739,.F.);
#8126=ADVANCED_FACE('',(#7235),#7740,.F.);
#8127=ADVANCED_FACE('',(#7236),#234,.T.);
#8128=ADVANCED_FACE('',(#7237),#7741,.F.);
#8129=ADVANCED_FACE('',(#7238),#7742,.F.);
#8130=ADVANCED_FACE('',(#7239),#235,.T.);
#8131=ADVANCED_FACE('',(#7240),#7743,.F.);
#8132=ADVANCED_FACE('',(#7241),#7744,.F.);
#8133=ADVANCED_FACE('',(#7242),#7745,.F.);
#8134=ADVANCED_FACE('',(#7243),#7746,.F.);
#8135=ADVANCED_FACE('',(#7244,#7245),#236,.F.);
#8136=ADVANCED_FACE('',(#7246),#7747,.F.);
#8137=ADVANCED_FACE('',(#7247),#7748,.F.);
#8138=ADVANCED_FACE('',(#7248),#121,.T.);
#8139=ADVANCED_FACE('',(#7249),#122,.F.);
#8140=ADVANCED_FACE('',(#7250),#7749,.F.);
#8141=ADVANCED_FACE('',(#7251),#123,.T.);
#8142=ADVANCED_FACE('',(#7252),#124,.F.);
#8143=ADVANCED_FACE('',(#7253),#7750,.T.);
#8144=ADVANCED_FACE('',(#7254),#7751,.T.);
#8145=ADVANCED_FACE('',(#7255),#7752,.T.);
#8146=ADVANCED_FACE('',(#7256),#7753,.T.);
#8147=ADVANCED_FACE('',(#7257,#7258),#125,.F.);
#8148=ADVANCED_FACE('',(#7259,#7260),#237,.F.);
#8149=ADVANCED_FACE('',(#7261,#7262),#126,.F.);
#8150=ADVANCED_FACE('',(#7263,#7264),#127,.F.);
#8151=ADVANCED_FACE('',(#7265,#7266),#238,.F.);
#8152=ADVANCED_FACE('',(#7267,#7268),#128,.F.);
#8153=ADVANCED_FACE('',(#7269,#7270),#129,.F.);
#8154=ADVANCED_FACE('',(#7271,#7272),#239,.F.);
#8155=ADVANCED_FACE('',(#7273,#7274),#130,.F.);
#8156=ADVANCED_FACE('',(#7275,#7276),#131,.F.);
#8157=ADVANCED_FACE('',(#7277,#7278),#240,.F.);
#8158=ADVANCED_FACE('',(#7279,#7280),#132,.F.);
#8159=ADVANCED_FACE('',(#7281,#7282),#133,.F.);
#8160=ADVANCED_FACE('',(#7283,#7284),#241,.F.);
#8161=ADVANCED_FACE('',(#7285,#7286),#134,.F.);
#8162=ADVANCED_FACE('',(#7287,#7288),#135,.F.);
#8163=ADVANCED_FACE('',(#7289,#7290),#242,.F.);
#8164=ADVANCED_FACE('',(#7291,#7292),#136,.F.);
#8165=ADVANCED_FACE('',(#7293,#7294),#137,.F.);
#8166=ADVANCED_FACE('',(#7295,#7296),#243,.F.);
#8167=ADVANCED_FACE('',(#7297,#7298),#138,.F.);
#8168=ADVANCED_FACE('',(#7299,#7300),#139,.F.);
#8169=ADVANCED_FACE('',(#7301,#7302),#244,.F.);
#8170=ADVANCED_FACE('',(#7303,#7304),#140,.F.);
#8171=ADVANCED_FACE('',(#7305),#7754,.F.);
#8172=ADVANCED_FACE('',(#7306,#7307),#245,.T.);
#8173=ADVANCED_FACE('',(#7308,#7309),#246,.T.);
#8174=ADVANCED_FACE('',(#7310),#7755,.T.);
#8175=ADVANCED_FACE('',(#7311),#7756,.F.);
#8176=ADVANCED_FACE('',(#7312,#7313),#247,.T.);
#8177=ADVANCED_FACE('',(#7314,#7315),#248,.T.);
#8178=ADVANCED_FACE('',(#7316),#7757,.T.);
#8179=ADVANCED_FACE('',(#7317,#7318),#249,.F.);
#8180=ADVANCED_FACE('',(#7319),#7758,.T.);
#8181=ADVANCED_FACE('',(#7320),#250,.F.);
#8182=ADVANCED_FACE('',(#7321),#7759,.F.);
#8183=ADVANCED_FACE('',(#7322),#251,.F.);
#8184=ADVANCED_FACE('',(#7323),#7760,.F.);
#8185=ADVANCED_FACE('',(#7324),#7761,.T.);
#8186=ADVANCED_FACE('',(#7325),#252,.F.);
#8187=ADVANCED_FACE('',(#7326),#7762,.T.);
#8188=ADVANCED_FACE('',(#7327),#7763,.T.);
#8189=ADVANCED_FACE('',(#7328),#253,.F.);
#8190=ADVANCED_FACE('',(#7329,#7330),#7764,.F.);
#8191=ADVANCED_FACE('',(#7331),#254,.F.);
#8192=ADVANCED_FACE('',(#7332),#7765,.T.);
#8193=ADVANCED_FACE('',(#7333),#7766,.T.);
#8194=ADVANCED_FACE('',(#7334),#255,.F.);
#8195=ADVANCED_FACE('',(#7335),#7767,.T.);
#8196=ADVANCED_FACE('',(#7336),#18,.T.);
#8197=ADVANCED_FACE('',(#7337,#7338),#256,.T.);
#8198=ADVANCED_FACE('',(#7339,#7340),#7768,.F.);
#8199=ADVANCED_FACE('',(#7341,#7342),#257,.T.);
#8200=ADVANCED_FACE('',(#7343,#7344),#141,.F.);
#8201=ADVANCED_FACE('',(#7345,#7346),#258,.F.);
#8202=ADVANCED_FACE('',(#7347,#7348),#142,.F.);
#8203=ADVANCED_FACE('',(#7349,#7350),#143,.F.);
#8204=ADVANCED_FACE('',(#7351,#7352),#259,.F.);
#8205=ADVANCED_FACE('',(#7353,#7354),#144,.F.);
#8206=ADVANCED_FACE('',(#7355,#7356),#145,.F.);
#8207=ADVANCED_FACE('',(#7357,#7358),#260,.F.);
#8208=ADVANCED_FACE('',(#7359,#7360),#146,.F.);
#8209=ADVANCED_FACE('',(#7361,#7362),#147,.F.);
#8210=ADVANCED_FACE('',(#7363,#7364),#261,.F.);
#8211=ADVANCED_FACE('',(#7365,#7366),#148,.F.);
#8212=ADVANCED_FACE('',(#7367,#7368,#7369,#7370,#7371),#7769,.F.);
#8213=ADVANCED_FACE('',(#7372),#7770,.F.);
#8214=ADVANCED_FACE('',(#7373),#7771,.F.);
#8215=ADVANCED_FACE('',(#7374),#7772,.F.);
#8216=ADVANCED_FACE('',(#7375),#7773,.T.);
#8217=ADVANCED_FACE('',(#7376),#7774,.F.);
#8218=ADVANCED_FACE('',(#7377),#7775,.F.);
#8219=ADVANCED_FACE('',(#7378,#7379),#262,.T.);
#8220=ADVANCED_FACE('',(#7380,#7381),#149,.T.);
#8221=ADVANCED_FACE('',(#7382,#7383),#263,.T.);
#8222=ADVANCED_FACE('',(#7384),#7776,.F.);
#8223=ADVANCED_FACE('',(#7385,#7386),#264,.T.);
#8224=ADVANCED_FACE('',(#7387,#7388),#150,.T.);
#8225=ADVANCED_FACE('',(#7389,#7390),#265,.T.);
#8226=ADVANCED_FACE('',(#7391),#7777,.F.);
#8227=ADVANCED_FACE('',(#7392,#7393),#266,.T.);
#8228=ADVANCED_FACE('',(#7394,#7395),#151,.T.);
#8229=ADVANCED_FACE('',(#7396,#7397),#267,.T.);
#8230=ADVANCED_FACE('',(#7398),#7778,.F.);
#8231=ADVANCED_FACE('',(#7399,#7400),#268,.T.);
#8232=ADVANCED_FACE('',(#7401,#7402),#152,.T.);
#8233=ADVANCED_FACE('',(#7403,#7404),#269,.T.);
#8234=ADVANCED_FACE('',(#7405),#270,.F.);
#8235=ADVANCED_FACE('',(#7406),#271,.F.);
#8236=ADVANCED_FACE('',(#7407),#272,.F.);
#8237=ADVANCED_FACE('',(#7408),#273,.F.);
#8238=ADVANCED_FACE('',(#7409,#7410),#274,.F.);
#8239=ADVANCED_FACE('',(#7411,#7412),#275,.F.);
#8240=ADVANCED_FACE('',(#7413,#7414),#276,.F.);
#8241=ADVANCED_FACE('',(#7415,#7416),#277,.F.);
#8242=ADVANCED_FACE('',(#7417),#7779,.F.);
#8243=ADVANCED_FACE('',(#7418),#7780,.F.);
#8244=ADVANCED_FACE('',(#7419),#7781,.F.);
#8245=ADVANCED_FACE('',(#7420),#7782,.F.);
#8246=ADVANCED_FACE('',(#7421),#7783,.F.);
#8247=ADVANCED_FACE('',(#7422),#7784,.F.);
#8248=ADVANCED_FACE('',(#7423),#7785,.F.);
#8249=ADVANCED_FACE('',(#7424),#7786,.F.);
#8250=ADVANCED_FACE('',(#7425,#7426,#7427,#7428,#7429,#7430),#7787,.T.);
#8251=ADVANCED_FACE('',(#7431,#7432,#7433,#7434,#7435,#7436,#7437,#7438,
#7439,#7440),#7788,.F.);
#8252=ADVANCED_FACE('',(#7441,#7442),#7789,.T.);
#8253=ADVANCED_FACE('',(#7443,#7444),#278,.F.);
#8254=ADVANCED_FACE('',(#7445,#7446),#153,.F.);
#8255=ADVANCED_FACE('',(#7447,#7448),#279,.F.);
#8256=ADVANCED_FACE('',(#7449,#7450),#154,.F.);
#8257=ADVANCED_FACE('',(#7451,#7452),#155,.F.);
#8258=ADVANCED_FACE('',(#7453,#7454),#280,.F.);
#8259=ADVANCED_FACE('',(#7455,#7456),#156,.F.);
#8260=ADVANCED_FACE('',(#7457,#7458),#157,.F.);
#8261=ADVANCED_FACE('',(#7459,#7460),#281,.F.);
#8262=ADVANCED_FACE('',(#7461,#7462),#158,.F.);
#8263=ADVANCED_FACE('',(#7463,#7464),#159,.F.);
#8264=ADVANCED_FACE('',(#7465,#7466),#282,.F.);
#8265=ADVANCED_FACE('',(#7467,#7468),#160,.F.);
#8266=ADVANCED_FACE('',(#7469,#7470),#7790,.T.);
#8267=ADVANCED_FACE('',(#7471,#7472),#283,.F.);
#8268=ADVANCED_FACE('',(#7473,#7474),#7791,.T.);
#8269=ADVANCED_FACE('',(#7475,#7476),#284,.F.);
#8270=ADVANCED_FACE('',(#7477,#7478),#7792,.T.);
#8271=ADVANCED_FACE('',(#7479,#7480),#285,.F.);
#8272=ADVANCED_FACE('',(#7481,#7482),#7793,.T.);
#8273=ADVANCED_FACE('',(#7483,#7484),#286,.F.);
#8274=ADVANCED_FACE('',(#7485),#161,.F.);
#8275=ADVANCED_FACE('',(#7486),#162,.F.);
#8276=ADVANCED_FACE('',(#7487),#163,.F.);
#8277=ADVANCED_FACE('',(#7488),#164,.F.);
#8278=ADVANCED_FACE('',(#7489,#7490),#7794,.F.);
#8279=ADVANCED_FACE('',(#7491,#7492),#165,.T.);
#8280=ADVANCED_FACE('',(#7493,#7494),#287,.T.);
#8281=ADVANCED_FACE('',(#7495,#7496),#7795,.F.);
#8282=ADVANCED_FACE('',(#7497,#7498),#288,.T.);
#8283=ADVANCED_FACE('',(#7499,#7500),#166,.T.);
#8284=ADVANCED_FACE('',(#7501),#7796,.F.);
#8285=ADVANCED_FACE('',(#7502),#7797,.T.);
#8286=ADVANCED_FACE('',(#7503),#7798,.T.);
#8287=ADVANCED_FACE('',(#7504),#7799,.T.);
#8288=ADVANCED_FACE('',(#7505),#7800,.T.);
#8289=ADVANCED_FACE('',(#7506),#7801,.T.);
#8290=ADVANCED_FACE('',(#7507),#7802,.T.);
#8291=ADVANCED_FACE('',(#7508),#7803,.F.);
#8292=ADVANCED_FACE('',(#7509),#7804,.F.);
#8293=ADVANCED_FACE('',(#7510),#7805,.F.);
#8294=ADVANCED_FACE('',(#7511),#7806,.F.);
#8295=ADVANCED_FACE('',(#7512),#7807,.F.);
#8296=ADVANCED_FACE('',(#7513),#7808,.F.);
#8297=ADVANCED_FACE('',(#7514,#7515),#167,.F.);
#8298=CLOSED_SHELL('',(#7809,#7810,#7811,#7812,#7813,#7814,#7815,#7816,
#7817,#7818,#7819,#7820,#7821,#7822,#7823,#7824,#7825,#7826,#7827,#7828,
#7829,#7830,#7831,#7832,#7833,#7834,#7835,#7836,#7837,#7838,#7839,#7840,
#7841,#7842,#7843,#7844,#7845,#7846,#7847,#7848,#7849,#7850,#7851,#7852,
#7853,#7854,#7855,#7856,#7857,#7858,#7859,#7860,#7861,#7862,#7863,#7864,
#7865,#7866,#7867,#7868,#7869,#7870,#7871,#7872,#7873,#7874,#7875,#7876,
#7877,#7878,#7879,#7880,#7881,#7882,#7883,#7884,#7885,#7886,#7887,#7888,
#7889,#7890,#7891,#7892,#7893,#7894,#7895,#7896,#7897,#7898,#7899,#7900,
#7901,#7902,#7903,#7904,#7905,#7906,#7907,#7908,#7909,#7910,#7911,#7912,
#7913,#7914,#7915,#7916,#7917,#7918,#7919,#7920,#7921,#7922,#7923,#7924,
#7925,#7926,#7927,#7928,#7929,#7930,#7931,#7932,#7933,#7934,#7935,#7936,
#7937,#7938,#7939,#7940,#7941,#7942,#7943,#7944,#7945,#7946,#7947,#7948,
#7949,#7950,#7951,#7952,#7953,#7954,#7955,#7956,#7957,#7958,#7959,#7960,
#7961,#7962,#7963,#7964,#7965,#7966,#7967,#7968,#7969,#7970,#7971,#7972,
#7973,#7974,#7975,#7976,#7977,#7978,#7979,#7980,#7981,#7982,#7983,#7984,
#7985,#7986,#7987,#7988,#7989,#7990,#7991,#7992,#7993,#7994,#7995,#7996,
#7997,#7998,#7999,#8000,#8001,#8002,#8003,#8004,#8005,#8006,#8007,#8008,
#8009,#8010,#8011,#8012,#8013,#8014,#8015,#8016,#8017,#8018,#8019,#8020,
#8021,#8022,#8023,#8024,#8025,#8026,#8027,#8028,#8029,#8030,#8031,#8032,
#8033,#8034,#8035,#8036,#8037,#8038,#8039,#8040,#8041,#8042,#8043,#8044,
#8045,#8046,#8047,#8048,#8049,#8050,#8051,#8052,#8053,#8054,#8055,#8056,
#8057,#8058,#8059,#8060,#8061,#8062,#8063,#8064,#8065,#8066,#8067,#8068,
#8069,#8070,#8071,#8072,#8073,#8074,#8075));
#8299=CLOSED_SHELL('',(#8076,#8077,#8078,#8079,#8080,#8081,#8082,#8083,
#8084,#8085,#8086,#8087,#8088,#8089,#8090,#8091,#8092,#8093,#8094,#8095,
#8096,#8097,#8098,#8099,#8100,#8101,#8102,#8103,#8104,#8105,#8106,#8107,
#8108,#8109,#8110,#8111,#8112,#8113,#8114,#8115,#8116,#8117,#8118,#8119,
#8120,#8121,#8122,#8123,#8124,#8125,#8126,#8127,#8128,#8129,#8130,#8131,
#8132,#8133,#8134,#8135,#8136,#8137,#8138,#8139,#8140,#8141,#8142,#8143,
#8144,#8145,#8146,#8147,#8148,#8149,#8150,#8151,#8152,#8153,#8154,#8155,
#8156,#8157,#8158,#8159,#8160,#8161,#8162,#8163,#8164,#8165,#8166,#8167,
#8168,#8169,#8170,#8171,#8172,#8173,#8174,#8175,#8176,#8177,#8178,#8179,
#8180,#8181,#8182,#8183,#8184,#8185,#8186,#8187,#8188,#8189,#8190,#8191,
#8192,#8193,#8194,#8195,#8196,#8197,#8198,#8199,#8200,#8201,#8202,#8203,
#8204,#8205,#8206,#8207,#8208,#8209,#8210,#8211));
#8300=CLOSED_SHELL('',(#8212,#8213,#8214,#8215,#8216,#8217,#8218,#8219,
#8220,#8221,#8222,#8223,#8224,#8225,#8226,#8227,#8228,#8229,#8230,#8231,
#8232,#8233));
#8301=CLOSED_SHELL('',(#8234,#8235,#8236,#8237,#8238,#8239,#8240,#8241,
#8242,#8243,#8244,#8245,#8246,#8247,#8248,#8249,#8250,#8251,#8252,#8253,
#8254,#8255,#8256,#8257,#8258,#8259,#8260,#8261,#8262,#8263,#8264,#8265,
#8266,#8267,#8268,#8269,#8270,#8271,#8272,#8273,#8274,#8275,#8276,#8277));
#8302=CLOSED_SHELL('',(#8278,#8279,#8280,#8281,#8282,#8283,#8284,#8285,
#8286,#8287,#8288,#8289,#8290,#8291,#8292,#8293,#8294,#8295,#8296,#8297));
#8303=STYLED_ITEM('',(#8308),#8339);
#8304=STYLED_ITEM('',(#8309),#8340);
#8305=STYLED_ITEM('',(#8310),#8341);
#8306=STYLED_ITEM('',(#8311),#8342);
#8307=STYLED_ITEM('',(#8312),#8343);
#8308=PRESENTATION_STYLE_ASSIGNMENT((#8313));
#8309=PRESENTATION_STYLE_ASSIGNMENT((#8314));
#8310=PRESENTATION_STYLE_ASSIGNMENT((#8315));
#8311=PRESENTATION_STYLE_ASSIGNMENT((#8316));
#8312=PRESENTATION_STYLE_ASSIGNMENT((#8317));
#8313=SURFACE_STYLE_USAGE(.BOTH.,#8318);
#8314=SURFACE_STYLE_USAGE(.BOTH.,#8319);
#8315=SURFACE_STYLE_USAGE(.BOTH.,#8320);
#8316=SURFACE_STYLE_USAGE(.BOTH.,#8321);
#8317=SURFACE_STYLE_USAGE(.BOTH.,#8322);
#8318=SURFACE_SIDE_STYLE('',(#8323));
#8319=SURFACE_SIDE_STYLE('',(#8324));
#8320=SURFACE_SIDE_STYLE('',(#8325));
#8321=SURFACE_SIDE_STYLE('',(#8326));
#8322=SURFACE_SIDE_STYLE('',(#8327));
#8323=SURFACE_STYLE_FILL_AREA(#8328);
#8324=SURFACE_STYLE_FILL_AREA(#8329);
#8325=SURFACE_STYLE_FILL_AREA(#8330);
#8326=SURFACE_STYLE_FILL_AREA(#8331);
#8327=SURFACE_STYLE_FILL_AREA(#8332);
#8328=FILL_AREA_STYLE('',(#8333));
#8329=FILL_AREA_STYLE('',(#8334));
#8330=FILL_AREA_STYLE('',(#8335));
#8331=FILL_AREA_STYLE('',(#8336));
#8332=FILL_AREA_STYLE('',(#8337));
#8333=FILL_AREA_STYLE_COLOUR('',#8338);
#8334=FILL_AREA_STYLE_COLOUR('',#8338);
#8335=FILL_AREA_STYLE_COLOUR('',#8338);
#8336=FILL_AREA_STYLE_COLOUR('',#8338);
#8337=FILL_AREA_STYLE_COLOUR('',#8338);
#8338=COLOUR_RGB('',0.689999997615814,0.689999997615814,0.689999997615814);
#8339=MANIFOLD_SOLID_BREP('LX2005CG-B1-A2040-100_b',#8298);
#8340=MANIFOLD_SOLID_BREP('LX2005CG-B1-100_bl',#8299);
#8341=MANIFOLD_SOLID_BREP('LX2005C-B1-100_c',#8300);
#8342=MANIFOLD_SOLID_BREP('A2040_lx2001',#8301);
#8343=MANIFOLD_SOLID_BREP('BOLT3-12',#8302);
#8344=SHAPE_DEFINITION_REPRESENTATION(#14005,#8350);
#8345=SHAPE_DEFINITION_REPRESENTATION(#14006,#8351);
#8346=SHAPE_DEFINITION_REPRESENTATION(#14008,#8352);
#8347=SHAPE_DEFINITION_REPRESENTATION(#14010,#8353);
#8348=SHAPE_DEFINITION_REPRESENTATION(#14012,#8354);
#8349=SHAPE_DEFINITION_REPRESENTATION(#14014,#8355);
#8350=SHAPE_REPRESENTATION('LX2005CG-B1-A2040-100',(#8356,#8786,#9029,#9068,
#9163,#9196,#9197,#9198,#9199),#13990);
#8351=SHAPE_REPRESENTATION('LX2005CG-B1-A2040-100_b',(#8356),#13991);
#8352=SHAPE_REPRESENTATION('LX2005CG-B1-100_bl',(#8356),#13992);
#8353=SHAPE_REPRESENTATION('LX2005C-B1-100_c',(#8356),#13993);
#8354=SHAPE_REPRESENTATION('A2040_lx2001',(#8356),#13994);
#8355=SHAPE_REPRESENTATION('BOLT3-12',(#8356),#13995);
#8356=AXIS2_PLACEMENT_3D('',#11593,#9200,#9201);
#8357=AXIS2_PLACEMENT_3D('',#11594,#9202,#9203);
#8358=AXIS2_PLACEMENT_3D('',#11598,#9205,#9206);
#8359=AXIS2_PLACEMENT_3D('',#11602,#9208,#9209);
#8360=AXIS2_PLACEMENT_3D('',#11603,#9210,#9211);
#8361=AXIS2_PLACEMENT_3D('',#11665,#9242,#9243);
#8362=AXIS2_PLACEMENT_3D('',#11684,#9253,#9254);
#8363=AXIS2_PLACEMENT_3D('',#11687,#9257,#9258);
#8364=AXIS2_PLACEMENT_3D('',#11693,#9262,#9263);
#8365=AXIS2_PLACEMENT_3D('',#11709,#9272,#9273);
#8366=AXIS2_PLACEMENT_3D('',#11710,#9274,#9275);
#8367=AXIS2_PLACEMENT_3D('',#11719,#9281,#9282);
#8368=AXIS2_PLACEMENT_3D('',#11725,#9285,#9286);
#8369=AXIS2_PLACEMENT_3D('',#11729,#9288,#9289);
#8370=AXIS2_PLACEMENT_3D('',#11740,#9295,#9296);
#8371=AXIS2_PLACEMENT_3D('',#11744,#9298,#9299);
#8372=AXIS2_PLACEMENT_3D('',#11748,#9301,#9302);
#8373=AXIS2_PLACEMENT_3D('',#11749,#9303,#9304);
#8374=AXIS2_PLACEMENT_3D('',#11755,#9307,#9308);
#8375=AXIS2_PLACEMENT_3D('',#11759,#9310,#9311);
#8376=AXIS2_PLACEMENT_3D('',#11764,#9314,#9315);
#8377=AXIS2_PLACEMENT_3D('',#11765,#9316,#9317);
#8378=AXIS2_PLACEMENT_3D('',#11766,#9318,#9319);
#8379=AXIS2_PLACEMENT_3D('',#11776,#9325,#9326);
#8380=AXIS2_PLACEMENT_3D('',#11777,#9327,#9328);
#8381=AXIS2_PLACEMENT_3D('',#11778,#9329,#9330);
#8382=AXIS2_PLACEMENT_3D('',#11779,#9331,#9332);
#8383=AXIS2_PLACEMENT_3D('',#11781,#9333,#9334);
#8384=AXIS2_PLACEMENT_3D('',#11783,#9335,#9336);
#8385=AXIS2_PLACEMENT_3D('',#11784,#9337,#9338);
#8386=AXIS2_PLACEMENT_3D('',#11786,#9339,#9340);
#8387=AXIS2_PLACEMENT_3D('',#11800,#9348,#9349);
#8388=AXIS2_PLACEMENT_3D('',#11808,#9354,#9355);
#8389=AXIS2_PLACEMENT_3D('',#11832,#9367,#9368);
#8390=AXIS2_PLACEMENT_3D('',#11835,#9370,#9371);
#8391=AXIS2_PLACEMENT_3D('',#11839,#9374,#9375);
#8392=AXIS2_PLACEMENT_3D('',#11843,#9378,#9379);
#8393=AXIS2_PLACEMENT_3D('',#11844,#9380,#9381);
#8394=AXIS2_PLACEMENT_3D('',#11849,#9383,#9384);
#8395=AXIS2_PLACEMENT_3D('',#11853,#9386,#9387);
#8396=AXIS2_PLACEMENT_3D('',#11857,#9389,#9390);
#8397=AXIS2_PLACEMENT_3D('',#11861,#9392,#9393);
#8398=AXIS2_PLACEMENT_3D('',#11862,#9394,#9395);
#8399=AXIS2_PLACEMENT_3D('',#11867,#9398,#9399);
#8400=AXIS2_PLACEMENT_3D('',#11868,#9400,#9401);
#8401=AXIS2_PLACEMENT_3D('',#11871,#9403,#9404);
#8402=AXIS2_PLACEMENT_3D('',#11874,#9406,#9407);
#8403=AXIS2_PLACEMENT_3D('',#11879,#9410,#9411);
#8404=AXIS2_PLACEMENT_3D('',#11880,#9412,#9413);
#8405=AXIS2_PLACEMENT_3D('',#11885,#9416,#9417);
#8406=AXIS2_PLACEMENT_3D('',#11886,#9418,#9419);
#8407=AXIS2_PLACEMENT_3D('',#11887,#9420,#9421);
#8408=AXIS2_PLACEMENT_3D('',#11889,#9422,#9423);
#8409=AXIS2_PLACEMENT_3D('',#11894,#9425,#9426);
#8410=AXIS2_PLACEMENT_3D('',#11898,#9428,#9429);
#8411=AXIS2_PLACEMENT_3D('',#11902,#9431,#9432);
#8412=AXIS2_PLACEMENT_3D('',#11905,#9434,#9435);
#8413=AXIS2_PLACEMENT_3D('',#11915,#9441,#9442);
#8414=AXIS2_PLACEMENT_3D('',#11925,#9448,#9449);
#8415=AXIS2_PLACEMENT_3D('',#11932,#9453,#9454);
#8416=AXIS2_PLACEMENT_3D('',#11944,#9461,#9462);
#8417=AXIS2_PLACEMENT_3D('',#11948,#9464,#9465);
#8418=AXIS2_PLACEMENT_3D('',#11949,#9466,#9467);
#8419=AXIS2_PLACEMENT_3D('',#11955,#9470,#9471);
#8420=AXIS2_PLACEMENT_3D('',#11963,#9475,#9476);
#8421=AXIS2_PLACEMENT_3D('',#11966,#9478,#9479);
#8422=AXIS2_PLACEMENT_3D('',#11983,#9492,#9493);
#8423=AXIS2_PLACEMENT_3D('',#11992,#9499,#9500);
#8424=AXIS2_PLACEMENT_3D('',#11993,#9501,#9502);
#8425=AXIS2_PLACEMENT_3D('',#11995,#9503,#9504);
#8426=AXIS2_PLACEMENT_3D('',#11997,#9505,#9506);
#8427=AXIS2_PLACEMENT_3D('',#11999,#9507,#9508);
#8428=AXIS2_PLACEMENT_3D('',#12001,#9509,#9510);
#8429=AXIS2_PLACEMENT_3D('',#12003,#9511,#9512);
#8430=AXIS2_PLACEMENT_3D('',#12005,#9513,#9514);
#8431=AXIS2_PLACEMENT_3D('',#12007,#9515,#9516);
#8432=AXIS2_PLACEMENT_3D('',#12009,#9517,#9518);
#8433=AXIS2_PLACEMENT_3D('',#12011,#9519,#9520);
#8434=AXIS2_PLACEMENT_3D('',#12014,#9522,#9523);
#8435=AXIS2_PLACEMENT_3D('',#12018,#9526,#9527);
#8436=AXIS2_PLACEMENT_3D('',#12022,#9530,#9531);
#8437=AXIS2_PLACEMENT_3D('',#12023,#9532,#9533);
#8438=AXIS2_PLACEMENT_3D('',#12024,#9534,#9535);
#8439=AXIS2_PLACEMENT_3D('',#12027,#9537,#9538);
#8440=AXIS2_PLACEMENT_3D('',#12031,#9540,#9541);
#8441=AXIS2_PLACEMENT_3D('',#12039,#9546,#9547);
#8442=AXIS2_PLACEMENT_3D('',#12040,#9548,#9549);
#8443=AXIS2_PLACEMENT_3D('',#12042,#9550,#9551);
#8444=AXIS2_PLACEMENT_3D('',#12044,#9552,#9553);
#8445=AXIS2_PLACEMENT_3D('',#12046,#9554,#9555);
#8446=AXIS2_PLACEMENT_3D('',#12048,#9556,#9557);
#8447=AXIS2_PLACEMENT_3D('',#12050,#9558,#9559);
#8448=AXIS2_PLACEMENT_3D('',#12058,#9565,#9566);
#8449=AXIS2_PLACEMENT_3D('',#12059,#9567,#9568);
#8450=AXIS2_PLACEMENT_3D('',#12067,#9572,#9573);
#8451=AXIS2_PLACEMENT_3D('',#12068,#9574,#9575);
#8452=AXIS2_PLACEMENT_3D('',#12069,#9576,#9577);
#8453=AXIS2_PLACEMENT_3D('',#12073,#9580,#9581);
#8454=AXIS2_PLACEMENT_3D('',#12076,#9583,#9584);
#8455=AXIS2_PLACEMENT_3D('',#12077,#9585,#9586);
#8456=AXIS2_PLACEMENT_3D('',#12081,#9589,#9590);
#8457=AXIS2_PLACEMENT_3D('',#12082,#9591,#9592);
#8458=AXIS2_PLACEMENT_3D('',#12083,#9593,#9594);
#8459=AXIS2_PLACEMENT_3D('',#12084,#9595,#9596);
#8460=AXIS2_PLACEMENT_3D('',#12090,#9600,#9601);
#8461=AXIS2_PLACEMENT_3D('',#12091,#9602,#9603);
#8462=AXIS2_PLACEMENT_3D('',#12095,#9606,#9607);
#8463=AXIS2_PLACEMENT_3D('',#12101,#9611,#9612);
#8464=AXIS2_PLACEMENT_3D('',#12102,#9613,#9614);
#8465=AXIS2_PLACEMENT_3D('',#12103,#9615,#9616);
#8466=AXIS2_PLACEMENT_3D('',#12104,#9617,#9618);
#8467=AXIS2_PLACEMENT_3D('',#12105,#9619,#9620);
#8468=AXIS2_PLACEMENT_3D('',#12106,#9621,#9622);
#8469=AXIS2_PLACEMENT_3D('',#12112,#9626,#9627);
#8470=AXIS2_PLACEMENT_3D('',#12114,#9629,#9630);
#8471=AXIS2_PLACEMENT_3D('',#12116,#9632,#9633);
#8472=AXIS2_PLACEMENT_3D('',#12117,#9634,#9635);
#8473=AXIS2_PLACEMENT_3D('',#12118,#9636,#9637);
#8474=AXIS2_PLACEMENT_3D('',#12127,#9642,#9643);
#8475=AXIS2_PLACEMENT_3D('',#12128,#9644,#9645);
#8476=AXIS2_PLACEMENT_3D('',#12137,#9650,#9651);
#8477=AXIS2_PLACEMENT_3D('',#12138,#9652,#9653);
#8478=AXIS2_PLACEMENT_3D('',#12140,#9654,#9655);
#8479=AXIS2_PLACEMENT_3D('',#12143,#9657,#9658);
#8480=AXIS2_PLACEMENT_3D('',#12147,#9662,#9663);
#8481=AXIS2_PLACEMENT_3D('',#12153,#9667,#9668);
#8482=AXIS2_PLACEMENT_3D('',#12154,#9669,#9670);
#8483=AXIS2_PLACEMENT_3D('',#12158,#9672,#9673);
#8484=AXIS2_PLACEMENT_3D('',#12159,#9674,#9675);
#8485=AXIS2_PLACEMENT_3D('',#12165,#9679,#9680);
#8486=AXIS2_PLACEMENT_3D('',#12166,#9681,#9682);
#8487=AXIS2_PLACEMENT_3D('',#12170,#9684,#9685);
#8488=AXIS2_PLACEMENT_3D('',#12171,#9686,#9687);
#8489=AXIS2_PLACEMENT_3D('',#12174,#9690,#9691);
#8490=AXIS2_PLACEMENT_3D('',#12178,#9695,#9696);
#8491=AXIS2_PLACEMENT_3D('',#12179,#9697,#9698);
#8492=AXIS2_PLACEMENT_3D('',#12183,#9700,#9701);
#8493=AXIS2_PLACEMENT_3D('',#12184,#9702,#9703);
#8494=AXIS2_PLACEMENT_3D('',#12187,#9706,#9707);
#8495=AXIS2_PLACEMENT_3D('',#12188,#9708,#9709);
#8496=AXIS2_PLACEMENT_3D('',#12189,#9710,#9711);
#8497=AXIS2_PLACEMENT_3D('',#12190,#9712,#9713);
#8498=AXIS2_PLACEMENT_3D('',#12191,#9714,#9715);
#8499=AXIS2_PLACEMENT_3D('',#12192,#9716,#9717);
#8500=AXIS2_PLACEMENT_3D('',#12194,#9718,#9719);
#8501=AXIS2_PLACEMENT_3D('',#12195,#9720,#9721);
#8502=AXIS2_PLACEMENT_3D('',#12197,#9722,#9723);
#8503=AXIS2_PLACEMENT_3D('',#12198,#9724,#9725);
#8504=AXIS2_PLACEMENT_3D('',#12200,#9726,#9727);
#8505=AXIS2_PLACEMENT_3D('',#12201,#9728,#9729);
#8506=AXIS2_PLACEMENT_3D('',#12202,#9730,#9731);
#8507=AXIS2_PLACEMENT_3D('',#12203,#9732,#9733);
#8508=AXIS2_PLACEMENT_3D('',#12204,#9734,#9735);
#8509=AXIS2_PLACEMENT_3D('',#12206,#9736,#9737);
#8510=AXIS2_PLACEMENT_3D('',#12207,#9738,#9739);
#8511=AXIS2_PLACEMENT_3D('',#12209,#9740,#9741);
#8512=AXIS2_PLACEMENT_3D('',#12210,#9742,#9743);
#8513=AXIS2_PLACEMENT_3D('',#12212,#9744,#9745);
#8514=AXIS2_PLACEMENT_3D('',#12213,#9746,#9747);
#8515=AXIS2_PLACEMENT_3D('',#12214,#9748,#9749);
#8516=AXIS2_PLACEMENT_3D('',#12216,#9750,#9751);
#8517=AXIS2_PLACEMENT_3D('',#12217,#9752,#9753);
#8518=AXIS2_PLACEMENT_3D('',#12219,#9754,#9755);
#8519=AXIS2_PLACEMENT_3D('',#12221,#9756,#9757);
#8520=AXIS2_PLACEMENT_3D('',#12222,#9758,#9759);
#8521=AXIS2_PLACEMENT_3D('',#12224,#9760,#9761);
#8522=AXIS2_PLACEMENT_3D('',#12225,#9762,#9763);
#8523=AXIS2_PLACEMENT_3D('',#12227,#9764,#9765);
#8524=AXIS2_PLACEMENT_3D('',#12229,#9766,#9767);
#8525=AXIS2_PLACEMENT_3D('',#12230,#9768,#9769);
#8526=AXIS2_PLACEMENT_3D('',#12232,#9770,#9771);
#8527=AXIS2_PLACEMENT_3D('',#12233,#9772,#9773);
#8528=AXIS2_PLACEMENT_3D('',#12235,#9774,#9775);
#8529=AXIS2_PLACEMENT_3D('',#12237,#9776,#9777);
#8530=AXIS2_PLACEMENT_3D('',#12238,#9778,#9779);
#8531=AXIS2_PLACEMENT_3D('',#12240,#9780,#9781);
#8532=AXIS2_PLACEMENT_3D('',#12241,#9782,#9783);
#8533=AXIS2_PLACEMENT_3D('',#12243,#9784,#9785);
#8534=AXIS2_PLACEMENT_3D('',#12245,#9786,#9787);
#8535=AXIS2_PLACEMENT_3D('',#12246,#9788,#9789);
#8536=AXIS2_PLACEMENT_3D('',#12248,#9790,#9791);
#8537=AXIS2_PLACEMENT_3D('',#12249,#9792,#9793);
#8538=AXIS2_PLACEMENT_3D('',#12251,#9794,#9795);
#8539=AXIS2_PLACEMENT_3D('',#12252,#9796,#9797);
#8540=AXIS2_PLACEMENT_3D('',#12254,#9798,#9799);
#8541=AXIS2_PLACEMENT_3D('',#12255,#9800,#9801);
#8542=AXIS2_PLACEMENT_3D('',#12257,#9802,#9803);
#8543=AXIS2_PLACEMENT_3D('',#12258,#9804,#9805);
#8544=AXIS2_PLACEMENT_3D('',#12260,#9806,#9807);
#8545=AXIS2_PLACEMENT_3D('',#12261,#9808,#9809);
#8546=AXIS2_PLACEMENT_3D('',#12262,#9810,#9811);
#8547=AXIS2_PLACEMENT_3D('',#12263,#9812,#9813);
#8548=AXIS2_PLACEMENT_3D('',#12264,#9814,#9815);
#8549=AXIS2_PLACEMENT_3D('',#12265,#9816,#9817);
#8550=AXIS2_PLACEMENT_3D('',#12266,#9818,#9819);
#8551=AXIS2_PLACEMENT_3D('',#12267,#9820,#9821);
#8552=AXIS2_PLACEMENT_3D('',#12268,#9822,#9823);
#8553=AXIS2_PLACEMENT_3D('',#12269,#9824,#9825);
#8554=AXIS2_PLACEMENT_3D('',#12270,#9826,#9827);
#8555=AXIS2_PLACEMENT_3D('',#12271,#9828,#9829);
#8556=AXIS2_PLACEMENT_3D('',#12281,#9835,#9836);
#8557=AXIS2_PLACEMENT_3D('',#12287,#9840,#9841);
#8558=AXIS2_PLACEMENT_3D('',#12293,#9845,#9846);
#8559=AXIS2_PLACEMENT_3D('',#12294,#9847,#9848);
#8560=AXIS2_PLACEMENT_3D('',#12296,#9849,#9850);
#8561=AXIS2_PLACEMENT_3D('',#12306,#9855,#9856);
#8562=AXIS2_PLACEMENT_3D('',#12311,#9860,#9861);
#8563=AXIS2_PLACEMENT_3D('',#12312,#9862,#9863);
#8564=AXIS2_PLACEMENT_3D('',#12314,#9864,#9865);
#8565=AXIS2_PLACEMENT_3D('',#12319,#9868,#9869);
#8566=AXIS2_PLACEMENT_3D('',#12321,#9871,#9872);
#8567=AXIS2_PLACEMENT_3D('',#12323,#9874,#9875);
#8568=AXIS2_PLACEMENT_3D('',#12324,#9876,#9877);
#8569=AXIS2_PLACEMENT_3D('',#12326,#9878,#9879);
#8570=AXIS2_PLACEMENT_3D('',#12329,#9881,#9882);
#8571=AXIS2_PLACEMENT_3D('',#12331,#9884,#9885);
#8572=AXIS2_PLACEMENT_3D('',#12332,#9886,#9887);
#8573=AXIS2_PLACEMENT_3D('',#12334,#9888,#9889);
#8574=AXIS2_PLACEMENT_3D('',#12337,#9891,#9892);
#8575=AXIS2_PLACEMENT_3D('',#12339,#9894,#9895);
#8576=AXIS2_PLACEMENT_3D('',#12341,#9897,#9898);
#8577=AXIS2_PLACEMENT_3D('',#12345,#9901,#9902);
#8578=AXIS2_PLACEMENT_3D('',#12349,#9905,#9906);
#8579=AXIS2_PLACEMENT_3D('',#12353,#9909,#9910);
#8580=AXIS2_PLACEMENT_3D('',#12357,#9913,#9914);
#8581=AXIS2_PLACEMENT_3D('',#12360,#9916,#9917);
#8582=AXIS2_PLACEMENT_3D('',#12361,#9918,#9919);
#8583=AXIS2_PLACEMENT_3D('',#12363,#9921,#9922);
#8584=AXIS2_PLACEMENT_3D('',#12367,#9925,#9926);
#8585=AXIS2_PLACEMENT_3D('',#12370,#9928,#9929);
#8586=AXIS2_PLACEMENT_3D('',#12371,#9930,#9931);
#8587=AXIS2_PLACEMENT_3D('',#12375,#9934,#9935);
#8588=AXIS2_PLACEMENT_3D('',#12379,#9938,#9939);
#8589=AXIS2_PLACEMENT_3D('',#12383,#9942,#9943);
#8590=AXIS2_PLACEMENT_3D('',#12390,#9948,#9949);
#8591=AXIS2_PLACEMENT_3D('',#12396,#9953,#9954);
#8592=AXIS2_PLACEMENT_3D('',#12399,#9957,#9958);
#8593=AXIS2_PLACEMENT_3D('',#12400,#9959,#9960);
#8594=AXIS2_PLACEMENT_3D('',#12401,#9961,#9962);
#8595=AXIS2_PLACEMENT_3D('',#12402,#9963,#9964);
#8596=AXIS2_PLACEMENT_3D('',#12404,#9965,#9966);
#8597=AXIS2_PLACEMENT_3D('',#12405,#9967,#9968);
#8598=AXIS2_PLACEMENT_3D('',#12407,#9969,#9970);
#8599=AXIS2_PLACEMENT_3D('',#12408,#9971,#9972);
#8600=AXIS2_PLACEMENT_3D('',#12409,#9973,#9974);
#8601=AXIS2_PLACEMENT_3D('',#12411,#9975,#9976);
#8602=AXIS2_PLACEMENT_3D('',#12412,#9977,#9978);
#8603=AXIS2_PLACEMENT_3D('',#12414,#9979,#9980);
#8604=AXIS2_PLACEMENT_3D('',#12415,#9981,#9982);
#8605=AXIS2_PLACEMENT_3D('',#12416,#9983,#9984);
#8606=AXIS2_PLACEMENT_3D('',#12418,#9985,#9986);
#8607=AXIS2_PLACEMENT_3D('',#12419,#9987,#9988);
#8608=AXIS2_PLACEMENT_3D('',#12421,#9989,#9990);
#8609=AXIS2_PLACEMENT_3D('',#12422,#9991,#9992);
#8610=AXIS2_PLACEMENT_3D('',#12423,#9993,#9994);
#8611=AXIS2_PLACEMENT_3D('',#12425,#9995,#9996);
#8612=AXIS2_PLACEMENT_3D('',#12426,#9997,#9998);
#8613=AXIS2_PLACEMENT_3D('',#12428,#9999,#10000);
#8614=AXIS2_PLACEMENT_3D('',#12429,#10001,#10002);
#8615=AXIS2_PLACEMENT_3D('',#12430,#10003,#10004);
#8616=AXIS2_PLACEMENT_3D('',#12433,#10005,#10006);
#8617=AXIS2_PLACEMENT_3D('',#12434,#10007,#10008);
#8618=AXIS2_PLACEMENT_3D('',#12436,#10009,#10010);
#8619=AXIS2_PLACEMENT_3D('',#12437,#10011,#10012);
#8620=AXIS2_PLACEMENT_3D('',#12438,#10013,#10014);
#8621=AXIS2_PLACEMENT_3D('',#12441,#10015,#10016);
#8622=AXIS2_PLACEMENT_3D('',#12442,#10017,#10018);
#8623=AXIS2_PLACEMENT_3D('',#12444,#10019,#10020);
#8624=AXIS2_PLACEMENT_3D('',#12445,#10021,#10022);
#8625=AXIS2_PLACEMENT_3D('',#12446,#10023,#10024);
#8626=AXIS2_PLACEMENT_3D('',#12448,#10025,#10026);
#8627=AXIS2_PLACEMENT_3D('',#12449,#10027,#10028);
#8628=AXIS2_PLACEMENT_3D('',#12451,#10029,#10030);
#8629=AXIS2_PLACEMENT_3D('',#12453,#10031,#10032);
#8630=AXIS2_PLACEMENT_3D('',#12454,#10033,#10034);
#8631=AXIS2_PLACEMENT_3D('',#12456,#10035,#10036);
#8632=AXIS2_PLACEMENT_3D('',#12457,#10037,#10038);
#8633=AXIS2_PLACEMENT_3D('',#12459,#10039,#10040);
#8634=AXIS2_PLACEMENT_3D('',#12461,#10041,#10042);
#8635=AXIS2_PLACEMENT_3D('',#12462,#10043,#10044);
#8636=AXIS2_PLACEMENT_3D('',#12465,#10046,#10047);
#8637=AXIS2_PLACEMENT_3D('',#12466,#10048,#10049);
#8638=AXIS2_PLACEMENT_3D('',#12467,#10050,#10051);
#8639=AXIS2_PLACEMENT_3D('',#12469,#10052,#10053);
#8640=AXIS2_PLACEMENT_3D('',#12470,#10054,#10055);
#8641=AXIS2_PLACEMENT_3D('',#12474,#10057,#10058);
#8642=AXIS2_PLACEMENT_3D('',#12478,#10060,#10061);
#8643=AXIS2_PLACEMENT_3D('',#12482,#10063,#10064);
#8644=AXIS2_PLACEMENT_3D('',#12486,#10066,#10067);
#8645=AXIS2_PLACEMENT_3D('',#12487,#10068,#10069);
#8646=AXIS2_PLACEMENT_3D('',#12489,#10070,#10071);
#8647=AXIS2_PLACEMENT_3D('',#12490,#10072,#10073);
#8648=AXIS2_PLACEMENT_3D('',#12492,#10075,#10076);
#8649=AXIS2_PLACEMENT_3D('',#12494,#10078,#10079);
#8650=AXIS2_PLACEMENT_3D('',#12495,#10080,#10081);
#8651=AXIS2_PLACEMENT_3D('',#12498,#10084,#10085);
#8652=AXIS2_PLACEMENT_3D('',#12499,#10086,#10087);
#8653=AXIS2_PLACEMENT_3D('',#12500,#10088,#10089);
#8654=AXIS2_PLACEMENT_3D('',#12504,#10092,#10093);
#8655=AXIS2_PLACEMENT_3D('',#12508,#10096,#10097);
#8656=AXIS2_PLACEMENT_3D('',#12509,#10098,#10099);
#8657=AXIS2_PLACEMENT_3D('',#12511,#10100,#10101);
#8658=AXIS2_PLACEMENT_3D('',#12513,#10102,#10103);
#8659=AXIS2_PLACEMENT_3D('',#12515,#10104,#10105);
#8660=AXIS2_PLACEMENT_3D('',#12518,#10107,#10108);
#8661=AXIS2_PLACEMENT_3D('',#12519,#10109,#10110);
#8662=AXIS2_PLACEMENT_3D('',#12520,#10111,#10112);
#8663=AXIS2_PLACEMENT_3D('',#12522,#10113,#10114);
#8664=AXIS2_PLACEMENT_3D('',#12523,#10115,#10116);
#8665=AXIS2_PLACEMENT_3D('',#12525,#10117,#10118);
#8666=AXIS2_PLACEMENT_3D('',#12538,#10125,#10126);
#8667=AXIS2_PLACEMENT_3D('',#12539,#10127,#10128);
#8668=AXIS2_PLACEMENT_3D('',#12541,#10129,#10130);
#8669=AXIS2_PLACEMENT_3D('',#12542,#10131,#10132);
#8670=AXIS2_PLACEMENT_3D('',#12544,#10133,#10134);
#8671=AXIS2_PLACEMENT_3D('',#12557,#10141,#10142);
#8672=AXIS2_PLACEMENT_3D('',#12558,#10143,#10144);
#8673=AXIS2_PLACEMENT_3D('',#12560,#10145,#10146);
#8674=AXIS2_PLACEMENT_3D('',#12561,#10147,#10148);
#8675=AXIS2_PLACEMENT_3D('',#12563,#10149,#10150);
#8676=AXIS2_PLACEMENT_3D('',#12576,#10157,#10158);
#8677=AXIS2_PLACEMENT_3D('',#12577,#10159,#10160);
#8678=AXIS2_PLACEMENT_3D('',#12579,#10161,#10162);
#8679=AXIS2_PLACEMENT_3D('',#12580,#10163,#10164);
#8680=AXIS2_PLACEMENT_3D('',#12582,#10165,#10166);
#8681=AXIS2_PLACEMENT_3D('',#12595,#10173,#10174);
#8682=AXIS2_PLACEMENT_3D('',#12601,#10178,#10179);
#8683=AXIS2_PLACEMENT_3D('',#12605,#10182,#10183);
#8684=AXIS2_PLACEMENT_3D('',#12609,#10186,#10187);
#8685=AXIS2_PLACEMENT_3D('',#12613,#10190,#10191);
#8686=AXIS2_PLACEMENT_3D('',#12617,#10194,#10195);
#8687=AXIS2_PLACEMENT_3D('',#12619,#10197,#10198);
#8688=AXIS2_PLACEMENT_3D('',#12620,#10199,#10200);
#8689=AXIS2_PLACEMENT_3D('',#12626,#10204,#10205);
#8690=AXIS2_PLACEMENT_3D('',#12630,#10208,#10209);
#8691=AXIS2_PLACEMENT_3D('',#12634,#10212,#10213);
#8692=AXIS2_PLACEMENT_3D('',#12638,#10216,#10217);
#8693=AXIS2_PLACEMENT_3D('',#12642,#10220,#10221);
#8694=AXIS2_PLACEMENT_3D('',#12644,#10223,#10224);
#8695=AXIS2_PLACEMENT_3D('',#12645,#10225,#10226);
#8696=AXIS2_PLACEMENT_3D('',#12651,#10230,#10231);
#8697=AXIS2_PLACEMENT_3D('',#12655,#10234,#10235);
#8698=AXIS2_PLACEMENT_3D('',#12659,#10238,#10239);
#8699=AXIS2_PLACEMENT_3D('',#12663,#10242,#10243);
#8700=AXIS2_PLACEMENT_3D('',#12667,#10246,#10247);
#8701=AXIS2_PLACEMENT_3D('',#12669,#10249,#10250);
#8702=AXIS2_PLACEMENT_3D('',#12670,#10251,#10252);
#8703=AXIS2_PLACEMENT_3D('',#12676,#10256,#10257);
#8704=AXIS2_PLACEMENT_3D('',#12680,#10260,#10261);
#8705=AXIS2_PLACEMENT_3D('',#12684,#10264,#10265);
#8706=AXIS2_PLACEMENT_3D('',#12688,#10268,#10269);
#8707=AXIS2_PLACEMENT_3D('',#12692,#10272,#10273);
#8708=AXIS2_PLACEMENT_3D('',#12694,#10275,#10276);
#8709=AXIS2_PLACEMENT_3D('',#12695,#10277,#10278);
#8710=AXIS2_PLACEMENT_3D('',#12699,#10281,#10282);
#8711=AXIS2_PLACEMENT_3D('',#12701,#10284,#10285);
#8712=AXIS2_PLACEMENT_3D('',#12702,#10286,#10287);
#8713=AXIS2_PLACEMENT_3D('',#12703,#10288,#10289);
#8714=AXIS2_PLACEMENT_3D('',#12704,#10290,#10291);
#8715=AXIS2_PLACEMENT_3D('',#12708,#10294,#10295);
#8716=AXIS2_PLACEMENT_3D('',#12710,#10297,#10298);
#8717=AXIS2_PLACEMENT_3D('',#12711,#10299,#10300);
#8718=AXIS2_PLACEMENT_3D('',#12724,#10307,#10308);
#8719=AXIS2_PLACEMENT_3D('',#12726,#10309,#10310);
#8720=AXIS2_PLACEMENT_3D('',#12727,#10311,#10312);
#8721=AXIS2_PLACEMENT_3D('',#12729,#10313,#10314);
#8722=AXIS2_PLACEMENT_3D('',#12730,#10315,#10316);
#8723=AXIS2_PLACEMENT_3D('',#12732,#10317,#10318);
#8724=AXIS2_PLACEMENT_3D('',#12733,#10319,#10320);
#8725=AXIS2_PLACEMENT_3D('',#12734,#10321,#10322);
#8726=AXIS2_PLACEMENT_3D('',#12735,#10323,#10324);
#8727=AXIS2_PLACEMENT_3D('',#12741,#10328,#10329);
#8728=AXIS2_PLACEMENT_3D('',#12745,#10332,#10333);
#8729=AXIS2_PLACEMENT_3D('',#12749,#10336,#10337);
#8730=AXIS2_PLACEMENT_3D('',#12753,#10340,#10341);
#8731=AXIS2_PLACEMENT_3D('',#12757,#10344,#10345);
#8732=AXIS2_PLACEMENT_3D('',#12759,#10347,#10348);
#8733=AXIS2_PLACEMENT_3D('',#12760,#10349,#10350);
#8734=AXIS2_PLACEMENT_3D('',#12761,#10351,#10352);
#8735=AXIS2_PLACEMENT_3D('',#12762,#10353,#10354);
#8736=AXIS2_PLACEMENT_3D('',#12763,#10355,#10356);
#8737=AXIS2_PLACEMENT_3D('',#12765,#10357,#10358);
#8738=AXIS2_PLACEMENT_3D('',#12766,#10359,#10360);
#8739=AXIS2_PLACEMENT_3D('',#12768,#10361,#10362);
#8740=AXIS2_PLACEMENT_3D('',#12769,#10363,#10364);
#8741=AXIS2_PLACEMENT_3D('',#12771,#10365,#10366);
#8742=AXIS2_PLACEMENT_3D('',#12784,#10373,#10374);
#8743=AXIS2_PLACEMENT_3D('',#12790,#10378,#10379);
#8744=AXIS2_PLACEMENT_3D('',#12794,#10382,#10383);
#8745=AXIS2_PLACEMENT_3D('',#12798,#10386,#10387);
#8746=AXIS2_PLACEMENT_3D('',#12802,#10390,#10391);
#8747=AXIS2_PLACEMENT_3D('',#12806,#10394,#10395);
#8748=AXIS2_PLACEMENT_3D('',#12808,#10397,#10398);
#8749=AXIS2_PLACEMENT_3D('',#12809,#10399,#10400);
#8750=AXIS2_PLACEMENT_3D('',#12810,#10401,#10402);
#8751=AXIS2_PLACEMENT_3D('',#12811,#10403,#10404);
#8752=AXIS2_PLACEMENT_3D('',#12824,#10411,#10412);
#8753=AXIS2_PLACEMENT_3D('',#12826,#10413,#10414);
#8754=AXIS2_PLACEMENT_3D('',#12827,#10415,#10416);
#8755=AXIS2_PLACEMENT_3D('',#12829,#10417,#10418);
#8756=AXIS2_PLACEMENT_3D('',#12830,#10419,#10420);
#8757=AXIS2_PLACEMENT_3D('',#12832,#10421,#10422);
#8758=AXIS2_PLACEMENT_3D('',#12833,#10423,#10424);
#8759=AXIS2_PLACEMENT_3D('',#12839,#10428,#10429);
#8760=AXIS2_PLACEMENT_3D('',#12843,#10432,#10433);
#8761=AXIS2_PLACEMENT_3D('',#12847,#10436,#10437);
#8762=AXIS2_PLACEMENT_3D('',#12851,#10440,#10441);
#8763=AXIS2_PLACEMENT_3D('',#12855,#10444,#10445);
#8764=AXIS2_PLACEMENT_3D('',#12857,#10447,#10448);
#8765=AXIS2_PLACEMENT_3D('',#12858,#10449,#10450);
#8766=AXIS2_PLACEMENT_3D('',#12859,#10451,#10452);
#8767=AXIS2_PLACEMENT_3D('',#12860,#10453,#10454);
#8768=AXIS2_PLACEMENT_3D('',#12861,#10455,#10456);
#8769=AXIS2_PLACEMENT_3D('',#12863,#10457,#10458);
#8770=AXIS2_PLACEMENT_3D('',#12864,#10459,#10460);
#8771=AXIS2_PLACEMENT_3D('',#12866,#10461,#10462);
#8772=AXIS2_PLACEMENT_3D('',#12867,#10463,#10464);
#8773=AXIS2_PLACEMENT_3D('',#12869,#10465,#10466);
#8774=AXIS2_PLACEMENT_3D('',#12882,#10473,#10474);
#8775=AXIS2_PLACEMENT_3D('',#12888,#10478,#10479);
#8776=AXIS2_PLACEMENT_3D('',#12892,#10482,#10483);
#8777=AXIS2_PLACEMENT_3D('',#12896,#10486,#10487);
#8778=AXIS2_PLACEMENT_3D('',#12900,#10490,#10491);
#8779=AXIS2_PLACEMENT_3D('',#12904,#10494,#10495);
#8780=AXIS2_PLACEMENT_3D('',#12906,#10497,#10498);
#8781=AXIS2_PLACEMENT_3D('',#12907,#10499,#10500);
#8782=AXIS2_PLACEMENT_3D('',#12908,#10501,#10502);
#8783=AXIS2_PLACEMENT_3D('',#12911,#10505,#10506);
#8784=AXIS2_PLACEMENT_3D('',#12913,#10508,#10509);
#8785=AXIS2_PLACEMENT_3D('',#12915,#10511,#10512);
#8786=AXIS2_PLACEMENT_3D('',#12916,#10513,#10514);
#8787=AXIS2_PLACEMENT_3D('',#12917,#10515,#10516);
#8788=AXIS2_PLACEMENT_3D('',#12918,#10517,#10518);
#8789=AXIS2_PLACEMENT_3D('',#12921,#10519,#10520);
#8790=AXIS2_PLACEMENT_3D('',#12927,#10523,#10524);
#8791=AXIS2_PLACEMENT_3D('',#12933,#10527,#10528);
#8792=AXIS2_PLACEMENT_3D('',#12937,#10530,#10531);
#8793=AXIS2_PLACEMENT_3D('',#12940,#10533,#10534);
#8794=AXIS2_PLACEMENT_3D('',#12941,#10535,#10536);
#8795=AXIS2_PLACEMENT_3D('',#12943,#10537,#10538);
#8796=AXIS2_PLACEMENT_3D('',#12945,#10539,#10540);
#8797=AXIS2_PLACEMENT_3D('',#12947,#10541,#10542);
#8798=AXIS2_PLACEMENT_3D('',#12960,#10548,#10549);
#8799=AXIS2_PLACEMENT_3D('',#12966,#10552,#10553);
#8800=AXIS2_PLACEMENT_3D('',#12978,#10559,#10560);
#8801=AXIS2_PLACEMENT_3D('',#12984,#10563,#10564);
#8802=AXIS2_PLACEMENT_3D('',#12994,#10569,#10570);
#8803=AXIS2_PLACEMENT_3D('',#13000,#10573,#10574);
#8804=AXIS2_PLACEMENT_3D('',#13006,#10577,#10578);
#8805=AXIS2_PLACEMENT_3D('',#13008,#10579,#10580);
#8806=AXIS2_PLACEMENT_3D('',#13009,#10581,#10582);
#8807=AXIS2_PLACEMENT_3D('',#13015,#10585,#10586);
#8808=AXIS2_PLACEMENT_3D('',#13016,#10587,#10588);
#8809=AXIS2_PLACEMENT_3D('',#13028,#10596,#10597);
#8810=AXIS2_PLACEMENT_3D('',#13033,#10598,#10599);
#8811=AXIS2_PLACEMENT_3D('',#13034,#10600,#10601);
#8812=AXIS2_PLACEMENT_3D('',#13043,#10602,#10603);
#8813=AXIS2_PLACEMENT_3D('',#13064,#10614,#10615);
#8814=AXIS2_PLACEMENT_3D('',#13067,#10617,#10618);
#8815=AXIS2_PLACEMENT_3D('',#13068,#10619,#10620);
#8816=AXIS2_PLACEMENT_3D('',#13069,#10621,#10622);
#8817=AXIS2_PLACEMENT_3D('',#13071,#10623,#10624);
#8818=AXIS2_PLACEMENT_3D('',#13073,#10625,#10626);
#8819=AXIS2_PLACEMENT_3D('',#13075,#10627,#10628);
#8820=AXIS2_PLACEMENT_3D('',#13078,#10629,#10630);
#8821=AXIS2_PLACEMENT_3D('',#13087,#10635,#10636);
#8822=AXIS2_PLACEMENT_3D('',#13093,#10639,#10640);
#8823=AXIS2_PLACEMENT_3D('',#13105,#10646,#10647);
#8824=AXIS2_PLACEMENT_3D('',#13111,#10650,#10651);
#8825=AXIS2_PLACEMENT_3D('',#13118,#10655,#10656);
#8826=AXIS2_PLACEMENT_3D('',#13124,#10659,#10660);
#8827=AXIS2_PLACEMENT_3D('',#13130,#10663,#10664);
#8828=AXIS2_PLACEMENT_3D('',#13131,#10665,#10666);
#8829=AXIS2_PLACEMENT_3D('',#13137,#10667,#10668);
#8830=AXIS2_PLACEMENT_3D('',#13143,#10669,#10670);
#8831=AXIS2_PLACEMENT_3D('',#13149,#10671,#10672);
#8832=AXIS2_PLACEMENT_3D('',#13151,#10673,#10674);
#8833=AXIS2_PLACEMENT_3D('',#13152,#10675,#10676);
#8834=AXIS2_PLACEMENT_3D('',#13154,#10678,#10679);
#8835=AXIS2_PLACEMENT_3D('',#13155,#10680,#10681);
#8836=AXIS2_PLACEMENT_3D('',#13157,#10683,#10684);
#8837=AXIS2_PLACEMENT_3D('',#13160,#10686,#10687);
#8838=AXIS2_PLACEMENT_3D('',#13165,#10690,#10691);
#8839=AXIS2_PLACEMENT_3D('',#13171,#10694,#10695);
#8840=AXIS2_PLACEMENT_3D('',#13174,#10697,#10698);
#8841=AXIS2_PLACEMENT_3D('',#13176,#10700,#10701);
#8842=AXIS2_PLACEMENT_3D('',#13177,#10702,#10703);
#8843=AXIS2_PLACEMENT_3D('',#13179,#10705,#10706);
#8844=AXIS2_PLACEMENT_3D('',#13180,#10707,#10708);
#8845=AXIS2_PLACEMENT_3D('',#13182,#10709,#10710);
#8846=AXIS2_PLACEMENT_3D('',#13184,#10711,#10712);
#8847=AXIS2_PLACEMENT_3D('',#13186,#10713,#10714);
#8848=AXIS2_PLACEMENT_3D('',#13196,#10719,#10720);
#8849=AXIS2_PLACEMENT_3D('',#13197,#10721,#10722);
#8850=AXIS2_PLACEMENT_3D('',#13199,#10723,#10724);
#8851=AXIS2_PLACEMENT_3D('',#13201,#10725,#10726);
#8852=AXIS2_PLACEMENT_3D('',#13203,#10727,#10728);
#8853=AXIS2_PLACEMENT_3D('',#13213,#10733,#10734);
#8854=AXIS2_PLACEMENT_3D('',#13214,#10735,#10736);
#8855=AXIS2_PLACEMENT_3D('',#13227,#10743,#10744);
#8856=AXIS2_PLACEMENT_3D('',#13240,#10751,#10752);
#8857=AXIS2_PLACEMENT_3D('',#13244,#10754,#10755);
#8858=AXIS2_PLACEMENT_3D('',#13257,#10762,#10763);
#8859=AXIS2_PLACEMENT_3D('',#13258,#10764,#10765);
#8860=AXIS2_PLACEMENT_3D('',#13272,#10772,#10773);
#8861=AXIS2_PLACEMENT_3D('',#13276,#10775,#10776);
#8862=AXIS2_PLACEMENT_3D('',#13289,#10783,#10784);
#8863=AXIS2_PLACEMENT_3D('',#13301,#10791,#10792);
#8864=AXIS2_PLACEMENT_3D('',#13304,#10795,#10796);
#8865=AXIS2_PLACEMENT_3D('',#13305,#10797,#10798);
#8866=AXIS2_PLACEMENT_3D('',#13307,#10799,#10800);
#8867=AXIS2_PLACEMENT_3D('',#13310,#10802,#10803);
#8868=AXIS2_PLACEMENT_3D('',#13311,#10804,#10805);
#8869=AXIS2_PLACEMENT_3D('',#13313,#10807,#10808);
#8870=AXIS2_PLACEMENT_3D('',#13314,#10809,#10810);
#8871=AXIS2_PLACEMENT_3D('',#13316,#10811,#10812);
#8872=AXIS2_PLACEMENT_3D('',#13319,#10814,#10815);
#8873=AXIS2_PLACEMENT_3D('',#13321,#10817,#10818);
#8874=AXIS2_PLACEMENT_3D('',#13325,#10820,#10821);
#8875=AXIS2_PLACEMENT_3D('',#13329,#10823,#10824);
#8876=AXIS2_PLACEMENT_3D('',#13330,#10825,#10826);
#8877=AXIS2_PLACEMENT_3D('',#13332,#10827,#10828);
#8878=AXIS2_PLACEMENT_3D('',#13335,#10830,#10831);
#8879=AXIS2_PLACEMENT_3D('',#13337,#10833,#10834);
#8880=AXIS2_PLACEMENT_3D('',#13339,#10836,#10837);
#8881=AXIS2_PLACEMENT_3D('',#13341,#10839,#10840);
#8882=AXIS2_PLACEMENT_3D('',#13343,#10842,#10843);
#8883=AXIS2_PLACEMENT_3D('',#13345,#10845,#10846);
#8884=AXIS2_PLACEMENT_3D('',#13347,#10848,#10849);
#8885=AXIS2_PLACEMENT_3D('',#13349,#10851,#10852);
#8886=AXIS2_PLACEMENT_3D('',#13350,#10853,#10854);
#8887=AXIS2_PLACEMENT_3D('',#13352,#10855,#10856);
#8888=AXIS2_PLACEMENT_3D('',#13354,#10857,#10858);
#8889=AXIS2_PLACEMENT_3D('',#13356,#10859,#10860);
#8890=AXIS2_PLACEMENT_3D('',#13359,#10863,#10864);
#8891=AXIS2_PLACEMENT_3D('',#13362,#10867,#10868);
#8892=AXIS2_PLACEMENT_3D('',#13364,#10870,#10871);
#8893=AXIS2_PLACEMENT_3D('',#13365,#10872,#10873);
#8894=AXIS2_PLACEMENT_3D('',#13367,#10875,#10876);
#8895=AXIS2_PLACEMENT_3D('',#13368,#10877,#10878);
#8896=AXIS2_PLACEMENT_3D('',#13371,#10881,#10882);
#8897=AXIS2_PLACEMENT_3D('',#13373,#10884,#10885);
#8898=AXIS2_PLACEMENT_3D('',#13375,#10887,#10888);
#8899=AXIS2_PLACEMENT_3D('',#13377,#10890,#10891);
#8900=AXIS2_PLACEMENT_3D('',#13379,#10893,#10894);
#8901=AXIS2_PLACEMENT_3D('',#13381,#10896,#10897);
#8902=AXIS2_PLACEMENT_3D('',#13383,#10899,#10900);
#8903=AXIS2_PLACEMENT_3D('',#13385,#10902,#10903);
#8904=AXIS2_PLACEMENT_3D('',#13387,#10905,#10906);
#8905=AXIS2_PLACEMENT_3D('',#13389,#10908,#10909);
#8906=AXIS2_PLACEMENT_3D('',#13391,#10911,#10912);
#8907=AXIS2_PLACEMENT_3D('',#13393,#10914,#10915);
#8908=AXIS2_PLACEMENT_3D('',#13395,#10917,#10918);
#8909=AXIS2_PLACEMENT_3D('',#13397,#10920,#10921);
#8910=AXIS2_PLACEMENT_3D('',#13399,#10923,#10924);
#8911=AXIS2_PLACEMENT_3D('',#13401,#10926,#10927);
#8912=AXIS2_PLACEMENT_3D('',#13402,#10928,#10929);
#8913=AXIS2_PLACEMENT_3D('',#13404,#10931,#10932);
#8914=AXIS2_PLACEMENT_3D('',#13405,#10933,#10934);
#8915=AXIS2_PLACEMENT_3D('',#13406,#10935,#10936);
#8916=AXIS2_PLACEMENT_3D('',#13411,#10937,#10938);
#8917=AXIS2_PLACEMENT_3D('',#13412,#10939,#10940);
#8918=AXIS2_PLACEMENT_3D('',#13415,#10943,#10944);
#8919=AXIS2_PLACEMENT_3D('',#13420,#10945,#10946);
#8920=AXIS2_PLACEMENT_3D('',#13421,#10947,#10948);
#8921=AXIS2_PLACEMENT_3D('',#13424,#10951,#10952);
#8922=AXIS2_PLACEMENT_3D('',#13425,#10953,#10954);
#8923=AXIS2_PLACEMENT_3D('',#13426,#10955,#10956);
#8924=AXIS2_PLACEMENT_3D('',#13427,#10957,#10958);
#8925=AXIS2_PLACEMENT_3D('',#13428,#10959,#10960);
#8926=AXIS2_PLACEMENT_3D('',#13429,#10961,#10962);
#8927=AXIS2_PLACEMENT_3D('',#13431,#10963,#10964);
#8928=AXIS2_PLACEMENT_3D('',#13432,#10965,#10966);
#8929=AXIS2_PLACEMENT_3D('',#13434,#10967,#10968);
#8930=AXIS2_PLACEMENT_3D('',#13435,#10969,#10970);
#8931=AXIS2_PLACEMENT_3D('',#13436,#10971,#10972);
#8932=AXIS2_PLACEMENT_3D('',#13438,#10973,#10974);
#8933=AXIS2_PLACEMENT_3D('',#13439,#10975,#10976);
#8934=AXIS2_PLACEMENT_3D('',#13441,#10977,#10978);
#8935=AXIS2_PLACEMENT_3D('',#13442,#10979,#10980);
#8936=AXIS2_PLACEMENT_3D('',#13443,#10981,#10982);
#8937=AXIS2_PLACEMENT_3D('',#13445,#10983,#10984);
#8938=AXIS2_PLACEMENT_3D('',#13446,#10985,#10986);
#8939=AXIS2_PLACEMENT_3D('',#13448,#10987,#10988);
#8940=AXIS2_PLACEMENT_3D('',#13449,#10989,#10990);
#8941=AXIS2_PLACEMENT_3D('',#13450,#10991,#10992);
#8942=AXIS2_PLACEMENT_3D('',#13452,#10993,#10994);
#8943=AXIS2_PLACEMENT_3D('',#13453,#10995,#10996);
#8944=AXIS2_PLACEMENT_3D('',#13455,#10997,#10998);
#8945=AXIS2_PLACEMENT_3D('',#13456,#10999,#11000);
#8946=AXIS2_PLACEMENT_3D('',#13457,#11001,#11002);
#8947=AXIS2_PLACEMENT_3D('',#13460,#11003,#11004);
#8948=AXIS2_PLACEMENT_3D('',#13461,#11005,#11006);
#8949=AXIS2_PLACEMENT_3D('',#13463,#11007,#11008);
#8950=AXIS2_PLACEMENT_3D('',#13464,#11009,#11010);
#8951=AXIS2_PLACEMENT_3D('',#13465,#11011,#11012);
#8952=AXIS2_PLACEMENT_3D('',#13468,#11013,#11014);
#8953=AXIS2_PLACEMENT_3D('',#13469,#11015,#11016);
#8954=AXIS2_PLACEMENT_3D('',#13471,#11017,#11018);
#8955=AXIS2_PLACEMENT_3D('',#13472,#11019,#11020);
#8956=AXIS2_PLACEMENT_3D('',#13473,#11021,#11022);
#8957=AXIS2_PLACEMENT_3D('',#13476,#11023,#11024);
#8958=AXIS2_PLACEMENT_3D('',#13477,#11025,#11026);
#8959=AXIS2_PLACEMENT_3D('',#13479,#11027,#11028);
#8960=AXIS2_PLACEMENT_3D('',#13480,#11029,#11030);
#8961=AXIS2_PLACEMENT_3D('',#13481,#11031,#11032);
#8962=AXIS2_PLACEMENT_3D('',#13484,#11033,#11034);
#8963=AXIS2_PLACEMENT_3D('',#13485,#11035,#11036);
#8964=AXIS2_PLACEMENT_3D('',#13487,#11037,#11038);
#8965=AXIS2_PLACEMENT_3D('',#13488,#11039,#11040);
#8966=AXIS2_PLACEMENT_3D('',#13489,#11041,#11042);
#8967=AXIS2_PLACEMENT_3D('',#13491,#11043,#11044);
#8968=AXIS2_PLACEMENT_3D('',#13492,#11045,#11046);
#8969=AXIS2_PLACEMENT_3D('',#13493,#11047,#11048);
#8970=AXIS2_PLACEMENT_3D('',#13495,#11049,#11050);
#8971=AXIS2_PLACEMENT_3D('',#13496,#11051,#11052);
#8972=AXIS2_PLACEMENT_3D('',#13497,#11053,#11054);
#8973=AXIS2_PLACEMENT_3D('',#13499,#11055,#11056);
#8974=AXIS2_PLACEMENT_3D('',#13500,#11057,#11058);
#8975=AXIS2_PLACEMENT_3D('',#13501,#11059,#11060);
#8976=AXIS2_PLACEMENT_3D('',#13503,#11061,#11062);
#8977=AXIS2_PLACEMENT_3D('',#13504,#11063,#11064);
#8978=AXIS2_PLACEMENT_3D('',#13505,#11065,#11066);
#8979=AXIS2_PLACEMENT_3D('',#13507,#11067,#11068);
#8980=AXIS2_PLACEMENT_3D('',#13508,#11069,#11070);
#8981=AXIS2_PLACEMENT_3D('',#13511,#11072,#11073);
#8982=AXIS2_PLACEMENT_3D('',#13514,#11075,#11076);
#8983=AXIS2_PLACEMENT_3D('',#13518,#11079,#11080);
#8984=AXIS2_PLACEMENT_3D('',#13521,#11082,#11083);
#8985=AXIS2_PLACEMENT_3D('',#13522,#11084,#11085);
#8986=AXIS2_PLACEMENT_3D('',#13524,#11087,#11088);
#8987=AXIS2_PLACEMENT_3D('',#13525,#11089,#11090);
#8988=AXIS2_PLACEMENT_3D('',#13528,#11092,#11093);
#8989=AXIS2_PLACEMENT_3D('',#13531,#11095,#11096);
#8990=AXIS2_PLACEMENT_3D('',#13533,#11098,#11099);
#8991=AXIS2_PLACEMENT_3D('',#13537,#11102,#11103);
#8992=AXIS2_PLACEMENT_3D('',#13538,#11104,#11105);
#8993=AXIS2_PLACEMENT_3D('',#13539,#11106,#11107);
#8994=AXIS2_PLACEMENT_3D('',#13540,#11108,#11109);
#8995=AXIS2_PLACEMENT_3D('',#13542,#11110,#11111);
#8996=AXIS2_PLACEMENT_3D('',#13545,#11113,#11114);
#8997=AXIS2_PLACEMENT_3D('',#13548,#11116,#11117);
#8998=AXIS2_PLACEMENT_3D('',#13550,#11119,#11120);
#8999=AXIS2_PLACEMENT_3D('',#13554,#11123,#11124);
#9000=AXIS2_PLACEMENT_3D('',#13555,#11125,#11126);
#9001=AXIS2_PLACEMENT_3D('',#13556,#11127,#11128);
#9002=AXIS2_PLACEMENT_3D('',#13557,#11129,#11130);
#9003=AXIS2_PLACEMENT_3D('',#13558,#11131,#11132);
#9004=AXIS2_PLACEMENT_3D('',#13560,#11133,#11134);
#9005=AXIS2_PLACEMENT_3D('',#13561,#11135,#11136);
#9006=AXIS2_PLACEMENT_3D('',#13563,#11137,#11138);
#9007=AXIS2_PLACEMENT_3D('',#13564,#11139,#11140);
#9008=AXIS2_PLACEMENT_3D('',#13566,#11141,#11142);
#9009=AXIS2_PLACEMENT_3D('',#13567,#11143,#11144);
#9010=AXIS2_PLACEMENT_3D('',#13568,#11145,#11146);
#9011=AXIS2_PLACEMENT_3D('',#13570,#11147,#11148);
#9012=AXIS2_PLACEMENT_3D('',#13571,#11149,#11150);
#9013=AXIS2_PLACEMENT_3D('',#13573,#11151,#11152);
#9014=AXIS2_PLACEMENT_3D('',#13575,#11153,#11154);
#9015=AXIS2_PLACEMENT_3D('',#13576,#11155,#11156);
#9016=AXIS2_PLACEMENT_3D('',#13578,#11157,#11158);
#9017=AXIS2_PLACEMENT_3D('',#13579,#11159,#11160);
#9018=AXIS2_PLACEMENT_3D('',#13581,#11161,#11162);
#9019=AXIS2_PLACEMENT_3D('',#13583,#11163,#11164);
#9020=AXIS2_PLACEMENT_3D('',#13584,#11165,#11166);
#9021=AXIS2_PLACEMENT_3D('',#13587,#11167,#11168);
#9022=AXIS2_PLACEMENT_3D('',#13588,#11169,#11170);
#9023=AXIS2_PLACEMENT_3D('',#13590,#11171,#11172);
#9024=AXIS2_PLACEMENT_3D('',#13591,#11173,#11174);
#9025=AXIS2_PLACEMENT_3D('',#13592,#11175,#11176);
#9026=AXIS2_PLACEMENT_3D('',#13595,#11177,#11178);
#9027=AXIS2_PLACEMENT_3D('',#13596,#11179,#11180);
#9028=AXIS2_PLACEMENT_3D('',#13598,#11181,#11182);
#9029=AXIS2_PLACEMENT_3D('',#13599,#11183,#11184);
#9030=AXIS2_PLACEMENT_3D('',#13600,#11185,#11186);
#9031=AXIS2_PLACEMENT_3D('',#13601,#11187,#11188);
#9032=AXIS2_PLACEMENT_3D('',#13603,#11189,#11190);
#9033=AXIS2_PLACEMENT_3D('',#13605,#11191,#11192);
#9034=AXIS2_PLACEMENT_3D('',#13607,#11193,#11194);
#9035=AXIS2_PLACEMENT_3D('',#13617,#11199,#11200);
#9036=AXIS2_PLACEMENT_3D('',#13623,#11204,#11205);
#9037=AXIS2_PLACEMENT_3D('',#13629,#11209,#11210);
#9038=AXIS2_PLACEMENT_3D('',#13632,#11213,#11214);
#9039=AXIS2_PLACEMENT_3D('',#13633,#11215,#11216);
#9040=AXIS2_PLACEMENT_3D('',#13634,#11217,#11218);
#9041=AXIS2_PLACEMENT_3D('',#13635,#11219,#11220);
#9042=AXIS2_PLACEMENT_3D('',#13637,#11221,#11222);
#9043=AXIS2_PLACEMENT_3D('',#13638,#11223,#11224);
#9044=AXIS2_PLACEMENT_3D('',#13640,#11225,#11226);
#9045=AXIS2_PLACEMENT_3D('',#13641,#11227,#11228);
#9046=AXIS2_PLACEMENT_3D('',#13643,#11229,#11230);
#9047=AXIS2_PLACEMENT_3D('',#13644,#11231,#11232);
#9048=AXIS2_PLACEMENT_3D('',#13645,#11233,#11234);
#9049=AXIS2_PLACEMENT_3D('',#13647,#11235,#11236);
#9050=AXIS2_PLACEMENT_3D('',#13648,#11237,#11238);
#9051=AXIS2_PLACEMENT_3D('',#13650,#11239,#11240);
#9052=AXIS2_PLACEMENT_3D('',#13651,#11241,#11242);
#9053=AXIS2_PLACEMENT_3D('',#13653,#11243,#11244);
#9054=AXIS2_PLACEMENT_3D('',#13654,#11245,#11246);
#9055=AXIS2_PLACEMENT_3D('',#13655,#11247,#11248);
#9056=AXIS2_PLACEMENT_3D('',#13657,#11249,#11250);
#9057=AXIS2_PLACEMENT_3D('',#13658,#11251,#11252);
#9058=AXIS2_PLACEMENT_3D('',#13660,#11253,#11254);
#9059=AXIS2_PLACEMENT_3D('',#13661,#11255,#11256);
#9060=AXIS2_PLACEMENT_3D('',#13663,#11257,#11258);
#9061=AXIS2_PLACEMENT_3D('',#13664,#11259,#11260);
#9062=AXIS2_PLACEMENT_3D('',#13665,#11261,#11262);
#9063=AXIS2_PLACEMENT_3D('',#13667,#11263,#11264);
#9064=AXIS2_PLACEMENT_3D('',#13668,#11265,#11266);
#9065=AXIS2_PLACEMENT_3D('',#13670,#11267,#11268);
#9066=AXIS2_PLACEMENT_3D('',#13671,#11269,#11270);
#9067=AXIS2_PLACEMENT_3D('',#13673,#11271,#11272);
#9068=AXIS2_PLACEMENT_3D('',#13674,#11273,#11274);
#9069=AXIS2_PLACEMENT_3D('',#13675,#11275,#11276);
#9070=AXIS2_PLACEMENT_3D('',#13679,#11278,#11279);
#9071=AXIS2_PLACEMENT_3D('',#13683,#11281,#11282);
#9072=AXIS2_PLACEMENT_3D('',#13684,#11283,#11284);
#9073=AXIS2_PLACEMENT_3D('',#13688,#11286,#11287);
#9074=AXIS2_PLACEMENT_3D('',#13692,#11289,#11290);
#9075=AXIS2_PLACEMENT_3D('',#13693,#11291,#11292);
#9076=AXIS2_PLACEMENT_3D('',#13697,#11294,#11295);
#9077=AXIS2_PLACEMENT_3D('',#13701,#11297,#11298);
#9078=AXIS2_PLACEMENT_3D('',#13702,#11299,#11300);
#9079=AXIS2_PLACEMENT_3D('',#13706,#11302,#11303);
#9080=AXIS2_PLACEMENT_3D('',#13710,#11305,#11306);
#9081=AXIS2_PLACEMENT_3D('',#13711,#11307,#11308);
#9082=AXIS2_PLACEMENT_3D('',#13712,#11309,#11310);
#9083=AXIS2_PLACEMENT_3D('',#13714,#11311,#11312);
#9084=AXIS2_PLACEMENT_3D('',#13721,#11313,#11314);
#9085=AXIS2_PLACEMENT_3D('',#13726,#11315,#11316);
#9086=AXIS2_PLACEMENT_3D('',#13727,#11317,#11318);
#9087=AXIS2_PLACEMENT_3D('',#13729,#11319,#11320);
#9088=AXIS2_PLACEMENT_3D('',#13736,#11321,#11322);
#9089=AXIS2_PLACEMENT_3D('',#13741,#11323,#11324);
#9090=AXIS2_PLACEMENT_3D('',#13742,#11325,#11326);
#9091=AXIS2_PLACEMENT_3D('',#13744,#11327,#11328);
#9092=AXIS2_PLACEMENT_3D('',#13751,#11329,#11330);
#9093=AXIS2_PLACEMENT_3D('',#13756,#11331,#11332);
#9094=AXIS2_PLACEMENT_3D('',#13757,#11333,#11334);
#9095=AXIS2_PLACEMENT_3D('',#13759,#11335,#11336);
#9096=AXIS2_PLACEMENT_3D('',#13766,#11337,#11338);
#9097=AXIS2_PLACEMENT_3D('',#13771,#11339,#11340);
#9098=AXIS2_PLACEMENT_3D('',#13780,#11345,#11346);
#9099=AXIS2_PLACEMENT_3D('',#13786,#11350,#11351);
#9100=AXIS2_PLACEMENT_3D('',#13792,#11355,#11356);
#9101=AXIS2_PLACEMENT_3D('',#13798,#11360,#11361);
#9102=AXIS2_PLACEMENT_3D('',#13804,#11365,#11366);
#9103=AXIS2_PLACEMENT_3D('',#13810,#11370,#11371);
#9104=AXIS2_PLACEMENT_3D('',#13816,#11375,#11376);
#9105=AXIS2_PLACEMENT_3D('',#13819,#11379,#11380);
#9106=AXIS2_PLACEMENT_3D('',#13820,#11381,#11382);
#9107=AXIS2_PLACEMENT_3D('',#13822,#11383,#11384);
#9108=AXIS2_PLACEMENT_3D('',#13824,#11385,#11386);
#9109=AXIS2_PLACEMENT_3D('',#13826,#11387,#11388);
#9110=AXIS2_PLACEMENT_3D('',#13828,#11389,#11390);
#9111=AXIS2_PLACEMENT_3D('',#13829,#11391,#11392);
#9112=AXIS2_PLACEMENT_3D('',#13830,#11393,#11394);
#9113=AXIS2_PLACEMENT_3D('',#13831,#11395,#11396);
#9114=AXIS2_PLACEMENT_3D('',#13832,#11397,#11398);
#9115=AXIS2_PLACEMENT_3D('',#13833,#11399,#11400);
#9116=AXIS2_PLACEMENT_3D('',#13835,#11401,#11402);
#9117=AXIS2_PLACEMENT_3D('',#13837,#11403,#11404);
#9118=AXIS2_PLACEMENT_3D('',#13839,#11405,#11406);
#9119=AXIS2_PLACEMENT_3D('',#13841,#11407,#11408);
#9120=AXIS2_PLACEMENT_3D('',#13843,#11409,#11410);
#9121=AXIS2_PLACEMENT_3D('',#13845,#11411,#11412);
#9122=AXIS2_PLACEMENT_3D('',#13847,#11413,#11414);
#9123=AXIS2_PLACEMENT_3D('',#13849,#11415,#11416);
#9124=AXIS2_PLACEMENT_3D('',#13851,#11417,#11418);
#9125=AXIS2_PLACEMENT_3D('',#13852,#11419,#11420);
#9126=AXIS2_PLACEMENT_3D('',#13854,#11421,#11422);
#9127=AXIS2_PLACEMENT_3D('',#13855,#11423,#11424);
#9128=AXIS2_PLACEMENT_3D('',#13856,#11425,#11426);
#9129=AXIS2_PLACEMENT_3D('',#13858,#11427,#11428);
#9130=AXIS2_PLACEMENT_3D('',#13859,#11429,#11430);
#9131=AXIS2_PLACEMENT_3D('',#13861,#11431,#11432);
#9132=AXIS2_PLACEMENT_3D('',#13862,#11433,#11434);
#9133=AXIS2_PLACEMENT_3D('',#13863,#11435,#11436);
#9134=AXIS2_PLACEMENT_3D('',#13865,#11437,#11438);
#9135=AXIS2_PLACEMENT_3D('',#13866,#11439,#11440);
#9136=AXIS2_PLACEMENT_3D('',#13868,#11441,#11442);
#9137=AXIS2_PLACEMENT_3D('',#13869,#11443,#11444);
#9138=AXIS2_PLACEMENT_3D('',#13870,#11445,#11446);
#9139=AXIS2_PLACEMENT_3D('',#13872,#11447,#11448);
#9140=AXIS2_PLACEMENT_3D('',#13873,#11449,#11450);
#9141=AXIS2_PLACEMENT_3D('',#13875,#11451,#11452);
#9142=AXIS2_PLACEMENT_3D('',#13876,#11453,#11454);
#9143=AXIS2_PLACEMENT_3D('',#13877,#11455,#11456);
#9144=AXIS2_PLACEMENT_3D('',#13879,#11457,#11458);
#9145=AXIS2_PLACEMENT_3D('',#13880,#11459,#11460);
#9146=AXIS2_PLACEMENT_3D('',#13882,#11461,#11462);
#9147=AXIS2_PLACEMENT_3D('',#13883,#11463,#11464);
#9148=AXIS2_PLACEMENT_3D('',#13884,#11465,#11466);
#9149=AXIS2_PLACEMENT_3D('',#13886,#11467,#11468);
#9150=AXIS2_PLACEMENT_3D('',#13887,#11469,#11470);
#9151=AXIS2_PLACEMENT_3D('',#13888,#11471,#11472);
#9152=AXIS2_PLACEMENT_3D('',#13890,#11473,#11474);
#9153=AXIS2_PLACEMENT_3D('',#13891,#11475,#11476);
#9154=AXIS2_PLACEMENT_3D('',#13892,#11477,#11478);
#9155=AXIS2_PLACEMENT_3D('',#13894,#11479,#11480);
#9156=AXIS2_PLACEMENT_3D('',#13895,#11481,#11482);
#9157=AXIS2_PLACEMENT_3D('',#13896,#11483,#11484);
#9158=AXIS2_PLACEMENT_3D('',#13898,#11485,#11486);
#9159=AXIS2_PLACEMENT_3D('',#13899,#11487,#11488);
#9160=AXIS2_PLACEMENT_3D('',#13900,#11489,#11490);
#9161=AXIS2_PLACEMENT_3D('',#13901,#11491,#11492);
#9162=AXIS2_PLACEMENT_3D('',#13902,#11493,#11494);
#9163=AXIS2_PLACEMENT_3D('',#13903,#11495,#11496);
#9164=AXIS2_PLACEMENT_3D('',#13904,#11497,#11498);
#9165=AXIS2_PLACEMENT_3D('',#13905,#11499,#11500);
#9166=AXIS2_PLACEMENT_3D('',#13919,#11507,#11508);
#9167=AXIS2_PLACEMENT_3D('',#13920,#11509,#11510);
#9168=AXIS2_PLACEMENT_3D('',#13922,#11511,#11512);
#9169=AXIS2_PLACEMENT_3D('',#13923,#11513,#11514);
#9170=AXIS2_PLACEMENT_3D('',#13925,#11515,#11516);
#9171=AXIS2_PLACEMENT_3D('',#13926,#11517,#11518);
#9172=AXIS2_PLACEMENT_3D('',#13928,#11519,#11520);
#9173=AXIS2_PLACEMENT_3D('',#13929,#11521,#11522);
#9174=AXIS2_PLACEMENT_3D('',#13931,#11523,#11524);
#9175=AXIS2_PLACEMENT_3D('',#13932,#11525,#11526);
#9176=AXIS2_PLACEMENT_3D('',#13934,#11527,#11528);
#9177=AXIS2_PLACEMENT_3D('',#13935,#11529,#11530);
#9178=AXIS2_PLACEMENT_3D('',#13943,#11535,#11536);
#9179=AXIS2_PLACEMENT_3D('',#13949,#11540,#11541);
#9180=AXIS2_PLACEMENT_3D('',#13955,#11545,#11546);
#9181=AXIS2_PLACEMENT_3D('',#13961,#11550,#11551);
#9182=AXIS2_PLACEMENT_3D('',#13967,#11555,#11556);
#9183=AXIS2_PLACEMENT_3D('',#13971,#11559,#11560);
#9184=AXIS2_PLACEMENT_3D('',#13972,#11561,#11562);
#9185=AXIS2_PLACEMENT_3D('',#13973,#11563,#11564);
#9186=AXIS2_PLACEMENT_3D('',#13974,#11565,#11566);
#9187=AXIS2_PLACEMENT_3D('',#13975,#11567,#11568);
#9188=AXIS2_PLACEMENT_3D('',#13976,#11569,#11570);
#9189=AXIS2_PLACEMENT_3D('',#13977,#11571,#11572);
#9190=AXIS2_PLACEMENT_3D('',#13978,#11573,#11574);
#9191=AXIS2_PLACEMENT_3D('',#13979,#11575,#11576);
#9192=AXIS2_PLACEMENT_3D('',#13980,#11577,#11578);
#9193=AXIS2_PLACEMENT_3D('',#13981,#11579,#11580);
#9194=AXIS2_PLACEMENT_3D('',#13982,#11581,#11582);
#9195=AXIS2_PLACEMENT_3D('',#13983,#11583,#11584);
#9196=AXIS2_PLACEMENT_3D('',#13985,#11585,#11586);
#9197=AXIS2_PLACEMENT_3D('',#13986,#11587,#11588);
#9198=AXIS2_PLACEMENT_3D('',#13987,#11589,#11590);
#9199=AXIS2_PLACEMENT_3D('',#13988,#11591,#11592);
#9200=DIRECTION('',(0.,0.,1.));
#9201=DIRECTION('',(1.,0.,0.));
#9202=DIRECTION('',(1.64987287117359E-17,1.,0.));
#9203=DIRECTION('',(-1.,1.64987287117359E-17,0.));
#9204=DIRECTION('',(1.,-1.64987287117359E-17,0.));
#9205=DIRECTION('',(1.64987287117359E-17,1.,0.));
#9206=DIRECTION('',(-1.,1.64987287117359E-17,0.));
#9207=DIRECTION('',(-1.,1.64987287117359E-17,0.));
#9208=DIRECTION('',(1.64987287117359E-17,1.,0.));
#9209=DIRECTION('',(-1.,1.64987287117359E-17,0.));
#9210=DIRECTION('',(1.64987287117359E-17,1.,0.));
#9211=DIRECTION('',(-1.,1.64987287117359E-17,0.));
#9212=DIRECTION('',(-1.,0.,0.));
#9213=DIRECTION('',(0.,1.80700362080917E-17,-1.));
#9214=DIRECTION('',(-1.,0.,0.));
#9215=DIRECTION('',(0.,1.80700362080917E-17,-1.));
#9216=DIRECTION('',(0.,0.,-1.));
#9217=DIRECTION('',(-1.,0.,0.));
#9218=DIRECTION('',(0.,-1.4494681450341E-18,-1.));
#9219=DIRECTION('',(-1.,0.,0.));
#9220=DIRECTION('',(0.,0.,-1.));
#9221=DIRECTION('',(0.,0.,-1.));
#9222=DIRECTION('',(1.,-1.64987287117359E-17,0.));
#9223=DIRECTION('',(0.,0.,-1.));
#9224=DIRECTION('',(1.,-1.64987287117359E-17,0.));
#9225=DIRECTION('',(0.,0.,1.));
#9226=DIRECTION('',(1.,-1.64987287117359E-17,0.));
#9227=DIRECTION('',(0.,0.,-1.));
#9228=DIRECTION('',(1.,-1.64987287117359E-17,0.));
#9229=DIRECTION('',(0.,0.,-1.));
#9230=DIRECTION('',(1.,-1.64987287117359E-17,0.));
#9231=DIRECTION('',(0.,0.,1.));
#9232=DIRECTION('',(1.,-1.64987287117359E-17,0.));
#9233=DIRECTION('',(0.,0.,-1.));
#9234=DIRECTION('',(0.,0.,-1.));
#9235=DIRECTION('',(-1.,0.,0.));
#9236=DIRECTION('',(0.,-1.4494681450341E-18,-1.));
#9237=DIRECTION('',(-1.,0.,0.));
#9238=DIRECTION('',(0.,0.,-1.));
#9239=DIRECTION('',(-1.,0.,0.));
#9240=DIRECTION('',(0.,-1.4494681450341E-18,-1.));
#9241=DIRECTION('',(-1.,0.,0.));
#9242=DIRECTION('',(0.,0.,-1.));
#9243=DIRECTION('',(-1.,0.,0.));
#9244=DIRECTION('',(-1.,0.,0.));
#9245=DIRECTION('',(0.,-1.,0.));
#9246=DIRECTION('',(-1.,0.,0.));
#9247=DIRECTION('',(0.,-1.,0.));
#9248=DIRECTION('',(0.,-1.,0.));
#9249=DIRECTION('',(-1.,0.,0.));
#9250=DIRECTION('',(0.,-1.,0.));
#9251=DIRECTION('',(0.,-1.,0.));
#9252=DIRECTION('',(0.,-1.,0.));
#9253=DIRECTION('',(0.,0.707106781186546,-0.707106781186549));
#9254=DIRECTION('',(0.,0.707106781186549,0.707106781186546));
#9255=DIRECTION('',(0.,-0.707106781186549,-0.707106781186546));
#9256=DIRECTION('',(0.,-0.707106781186549,-0.707106781186546));
#9257=DIRECTION('',(0.,0.707106781186547,0.707106781186549));
#9258=DIRECTION('',(0.,-0.707106781186549,0.707106781186547));
#9259=DIRECTION('',(0.,0.707106781186549,-0.707106781186547));
#9260=DIRECTION('',(0.,0.707106781186549,-0.707106781186547));
#9261=DIRECTION('',(-1.,0.,0.));
#9262=DIRECTION('',(0.,0.,1.));
#9263=DIRECTION('',(1.,0.,0.));
#9264=DIRECTION('',(-1.,0.,0.));
#9265=DIRECTION('',(0.,1.,0.));
#9266=DIRECTION('',(0.,1.,0.));
#9267=DIRECTION('',(0.,1.,0.));
#9268=DIRECTION('',(0.,1.,0.));
#9269=DIRECTION('',(0.,1.,0.));
#9270=DIRECTION('',(-1.,0.,0.));
#9271=DIRECTION('',(0.,1.,0.));
#9272=DIRECTION('',(1.,0.,0.));
#9273=DIRECTION('',(0.,0.,-1.));
#9274=DIRECTION('',(1.,0.,0.));
#9275=DIRECTION('',(0.,0.,-1.));
#9276=DIRECTION('',(0.,1.,0.));
#9277=DIRECTION('',(0.,0.,-1.));
#9278=DIRECTION('',(0.,0.,1.));
#9279=DIRECTION('',(0.,2.34422091348217E-16,-1.));
#9280=DIRECTION('',(0.,-1.,0.));
#9281=DIRECTION('',(0.,-0.866025403784439,-0.5));
#9282=DIRECTION('',(0.,0.5,-0.866025403784439));
#9283=DIRECTION('',(0.,0.5,-0.866025403784439));
#9284=DIRECTION('',(-1.,0.,0.));
#9285=DIRECTION('',(0.,-0.866025403784439,-0.5));
#9286=DIRECTION('',(0.,-0.5,0.866025403784439));
#9287=DIRECTION('',(-1.,0.,0.));
#9288=DIRECTION('',(0.,-0.866025403784439,-0.5));
#9289=DIRECTION('',(0.,-0.5,0.866025403784439));
#9290=DIRECTION('',(-1.,0.,0.));
#9291=DIRECTION('',(0.,-0.5,0.866025403784439));
#9292=DIRECTION('',(-1.,0.,0.));
#9293=DIRECTION('',(0.,-0.5,0.866025403784439));
#9294=DIRECTION('',(-1.,0.,0.));
#9295=DIRECTION('',(0.,-1.,0.));
#9296=DIRECTION('',(0.,0.,-1.));
#9297=DIRECTION('',(-1.,0.,0.));
#9298=DIRECTION('',(0.,1.,0.));
#9299=DIRECTION('',(1.,0.,0.));
#9300=DIRECTION('',(1.,0.,0.));
#9301=DIRECTION('',(0.,1.,0.));
#9302=DIRECTION('',(1.,0.,0.));
#9303=DIRECTION('',(0.,1.,0.));
#9304=DIRECTION('',(1.,0.,0.));
#9305=DIRECTION('',(0.,0.,-1.));
#9306=DIRECTION('',(-1.,0.,0.));
#9307=DIRECTION('',(0.,-1.,0.));
#9308=DIRECTION('',(0.,0.,-1.));
#9309=DIRECTION('',(-1.,0.,0.));
#9310=DIRECTION('',(0.,-1.,0.));
#9311=DIRECTION('',(0.,0.,-1.));
#9312=DIRECTION('',(-1.,0.,0.));
#9313=DIRECTION('',(0.,0.,1.));
#9314=DIRECTION('',(0.,-1.,0.));
#9315=DIRECTION('',(0.,0.,-1.));
#9316=DIRECTION('',(0.,-1.,0.));
#9317=DIRECTION('',(0.,0.,-1.));
#9318=DIRECTION('',(0.,-0.866025403784439,0.5));
#9319=DIRECTION('',(0.,-0.5,-0.866025403784439));
#9320=DIRECTION('',(0.,-0.5,-0.866025403784439));
#9321=DIRECTION('',(-1.,0.,0.));
#9322=DIRECTION('',(0.,0.5,0.866025403784439));
#9323=DIRECTION('',(-1.,0.,0.));
#9324=DIRECTION('',(0.,0.5,0.866025403784439));
#9325=DIRECTION('',(0.,-0.866025403784439,0.5));
#9326=DIRECTION('',(0.,-0.5,-0.866025403784439));
#9327=DIRECTION('',(0.,-0.866025403784439,0.5));
#9328=DIRECTION('',(0.,-0.5,-0.866025403784439));
#9329=DIRECTION('',(1.,0.,0.));
#9330=DIRECTION('',(0.,0.,-1.));
#9331=DIRECTION('',(1.,0.,0.));
#9332=DIRECTION('',(0.,0.,-1.));
#9333=DIRECTION('',(-1.,0.,0.));
#9334=DIRECTION('',(0.,0.,1.));
#9335=DIRECTION('',(-1.,0.,0.));
#9336=DIRECTION('',(0.,0.,1.));
#9337=DIRECTION('',(1.,0.,0.));
#9338=DIRECTION('',(0.,0.,-1.));
#9339=DIRECTION('',(1.,0.,0.));
#9340=DIRECTION('',(0.,0.,-1.));
#9341=DIRECTION('',(0.,-0.707106781186539,-0.707106781186556));
#9342=DIRECTION('',(0.,0.,-1.));
#9343=DIRECTION('',(0.,0.707106781186547,-0.707106781186548));
#9344=DIRECTION('',(0.,1.,0.));
#9345=DIRECTION('',(0.,0.707106781186548,0.707106781186548));
#9346=DIRECTION('',(0.,1.,0.));
#9347=DIRECTION('',(0.,0.707106781186546,0.707106781186549));
#9348=DIRECTION('',(-1.,0.,0.));
#9349=DIRECTION('',(0.,0.,1.));
#9350=DIRECTION('',(0.,-1.,0.));
#9351=DIRECTION('',(0.,0.,-1.));
#9352=DIRECTION('',(0.,-1.,0.));
#9353=DIRECTION('',(0.,-1.,0.));
#9354=DIRECTION('',(1.,0.,0.));
#9355=DIRECTION('',(0.,0.,-1.));
#9356=DIRECTION('',(0.,-1.,0.));
#9357=DIRECTION('',(0.,-0.707106781186547,0.707106781186547));
#9358=DIRECTION('',(0.,0.,1.));
#9359=DIRECTION('',(0.,0.707106781186546,0.707106781186549));
#9360=DIRECTION('',(0.,1.,0.));
#9361=DIRECTION('',(0.,0.,-1.));
#9362=DIRECTION('',(0.,1.,0.));
#9363=DIRECTION('',(0.,-0.707106781186546,0.707106781186549));
#9364=DIRECTION('',(0.,0.,1.));
#9365=DIRECTION('',(0.,0.707106781186547,0.707106781186547));
#9366=DIRECTION('',(0.,1.,0.));
#9367=DIRECTION('',(1.,0.,0.));
#9368=DIRECTION('',(0.,0.,-1.));
#9369=DIRECTION('',(0.,1.,0.));
#9370=DIRECTION('',(-1.,0.,0.));
#9371=DIRECTION('',(0.,0.,1.));
#9372=DIRECTION('',(0.,0.707106781186547,-0.707106781186548));
#9373=DIRECTION('',(0.,1.,0.));
#9374=DIRECTION('',(-1.,0.,0.));
#9375=DIRECTION('',(0.,0.,1.));
#9376=DIRECTION('',(0.,-0.707106781186547,-0.707106781186548));
#9377=DIRECTION('',(0.,1.,0.));
#9378=DIRECTION('',(1.,0.,0.));
#9379=DIRECTION('',(0.,0.,-1.));
#9380=DIRECTION('',(1.,0.,0.));
#9381=DIRECTION('',(0.,0.,-1.));
#9382=DIRECTION('',(0.,0.707106781186548,0.707106781186548));
#9383=DIRECTION('',(1.,0.,0.));
#9384=DIRECTION('',(0.,0.,-1.));
#9385=DIRECTION('',(0.,0.707106781186548,-0.707106781186548));
#9386=DIRECTION('',(1.,0.,0.));
#9387=DIRECTION('',(0.,0.,-1.));
#9388=DIRECTION('',(0.,-0.707106781186548,-0.707106781186548));
#9389=DIRECTION('',(1.,0.,0.));
#9390=DIRECTION('',(0.,0.,-1.));
#9391=DIRECTION('',(0.,-0.707106781186548,0.707106781186548));
#9392=DIRECTION('',(1.,0.,0.));
#9393=DIRECTION('',(0.,0.,-1.));
#9394=DIRECTION('',(1.,0.,0.));
#9395=DIRECTION('',(0.,0.,-1.));
#9396=DIRECTION('',(1.,0.,0.));
#9397=DIRECTION('',(1.,0.,0.));
#9398=DIRECTION('',(1.,0.,0.));
#9399=DIRECTION('',(0.,0.,-1.));
#9400=DIRECTION('',(1.,0.,0.));
#9401=DIRECTION('',(0.,0.,-1.));
#9402=DIRECTION('',(1.,0.,0.));
#9403=DIRECTION('',(1.,0.,0.));
#9404=DIRECTION('',(0.,0.,-1.));
#9405=DIRECTION('',(1.,0.,0.));
#9406=DIRECTION('',(1.,0.,0.));
#9407=DIRECTION('',(0.,0.,-1.));
#9408=DIRECTION('',(1.,0.,0.));
#9409=DIRECTION('',(1.,0.,0.));
#9410=DIRECTION('',(1.,0.,0.));
#9411=DIRECTION('',(0.,0.,-1.));
#9412=DIRECTION('',(1.,0.,0.));
#9413=DIRECTION('',(0.,0.,-1.));
#9414=DIRECTION('',(1.,0.,0.));
#9415=DIRECTION('',(1.,0.,0.));
#9416=DIRECTION('',(1.,0.,0.));
#9417=DIRECTION('',(0.,0.,-1.));
#9418=DIRECTION('',(-1.,0.,0.));
#9419=DIRECTION('',(0.,0.,1.));
#9420=DIRECTION('',(1.,0.,0.));
#9421=DIRECTION('',(0.,0.,-1.));
#9422=DIRECTION('',(1.,0.,0.));
#9423=DIRECTION('',(0.,0.,-1.));
#9424=DIRECTION('',(-1.,0.,0.));
#9425=DIRECTION('',(1.,0.,0.));
#9426=DIRECTION('',(0.,0.,-1.));
#9427=DIRECTION('',(-1.,0.,0.));
#9428=DIRECTION('',(1.,0.,0.));
#9429=DIRECTION('',(0.,0.,-1.));
#9430=DIRECTION('',(-1.,0.,0.));
#9431=DIRECTION('',(-1.,0.,0.));
#9432=DIRECTION('',(0.,0.,1.));
#9433=DIRECTION('',(-1.,0.,0.));
#9434=DIRECTION('',(0.,1.,0.));
#9435=DIRECTION('',(0.,0.,1.));
#9436=DIRECTION('',(0.,0.,1.));
#9437=DIRECTION('',(0.,0.,-1.));
#9438=DIRECTION('',(1.,0.,0.));
#9439=DIRECTION('',(1.,0.,0.));
#9440=DIRECTION('',(1.,0.,0.));
#9441=DIRECTION('',(0.,1.,0.));
#9442=DIRECTION('',(0.,0.,1.));
#9443=DIRECTION('',(0.,0.,-1.));
#9444=DIRECTION('',(0.,0.,1.));
#9445=DIRECTION('',(1.,0.,0.));
#9446=DIRECTION('',(1.,0.,0.));
#9447=DIRECTION('',(1.,0.,0.));
#9448=DIRECTION('',(0.,0.,1.));
#9449=DIRECTION('',(1.,0.,0.));
#9450=DIRECTION('',(0.,-1.,0.));
#9451=DIRECTION('',(0.,-1.,0.));
#9452=DIRECTION('',(-1.,0.,0.));
#9453=DIRECTION('',(0.,0.,1.));
#9454=DIRECTION('',(1.,0.,0.));
#9455=DIRECTION('',(0.,1.,0.));
#9456=DIRECTION('',(-1.,0.,0.));
#9457=DIRECTION('',(0.,1.,0.));
#9458=DIRECTION('',(0.,1.,0.));
#9459=DIRECTION('',(0.,1.,0.));
#9460=DIRECTION('',(0.,1.,0.));
#9461=DIRECTION('',(0.,0.,1.));
#9462=DIRECTION('',(1.,0.,0.));
#9463=DIRECTION('',(-1.,0.,0.));
#9464=DIRECTION('',(0.,0.,1.));
#9465=DIRECTION('',(1.,0.,0.));
#9466=DIRECTION('',(0.,0.,-1.));
#9467=DIRECTION('',(-1.,0.,0.));
#9468=DIRECTION('',(-1.,0.,0.));
#9469=DIRECTION('',(0.,1.,0.));
#9470=DIRECTION('',(0.,0.,-1.));
#9471=DIRECTION('',(-1.,0.,0.));
#9472=DIRECTION('',(0.,1.,0.));
#9473=DIRECTION('',(1.,0.,0.));
#9474=DIRECTION('',(0.,1.,0.));
#9475=DIRECTION('',(0.,0.,-1.));
#9476=DIRECTION('',(-1.,0.,0.));
#9477=DIRECTION('',(0.,1.,0.));
#9478=DIRECTION('',(1.,0.,0.));
#9479=DIRECTION('',(0.,0.,-1.));
#9480=DIRECTION('',(0.,0.707106781186548,0.707106781186548));
#9481=DIRECTION('',(0.,-0.707106781186548,0.707106781186548));
#9482=DIRECTION('',(0.,-0.707106781186548,-0.707106781186548));
#9483=DIRECTION('',(0.,0.707106781186548,-0.707106781186548));
#9484=DIRECTION('',(0.,-1.,0.));
#9485=DIRECTION('',(0.,-1.,0.));
#9486=DIRECTION('',(0.,0.,1.));
#9487=DIRECTION('',(0.,1.,0.));
#9488=DIRECTION('',(0.,0.,1.));
#9489=DIRECTION('',(0.,0.,-1.));
#9490=DIRECTION('',(0.,-1.,0.));
#9491=DIRECTION('',(0.,1.,0.));
#9492=DIRECTION('',(0.,-1.,0.));
#9493=DIRECTION('',(0.,0.,-1.));
#9494=DIRECTION('',(0.,0.,-1.));
#9495=DIRECTION('',(-1.,0.,0.));
#9496=DIRECTION('',(0.,0.,-1.));
#9497=DIRECTION('',(-1.,0.,0.));
#9498=DIRECTION('',(0.,0.,-1.));
#9499=DIRECTION('',(1.,0.,0.));
#9500=DIRECTION('',(0.,0.,-1.));
#9501=DIRECTION('',(1.,0.,0.));
#9502=DIRECTION('',(0.,0.,-1.));
#9503=DIRECTION('',(1.,0.,0.));
#9504=DIRECTION('',(0.,0.,-1.));
#9505=DIRECTION('',(1.,0.,0.));
#9506=DIRECTION('',(0.,0.,-1.));
#9507=DIRECTION('',(1.,0.,0.));
#9508=DIRECTION('',(0.,0.,-1.));
#9509=DIRECTION('',(1.,0.,0.));
#9510=DIRECTION('',(0.,0.,-1.));
#9511=DIRECTION('',(1.,0.,0.));
#9512=DIRECTION('',(0.,0.,-1.));
#9513=DIRECTION('',(1.,0.,0.));
#9514=DIRECTION('',(0.,0.,-1.));
#9515=DIRECTION('',(1.,0.,0.));
#9516=DIRECTION('',(0.,0.,-1.));
#9517=DIRECTION('',(1.,0.,0.));
#9518=DIRECTION('',(0.,0.,-1.));
#9519=DIRECTION('',(1.,0.,0.));
#9520=DIRECTION('',(0.,0.,-1.));
#9521=DIRECTION('',(0.,-1.,0.));
#9522=DIRECTION('',(0.,-1.,0.));
#9523=DIRECTION('',(0.,0.,-1.));
#9524=DIRECTION('',(0.,0.,-1.));
#9525=DIRECTION('',(-1.,0.,0.));
#9526=DIRECTION('',(-1.,0.,0.));
#9527=DIRECTION('',(0.,0.,1.));
#9528=DIRECTION('',(0.,0.,-1.));
#9529=DIRECTION('',(0.,1.,0.));
#9530=DIRECTION('',(0.,0.,-1.));
#9531=DIRECTION('',(-1.,0.,0.));
#9532=DIRECTION('',(0.,0.,1.));
#9533=DIRECTION('',(1.,0.,0.));
#9534=DIRECTION('',(0.,0.,1.));
#9535=DIRECTION('',(1.,0.,0.));
#9536=DIRECTION('',(0.,-1.,0.));
#9537=DIRECTION('',(0.,0.,1.));
#9538=DIRECTION('',(1.,0.,0.));
#9539=DIRECTION('',(-1.,0.,0.));
#9540=DIRECTION('',(0.,0.,1.));
#9541=DIRECTION('',(1.,0.,0.));
#9542=DIRECTION('',(0.,1.,0.));
#9543=DIRECTION('',(0.,1.,0.));
#9544=DIRECTION('',(0.,1.,0.));
#9545=DIRECTION('',(0.,1.,0.));
#9546=DIRECTION('',(-1.,0.,0.));
#9547=DIRECTION('',(0.,0.,1.));
#9548=DIRECTION('',(1.,0.,0.));
#9549=DIRECTION('',(0.,0.,-1.));
#9550=DIRECTION('',(1.,0.,0.));
#9551=DIRECTION('',(0.,0.,-1.));
#9552=DIRECTION('',(1.,0.,0.));
#9553=DIRECTION('',(0.,0.,-1.));
#9554=DIRECTION('',(1.,0.,0.));
#9555=DIRECTION('',(0.,0.,-1.));
#9556=DIRECTION('',(1.,0.,0.));
#9557=DIRECTION('',(0.,0.,-1.));
#9558=DIRECTION('',(1.,0.,0.));
#9559=DIRECTION('',(0.,0.,-1.));
#9560=DIRECTION('',(0.,-1.,0.));
#9561=DIRECTION('',(0.,0.,-1.));
#9562=DIRECTION('',(0.,1.,0.));
#9563=DIRECTION('',(0.,0.,1.));
#9564=DIRECTION('',(0.,-1.,0.));
#9565=DIRECTION('',(0.,0.,1.));
#9566=DIRECTION('',(1.,0.,0.));
#9567=DIRECTION('',(0.,0.,1.));
#9568=DIRECTION('',(1.,0.,0.));
#9569=DIRECTION('',(0.,-1.,0.));
#9570=DIRECTION('',(-1.,0.,0.));
#9571=DIRECTION('',(0.,-1.,0.));
#9572=DIRECTION('',(0.,0.,1.));
#9573=DIRECTION('',(1.,0.,0.));
#9574=DIRECTION('',(1.,0.,0.));
#9575=DIRECTION('',(0.,0.,-1.));
#9576=DIRECTION('',(1.,0.,0.));
#9577=DIRECTION('',(0.,0.,-1.));
#9578=DIRECTION('',(0.,0.,1.));
#9579=DIRECTION('',(0.,1.,0.));
#9580=DIRECTION('',(0.,0.,1.));
#9581=DIRECTION('',(1.,0.,0.));
#9582=DIRECTION('',(0.,0.,1.));
#9583=DIRECTION('',(0.,0.,1.));
#9584=DIRECTION('',(1.,0.,0.));
#9585=DIRECTION('',(0.,1.,0.));
#9586=DIRECTION('',(0.,0.,1.));
#9587=DIRECTION('',(0.,0.,1.));
#9588=DIRECTION('',(-1.,0.,0.));
#9589=DIRECTION('',(0.,0.,1.));
#9590=DIRECTION('',(1.,0.,0.));
#9591=DIRECTION('',(0.,0.,1.));
#9592=DIRECTION('',(1.,0.,0.));
#9593=DIRECTION('',(0.,0.,1.));
#9594=DIRECTION('',(1.,0.,0.));
#9595=DIRECTION('',(0.,0.,1.));
#9596=DIRECTION('',(1.,0.,0.));
#9597=DIRECTION('',(0.,1.,7.28875410074289E-17));
#9598=DIRECTION('',(-1.,0.,0.));
#9599=DIRECTION('',(0.,1.,7.28875410074289E-17));
#9600=DIRECTION('',(-1.,0.,0.));
#9601=DIRECTION('',(0.,0.,1.));
#9602=DIRECTION('',(1.,0.,0.));
#9603=DIRECTION('',(0.,0.,-1.));
#9604=DIRECTION('',(0.,1.,0.));
#9605=DIRECTION('',(0.,0.,-1.));
#9606=DIRECTION('',(0.,-1.,0.));
#9607=DIRECTION('',(0.,0.,-1.));
#9608=DIRECTION('',(-1.,0.,0.));
#9609=DIRECTION('',(0.,0.,-1.));
#9610=DIRECTION('',(0.,0.,-1.));
#9611=DIRECTION('',(0.,0.,-1.));
#9612=DIRECTION('',(-1.,0.,0.));
#9613=DIRECTION('',(0.,0.,-1.));
#9614=DIRECTION('',(-1.,0.,0.));
#9615=DIRECTION('',(0.,0.,-1.));
#9616=DIRECTION('',(-1.,0.,0.));
#9617=DIRECTION('',(0.,0.,-1.));
#9618=DIRECTION('',(-1.,0.,0.));
#9619=DIRECTION('',(0.,0.,1.));
#9620=DIRECTION('',(1.,0.,0.));
#9621=DIRECTION('',(0.,0.,1.));
#9622=DIRECTION('',(1.,0.,0.));
#9623=DIRECTION('',(-1.,0.,0.));
#9624=DIRECTION('',(0.,1.,0.));
#9625=DIRECTION('',(0.,1.,0.));
#9626=DIRECTION('',(0.,0.,-1.));
#9627=DIRECTION('',(-1.,0.,0.));
#9628=DIRECTION('',(0.,-1.,0.));
#9629=DIRECTION('',(0.,0.,1.));
#9630=DIRECTION('',(1.,0.,0.));
#9631=DIRECTION('',(0.,1.,0.));
#9632=DIRECTION('',(1.,0.,0.));
#9633=DIRECTION('',(0.,0.,-1.));
#9634=DIRECTION('',(0.,0.,-1.));
#9635=DIRECTION('',(-1.,0.,0.));
#9636=DIRECTION('',(0.,0.,1.));
#9637=DIRECTION('',(1.,0.,0.));
#9638=DIRECTION('',(-1.,0.,0.));
#9639=DIRECTION('',(0.,-1.,0.));
#9640=DIRECTION('',(0.,-1.,0.));
#9641=DIRECTION('',(-1.,0.,0.));
#9642=DIRECTION('',(0.,0.,1.));
#9643=DIRECTION('',(1.,0.,0.));
#9644=DIRECTION('',(0.,0.,1.));
#9645=DIRECTION('',(1.,0.,0.));
#9646=DIRECTION('',(-1.,0.,0.));
#9647=DIRECTION('',(0.,1.,0.));
#9648=DIRECTION('',(0.,1.,0.));
#9649=DIRECTION('',(-1.,0.,0.));
#9650=DIRECTION('',(-1.,0.,0.));
#9651=DIRECTION('',(0.,0.,1.));
#9652=DIRECTION('',(1.,0.,0.));
#9653=DIRECTION('',(0.,0.,-1.));
#9654=DIRECTION('',(1.,0.,0.));
#9655=DIRECTION('',(0.,0.,-1.));
#9656=DIRECTION('',(-1.,0.,0.));
#9657=DIRECTION('',(0.,1.,0.));
#9658=DIRECTION('',(0.,0.,1.));
#9659=DIRECTION('',(0.,0.,-1.));
#9660=DIRECTION('',(0.,0.,-1.));
#9661=DIRECTION('',(-1.,0.,0.));
#9662=DIRECTION('',(0.,-7.28875410074289E-17,1.));
#9663=DIRECTION('',(0.,-1.,-7.28875410074289E-17));
#9664=DIRECTION('',(0.,1.,7.28875410074289E-17));
#9665=DIRECTION('',(-1.,0.,0.));
#9666=DIRECTION('',(0.,1.,7.28875410074289E-17));
#9667=DIRECTION('',(-1.,0.,0.));
#9668=DIRECTION('',(0.,0.,1.));
#9669=DIRECTION('',(1.,0.,0.));
#9670=DIRECTION('',(0.,0.,-1.));
#9671=DIRECTION('',(-1.,0.,0.));
#9672=DIRECTION('',(1.,0.,0.));
#9673=DIRECTION('',(0.,0.,-1.));
#9674=DIRECTION('',(0.,1.,0.));
#9675=DIRECTION('',(0.,0.,1.));
#9676=DIRECTION('',(0.,0.,-1.));
#9677=DIRECTION('',(-1.,0.,0.));
#9678=DIRECTION('',(0.,0.,-1.));
#9679=DIRECTION('',(-1.,0.,0.));
#9680=DIRECTION('',(0.,0.,1.));
#9681=DIRECTION('',(1.,0.,0.));
#9682=DIRECTION('',(0.,0.,-1.));
#9683=DIRECTION('',(-1.,0.,0.));
#9684=DIRECTION('',(1.,0.,0.));
#9685=DIRECTION('',(0.,0.,-1.));
#9686=DIRECTION('',(0.,0.,-1.));
#9687=DIRECTION('',(-1.,0.,0.));
#9688=DIRECTION('',(0.,-1.,0.));
#9689=DIRECTION('',(0.,-1.,0.));
#9690=DIRECTION('',(0.,1.,0.));
#9691=DIRECTION('',(0.,0.,1.));
#9692=DIRECTION('',(0.,0.,-1.));
#9693=DIRECTION('',(-1.,0.,0.));
#9694=DIRECTION('',(0.,0.,-1.));
#9695=DIRECTION('',(-1.,0.,0.));
#9696=DIRECTION('',(0.,0.,1.));
#9697=DIRECTION('',(1.,0.,0.));
#9698=DIRECTION('',(0.,0.,-1.));
#9699=DIRECTION('',(-1.,0.,0.));
#9700=DIRECTION('',(1.,0.,0.));
#9701=DIRECTION('',(0.,0.,-1.));
#9702=DIRECTION('',(0.,-1.,0.));
#9703=DIRECTION('',(0.,0.,-1.));
#9704=DIRECTION('',(0.,0.,1.));
#9705=DIRECTION('',(0.,0.,1.));
#9706=DIRECTION('',(1.,0.,0.));
#9707=DIRECTION('',(0.,0.,-1.));
#9708=DIRECTION('',(1.,0.,0.));
#9709=DIRECTION('',(0.,0.,-1.));
#9710=DIRECTION('',(0.,0.,1.));
#9711=DIRECTION('',(1.,0.,0.));
#9712=DIRECTION('',(0.,0.,1.));
#9713=DIRECTION('',(1.,0.,0.));
#9714=DIRECTION('',(0.,0.,1.));
#9715=DIRECTION('',(1.,0.,0.));
#9716=DIRECTION('',(0.,0.,1.));
#9717=DIRECTION('',(1.,0.,0.));
#9718=DIRECTION('',(0.,0.,-1.));
#9719=DIRECTION('',(-1.,0.,0.));
#9720=DIRECTION('',(0.,0.,1.));
#9721=DIRECTION('',(1.,0.,0.));
#9722=DIRECTION('',(0.,0.,1.));
#9723=DIRECTION('',(1.,0.,0.));
#9724=DIRECTION('',(0.,0.,1.));
#9725=DIRECTION('',(1.,0.,0.));
#9726=DIRECTION('',(0.,0.,-1.));
#9727=DIRECTION('',(-1.,0.,0.));
#9728=DIRECTION('',(0.,0.,-1.));
#9729=DIRECTION('',(-1.,0.,0.));
#9730=DIRECTION('',(0.,0.,1.));
#9731=DIRECTION('',(1.,0.,0.));
#9732=DIRECTION('',(0.,0.,1.));
#9733=DIRECTION('',(1.,0.,0.));
#9734=DIRECTION('',(0.,0.,1.));
#9735=DIRECTION('',(1.,0.,0.));
#9736=DIRECTION('',(0.,0.,1.));
#9737=DIRECTION('',(1.,0.,0.));
#9738=DIRECTION('',(0.,0.,1.));
#9739=DIRECTION('',(1.,0.,0.));
#9740=DIRECTION('',(0.,0.,1.));
#9741=DIRECTION('',(1.,0.,0.));
#9742=DIRECTION('',(0.,0.,1.));
#9743=DIRECTION('',(1.,0.,0.));
#9744=DIRECTION('',(0.,0.,1.));
#9745=DIRECTION('',(1.,0.,0.));
#9746=DIRECTION('',(-1.,0.,0.));
#9747=DIRECTION('',(0.,0.,1.));
#9748=DIRECTION('',(1.,0.,0.));
#9749=DIRECTION('',(0.,0.,-1.));
#9750=DIRECTION('',(1.,0.,0.));
#9751=DIRECTION('',(0.,0.,-1.));
#9752=DIRECTION('',(1.,0.,0.));
#9753=DIRECTION('',(0.,0.,-1.));
#9754=DIRECTION('',(-1.,0.,0.));
#9755=DIRECTION('',(0.,0.,1.));
#9756=DIRECTION('',(-1.,0.,0.));
#9757=DIRECTION('',(0.,0.,1.));
#9758=DIRECTION('',(1.,0.,0.));
#9759=DIRECTION('',(0.,0.,-1.));
#9760=DIRECTION('',(1.,0.,0.));
#9761=DIRECTION('',(0.,0.,-1.));
#9762=DIRECTION('',(1.,0.,0.));
#9763=DIRECTION('',(0.,0.,-1.));
#9764=DIRECTION('',(-1.,0.,0.));
#9765=DIRECTION('',(0.,0.,1.));
#9766=DIRECTION('',(-1.,0.,0.));
#9767=DIRECTION('',(0.,0.,1.));
#9768=DIRECTION('',(1.,0.,0.));
#9769=DIRECTION('',(0.,0.,-1.));
#9770=DIRECTION('',(1.,0.,0.));
#9771=DIRECTION('',(0.,0.,-1.));
#9772=DIRECTION('',(1.,0.,0.));
#9773=DIRECTION('',(0.,0.,-1.));
#9774=DIRECTION('',(-1.,0.,0.));
#9775=DIRECTION('',(0.,0.,1.));
#9776=DIRECTION('',(-1.,0.,0.));
#9777=DIRECTION('',(0.,0.,1.));
#9778=DIRECTION('',(1.,0.,0.));
#9779=DIRECTION('',(0.,0.,-1.));
#9780=DIRECTION('',(1.,0.,0.));
#9781=DIRECTION('',(0.,0.,-1.));
#9782=DIRECTION('',(1.,0.,0.));
#9783=DIRECTION('',(0.,0.,-1.));
#9784=DIRECTION('',(-1.,0.,0.));
#9785=DIRECTION('',(0.,0.,1.));
#9786=DIRECTION('',(1.,0.,0.));
#9787=DIRECTION('',(0.,0.,-1.));
#9788=DIRECTION('',(1.,0.,0.));
#9789=DIRECTION('',(0.,0.,-1.));
#9790=DIRECTION('',(1.,0.,0.));
#9791=DIRECTION('',(0.,0.,-1.));
#9792=DIRECTION('',(1.,0.,0.));
#9793=DIRECTION('',(0.,0.,-1.));
#9794=DIRECTION('',(1.,0.,0.));
#9795=DIRECTION('',(0.,0.,-1.));
#9796=DIRECTION('',(1.,0.,0.));
#9797=DIRECTION('',(0.,0.,-1.));
#9798=DIRECTION('',(1.,0.,0.));
#9799=DIRECTION('',(0.,0.,-1.));
#9800=DIRECTION('',(1.,0.,0.));
#9801=DIRECTION('',(0.,0.,-1.));
#9802=DIRECTION('',(1.,0.,0.));
#9803=DIRECTION('',(0.,0.,-1.));
#9804=DIRECTION('',(1.,0.,0.));
#9805=DIRECTION('',(0.,0.,-1.));
#9806=DIRECTION('',(1.,0.,0.));
#9807=DIRECTION('',(0.,0.,-1.));
#9808=DIRECTION('',(0.,-0.707106781186548,0.707106781186548));
#9809=DIRECTION('',(0.,-0.707106781186548,-0.707106781186548));
#9810=DIRECTION('',(0.,-0.707106781186548,-0.707106781186548));
#9811=DIRECTION('',(0.,0.707106781186548,-0.707106781186548));
#9812=DIRECTION('',(0.,0.707106781186548,-0.707106781186548));
#9813=DIRECTION('',(0.,0.707106781186548,0.707106781186548));
#9814=DIRECTION('',(0.,0.707106781186548,0.707106781186548));
#9815=DIRECTION('',(0.,-0.707106781186548,0.707106781186548));
#9816=DIRECTION('',(-1.,0.,0.));
#9817=DIRECTION('',(0.,0.,1.));
#9818=DIRECTION('',(-1.,0.,0.));
#9819=DIRECTION('',(0.,0.,1.));
#9820=DIRECTION('',(-1.,0.,0.));
#9821=DIRECTION('',(0.,0.,1.));
#9822=DIRECTION('',(-1.,0.,0.));
#9823=DIRECTION('',(0.,0.,1.));
#9824=DIRECTION('',(-1.,0.,0.));
#9825=DIRECTION('',(0.,0.,1.));
#9826=DIRECTION('',(-1.,0.,0.));
#9827=DIRECTION('',(0.,0.,1.));
#9828=DIRECTION('',(1.,0.,0.));
#9829=DIRECTION('',(0.,0.,-1.));
#9830=DIRECTION('',(0.,0.707106781186547,-0.707106781186548));
#9831=DIRECTION('',(0.,0.707106781186546,0.707106781186549));
#9832=DIRECTION('',(0.,1.,0.));
#9833=DIRECTION('',(0.,0.707106781186548,0.707106781186548));
#9834=DIRECTION('',(0.,1.,0.));
#9835=DIRECTION('',(1.,0.,0.));
#9836=DIRECTION('',(0.,0.,-1.));
#9837=DIRECTION('',(0.,-0.707106781186547,-0.707106781186548));
#9838=DIRECTION('',(0.,0.707106781186539,-0.707106781186556));
#9839=DIRECTION('',(0.,0.,-1.));
#9840=DIRECTION('',(1.,0.,0.));
#9841=DIRECTION('',(0.,0.,-1.));
#9842=DIRECTION('',(0.,-0.707106781186539,-0.707106781186556));
#9843=DIRECTION('',(0.,0.707106781186547,-0.707106781186548));
#9844=DIRECTION('',(0.,0.,-1.));
#9845=DIRECTION('',(0.,0.,-1.));
#9846=DIRECTION('',(-1.,0.,0.));
#9847=DIRECTION('',(0.,0.,1.));
#9848=DIRECTION('',(1.,0.,0.));
#9849=DIRECTION('',(0.,0.,1.));
#9850=DIRECTION('',(1.,0.,0.));
#9851=DIRECTION('',(0.,-1.,0.));
#9852=DIRECTION('',(-1.,0.,0.));
#9853=DIRECTION('',(0.,-1.,0.));
#9854=DIRECTION('',(-1.,0.,0.));
#9855=DIRECTION('',(0.,0.707106781186548,-0.707106781186547));
#9856=DIRECTION('',(0.,0.707106781186547,0.707106781186548));
#9857=DIRECTION('',(0.,-0.707106781186547,-0.707106781186548));
#9858=DIRECTION('',(-1.,0.,0.));
#9859=DIRECTION('',(0.,-0.707106781186547,-0.707106781186548));
#9860=DIRECTION('',(0.,1.,0.));
#9861=DIRECTION('',(0.,0.,1.));
#9862=DIRECTION('',(0.,-1.,0.));
#9863=DIRECTION('',(0.,0.,-1.));
#9864=DIRECTION('',(0.,-1.,0.));
#9865=DIRECTION('',(0.,0.,-1.));
#9866=DIRECTION('',(-1.,0.,0.));
#9867=DIRECTION('',(0.,0.,-1.));
#9868=DIRECTION('',(0.,0.707106781186556,0.707106781186539));
#9869=DIRECTION('',(0.,-0.707106781186539,0.707106781186556));
#9870=DIRECTION('',(0.,0.707106781186539,-0.707106781186556));
#9871=DIRECTION('',(0.,0.707106781186556,-0.707106781186539));
#9872=DIRECTION('',(0.,0.707106781186539,0.707106781186556));
#9873=DIRECTION('',(-1.,0.,0.));
#9874=DIRECTION('',(0.,1.,0.));
#9875=DIRECTION('',(0.,0.,1.));
#9876=DIRECTION('',(0.,-1.,0.));
#9877=DIRECTION('',(0.,0.,-1.));
#9878=DIRECTION('',(0.,-1.,0.));
#9879=DIRECTION('',(0.,0.,-1.));
#9880=DIRECTION('',(-1.,0.,0.));
#9881=DIRECTION('',(0.,0.707106781186548,0.707106781186547));
#9882=DIRECTION('',(0.,-0.707106781186547,0.707106781186548));
#9883=DIRECTION('',(-1.,0.,0.));
#9884=DIRECTION('',(0.,0.,1.));
#9885=DIRECTION('',(1.,0.,0.));
#9886=DIRECTION('',(0.,0.,1.));
#9887=DIRECTION('',(1.,0.,0.));
#9888=DIRECTION('',(0.,0.,1.));
#9889=DIRECTION('',(1.,0.,0.));
#9890=DIRECTION('',(-1.,0.,0.));
#9891=DIRECTION('',(0.,-0.707106781186548,0.707106781186548));
#9892=DIRECTION('',(0.,-0.707106781186548,-0.707106781186548));
#9893=DIRECTION('',(-1.,0.,0.));
#9894=DIRECTION('',(0.,0.,1.));
#9895=DIRECTION('',(1.,0.,0.));
#9896=DIRECTION('',(-1.,0.,0.));
#9897=DIRECTION('',(0.,-0.707106781186549,0.707106781186546));
#9898=DIRECTION('',(0.,-0.707106781186546,-0.707106781186549));
#9899=DIRECTION('',(-1.,0.,0.));
#9900=DIRECTION('',(0.,0.707106781186546,0.707106781186549));
#9901=DIRECTION('',(0.,-1.,0.));
#9902=DIRECTION('',(0.,0.,-1.));
#9903=DIRECTION('',(-1.,0.,0.));
#9904=DIRECTION('',(0.,0.,1.));
#9905=DIRECTION('',(0.,-0.707106781186547,-0.707106781186547));
#9906=DIRECTION('',(0.,0.707106781186548,-0.707106781186548));
#9907=DIRECTION('',(-1.,0.,0.));
#9908=DIRECTION('',(0.,-0.707106781186547,0.707106781186547));
#9909=DIRECTION('',(0.,0.,-1.));
#9910=DIRECTION('',(-1.,0.,0.));
#9911=DIRECTION('',(-1.,0.,0.));
#9912=DIRECTION('',(0.,-1.,0.));
#9913=DIRECTION('',(-1.,0.,0.));
#9914=DIRECTION('',(0.,0.,1.));
#9915=DIRECTION('',(-1.,0.,0.));
#9916=DIRECTION('',(1.,0.,0.));
#9917=DIRECTION('',(0.,0.,-1.));
#9918=DIRECTION('',(0.,0.,-1.));
#9919=DIRECTION('',(-1.,0.,0.));
#9920=DIRECTION('',(0.,-1.,0.));
#9921=DIRECTION('',(0.,0.,1.));
#9922=DIRECTION('',(1.,0.,0.));
#9923=DIRECTION('',(-1.,0.,0.));
#9924=DIRECTION('',(0.,1.,0.));
#9925=DIRECTION('',(-1.,0.,0.));
#9926=DIRECTION('',(0.,0.,1.));
#9927=DIRECTION('',(-1.,0.,0.));
#9928=DIRECTION('',(1.,0.,0.));
#9929=DIRECTION('',(0.,0.,-1.));
#9930=DIRECTION('',(0.,0.,1.));
#9931=DIRECTION('',(1.,0.,0.));
#9932=DIRECTION('',(-1.,0.,0.));
#9933=DIRECTION('',(0.,1.,0.));
#9934=DIRECTION('',(0.,-0.707106781186547,0.707106781186547));
#9935=DIRECTION('',(0.,-0.707106781186548,-0.707106781186548));
#9936=DIRECTION('',(-1.,0.,0.));
#9937=DIRECTION('',(0.,0.707106781186547,0.707106781186547));
#9938=DIRECTION('',(0.,-1.,0.));
#9939=DIRECTION('',(0.,0.,-1.));
#9940=DIRECTION('',(-1.,0.,0.));
#9941=DIRECTION('',(0.,0.,1.));
#9942=DIRECTION('',(0.,-0.707106781186549,-0.707106781186546));
#9943=DIRECTION('',(0.,0.707106781186546,-0.707106781186549));
#9944=DIRECTION('',(0.,-0.707106781186546,0.707106781186549));
#9945=DIRECTION('',(-1.,0.,0.));
#9946=DIRECTION('',(0.,-0.707106781186546,0.707106781186549));
#9947=DIRECTION('',(0.,-0.707106781186546,0.707106781186549));
#9948=DIRECTION('',(0.,0.,-1.));
#9949=DIRECTION('',(-1.,0.,0.));
#9950=DIRECTION('',(0.,-1.,0.));
#9951=DIRECTION('',(-1.,0.,0.));
#9952=DIRECTION('',(0.,-1.,0.));
#9953=DIRECTION('',(0.,-0.707106781186548,-0.707106781186548));
#9954=DIRECTION('',(0.,0.707106781186548,-0.707106781186548));
#9955=DIRECTION('',(0.,-0.707106781186548,0.707106781186548));
#9956=DIRECTION('',(0.,-0.707106781186548,0.707106781186548));
#9957=DIRECTION('',(1.,0.,0.));
#9958=DIRECTION('',(0.,0.,-1.));
#9959=DIRECTION('',(1.,0.,0.));
#9960=DIRECTION('',(0.,0.,-1.));
#9961=DIRECTION('',(0.,-1.,0.));
#9962=DIRECTION('',(0.,0.,-1.));
#9963=DIRECTION('',(0.,-1.,0.));
#9964=DIRECTION('',(0.,0.,-1.));
#9965=DIRECTION('',(0.,1.,0.));
#9966=DIRECTION('',(0.,0.,1.));
#9967=DIRECTION('',(0.,-1.,0.));
#9968=DIRECTION('',(0.,0.,-1.));
#9969=DIRECTION('',(0.,-1.,0.));
#9970=DIRECTION('',(0.,0.,-1.));
#9971=DIRECTION('',(0.,-1.,0.));
#9972=DIRECTION('',(0.,0.,-1.));
#9973=DIRECTION('',(0.,-1.,0.));
#9974=DIRECTION('',(0.,0.,-1.));
#9975=DIRECTION('',(0.,1.,0.));
#9976=DIRECTION('',(0.,0.,1.));
#9977=DIRECTION('',(0.,-1.,0.));
#9978=DIRECTION('',(0.,0.,-1.));
#9979=DIRECTION('',(0.,-1.,0.));
#9980=DIRECTION('',(0.,0.,-1.));
#9981=DIRECTION('',(0.,-1.,0.));
#9982=DIRECTION('',(0.,0.,-1.));
#9983=DIRECTION('',(0.,-1.,0.));
#9984=DIRECTION('',(0.,0.,-1.));
#9985=DIRECTION('',(0.,1.,0.));
#9986=DIRECTION('',(0.,0.,1.));
#9987=DIRECTION('',(0.,-1.,0.));
#9988=DIRECTION('',(0.,0.,-1.));
#9989=DIRECTION('',(0.,-1.,0.));
#9990=DIRECTION('',(0.,0.,-1.));
#9991=DIRECTION('',(0.,-1.,0.));
#9992=DIRECTION('',(0.,0.,-1.));
#9993=DIRECTION('',(0.,-1.,0.));
#9994=DIRECTION('',(0.,0.,-1.));
#9995=DIRECTION('',(0.,1.,0.));
#9996=DIRECTION('',(0.,0.,1.));
#9997=DIRECTION('',(0.,-1.,0.));
#9998=DIRECTION('',(0.,0.,-1.));
#9999=DIRECTION('',(0.,-1.,0.));
#10000=DIRECTION('',(0.,0.,-1.));
#10001=DIRECTION('',(0.,0.,1.));
#10002=DIRECTION('',(1.,0.,0.));
#10003=DIRECTION('',(0.,0.,1.));
#10004=DIRECTION('',(1.,0.,0.));
#10005=DIRECTION('',(0.,0.,1.));
#10006=DIRECTION('',(1.,0.,0.));
#10007=DIRECTION('',(0.,0.,1.));
#10008=DIRECTION('',(1.,0.,0.));
#10009=DIRECTION('',(0.,0.,1.));
#10010=DIRECTION('',(1.,0.,0.));
#10011=DIRECTION('',(0.,0.,1.));
#10012=DIRECTION('',(1.,0.,0.));
#10013=DIRECTION('',(0.,0.,1.));
#10014=DIRECTION('',(1.,0.,0.));
#10015=DIRECTION('',(0.,0.,1.));
#10016=DIRECTION('',(1.,0.,0.));
#10017=DIRECTION('',(0.,0.,1.));
#10018=DIRECTION('',(1.,0.,0.));
#10019=DIRECTION('',(0.,0.,1.));
#10020=DIRECTION('',(1.,0.,0.));
#10021=DIRECTION('',(0.,0.,-1.));
#10022=DIRECTION('',(-1.,0.,0.));
#10023=DIRECTION('',(0.,0.,1.));
#10024=DIRECTION('',(1.,0.,0.));
#10025=DIRECTION('',(0.,0.,1.));
#10026=DIRECTION('',(1.,0.,0.));
#10027=DIRECTION('',(0.,0.,1.));
#10028=DIRECTION('',(1.,0.,0.));
#10029=DIRECTION('',(0.,0.,-1.));
#10030=DIRECTION('',(-1.,0.,0.));
#10031=DIRECTION('',(0.,0.,-1.));
#10032=DIRECTION('',(-1.,0.,0.));
#10033=DIRECTION('',(0.,0.,1.));
#10034=DIRECTION('',(1.,0.,0.));
#10035=DIRECTION('',(0.,0.,1.));
#10036=DIRECTION('',(1.,0.,0.));
#10037=DIRECTION('',(0.,0.,1.));
#10038=DIRECTION('',(1.,0.,0.));
#10039=DIRECTION('',(0.,0.,-1.));
#10040=DIRECTION('',(-1.,0.,0.));
#10041=DIRECTION('',(1.,0.,0.));
#10042=DIRECTION('',(0.,0.,-1.));
#10043=DIRECTION('',(1.,0.,0.));
#10044=DIRECTION('',(0.,0.,-1.));
#10045=DIRECTION('',(0.,0.,1.));
#10046=DIRECTION('',(0.,-1.,0.));
#10047=DIRECTION('',(0.,0.,-1.));
#10048=DIRECTION('',(-1.,0.,0.));
#10049=DIRECTION('',(0.,0.,1.));
#10050=DIRECTION('',(1.,0.,0.));
#10051=DIRECTION('',(0.,0.,-1.));
#10052=DIRECTION('',(-1.,0.,0.));
#10053=DIRECTION('',(0.,0.,1.));
#10054=DIRECTION('',(1.,0.,0.));
#10055=DIRECTION('',(0.,0.,-1.));
#10056=DIRECTION('',(1.,0.,0.));
#10057=DIRECTION('',(1.,0.,0.));
#10058=DIRECTION('',(0.,0.,-1.));
#10059=DIRECTION('',(1.,0.,0.));
#10060=DIRECTION('',(1.,0.,0.));
#10061=DIRECTION('',(0.,0.,-1.));
#10062=DIRECTION('',(1.,0.,0.));
#10063=DIRECTION('',(1.,0.,0.));
#10064=DIRECTION('',(0.,0.,-1.));
#10065=DIRECTION('',(1.,0.,0.));
#10066=DIRECTION('',(1.,0.,0.));
#10067=DIRECTION('',(0.,0.,-1.));
#10068=DIRECTION('',(1.,0.,0.));
#10069=DIRECTION('',(0.,0.,-1.));
#10070=DIRECTION('',(-1.,0.,0.));
#10071=DIRECTION('',(0.,0.,1.));
#10072=DIRECTION('',(1.,0.,0.));
#10073=DIRECTION('',(0.,0.,-1.));
#10074=DIRECTION('',(0.,1.,0.));
#10075=DIRECTION('',(1.,0.,0.));
#10076=DIRECTION('',(0.,0.,-1.));
#10077=DIRECTION('',(0.,1.,0.));
#10078=DIRECTION('',(0.,0.,1.));
#10079=DIRECTION('',(1.,0.,0.));
#10080=DIRECTION('',(0.,0.,-1.));
#10081=DIRECTION('',(-1.,0.,0.));
#10082=DIRECTION('',(0.,-1.,0.));
#10083=DIRECTION('',(0.,-1.,0.));
#10084=DIRECTION('',(1.,0.,0.));
#10085=DIRECTION('',(0.,0.,-1.));
#10086=DIRECTION('',(1.,0.,0.));
#10087=DIRECTION('',(0.,0.,-1.));
#10088=DIRECTION('',(0.,0.,1.));
#10089=DIRECTION('',(1.,0.,0.));
#10090=DIRECTION('',(0.,1.,0.));
#10091=DIRECTION('',(-1.,0.,0.));
#10092=DIRECTION('',(0.,0.,1.));
#10093=DIRECTION('',(1.,0.,0.));
#10094=DIRECTION('',(0.,1.,0.));
#10095=DIRECTION('',(-1.,0.,0.));
#10096=DIRECTION('',(-1.,0.,0.));
#10097=DIRECTION('',(0.,0.,1.));
#10098=DIRECTION('',(-1.,0.,0.));
#10099=DIRECTION('',(0.,0.,1.));
#10100=DIRECTION('',(-1.,0.,0.));
#10101=DIRECTION('',(0.,0.,1.));
#10102=DIRECTION('',(-1.,0.,0.));
#10103=DIRECTION('',(0.,0.,1.));
#10104=DIRECTION('',(-1.,0.,0.));
#10105=DIRECTION('',(0.,0.,1.));
#10106=DIRECTION('',(0.,0.,-1.));
#10107=DIRECTION('',(0.,-1.,0.));
#10108=DIRECTION('',(0.,0.,-1.));
#10109=DIRECTION('',(1.,0.,0.));
#10110=DIRECTION('',(0.,0.,-1.));
#10111=DIRECTION('',(1.,0.,0.));
#10112=DIRECTION('',(0.,0.,-1.));
#10113=DIRECTION('',(-1.,0.,0.));
#10114=DIRECTION('',(0.,0.,1.));
#10115=DIRECTION('',(1.,0.,0.));
#10116=DIRECTION('',(0.,0.,-1.));
#10117=DIRECTION('',(-1.,0.,0.));
#10118=DIRECTION('',(0.,0.,1.));
#10119=DIRECTION('',(0.,-0.5,-0.866025403784439));
#10120=DIRECTION('',(0.,-1.,0.));
#10121=DIRECTION('',(0.,-0.5,0.866025403784439));
#10122=DIRECTION('',(0.,0.5,0.866025403784439));
#10123=DIRECTION('',(0.,1.,0.));
#10124=DIRECTION('',(0.,0.5,-0.866025403784439));
#10125=DIRECTION('',(1.,0.,0.));
#10126=DIRECTION('',(0.,0.,-1.));
#10127=DIRECTION('',(1.,0.,0.));
#10128=DIRECTION('',(0.,0.,-1.));
#10129=DIRECTION('',(-1.,0.,0.));
#10130=DIRECTION('',(0.,0.,1.));
#10131=DIRECTION('',(1.,0.,0.));
#10132=DIRECTION('',(0.,0.,-1.));
#10133=DIRECTION('',(-1.,0.,0.));
#10134=DIRECTION('',(0.,0.,1.));
#10135=DIRECTION('',(0.,-0.5,-0.866025403784439));
#10136=DIRECTION('',(0.,-1.,0.));
#10137=DIRECTION('',(0.,-0.5,0.866025403784439));
#10138=DIRECTION('',(0.,0.5,0.866025403784439));
#10139=DIRECTION('',(0.,1.,0.));
#10140=DIRECTION('',(0.,0.5,-0.866025403784439));
#10141=DIRECTION('',(1.,0.,0.));
#10142=DIRECTION('',(0.,0.,-1.));
#10143=DIRECTION('',(1.,0.,0.));
#10144=DIRECTION('',(0.,0.,-1.));
#10145=DIRECTION('',(-1.,0.,0.));
#10146=DIRECTION('',(0.,0.,1.));
#10147=DIRECTION('',(1.,0.,0.));
#10148=DIRECTION('',(0.,0.,-1.));
#10149=DIRECTION('',(-1.,0.,0.));
#10150=DIRECTION('',(0.,0.,1.));
#10151=DIRECTION('',(0.,-0.499999999999999,-0.866025403784439));
#10152=DIRECTION('',(0.,-1.,0.));
#10153=DIRECTION('',(0.,-0.5,0.866025403784439));
#10154=DIRECTION('',(0.,0.5,0.866025403784439));
#10155=DIRECTION('',(0.,1.,0.));
#10156=DIRECTION('',(0.,0.499999999999999,-0.866025403784439));
#10157=DIRECTION('',(1.,0.,0.));
#10158=DIRECTION('',(0.,0.,-1.));
#10159=DIRECTION('',(1.,0.,0.));
#10160=DIRECTION('',(0.,0.,-1.));
#10161=DIRECTION('',(-1.,0.,0.));
#10162=DIRECTION('',(0.,0.,1.));
#10163=DIRECTION('',(1.,0.,0.));
#10164=DIRECTION('',(0.,0.,-1.));
#10165=DIRECTION('',(-1.,0.,0.));
#10166=DIRECTION('',(0.,0.,1.));
#10167=DIRECTION('',(0.,-0.499999999999999,-0.866025403784439));
#10168=DIRECTION('',(0.,-1.,0.));
#10169=DIRECTION('',(0.,-0.5,0.866025403784439));
#10170=DIRECTION('',(0.,0.5,0.866025403784439));
#10171=DIRECTION('',(0.,1.,0.));
#10172=DIRECTION('',(0.,0.499999999999999,-0.866025403784439));
#10173=DIRECTION('',(0.,0.,1.));
#10174=DIRECTION('',(1.,0.,0.));
#10175=DIRECTION('',(1.,0.,0.));
#10176=DIRECTION('',(0.,-1.,0.));
#10177=DIRECTION('',(1.,0.,0.));
#10178=DIRECTION('',(0.,-0.866025403784439,0.5));
#10179=DIRECTION('',(0.,-0.5,-0.866025403784439));
#10180=DIRECTION('',(1.,0.,0.));
#10181=DIRECTION('',(0.,-0.5,-0.866025403784439));
#10182=DIRECTION('',(0.,-0.866025403784439,-0.5));
#10183=DIRECTION('',(0.,0.5,-0.866025403784439));
#10184=DIRECTION('',(1.,0.,0.));
#10185=DIRECTION('',(0.,0.5,-0.866025403784439));
#10186=DIRECTION('',(0.,0.,-1.));
#10187=DIRECTION('',(-1.,0.,0.));
#10188=DIRECTION('',(1.,0.,0.));
#10189=DIRECTION('',(0.,1.,0.));
#10190=DIRECTION('',(0.,0.866025403784439,-0.5));
#10191=DIRECTION('',(0.,0.5,0.866025403784439));
#10192=DIRECTION('',(1.,0.,0.));
#10193=DIRECTION('',(0.,0.5,0.866025403784439));
#10194=DIRECTION('',(0.,0.866025403784439,0.5));
#10195=DIRECTION('',(0.,-0.5,0.866025403784439));
#10196=DIRECTION('',(0.,-0.5,0.866025403784439));
#10197=DIRECTION('',(1.,0.,0.));
#10198=DIRECTION('',(0.,0.,-1.));
#10199=DIRECTION('',(0.,0.,1.));
#10200=DIRECTION('',(1.,0.,0.));
#10201=DIRECTION('',(1.,0.,0.));
#10202=DIRECTION('',(0.,-1.,0.));
#10203=DIRECTION('',(1.,0.,0.));
#10204=DIRECTION('',(0.,-0.866025403784439,0.5));
#10205=DIRECTION('',(0.,-0.5,-0.866025403784439));
#10206=DIRECTION('',(1.,0.,0.));
#10207=DIRECTION('',(0.,-0.5,-0.866025403784439));
#10208=DIRECTION('',(0.,-0.866025403784439,-0.5));
#10209=DIRECTION('',(0.,0.5,-0.866025403784439));
#10210=DIRECTION('',(1.,0.,0.));
#10211=DIRECTION('',(0.,0.5,-0.866025403784439));
#10212=DIRECTION('',(0.,0.,-1.));
#10213=DIRECTION('',(-1.,0.,0.));
#10214=DIRECTION('',(1.,0.,0.));
#10215=DIRECTION('',(0.,1.,0.));
#10216=DIRECTION('',(0.,0.866025403784439,-0.5));
#10217=DIRECTION('',(0.,0.5,0.866025403784439));
#10218=DIRECTION('',(1.,0.,0.));
#10219=DIRECTION('',(0.,0.5,0.866025403784439));
#10220=DIRECTION('',(0.,0.866025403784439,0.5));
#10221=DIRECTION('',(0.,-0.5,0.866025403784439));
#10222=DIRECTION('',(0.,-0.5,0.866025403784439));
#10223=DIRECTION('',(1.,0.,0.));
#10224=DIRECTION('',(0.,0.,-1.));
#10225=DIRECTION('',(0.,0.,1.));
#10226=DIRECTION('',(1.,0.,0.));
#10227=DIRECTION('',(1.,0.,0.));
#10228=DIRECTION('',(0.,-1.,0.));
#10229=DIRECTION('',(1.,0.,0.));
#10230=DIRECTION('',(0.,-0.866025403784439,0.499999999999999));
#10231=DIRECTION('',(0.,-0.499999999999999,-0.866025403784439));
#10232=DIRECTION('',(1.,0.,0.));
#10233=DIRECTION('',(0.,-0.499999999999999,-0.866025403784439));
#10234=DIRECTION('',(0.,-0.866025403784439,-0.499999999999999));
#10235=DIRECTION('',(0.,0.499999999999999,-0.866025403784439));
#10236=DIRECTION('',(1.,0.,0.));
#10237=DIRECTION('',(0.,0.499999999999999,-0.866025403784439));
#10238=DIRECTION('',(0.,0.,-1.));
#10239=DIRECTION('',(-1.,0.,0.));
#10240=DIRECTION('',(1.,0.,0.));
#10241=DIRECTION('',(0.,1.,0.));
#10242=DIRECTION('',(0.,0.866025403784439,-0.5));
#10243=DIRECTION('',(0.,0.5,0.866025403784439));
#10244=DIRECTION('',(1.,0.,0.));
#10245=DIRECTION('',(0.,0.5,0.866025403784439));
#10246=DIRECTION('',(0.,0.866025403784439,0.5));
#10247=DIRECTION('',(0.,-0.5,0.866025403784439));
#10248=DIRECTION('',(0.,-0.5,0.866025403784439));
#10249=DIRECTION('',(1.,0.,0.));
#10250=DIRECTION('',(0.,0.,-1.));
#10251=DIRECTION('',(0.,0.,1.));
#10252=DIRECTION('',(1.,0.,0.));
#10253=DIRECTION('',(1.,0.,0.));
#10254=DIRECTION('',(0.,-1.,0.));
#10255=DIRECTION('',(1.,0.,0.));
#10256=DIRECTION('',(0.,-0.866025403784439,0.499999999999999));
#10257=DIRECTION('',(0.,-0.499999999999999,-0.866025403784439));
#10258=DIRECTION('',(1.,0.,0.));
#10259=DIRECTION('',(0.,-0.499999999999999,-0.866025403784439));
#10260=DIRECTION('',(0.,-0.866025403784439,-0.499999999999999));
#10261=DIRECTION('',(0.,0.499999999999999,-0.866025403784439));
#10262=DIRECTION('',(1.,0.,0.));
#10263=DIRECTION('',(0.,0.499999999999999,-0.866025403784439));
#10264=DIRECTION('',(0.,0.,-1.));
#10265=DIRECTION('',(-1.,0.,0.));
#10266=DIRECTION('',(1.,0.,0.));
#10267=DIRECTION('',(0.,1.,0.));
#10268=DIRECTION('',(0.,0.866025403784439,-0.5));
#10269=DIRECTION('',(0.,0.5,0.866025403784439));
#10270=DIRECTION('',(1.,0.,0.));
#10271=DIRECTION('',(0.,0.5,0.866025403784439));
#10272=DIRECTION('',(0.,0.866025403784439,0.5));
#10273=DIRECTION('',(0.,-0.5,0.866025403784439));
#10274=DIRECTION('',(0.,-0.5,0.866025403784439));
#10275=DIRECTION('',(1.,0.,0.));
#10276=DIRECTION('',(0.,0.,-1.));
#10277=DIRECTION('',(0.,0.,1.));
#10278=DIRECTION('',(1.,0.,0.));
#10279=DIRECTION('',(-1.,0.,0.));
#10280=DIRECTION('',(0.,1.,0.));
#10281=DIRECTION('',(0.,-1.,-2.34422091348217E-16));
#10282=DIRECTION('',(0.,2.34422091348217E-16,-1.));
#10283=DIRECTION('',(0.,-2.34422091348217E-16,1.));
#10284=DIRECTION('',(1.,0.,0.));
#10285=DIRECTION('',(0.,0.,-1.));
#10286=DIRECTION('',(1.,0.,0.));
#10287=DIRECTION('',(0.,0.,-1.));
#10288=DIRECTION('',(1.,0.,0.));
#10289=DIRECTION('',(0.,0.,-1.));
#10290=DIRECTION('',(1.,0.,0.));
#10291=DIRECTION('',(0.,0.,-1.));
#10292=DIRECTION('',(0.,0.,1.));
#10293=DIRECTION('',(0.,-1.,0.));
#10294=DIRECTION('',(0.,-1.,0.));
#10295=DIRECTION('',(0.,0.,-1.));
#10296=DIRECTION('',(-1.,0.,0.));
#10297=DIRECTION('',(0.,0.,-1.));
#10298=DIRECTION('',(-1.,0.,0.));
#10299=DIRECTION('',(1.,0.,0.));
#10300=DIRECTION('',(0.,0.,-1.));
#10301=DIRECTION('',(0.,0.5,0.866025403784439));
#10302=DIRECTION('',(0.,-0.5,0.866025403784439));
#10303=DIRECTION('',(0.,-1.,0.));
#10304=DIRECTION('',(0.,-0.5,-0.866025403784439));
#10305=DIRECTION('',(0.,0.5,-0.866025403784439));
#10306=DIRECTION('',(0.,1.,0.));
#10307=DIRECTION('',(1.,0.,0.));
#10308=DIRECTION('',(0.,0.,-1.));
#10309=DIRECTION('',(1.,0.,0.));
#10310=DIRECTION('',(0.,0.,-1.));
#10311=DIRECTION('',(1.,0.,0.));
#10312=DIRECTION('',(0.,0.,-1.));
#10313=DIRECTION('',(1.,0.,0.));
#10314=DIRECTION('',(0.,0.,-1.));
#10315=DIRECTION('',(1.,0.,0.));
#10316=DIRECTION('',(0.,0.,-1.));
#10317=DIRECTION('',(1.,0.,0.));
#10318=DIRECTION('',(0.,0.,-1.));
#10319=DIRECTION('',(1.,0.,0.));
#10320=DIRECTION('',(0.,0.,-1.));
#10321=DIRECTION('',(-1.,0.,0.));
#10322=DIRECTION('',(0.,0.,1.));
#10323=DIRECTION('',(0.,-0.866025403784439,-0.5));
#10324=DIRECTION('',(0.,0.5,-0.866025403784439));
#10325=DIRECTION('',(-1.,0.,0.));
#10326=DIRECTION('',(0.,-0.5,0.866025403784439));
#10327=DIRECTION('',(-1.,0.,0.));
#10328=DIRECTION('',(0.,-0.866025403784439,0.5));
#10329=DIRECTION('',(0.,-0.5,-0.866025403784439));
#10330=DIRECTION('',(-1.,0.,0.));
#10331=DIRECTION('',(0.,0.5,0.866025403784439));
#10332=DIRECTION('',(0.,0.,1.));
#10333=DIRECTION('',(1.,0.,0.));
#10334=DIRECTION('',(-1.,0.,0.));
#10335=DIRECTION('',(0.,1.,0.));
#10336=DIRECTION('',(0.,0.866025403784439,0.5));
#10337=DIRECTION('',(0.,-0.5,0.866025403784439));
#10338=DIRECTION('',(-1.,0.,0.));
#10339=DIRECTION('',(0.,0.5,-0.866025403784439));
#10340=DIRECTION('',(0.,0.866025403784439,-0.5));
#10341=DIRECTION('',(0.,0.5,0.866025403784439));
#10342=DIRECTION('',(-1.,0.,0.));
#10343=DIRECTION('',(0.,-0.5,-0.866025403784439));
#10344=DIRECTION('',(0.,0.,-1.));
#10345=DIRECTION('',(-1.,0.,0.));
#10346=DIRECTION('',(0.,-1.,0.));
#10347=DIRECTION('',(-1.,0.,0.));
#10348=DIRECTION('',(0.,0.,1.));
#10349=DIRECTION('',(1.,0.,0.));
#10350=DIRECTION('',(0.,0.,-1.));
#10351=DIRECTION('',(1.,0.,0.));
#10352=DIRECTION('',(0.,0.,-1.));
#10353=DIRECTION('',(1.,0.,0.));
#10354=DIRECTION('',(0.,0.,-1.));
#10355=DIRECTION('',(1.,0.,0.));
#10356=DIRECTION('',(0.,0.,-1.));
#10357=DIRECTION('',(-1.,0.,0.));
#10358=DIRECTION('',(0.,0.,1.));
#10359=DIRECTION('',(1.,0.,0.));
#10360=DIRECTION('',(0.,0.,-1.));
#10361=DIRECTION('',(1.,0.,0.));
#10362=DIRECTION('',(0.,0.,-1.));
#10363=DIRECTION('',(1.,0.,0.));
#10364=DIRECTION('',(0.,0.,-1.));
#10365=DIRECTION('',(-1.,0.,0.));
#10366=DIRECTION('',(0.,0.,1.));
#10367=DIRECTION('',(0.,0.5,-0.866025403784439));
#10368=DIRECTION('',(0.,-0.5,-0.866025403784439));
#10369=DIRECTION('',(0.,-1.,0.));
#10370=DIRECTION('',(0.,-0.5,0.866025403784439));
#10371=DIRECTION('',(0.,0.5,0.866025403784439));
#10372=DIRECTION('',(0.,1.,0.));
#10373=DIRECTION('',(0.,-0.866025403784439,0.5));
#10374=DIRECTION('',(0.,-0.5,-0.866025403784439));
#10375=DIRECTION('',(1.,0.,0.));
#10376=DIRECTION('',(0.,-0.5,-0.866025403784439));
#10377=DIRECTION('',(1.,0.,0.));
#10378=DIRECTION('',(0.,-0.866025403784439,-0.5));
#10379=DIRECTION('',(0.,0.5,-0.866025403784439));
#10380=DIRECTION('',(1.,0.,0.));
#10381=DIRECTION('',(0.,0.5,-0.866025403784439));
#10382=DIRECTION('',(0.,0.,-1.));
#10383=DIRECTION('',(-1.,0.,0.));
#10384=DIRECTION('',(1.,0.,0.));
#10385=DIRECTION('',(0.,1.,0.));
#10386=DIRECTION('',(0.,0.866025403784439,-0.5));
#10387=DIRECTION('',(0.,0.5,0.866025403784439));
#10388=DIRECTION('',(1.,0.,0.));
#10389=DIRECTION('',(0.,0.5,0.866025403784439));
#10390=DIRECTION('',(0.,0.866025403784439,0.5));
#10391=DIRECTION('',(0.,-0.5,0.866025403784439));
#10392=DIRECTION('',(1.,0.,0.));
#10393=DIRECTION('',(0.,-0.5,0.866025403784439));
#10394=DIRECTION('',(0.,0.,1.));
#10395=DIRECTION('',(1.,0.,0.));
#10396=DIRECTION('',(0.,-1.,0.));
#10397=DIRECTION('',(1.,0.,0.));
#10398=DIRECTION('',(0.,0.,-1.));
#10399=DIRECTION('',(-1.,0.,0.));
#10400=DIRECTION('',(0.,0.,1.));
#10401=DIRECTION('',(1.,0.,0.));
#10402=DIRECTION('',(0.,0.,-1.));
#10403=DIRECTION('',(1.,0.,0.));
#10404=DIRECTION('',(0.,0.,-1.));
#10405=DIRECTION('',(0.,0.5,0.866025403784439));
#10406=DIRECTION('',(0.,-0.5,0.866025403784439));
#10407=DIRECTION('',(0.,-1.,0.));
#10408=DIRECTION('',(0.,-0.5,-0.866025403784439));
#10409=DIRECTION('',(0.,0.5,-0.866025403784439));
#10410=DIRECTION('',(0.,1.,0.));
#10411=DIRECTION('',(1.,0.,0.));
#10412=DIRECTION('',(0.,0.,-1.));
#10413=DIRECTION('',(1.,0.,0.));
#10414=DIRECTION('',(0.,0.,-1.));
#10415=DIRECTION('',(1.,0.,0.));
#10416=DIRECTION('',(0.,0.,-1.));
#10417=DIRECTION('',(1.,0.,0.));
#10418=DIRECTION('',(0.,0.,-1.));
#10419=DIRECTION('',(1.,0.,0.));
#10420=DIRECTION('',(0.,0.,-1.));
#10421=DIRECTION('',(1.,0.,0.));
#10422=DIRECTION('',(0.,0.,-1.));
#10423=DIRECTION('',(0.,-0.866025403784439,-0.5));
#10424=DIRECTION('',(0.,0.5,-0.866025403784439));
#10425=DIRECTION('',(-1.,0.,0.));
#10426=DIRECTION('',(0.,-0.5,0.866025403784439));
#10427=DIRECTION('',(-1.,0.,0.));
#10428=DIRECTION('',(0.,-0.866025403784439,0.5));
#10429=DIRECTION('',(0.,-0.5,-0.866025403784439));
#10430=DIRECTION('',(-1.,0.,0.));
#10431=DIRECTION('',(0.,0.5,0.866025403784439));
#10432=DIRECTION('',(0.,0.,1.));
#10433=DIRECTION('',(1.,0.,0.));
#10434=DIRECTION('',(-1.,0.,0.));
#10435=DIRECTION('',(0.,1.,0.));
#10436=DIRECTION('',(0.,0.866025403784439,0.5));
#10437=DIRECTION('',(0.,-0.5,0.866025403784439));
#10438=DIRECTION('',(-1.,0.,0.));
#10439=DIRECTION('',(0.,0.5,-0.866025403784439));
#10440=DIRECTION('',(0.,0.866025403784439,-0.5));
#10441=DIRECTION('',(0.,0.5,0.866025403784439));
#10442=DIRECTION('',(-1.,0.,0.));
#10443=DIRECTION('',(0.,-0.5,-0.866025403784439));
#10444=DIRECTION('',(0.,0.,-1.));
#10445=DIRECTION('',(-1.,0.,0.));
#10446=DIRECTION('',(0.,-1.,0.));
#10447=DIRECTION('',(-1.,0.,0.));
#10448=DIRECTION('',(0.,0.,1.));
#10449=DIRECTION('',(1.,0.,0.));
#10450=DIRECTION('',(0.,0.,-1.));
#10451=DIRECTION('',(1.,0.,0.));
#10452=DIRECTION('',(0.,0.,-1.));
#10453=DIRECTION('',(1.,0.,0.));
#10454=DIRECTION('',(0.,0.,-1.));
#10455=DIRECTION('',(1.,0.,0.));
#10456=DIRECTION('',(0.,0.,-1.));
#10457=DIRECTION('',(-1.,0.,0.));
#10458=DIRECTION('',(0.,0.,1.));
#10459=DIRECTION('',(1.,0.,0.));
#10460=DIRECTION('',(0.,0.,-1.));
#10461=DIRECTION('',(1.,0.,0.));
#10462=DIRECTION('',(0.,0.,-1.));
#10463=DIRECTION('',(1.,0.,0.));
#10464=DIRECTION('',(0.,0.,-1.));
#10465=DIRECTION('',(-1.,0.,0.));
#10466=DIRECTION('',(0.,0.,1.));
#10467=DIRECTION('',(0.,0.5,-0.866025403784439));
#10468=DIRECTION('',(0.,-0.5,-0.866025403784439));
#10469=DIRECTION('',(0.,-1.,0.));
#10470=DIRECTION('',(0.,-0.5,0.866025403784439));
#10471=DIRECTION('',(0.,0.5,0.866025403784439));
#10472=DIRECTION('',(0.,1.,0.));
#10473=DIRECTION('',(0.,-0.866025403784439,0.5));
#10474=DIRECTION('',(0.,-0.5,-0.866025403784439));
#10475=DIRECTION('',(1.,0.,0.));
#10476=DIRECTION('',(0.,-0.5,-0.866025403784439));
#10477=DIRECTION('',(1.,0.,0.));
#10478=DIRECTION('',(0.,-0.866025403784439,-0.5));
#10479=DIRECTION('',(0.,0.5,-0.866025403784439));
#10480=DIRECTION('',(1.,0.,0.));
#10481=DIRECTION('',(0.,0.5,-0.866025403784439));
#10482=DIRECTION('',(0.,0.,-1.));
#10483=DIRECTION('',(-1.,0.,0.));
#10484=DIRECTION('',(1.,0.,0.));
#10485=DIRECTION('',(0.,1.,0.));
#10486=DIRECTION('',(0.,0.866025403784439,-0.5));
#10487=DIRECTION('',(0.,0.5,0.866025403784439));
#10488=DIRECTION('',(1.,0.,0.));
#10489=DIRECTION('',(0.,0.5,0.866025403784439));
#10490=DIRECTION('',(0.,0.866025403784439,0.5));
#10491=DIRECTION('',(0.,-0.5,0.866025403784439));
#10492=DIRECTION('',(1.,0.,0.));
#10493=DIRECTION('',(0.,-0.5,0.866025403784439));
#10494=DIRECTION('',(0.,0.,1.));
#10495=DIRECTION('',(1.,0.,0.));
#10496=DIRECTION('',(0.,-1.,0.));
#10497=DIRECTION('',(1.,0.,0.));
#10498=DIRECTION('',(0.,0.,-1.));
#10499=DIRECTION('',(0.,-1.,0.));
#10500=DIRECTION('',(0.,0.,-1.));
#10501=DIRECTION('',(0.,0.,1.));
#10502=DIRECTION('',(1.,0.,0.));
#10503=DIRECTION('',(0.,-1.,0.));
#10504=DIRECTION('',(0.,-1.,0.));
#10505=DIRECTION('',(0.,-1.,0.));
#10506=DIRECTION('',(0.,0.,-1.));
#10507=DIRECTION('',(0.,-1.,0.));
#10508=DIRECTION('',(0.,0.,-1.));
#10509=DIRECTION('',(-1.,0.,0.));
#10510=DIRECTION('',(0.,-1.,0.));
#10511=DIRECTION('',(0.,-1.,0.));
#10512=DIRECTION('',(0.,0.,-1.));
#10513=DIRECTION('',(0.,0.,1.));
#10514=DIRECTION('',(1.,0.,0.));
#10515=DIRECTION('',(-1.,0.,0.));
#10516=DIRECTION('',(0.,0.,1.));
#10517=DIRECTION('',(-1.,0.,0.));
#10518=DIRECTION('',(0.,0.,1.));
#10519=DIRECTION('',(-1.,0.,0.));
#10520=DIRECTION('',(0.,0.,1.));
#10521=DIRECTION('',(0.,0.,-1.));
#10522=DIRECTION('',(0.,-1.,0.));
#10523=DIRECTION('',(1.,0.,0.));
#10524=DIRECTION('',(0.,0.,-1.));
#10525=DIRECTION('',(0.,-1.,0.));
#10526=DIRECTION('',(0.,0.,-1.));
#10527=DIRECTION('',(-1.,0.,0.));
#10528=DIRECTION('',(0.,0.,1.));
#10529=DIRECTION('',(0.,0.,-1.));
#10530=DIRECTION('',(-1.,0.,0.));
#10531=DIRECTION('',(0.,0.,1.));
#10532=DIRECTION('',(0.,1.,0.));
#10533=DIRECTION('',(1.,0.,0.));
#10534=DIRECTION('',(0.,0.,-1.));
#10535=DIRECTION('',(1.,0.,0.));
#10536=DIRECTION('',(0.,0.,-1.));
#10537=DIRECTION('',(1.,0.,0.));
#10538=DIRECTION('',(0.,0.,-1.));
#10539=DIRECTION('',(1.,0.,0.));
#10540=DIRECTION('',(0.,0.,-1.));
#10541=DIRECTION('',(1.,0.,0.));
#10542=DIRECTION('',(0.,0.,-1.));
#10543=DIRECTION('',(0.,1.,0.));
#10544=DIRECTION('',(0.,0.,1.));
#10545=DIRECTION('',(0.,-0.707106781186546,0.707106781186549));
#10546=DIRECTION('',(0.,-1.,-1.1619876452755E-15));
#10547=DIRECTION('',(0.,0.,1.));
#10548=DIRECTION('',(1.,0.,0.));
#10549=DIRECTION('',(0.,0.,-1.));
#10550=DIRECTION('',(0.,0.,-1.));
#10551=DIRECTION('',(0.,-1.,-9.99789371052819E-16));
#10552=DIRECTION('',(1.,0.,0.));
#10553=DIRECTION('',(0.,0.,-1.));
#10554=DIRECTION('',(0.,-1.,0.));
#10555=DIRECTION('',(0.,-0.499999999999999,-0.866025403784439));
#10556=DIRECTION('',(0.,0.,-1.));
#10557=DIRECTION('',(0.,0.499999999999999,-0.866025403784439));
#10558=DIRECTION('',(0.,1.,0.));
#10559=DIRECTION('',(1.,0.,0.));
#10560=DIRECTION('',(0.,0.,-1.));
#10561=DIRECTION('',(0.,1.,-9.99789371052819E-16));
#10562=DIRECTION('',(0.,0.,-1.));
#10563=DIRECTION('',(1.,0.,0.));
#10564=DIRECTION('',(0.,0.,-1.));
#10565=DIRECTION('',(0.,0.,1.));
#10566=DIRECTION('',(0.,1.,-1.1619876452755E-15));
#10567=DIRECTION('',(0.,0.707106781186546,0.707106781186549));
#10568=DIRECTION('',(0.,0.,1.));
#10569=DIRECTION('',(1.,0.,0.));
#10570=DIRECTION('',(0.,0.,-1.));
#10571=DIRECTION('',(0.,0.,-1.));
#10572=DIRECTION('',(0.,-1.,0.));
#10573=DIRECTION('',(1.,0.,0.));
#10574=DIRECTION('',(0.,0.,-1.));
#10575=DIRECTION('',(0.,-1.,0.));
#10576=DIRECTION('',(0.,0.,-1.));
#10577=DIRECTION('',(1.,0.,0.));
#10578=DIRECTION('',(0.,0.,-1.));
#10579=DIRECTION('',(1.,0.,0.));
#10580=DIRECTION('',(0.,0.,-1.));
#10581=DIRECTION('',(1.,0.,0.));
#10582=DIRECTION('',(0.,0.,-1.));
#10583=DIRECTION('',(0.,0.,1.));
#10584=DIRECTION('',(0.,-1.,0.));
#10585=DIRECTION('',(1.,0.,0.));
#10586=DIRECTION('',(0.,0.,-1.));
#10587=DIRECTION('',(0.,-1.,0.));
#10588=DIRECTION('',(0.,0.,-1.));
#10589=DIRECTION('',(-1.,0.,0.));
#10590=DIRECTION('',(0.,0.,1.));
#10591=DIRECTION('',(-1.,0.,0.));
#10592=DIRECTION('',(0.,0.,-1.));
#10593=DIRECTION('',(-1.,0.,0.));
#10594=DIRECTION('',(0.,0.,-1.));
#10595=DIRECTION('',(-1.,0.,0.));
#10596=DIRECTION('',(-1.,0.,0.));
#10597=DIRECTION('',(0.,0.,1.));
#10598=DIRECTION('',(-0.106264071336232,0.994337944133205,0.));
#10599=DIRECTION('',(-0.994337944133205,-0.106264071336232,0.));
#10600=DIRECTION('',(-1.,0.,0.));
#10601=DIRECTION('',(0.,0.,1.));
#10602=DIRECTION('',(0.,-1.,0.));
#10603=DIRECTION('',(0.,0.,-1.));
#10604=DIRECTION('',(-1.,0.,0.));
#10605=DIRECTION('',(0.,0.,1.));
#10606=DIRECTION('',(0.,0.,-1.));
#10607=DIRECTION('',(0.,0.,1.));
#10608=DIRECTION('',(-1.,0.,0.));
#10609=DIRECTION('',(0.,0.,-1.));
#10610=DIRECTION('',(-1.,0.,0.));
#10611=DIRECTION('',(0.,0.,1.));
#10612=DIRECTION('',(-1.,0.,0.));
#10613=DIRECTION('',(0.,0.,1.));
#10614=DIRECTION('',(1.,0.,0.));
#10615=DIRECTION('',(0.,0.,-1.));
#10616=DIRECTION('',(0.,1.,0.));
#10617=DIRECTION('',(1.,0.,0.));
#10618=DIRECTION('',(0.,0.,-1.));
#10619=DIRECTION('',(1.,0.,0.));
#10620=DIRECTION('',(0.,0.,-1.));
#10621=DIRECTION('',(1.,0.,0.));
#10622=DIRECTION('',(0.,0.,-1.));
#10623=DIRECTION('',(1.,0.,0.));
#10624=DIRECTION('',(0.,0.,-1.));
#10625=DIRECTION('',(1.,0.,0.));
#10626=DIRECTION('',(0.,0.,-1.));
#10627=DIRECTION('',(1.,0.,0.));
#10628=DIRECTION('',(0.,0.,-1.));
#10629=DIRECTION('',(1.,0.,0.));
#10630=DIRECTION('',(0.,0.,-1.));
#10631=DIRECTION('',(0.,-1.,0.));
#10632=DIRECTION('',(0.,0.707106781186546,0.707106781186549));
#10633=DIRECTION('',(0.,1.,-1.1619876452755E-15));
#10634=DIRECTION('',(0.,0.,1.));
#10635=DIRECTION('',(1.,0.,0.));
#10636=DIRECTION('',(0.,0.,-1.));
#10637=DIRECTION('',(0.,0.,-1.));
#10638=DIRECTION('',(0.,1.,-9.99789371052819E-16));
#10639=DIRECTION('',(1.,0.,0.));
#10640=DIRECTION('',(0.,0.,-1.));
#10641=DIRECTION('',(0.,1.,0.));
#10642=DIRECTION('',(0.,0.499999999999999,-0.866025403784439));
#10643=DIRECTION('',(0.,0.,-1.));
#10644=DIRECTION('',(0.,-0.499999999999999,-0.866025403784439));
#10645=DIRECTION('',(0.,-1.,0.));
#10646=DIRECTION('',(1.,0.,0.));
#10647=DIRECTION('',(0.,0.,-1.));
#10648=DIRECTION('',(0.,-1.,-9.99789371052819E-16));
#10649=DIRECTION('',(0.,0.,-1.));
#10650=DIRECTION('',(1.,0.,0.));
#10651=DIRECTION('',(0.,0.,-1.));
#10652=DIRECTION('',(0.,0.,1.));
#10653=DIRECTION('',(0.,-1.,-1.1619876452755E-15));
#10654=DIRECTION('',(0.,-0.707106781186546,0.707106781186549));
#10655=DIRECTION('',(1.,0.,0.));
#10656=DIRECTION('',(0.,0.,-1.));
#10657=DIRECTION('',(0.,0.,-1.));
#10658=DIRECTION('',(0.,-1.,0.));
#10659=DIRECTION('',(1.,0.,0.));
#10660=DIRECTION('',(0.,0.,-1.));
#10661=DIRECTION('',(0.,-1.,0.));
#10662=DIRECTION('',(0.,0.,-1.));
#10663=DIRECTION('',(1.,0.,0.));
#10664=DIRECTION('',(0.,0.,-1.));
#10665=DIRECTION('',(1.,0.,0.));
#10666=DIRECTION('',(0.,0.,-1.));
#10667=DIRECTION('',(1.,0.,0.));
#10668=DIRECTION('',(0.,0.,-1.));
#10669=DIRECTION('',(1.,0.,0.));
#10670=DIRECTION('',(0.,0.,-1.));
#10671=DIRECTION('',(0.106264071336232,0.994337944133205,0.));
#10672=DIRECTION('',(0.994337944133205,-0.106264071336232,0.));
#10673=DIRECTION('',(1.,0.,0.));
#10674=DIRECTION('',(0.,0.,-1.));
#10675=DIRECTION('',(-0.106264071336232,0.994337944133205,0.));
#10676=DIRECTION('',(-0.994337944133205,-0.106264071336232,0.));
#10677=DIRECTION('',(0.993189055404765,0.106141290550769,-0.0480575349389409));
#10678=DIRECTION('',(-0.106264071336232,0.994337944133205,0.));
#10679=DIRECTION('',(-0.994337944133205,-0.106264071336232,0.));
#10680=DIRECTION('',(-0.106264071336232,0.994337944133205,0.));
#10681=DIRECTION('',(-0.994337944133205,-0.106264071336232,0.));
#10682=DIRECTION('',(-0.993189055404765,-0.106141290550769,-0.0480575349389411));
#10683=DIRECTION('',(1.,0.,0.));
#10684=DIRECTION('',(0.,0.,-1.));
#10685=DIRECTION('',(0.,1.,0.));
#10686=DIRECTION('',(1.,0.,0.));
#10687=DIRECTION('',(0.,0.,-1.));
#10688=DIRECTION('',(0.,0.,-1.));
#10689=DIRECTION('',(0.,-1.,0.));
#10690=DIRECTION('',(1.,0.,0.));
#10691=DIRECTION('',(0.,0.,-1.));
#10692=DIRECTION('',(0.,-1.,0.));
#10693=DIRECTION('',(0.,0.,-1.));
#10694=DIRECTION('',(1.,0.,0.));
#10695=DIRECTION('',(0.,0.,-1.));
#10696=DIRECTION('',(0.,0.,-1.));
#10697=DIRECTION('',(0.106264071336232,0.994337944133205,0.));
#10698=DIRECTION('',(-0.994337944133205,0.106264071336232,0.));
#10699=DIRECTION('',(-0.993189055404765,0.106141290550769,0.048057534938941));
#10700=DIRECTION('',(0.106264071336232,0.994337944133205,0.));
#10701=DIRECTION('',(0.994337944133205,-0.106264071336232,0.));
#10702=DIRECTION('',(0.106264071336232,0.994337944133205,0.));
#10703=DIRECTION('',(-0.994337944133205,0.106264071336232,0.));
#10704=DIRECTION('',(0.993189055404765,-0.106141290550769,0.048057534938941));
#10705=DIRECTION('',(0.,1.,0.));
#10706=DIRECTION('',(0.,0.,1.));
#10707=DIRECTION('',(0.,-1.,0.));
#10708=DIRECTION('',(0.,0.,-1.));
#10709=DIRECTION('',(0.,-1.,0.));
#10710=DIRECTION('',(0.,0.,-1.));
#10711=DIRECTION('',(0.,-1.,0.));
#10712=DIRECTION('',(0.,0.,-1.));
#10713=DIRECTION('',(0.,-1.,0.));
#10714=DIRECTION('',(0.,0.,-1.));
#10715=DIRECTION('',(-1.,0.,0.));
#10716=DIRECTION('',(0.,0.,-1.));
#10717=DIRECTION('',(-1.,0.,0.));
#10718=DIRECTION('',(0.,0.,-1.));
#10719=DIRECTION('',(0.,1.,0.));
#10720=DIRECTION('',(0.,0.,1.));
#10721=DIRECTION('',(0.,-1.,0.));
#10722=DIRECTION('',(0.,0.,-1.));
#10723=DIRECTION('',(0.,-1.,0.));
#10724=DIRECTION('',(0.,0.,-1.));
#10725=DIRECTION('',(0.,-1.,0.));
#10726=DIRECTION('',(0.,0.,-1.));
#10727=DIRECTION('',(0.,-1.,0.));
#10728=DIRECTION('',(0.,0.,-1.));
#10729=DIRECTION('',(-1.,0.,0.));
#10730=DIRECTION('',(0.,0.,-1.));
#10731=DIRECTION('',(-1.,0.,0.));
#10732=DIRECTION('',(0.,0.,-1.));
#10733=DIRECTION('',(1.,0.,0.));
#10734=DIRECTION('',(0.,0.,-1.));
#10735=DIRECTION('',(1.,0.,0.));
#10736=DIRECTION('',(0.,0.,-1.));
#10737=DIRECTION('',(0.,0.,-1.));
#10738=DIRECTION('',(0.,1.,1.1619876452755E-15));
#10739=DIRECTION('',(0.,0.707106781186546,-0.707106781186549));
#10740=DIRECTION('',(0.,-0.707106781186546,-0.707106781186549));
#10741=DIRECTION('',(0.,-1.,1.1619876452755E-15));
#10742=DIRECTION('',(0.,0.,-1.));
#10743=DIRECTION('',(1.,0.,0.));
#10744=DIRECTION('',(0.,0.,-1.));
#10745=DIRECTION('',(0.,0.707106781186547,-0.707106781186548));
#10746=DIRECTION('',(0.,1.,0.));
#10747=DIRECTION('',(0.,0.707106781186547,0.707106781186547));
#10748=DIRECTION('',(0.,0.,1.));
#10749=DIRECTION('',(0.,-0.707106781186547,0.707106781186547));
#10750=DIRECTION('',(0.,-1.,0.));
#10751=DIRECTION('',(1.,0.,0.));
#10752=DIRECTION('',(0.,0.,-1.));
#10753=DIRECTION('',(0.,0.,1.));
#10754=DIRECTION('',(1.,0.,0.));
#10755=DIRECTION('',(0.,0.,-1.));
#10756=DIRECTION('',(0.,1.,0.));
#10757=DIRECTION('',(0.,0.707106781186547,0.707106781186547));
#10758=DIRECTION('',(0.,0.,1.));
#10759=DIRECTION('',(0.,-0.707106781186547,0.707106781186547));
#10760=DIRECTION('',(0.,-1.,0.));
#10761=DIRECTION('',(0.,-0.707106781186547,-0.707106781186548));
#10762=DIRECTION('',(1.,0.,0.));
#10763=DIRECTION('',(0.,0.,-1.));
#10764=DIRECTION('',(1.,0.,0.));
#10765=DIRECTION('',(0.,0.,-1.));
#10766=DIRECTION('',(0.,-0.707106781186547,-0.707106781186548));
#10767=DIRECTION('',(0.,-1.,0.));
#10768=DIRECTION('',(0.,-0.707106781186547,0.707106781186547));
#10769=DIRECTION('',(0.,0.,1.));
#10770=DIRECTION('',(0.,0.707106781186547,0.707106781186547));
#10771=DIRECTION('',(0.,1.,0.));
#10772=DIRECTION('',(1.,0.,0.));
#10773=DIRECTION('',(0.,0.,-1.));
#10774=DIRECTION('',(0.,0.,1.));
#10775=DIRECTION('',(1.,0.,0.));
#10776=DIRECTION('',(0.,0.,-1.));
#10777=DIRECTION('',(0.,-1.,0.));
#10778=DIRECTION('',(0.,-0.707106781186547,0.707106781186547));
#10779=DIRECTION('',(0.,0.,1.));
#10780=DIRECTION('',(0.,0.707106781186547,0.707106781186547));
#10781=DIRECTION('',(0.,1.,0.));
#10782=DIRECTION('',(0.,0.707106781186547,-0.707106781186548));
#10783=DIRECTION('',(1.,0.,0.));
#10784=DIRECTION('',(0.,0.,-1.));
#10785=DIRECTION('',(0.,0.,-1.));
#10786=DIRECTION('',(0.,-1.,1.1619876452755E-15));
#10787=DIRECTION('',(0.,-0.707106781186546,-0.707106781186549));
#10788=DIRECTION('',(0.,0.707106781186546,-0.707106781186549));
#10789=DIRECTION('',(0.,1.,1.1619876452755E-15));
#10790=DIRECTION('',(0.,0.,-1.));
#10791=DIRECTION('',(0.,-0.707106781186548,-0.707106781186548));
#10792=DIRECTION('',(0.,0.707106781186548,-0.707106781186548));
#10793=DIRECTION('',(-1.,0.,0.));
#10794=DIRECTION('',(-1.,0.,0.));
#10795=DIRECTION('',(0.,0.,-1.));
#10796=DIRECTION('',(-1.,0.,0.));
#10797=DIRECTION('',(0.,0.,-1.));
#10798=DIRECTION('',(-1.,0.,0.));
#10799=DIRECTION('',(0.,0.,-1.));
#10800=DIRECTION('',(-1.,0.,0.));
#10801=DIRECTION('',(-1.,0.,0.));
#10802=DIRECTION('',(0.,0.707106781186548,-0.707106781186547));
#10803=DIRECTION('',(0.,0.707106781186547,0.707106781186548));
#10804=DIRECTION('',(0.,0.707106781186548,0.707106781186547));
#10805=DIRECTION('',(0.,-0.707106781186547,0.707106781186548));
#10806=DIRECTION('',(-1.,0.,0.));
#10807=DIRECTION('',(0.,0.,1.));
#10808=DIRECTION('',(1.,0.,0.));
#10809=DIRECTION('',(0.,0.,-1.));
#10810=DIRECTION('',(-1.,0.,0.));
#10811=DIRECTION('',(0.,0.,-1.));
#10812=DIRECTION('',(-1.,0.,0.));
#10813=DIRECTION('',(-1.,0.,0.));
#10814=DIRECTION('',(0.,-0.707106781186548,0.707106781186548));
#10815=DIRECTION('',(0.,-0.707106781186548,-0.707106781186548));
#10816=DIRECTION('',(-1.,0.,0.));
#10817=DIRECTION('',(0.,-1.,0.));
#10818=DIRECTION('',(0.,0.,-1.));
#10819=DIRECTION('',(0.,0.,1.));
#10820=DIRECTION('',(0.,1.,0.));
#10821=DIRECTION('',(1.,0.,0.));
#10822=DIRECTION('',(0.,0.,-1.));
#10823=DIRECTION('',(0.,1.,0.));
#10824=DIRECTION('',(1.,0.,0.));
#10825=DIRECTION('',(0.,-1.,0.));
#10826=DIRECTION('',(0.,0.,-1.));
#10827=DIRECTION('',(0.,-1.,0.));
#10828=DIRECTION('',(0.,0.,-1.));
#10829=DIRECTION('',(-1.,0.,0.));
#10830=DIRECTION('',(0.,-0.707106781186548,-0.707106781186548));
#10831=DIRECTION('',(0.,0.707106781186548,-0.707106781186548));
#10832=DIRECTION('',(-1.,0.,0.));
#10833=DIRECTION('',(0.,0.,-1.));
#10834=DIRECTION('',(-1.,0.,0.));
#10835=DIRECTION('',(-1.,0.,0.));
#10836=DIRECTION('',(-1.,0.,0.));
#10837=DIRECTION('',(0.,0.,1.));
#10838=DIRECTION('',(-1.,0.,0.));
#10839=DIRECTION('',(0.,-1.,0.));
#10840=DIRECTION('',(0.,0.,-1.));
#10841=DIRECTION('',(-1.,0.,0.));
#10842=DIRECTION('',(-1.,0.,0.));
#10843=DIRECTION('',(0.,0.,1.));
#10844=DIRECTION('',(-1.,0.,0.));
#10845=DIRECTION('',(0.,0.,1.));
#10846=DIRECTION('',(1.,0.,0.));
#10847=DIRECTION('',(-1.,0.,0.));
#10848=DIRECTION('',(0.,-0.707106781186548,0.707106781186548));
#10849=DIRECTION('',(0.,-0.707106781186548,-0.707106781186548));
#10850=DIRECTION('',(-1.,0.,0.));
#10851=DIRECTION('',(0.,-1.,0.));
#10852=DIRECTION('',(0.,0.,-1.));
#10853=DIRECTION('',(0.,1.,0.));
#10854=DIRECTION('',(1.,0.,0.));
#10855=DIRECTION('',(0.,-1.,0.));
#10856=DIRECTION('',(0.,0.,-1.));
#10857=DIRECTION('',(0.,-1.,0.));
#10858=DIRECTION('',(0.,0.,-1.));
#10859=DIRECTION('',(0.,-1.,0.));
#10860=DIRECTION('',(0.,0.,-1.));
#10861=DIRECTION('',(-1.,0.,0.));
#10862=DIRECTION('',(-1.,0.,0.));
#10863=DIRECTION('',(0.,-1.,0.));
#10864=DIRECTION('',(0.,0.,-1.));
#10865=DIRECTION('',(-1.,0.,0.));
#10866=DIRECTION('',(-1.,0.,0.));
#10867=DIRECTION('',(0.,1.1619876452755E-15,1.));
#10868=DIRECTION('',(0.,-1.,1.1619876452755E-15));
#10869=DIRECTION('',(-1.,0.,0.));
#10870=DIRECTION('',(0.,-0.707106781186549,0.707106781186546));
#10871=DIRECTION('',(0.,-0.707106781186546,-0.707106781186549));
#10872=DIRECTION('',(0.,-0.707106781186549,-0.707106781186546));
#10873=DIRECTION('',(0.,0.707106781186546,-0.707106781186549));
#10874=DIRECTION('',(-1.,0.,0.));
#10875=DIRECTION('',(0.,1.1619876452755E-15,-1.));
#10876=DIRECTION('',(0.,1.,1.1619876452755E-15));
#10877=DIRECTION('',(0.,-1.,0.));
#10878=DIRECTION('',(0.,0.,-1.));
#10879=DIRECTION('',(-1.,0.,0.));
#10880=DIRECTION('',(-1.,0.,0.));
#10881=DIRECTION('',(-1.,0.,0.));
#10882=DIRECTION('',(0.,0.,1.));
#10883=DIRECTION('',(-1.,0.,0.));
#10884=DIRECTION('',(0.,1.,0.));
#10885=DIRECTION('',(0.,0.,1.));
#10886=DIRECTION('',(-1.,0.,0.));
#10887=DIRECTION('',(0.,9.99789371052819E-16,-1.));
#10888=DIRECTION('',(0.,1.,9.99789371052819E-16));
#10889=DIRECTION('',(-1.,0.,0.));
#10890=DIRECTION('',(-1.,0.,0.));
#10891=DIRECTION('',(0.,0.,1.));
#10892=DIRECTION('',(-1.,0.,0.));
#10893=DIRECTION('',(0.,0.,-1.));
#10894=DIRECTION('',(-1.,0.,0.));
#10895=DIRECTION('',(-1.,0.,0.));
#10896=DIRECTION('',(0.,0.866025403784439,-0.499999999999999));
#10897=DIRECTION('',(0.,0.499999999999999,0.866025403784439));
#10898=DIRECTION('',(-1.,0.,0.));
#10899=DIRECTION('',(0.,1.,0.));
#10900=DIRECTION('',(0.,0.,1.));
#10901=DIRECTION('',(-1.,0.,0.));
#10902=DIRECTION('',(0.,0.866025403784439,0.499999999999999));
#10903=DIRECTION('',(0.,-0.5,0.866025403784439));
#10904=DIRECTION('',(-1.,0.,0.));
#10905=DIRECTION('',(0.,0.,1.));
#10906=DIRECTION('',(1.,0.,0.));
#10907=DIRECTION('',(-1.,0.,0.));
#10908=DIRECTION('',(-1.,0.,0.));
#10909=DIRECTION('',(0.,0.,1.));
#10910=DIRECTION('',(-1.,0.,0.));
#10911=DIRECTION('',(0.,9.99789371052819E-16,1.));
#10912=DIRECTION('',(0.,-1.,9.99789371052819E-16));
#10913=DIRECTION('',(-1.,0.,0.));
#10914=DIRECTION('',(0.,1.,0.));
#10915=DIRECTION('',(0.,0.,1.));
#10916=DIRECTION('',(-1.,0.,0.));
#10917=DIRECTION('',(-1.,0.,0.));
#10918=DIRECTION('',(0.,0.,1.));
#10919=DIRECTION('',(-1.,0.,0.));
#10920=DIRECTION('',(0.,-1.,0.));
#10921=DIRECTION('',(0.,0.,-1.));
#10922=DIRECTION('',(-1.,0.,0.));
#10923=DIRECTION('',(0.,1.1619876452755E-15,1.));
#10924=DIRECTION('',(0.,-1.,1.1619876452755E-15));
#10925=DIRECTION('',(-1.,0.,0.));
#10926=DIRECTION('',(0.,-0.707106781186549,0.707106781186546));
#10927=DIRECTION('',(0.,-0.707106781186546,-0.707106781186549));
#10928=DIRECTION('',(0.,-0.707106781186549,-0.707106781186546));
#10929=DIRECTION('',(0.,0.707106781186546,-0.707106781186549));
#10930=DIRECTION('',(-1.,0.,0.));
#10931=DIRECTION('',(-1.,0.,0.));
#10932=DIRECTION('',(0.,0.,1.));
#10933=DIRECTION('',(0.,1.1619876452755E-15,-1.));
#10934=DIRECTION('',(0.,1.,1.1619876452755E-15));
#10935=DIRECTION('',(0.0488497697956122,-0.998806137341434,0.));
#10936=DIRECTION('',(0.998806137341434,0.0488497697956122,0.));
#10937=DIRECTION('',(1.,0.,0.));
#10938=DIRECTION('',(0.,0.,-1.));
#10939=DIRECTION('',(-1.,0.,0.));
#10940=DIRECTION('',(0.,0.,1.));
#10941=DIRECTION('',(-0.998831396082,0.,-0.0483305514233233));
#10942=DIRECTION('',(0.998831396082,0.,-0.0483305514233233));
#10943=DIRECTION('',(-0.0488497697956122,-0.998806137341434,0.));
#10944=DIRECTION('',(0.998806137341434,-0.0488497697956122,0.));
#10945=DIRECTION('',(-1.,0.,0.));
#10946=DIRECTION('',(0.,0.,1.));
#10947=DIRECTION('',(1.,0.,0.));
#10948=DIRECTION('',(0.,0.,-1.));
#10949=DIRECTION('',(0.998831396082,0.,0.0483305514233235));
#10950=DIRECTION('',(-0.998831396082,0.,0.0483305514233232));
#10951=DIRECTION('',(-0.0483305514233233,0.,-0.998831396082));
#10952=DIRECTION('',(-0.998831396082,0.,0.0483305514233233));
#10953=DIRECTION('',(-0.0483305514233233,0.,0.998831396082));
#10954=DIRECTION('',(0.998831396082,0.,0.0483305514233233));
#10955=DIRECTION('',(0.0483305514233232,0.,0.998831396082));
#10956=DIRECTION('',(0.998831396082,0.,-0.0483305514233232));
#10957=DIRECTION('',(0.0483305514233235,0.,-0.998831396082));
#10958=DIRECTION('',(-0.998831396082,0.,-0.0483305514233235));
#10959=DIRECTION('',(0.,1.,0.));
#10960=DIRECTION('',(0.,0.,1.));
#10961=DIRECTION('',(0.,-1.,0.));
#10962=DIRECTION('',(0.,0.,-1.));
#10963=DIRECTION('',(0.,-1.,0.));
#10964=DIRECTION('',(0.,0.,-1.));
#10965=DIRECTION('',(0.,-1.,0.));
#10966=DIRECTION('',(0.,0.,-1.));
#10967=DIRECTION('',(0.,-1.,0.));
#10968=DIRECTION('',(0.,0.,-1.));
#10969=DIRECTION('',(0.,1.,0.));
#10970=DIRECTION('',(0.,0.,1.));
#10971=DIRECTION('',(0.,-1.,0.));
#10972=DIRECTION('',(0.,0.,-1.));
#10973=DIRECTION('',(0.,-1.,0.));
#10974=DIRECTION('',(0.,0.,-1.));
#10975=DIRECTION('',(0.,-1.,0.));
#10976=DIRECTION('',(0.,0.,-1.));
#10977=DIRECTION('',(0.,-1.,0.));
#10978=DIRECTION('',(0.,0.,-1.));
#10979=DIRECTION('',(0.,1.,0.));
#10980=DIRECTION('',(0.,0.,1.));
#10981=DIRECTION('',(0.,-1.,0.));
#10982=DIRECTION('',(0.,0.,-1.));
#10983=DIRECTION('',(0.,-1.,0.));
#10984=DIRECTION('',(0.,0.,-1.));
#10985=DIRECTION('',(0.,-1.,0.));
#10986=DIRECTION('',(0.,0.,-1.));
#10987=DIRECTION('',(0.,-1.,0.));
#10988=DIRECTION('',(0.,0.,-1.));
#10989=DIRECTION('',(0.,1.,0.));
#10990=DIRECTION('',(0.,0.,1.));
#10991=DIRECTION('',(0.,-1.,0.));
#10992=DIRECTION('',(0.,0.,-1.));
#10993=DIRECTION('',(0.,-1.,0.));
#10994=DIRECTION('',(0.,0.,-1.));
#10995=DIRECTION('',(0.,-1.,0.));
#10996=DIRECTION('',(0.,0.,-1.));
#10997=DIRECTION('',(0.,-1.,0.));
#10998=DIRECTION('',(0.,0.,-1.));
#10999=DIRECTION('',(0.,-1.,0.));
#11000=DIRECTION('',(0.,0.,-1.));
#11001=DIRECTION('',(0.,-1.,0.));
#11002=DIRECTION('',(0.,0.,-1.));
#11003=DIRECTION('',(0.,-1.,0.));
#11004=DIRECTION('',(0.,0.,-1.));
#11005=DIRECTION('',(0.,-1.,0.));
#11006=DIRECTION('',(0.,0.,-1.));
#11007=DIRECTION('',(0.,-1.,0.));
#11008=DIRECTION('',(0.,0.,-1.));
#11009=DIRECTION('',(0.,-1.,0.));
#11010=DIRECTION('',(0.,0.,-1.));
#11011=DIRECTION('',(0.,-1.,0.));
#11012=DIRECTION('',(0.,0.,-1.));
#11013=DIRECTION('',(0.,-1.,0.));
#11014=DIRECTION('',(0.,0.,-1.));
#11015=DIRECTION('',(0.,-1.,0.));
#11016=DIRECTION('',(0.,0.,-1.));
#11017=DIRECTION('',(0.,-1.,0.));
#11018=DIRECTION('',(0.,0.,-1.));
#11019=DIRECTION('',(0.,-1.,0.));
#11020=DIRECTION('',(0.,0.,-1.));
#11021=DIRECTION('',(0.,-1.,0.));
#11022=DIRECTION('',(0.,0.,-1.));
#11023=DIRECTION('',(0.,-1.,0.));
#11024=DIRECTION('',(0.,0.,-1.));
#11025=DIRECTION('',(0.,-1.,0.));
#11026=DIRECTION('',(0.,0.,-1.));
#11027=DIRECTION('',(0.,-1.,0.));
#11028=DIRECTION('',(0.,0.,-1.));
#11029=DIRECTION('',(0.,-1.,0.));
#11030=DIRECTION('',(0.,0.,-1.));
#11031=DIRECTION('',(0.,-1.,0.));
#11032=DIRECTION('',(0.,0.,-1.));
#11033=DIRECTION('',(0.,-1.,0.));
#11034=DIRECTION('',(0.,0.,-1.));
#11035=DIRECTION('',(0.,-1.,0.));
#11036=DIRECTION('',(0.,0.,-1.));
#11037=DIRECTION('',(0.,-1.,0.));
#11038=DIRECTION('',(0.,0.,-1.));
#11039=DIRECTION('',(1.,0.,0.));
#11040=DIRECTION('',(0.,0.,-1.));
#11041=DIRECTION('',(1.,0.,0.));
#11042=DIRECTION('',(0.,0.,-1.));
#11043=DIRECTION('',(-1.,0.,0.));
#11044=DIRECTION('',(0.,0.,1.));
#11045=DIRECTION('',(-1.,0.,0.));
#11046=DIRECTION('',(0.,0.,1.));
#11047=DIRECTION('',(1.,0.,0.));
#11048=DIRECTION('',(0.,0.,-1.));
#11049=DIRECTION('',(1.,0.,0.));
#11050=DIRECTION('',(0.,0.,-1.));
#11051=DIRECTION('',(1.,0.,0.));
#11052=DIRECTION('',(0.,0.,-1.));
#11053=DIRECTION('',(1.,0.,0.));
#11054=DIRECTION('',(0.,0.,-1.));
#11055=DIRECTION('',(-1.,0.,0.));
#11056=DIRECTION('',(0.,0.,1.));
#11057=DIRECTION('',(-1.,0.,0.));
#11058=DIRECTION('',(0.,0.,1.));
#11059=DIRECTION('',(1.,0.,0.));
#11060=DIRECTION('',(0.,0.,-1.));
#11061=DIRECTION('',(1.,0.,0.));
#11062=DIRECTION('',(0.,0.,-1.));
#11063=DIRECTION('',(0.,1.,0.));
#11064=DIRECTION('',(0.,0.,1.));
#11065=DIRECTION('',(0.,1.,0.));
#11066=DIRECTION('',(1.,0.,0.));
#11067=DIRECTION('',(0.,1.,0.));
#11068=DIRECTION('',(0.,0.,1.));
#11069=DIRECTION('',(0.,1.,0.));
#11070=DIRECTION('',(0.,0.,1.));
#11071=DIRECTION('',(0.,1.,0.));
#11072=DIRECTION('',(0.,1.,0.));
#11073=DIRECTION('',(1.,0.,0.));
#11074=DIRECTION('',(0.,1.,0.));
#11075=DIRECTION('',(-1.,0.,0.));
#11076=DIRECTION('',(0.,0.,1.));
#11077=DIRECTION('',(0.,1.,0.));
#11078=DIRECTION('',(0.,0.,1.));
#11079=DIRECTION('',(0.,1.,0.));
#11080=DIRECTION('',(0.,0.,1.));
#11081=DIRECTION('',(0.,1.,0.));
#11082=DIRECTION('',(0.,1.,0.));
#11083=DIRECTION('',(1.,0.,0.));
#11084=DIRECTION('',(1.,0.,0.));
#11085=DIRECTION('',(0.,0.,-1.));
#11086=DIRECTION('',(0.,0.,-1.));
#11087=DIRECTION('',(0.,1.,0.));
#11088=DIRECTION('',(0.,0.,1.));
#11089=DIRECTION('',(-1.,0.,0.));
#11090=DIRECTION('',(0.,0.,1.));
#11091=DIRECTION('',(-1.,0.,0.));
#11092=DIRECTION('',(1.,0.,0.));
#11093=DIRECTION('',(0.,0.,-1.));
#11094=DIRECTION('',(-1.,0.,0.));
#11095=DIRECTION('',(0.,0.,1.));
#11096=DIRECTION('',(1.,0.,0.));
#11097=DIRECTION('',(0.,1.,0.));
#11098=DIRECTION('',(0.,0.,-1.));
#11099=DIRECTION('',(-1.,0.,0.));
#11100=DIRECTION('',(0.,-1.,0.));
#11101=DIRECTION('',(-1.,0.,0.));
#11102=DIRECTION('',(-1.,0.,0.));
#11103=DIRECTION('',(0.,0.,1.));
#11104=DIRECTION('',(1.,0.,0.));
#11105=DIRECTION('',(0.,0.,-1.));
#11106=DIRECTION('',(1.,0.,0.));
#11107=DIRECTION('',(0.,0.,-1.));
#11108=DIRECTION('',(1.,0.,0.));
#11109=DIRECTION('',(0.,0.,-1.));
#11110=DIRECTION('',(-1.,0.,0.));
#11111=DIRECTION('',(0.,0.,1.));
#11112=DIRECTION('',(-1.,0.,0.));
#11113=DIRECTION('',(1.,0.,0.));
#11114=DIRECTION('',(0.,0.,-1.));
#11115=DIRECTION('',(-1.,0.,0.));
#11116=DIRECTION('',(0.,0.,1.));
#11117=DIRECTION('',(1.,0.,0.));
#11118=DIRECTION('',(0.,1.,0.));
#11119=DIRECTION('',(0.,0.,-1.));
#11120=DIRECTION('',(-1.,0.,0.));
#11121=DIRECTION('',(-1.,0.,0.));
#11122=DIRECTION('',(0.,-1.,0.));
#11123=DIRECTION('',(-1.,0.,0.));
#11124=DIRECTION('',(0.,0.,1.));
#11125=DIRECTION('',(1.,0.,0.));
#11126=DIRECTION('',(0.,0.,-1.));
#11127=DIRECTION('',(1.,0.,0.));
#11128=DIRECTION('',(0.,0.,-1.));
#11129=DIRECTION('',(1.,0.,0.));
#11130=DIRECTION('',(0.,1.,0.));
#11131=DIRECTION('',(1.,0.,0.));
#11132=DIRECTION('',(0.,0.,-1.));
#11133=DIRECTION('',(1.,0.,0.));
#11134=DIRECTION('',(0.,0.,-1.));
#11135=DIRECTION('',(1.,0.,0.));
#11136=DIRECTION('',(0.,0.,-1.));
#11137=DIRECTION('',(1.,0.,0.));
#11138=DIRECTION('',(0.,0.,-1.));
#11139=DIRECTION('',(1.,0.,0.));
#11140=DIRECTION('',(0.,0.,-1.));
#11141=DIRECTION('',(1.,0.,0.));
#11142=DIRECTION('',(0.,0.,-1.));
#11143=DIRECTION('',(0.,0.,1.));
#11144=DIRECTION('',(1.,0.,0.));
#11145=DIRECTION('',(0.,0.,-1.));
#11146=DIRECTION('',(-1.,0.,0.));
#11147=DIRECTION('',(0.,0.,-1.));
#11148=DIRECTION('',(-1.,0.,0.));
#11149=DIRECTION('',(0.,0.,-1.));
#11150=DIRECTION('',(-1.,0.,0.));
#11151=DIRECTION('',(0.,0.,1.));
#11152=DIRECTION('',(1.,0.,0.));
#11153=DIRECTION('',(0.,0.,1.));
#11154=DIRECTION('',(1.,0.,0.));
#11155=DIRECTION('',(0.,0.,-1.));
#11156=DIRECTION('',(-1.,0.,0.));
#11157=DIRECTION('',(0.,0.,-1.));
#11158=DIRECTION('',(-1.,0.,0.));
#11159=DIRECTION('',(0.,0.,-1.));
#11160=DIRECTION('',(-1.,0.,0.));
#11161=DIRECTION('',(0.,0.,1.));
#11162=DIRECTION('',(1.,0.,0.));
#11163=DIRECTION('',(0.,0.,-1.));
#11164=DIRECTION('',(-1.,0.,0.));
#11165=DIRECTION('',(0.,0.,-1.));
#11166=DIRECTION('',(-1.,0.,0.));
#11167=DIRECTION('',(0.,0.,-1.));
#11168=DIRECTION('',(-1.,0.,0.));
#11169=DIRECTION('',(0.,0.,-1.));
#11170=DIRECTION('',(-1.,0.,0.));
#11171=DIRECTION('',(0.,0.,-1.));
#11172=DIRECTION('',(-1.,0.,0.));
#11173=DIRECTION('',(0.,0.,-1.));
#11174=DIRECTION('',(-1.,0.,0.));
#11175=DIRECTION('',(0.,0.,-1.));
#11176=DIRECTION('',(-1.,0.,0.));
#11177=DIRECTION('',(0.,0.,-1.));
#11178=DIRECTION('',(-1.,0.,0.));
#11179=DIRECTION('',(0.,0.,-1.));
#11180=DIRECTION('',(-1.,0.,0.));
#11181=DIRECTION('',(0.,0.,-1.));
#11182=DIRECTION('',(-1.,0.,0.));
#11183=DIRECTION('',(0.,0.,-1.));
#11184=DIRECTION('',(-1.,0.,0.));
#11185=DIRECTION('',(0.,-1.,0.));
#11186=DIRECTION('',(0.,0.,-1.));
#11187=DIRECTION('',(0.,-1.,0.));
#11188=DIRECTION('',(0.,0.,-1.));
#11189=DIRECTION('',(0.,-1.,0.));
#11190=DIRECTION('',(0.,0.,-1.));
#11191=DIRECTION('',(0.,-1.,0.));
#11192=DIRECTION('',(0.,0.,-1.));
#11193=DIRECTION('',(0.,-1.,0.));
#11194=DIRECTION('',(0.,0.,-1.));
#11195=DIRECTION('',(-1.,0.,0.));
#11196=DIRECTION('',(0.,0.,-1.));
#11197=DIRECTION('',(-1.,0.,0.));
#11198=DIRECTION('',(0.,0.,-1.));
#11199=DIRECTION('',(1.,0.,0.));
#11200=DIRECTION('',(0.,0.,-1.));
#11201=DIRECTION('',(0.,-1.,0.));
#11202=DIRECTION('',(0.,0.,-1.));
#11203=DIRECTION('',(0.,-1.,0.));
#11204=DIRECTION('',(0.,1.,0.));
#11205=DIRECTION('',(0.,0.,1.));
#11206=DIRECTION('',(1.,0.,0.));
#11207=DIRECTION('',(0.,0.,-1.));
#11208=DIRECTION('',(1.,0.,0.));
#11209=DIRECTION('',(-1.,0.,0.));
#11210=DIRECTION('',(0.,0.,1.));
#11211=DIRECTION('',(0.,1.,0.));
#11212=DIRECTION('',(0.,1.,0.));
#11213=DIRECTION('',(0.,0.,1.));
#11214=DIRECTION('',(1.,0.,0.));
#11215=DIRECTION('',(0.,0.,1.));
#11216=DIRECTION('',(1.,0.,0.));
#11217=DIRECTION('',(0.,-1.,0.));
#11218=DIRECTION('',(0.,0.,-1.));
#11219=DIRECTION('',(0.,-1.,0.));
#11220=DIRECTION('',(0.,0.,-1.));
#11221=DIRECTION('',(0.,-1.,0.));
#11222=DIRECTION('',(0.,0.,-1.));
#11223=DIRECTION('',(0.,-1.,0.));
#11224=DIRECTION('',(0.,0.,-1.));
#11225=DIRECTION('',(0.,-1.,0.));
#11226=DIRECTION('',(0.,0.,-1.));
#11227=DIRECTION('',(0.,-1.,0.));
#11228=DIRECTION('',(0.,0.,-1.));
#11229=DIRECTION('',(0.,-1.,0.));
#11230=DIRECTION('',(0.,0.,-1.));
#11231=DIRECTION('',(0.,-1.,0.));
#11232=DIRECTION('',(0.,0.,-1.));
#11233=DIRECTION('',(0.,-1.,0.));
#11234=DIRECTION('',(0.,0.,-1.));
#11235=DIRECTION('',(0.,-1.,0.));
#11236=DIRECTION('',(0.,0.,-1.));
#11237=DIRECTION('',(0.,-1.,0.));
#11238=DIRECTION('',(0.,0.,-1.));
#11239=DIRECTION('',(0.,-1.,0.));
#11240=DIRECTION('',(0.,0.,-1.));
#11241=DIRECTION('',(0.,-1.,0.));
#11242=DIRECTION('',(0.,0.,-1.));
#11243=DIRECTION('',(0.,-1.,0.));
#11244=DIRECTION('',(0.,0.,-1.));
#11245=DIRECTION('',(0.,-1.,0.));
#11246=DIRECTION('',(0.,0.,-1.));
#11247=DIRECTION('',(0.,-1.,0.));
#11248=DIRECTION('',(0.,0.,-1.));
#11249=DIRECTION('',(0.,-1.,0.));
#11250=DIRECTION('',(0.,0.,-1.));
#11251=DIRECTION('',(0.,-1.,0.));
#11252=DIRECTION('',(0.,0.,-1.));
#11253=DIRECTION('',(0.,-1.,0.));
#11254=DIRECTION('',(0.,0.,-1.));
#11255=DIRECTION('',(0.,-1.,0.));
#11256=DIRECTION('',(0.,0.,-1.));
#11257=DIRECTION('',(0.,-1.,0.));
#11258=DIRECTION('',(0.,0.,-1.));
#11259=DIRECTION('',(0.,-1.,0.));
#11260=DIRECTION('',(0.,0.,-1.));
#11261=DIRECTION('',(0.,-1.,0.));
#11262=DIRECTION('',(0.,0.,-1.));
#11263=DIRECTION('',(0.,-1.,0.));
#11264=DIRECTION('',(0.,0.,-1.));
#11265=DIRECTION('',(0.,-1.,0.));
#11266=DIRECTION('',(0.,0.,-1.));
#11267=DIRECTION('',(0.,-1.,0.));
#11268=DIRECTION('',(0.,0.,-1.));
#11269=DIRECTION('',(0.,-1.,0.));
#11270=DIRECTION('',(0.,0.,-1.));
#11271=DIRECTION('',(0.,-1.,0.));
#11272=DIRECTION('',(0.,0.,-1.));
#11273=DIRECTION('',(0.,0.,1.));
#11274=DIRECTION('',(1.,0.,0.));
#11275=DIRECTION('',(0.,0.,-1.));
#11276=DIRECTION('',(-1.,0.,0.));
#11277=DIRECTION('',(0.,0.,-1.));
#11278=DIRECTION('',(0.,0.,-1.));
#11279=DIRECTION('',(-1.,0.,0.));
#11280=DIRECTION('',(0.,0.,-1.));
#11281=DIRECTION('',(0.,0.,-1.));
#11282=DIRECTION('',(-1.,0.,0.));
#11283=DIRECTION('',(0.,0.,-1.));
#11284=DIRECTION('',(-1.,0.,0.));
#11285=DIRECTION('',(0.,0.,-1.));
#11286=DIRECTION('',(0.,0.,-1.));
#11287=DIRECTION('',(-1.,0.,0.));
#11288=DIRECTION('',(0.,0.,-1.));
#11289=DIRECTION('',(0.,0.,-1.));
#11290=DIRECTION('',(-1.,0.,0.));
#11291=DIRECTION('',(0.,0.,-1.));
#11292=DIRECTION('',(-1.,0.,0.));
#11293=DIRECTION('',(0.,0.,-1.));
#11294=DIRECTION('',(0.,0.,-1.));
#11295=DIRECTION('',(-1.,0.,0.));
#11296=DIRECTION('',(0.,0.,-1.));
#11297=DIRECTION('',(0.,0.,-1.));
#11298=DIRECTION('',(-1.,0.,0.));
#11299=DIRECTION('',(0.,0.,-1.));
#11300=DIRECTION('',(-1.,0.,0.));
#11301=DIRECTION('',(0.,0.,-1.));
#11302=DIRECTION('',(0.,0.,-1.));
#11303=DIRECTION('',(-1.,0.,0.));
#11304=DIRECTION('',(0.,0.,-1.));
#11305=DIRECTION('',(0.,0.,-1.));
#11306=DIRECTION('',(-1.,0.,0.));
#11307=DIRECTION('',(0.,0.,-1.));
#11308=DIRECTION('',(-1.,0.,0.));
#11309=DIRECTION('',(0.,0.,-1.));
#11310=DIRECTION('',(-1.,0.,0.));
#11311=DIRECTION('',(0.,0.,-1.));
#11312=DIRECTION('',(-1.,0.,0.));
#11313=DIRECTION('',(0.,0.,1.));
#11314=DIRECTION('',(1.,0.,0.));
#11315=DIRECTION('',(0.,0.,-1.));
#11316=DIRECTION('',(-1.,0.,0.));
#11317=DIRECTION('',(0.,0.,-1.));
#11318=DIRECTION('',(-1.,0.,0.));
#11319=DIRECTION('',(0.,0.,-1.));
#11320=DIRECTION('',(-1.,0.,0.));
#11321=DIRECTION('',(0.,0.,1.));
#11322=DIRECTION('',(1.,0.,0.));
#11323=DIRECTION('',(0.,0.,-1.));
#11324=DIRECTION('',(-1.,0.,0.));
#11325=DIRECTION('',(0.,0.,-1.));
#11326=DIRECTION('',(-1.,0.,0.));
#11327=DIRECTION('',(0.,0.,-1.));
#11328=DIRECTION('',(-1.,0.,0.));
#11329=DIRECTION('',(0.,0.,1.));
#11330=DIRECTION('',(1.,0.,0.));
#11331=DIRECTION('',(0.,0.,-1.));
#11332=DIRECTION('',(-1.,0.,0.));
#11333=DIRECTION('',(0.,0.,-1.));
#11334=DIRECTION('',(-1.,0.,0.));
#11335=DIRECTION('',(0.,0.,-1.));
#11336=DIRECTION('',(-1.,0.,0.));
#11337=DIRECTION('',(0.,0.,1.));
#11338=DIRECTION('',(1.,0.,0.));
#11339=DIRECTION('',(1.,0.,0.));
#11340=DIRECTION('',(0.,0.,-1.));
#11341=DIRECTION('',(0.,-1.,0.));
#11342=DIRECTION('',(0.,0.,-1.));
#11343=DIRECTION('',(0.,-1.,0.));
#11344=DIRECTION('',(0.,0.,-1.));
#11345=DIRECTION('',(0.707106781186548,0.707106781186548,0.));
#11346=DIRECTION('',(-0.707106781186548,0.707106781186548,0.));
#11347=DIRECTION('',(0.707106781186548,-0.707106781186548,0.));
#11348=DIRECTION('',(0.,0.,-1.));
#11349=DIRECTION('',(0.707106781186548,-0.707106781186548,0.));
#11350=DIRECTION('',(0.,1.,0.));
#11351=DIRECTION('',(0.,0.,1.));
#11352=DIRECTION('',(1.,0.,0.));
#11353=DIRECTION('',(0.,0.,-1.));
#11354=DIRECTION('',(1.,0.,0.));
#11355=DIRECTION('',(-0.707106781186548,0.707106781186548,0.));
#11356=DIRECTION('',(-0.707106781186548,-0.707106781186548,0.));
#11357=DIRECTION('',(0.707106781186548,0.707106781186548,0.));
#11358=DIRECTION('',(0.,0.,-1.));
#11359=DIRECTION('',(0.707106781186548,0.707106781186548,0.));
#11360=DIRECTION('',(-1.,0.,0.));
#11361=DIRECTION('',(0.,0.,1.));
#11362=DIRECTION('',(0.,1.,0.));
#11363=DIRECTION('',(0.,0.,-1.));
#11364=DIRECTION('',(0.,1.,0.));
#11365=DIRECTION('',(-0.707106781186548,-0.707106781186548,0.));
#11366=DIRECTION('',(0.707106781186548,-0.707106781186548,0.));
#11367=DIRECTION('',(-0.707106781186548,0.707106781186548,0.));
#11368=DIRECTION('',(0.,0.,-1.));
#11369=DIRECTION('',(-0.707106781186548,0.707106781186548,0.));
#11370=DIRECTION('',(0.,-1.,0.));
#11371=DIRECTION('',(0.,0.,-1.));
#11372=DIRECTION('',(-1.,0.,0.));
#11373=DIRECTION('',(0.,0.,-1.));
#11374=DIRECTION('',(-1.,0.,0.));
#11375=DIRECTION('',(0.707106781186548,-0.707106781186548,0.));
#11376=DIRECTION('',(0.707106781186548,0.707106781186548,0.));
#11377=DIRECTION('',(-0.707106781186548,-0.707106781186548,0.));
#11378=DIRECTION('',(-0.707106781186548,-0.707106781186548,0.));
#11379=DIRECTION('',(0.,0.,1.));
#11380=DIRECTION('',(1.,0.,0.));
#11381=DIRECTION('',(0.,0.,-1.));
#11382=DIRECTION('',(-1.,0.,0.));
#11383=DIRECTION('',(0.,0.,-1.));
#11384=DIRECTION('',(-1.,0.,0.));
#11385=DIRECTION('',(0.,0.,-1.));
#11386=DIRECTION('',(-1.,0.,0.));
#11387=DIRECTION('',(0.,0.,-1.));
#11388=DIRECTION('',(-1.,0.,0.));
#11389=DIRECTION('',(0.,0.,-1.));
#11390=DIRECTION('',(-1.,0.,0.));
#11391=DIRECTION('',(0.,0.,-1.));
#11392=DIRECTION('',(-1.,0.,0.));
#11393=DIRECTION('',(0.,0.,-1.));
#11394=DIRECTION('',(-1.,0.,0.));
#11395=DIRECTION('',(0.,0.,-1.));
#11396=DIRECTION('',(-1.,0.,0.));
#11397=DIRECTION('',(0.,0.,1.));
#11398=DIRECTION('',(1.,0.,0.));
#11399=DIRECTION('',(0.,0.,-1.));
#11400=DIRECTION('',(-1.,0.,0.));
#11401=DIRECTION('',(0.,0.,-1.));
#11402=DIRECTION('',(-1.,0.,0.));
#11403=DIRECTION('',(0.,0.,-1.));
#11404=DIRECTION('',(-1.,0.,0.));
#11405=DIRECTION('',(0.,0.,-1.));
#11406=DIRECTION('',(-1.,0.,0.));
#11407=DIRECTION('',(0.,0.,-1.));
#11408=DIRECTION('',(-1.,0.,0.));
#11409=DIRECTION('',(0.,0.,-1.));
#11410=DIRECTION('',(-1.,0.,0.));
#11411=DIRECTION('',(0.,0.,-1.));
#11412=DIRECTION('',(-1.,0.,0.));
#11413=DIRECTION('',(0.,0.,-1.));
#11414=DIRECTION('',(-1.,0.,0.));
#11415=DIRECTION('',(0.,0.,-1.));
#11416=DIRECTION('',(-1.,0.,0.));
#11417=DIRECTION('',(0.,0.,1.));
#11418=DIRECTION('',(1.,0.,0.));
#11419=DIRECTION('',(0.,0.,-1.));
#11420=DIRECTION('',(-1.,0.,0.));
#11421=DIRECTION('',(0.,0.,-1.));
#11422=DIRECTION('',(-1.,0.,0.));
#11423=DIRECTION('',(0.,0.,1.));
#11424=DIRECTION('',(1.,0.,0.));
#11425=DIRECTION('',(0.,0.,-1.));
#11426=DIRECTION('',(-1.,0.,0.));
#11427=DIRECTION('',(0.,0.,-1.));
#11428=DIRECTION('',(-1.,0.,0.));
#11429=DIRECTION('',(0.,0.,-1.));
#11430=DIRECTION('',(-1.,0.,0.));
#11431=DIRECTION('',(0.,0.,-1.));
#11432=DIRECTION('',(-1.,0.,0.));
#11433=DIRECTION('',(0.,0.,1.));
#11434=DIRECTION('',(1.,0.,0.));
#11435=DIRECTION('',(0.,0.,-1.));
#11436=DIRECTION('',(-1.,0.,0.));
#11437=DIRECTION('',(0.,0.,-1.));
#11438=DIRECTION('',(-1.,0.,0.));
#11439=DIRECTION('',(0.,0.,-1.));
#11440=DIRECTION('',(-1.,0.,0.));
#11441=DIRECTION('',(0.,0.,-1.));
#11442=DIRECTION('',(-1.,0.,0.));
#11443=DIRECTION('',(0.,0.,1.));
#11444=DIRECTION('',(1.,0.,0.));
#11445=DIRECTION('',(0.,0.,-1.));
#11446=DIRECTION('',(-1.,0.,0.));
#11447=DIRECTION('',(0.,0.,-1.));
#11448=DIRECTION('',(-1.,0.,0.));
#11449=DIRECTION('',(0.,0.,-1.));
#11450=DIRECTION('',(-1.,0.,0.));
#11451=DIRECTION('',(0.,0.,-1.));
#11452=DIRECTION('',(-1.,0.,0.));
#11453=DIRECTION('',(0.,0.,1.));
#11454=DIRECTION('',(1.,0.,0.));
#11455=DIRECTION('',(0.,0.,-1.));
#11456=DIRECTION('',(-1.,0.,0.));
#11457=DIRECTION('',(0.,0.,-1.));
#11458=DIRECTION('',(-1.,0.,0.));
#11459=DIRECTION('',(0.,0.,-1.));
#11460=DIRECTION('',(-1.,0.,0.));
#11461=DIRECTION('',(0.,0.,-1.));
#11462=DIRECTION('',(-1.,0.,0.));
#11463=DIRECTION('',(0.,0.,1.));
#11464=DIRECTION('',(1.,0.,0.));
#11465=DIRECTION('',(0.,0.,-1.));
#11466=DIRECTION('',(-1.,0.,0.));
#11467=DIRECTION('',(0.,0.,-1.));
#11468=DIRECTION('',(-1.,0.,0.));
#11469=DIRECTION('',(0.,0.,1.));
#11470=DIRECTION('',(1.,0.,0.));
#11471=DIRECTION('',(0.,0.,-1.));
#11472=DIRECTION('',(-1.,0.,0.));
#11473=DIRECTION('',(0.,0.,-1.));
#11474=DIRECTION('',(-1.,0.,0.));
#11475=DIRECTION('',(0.,0.,1.));
#11476=DIRECTION('',(1.,0.,0.));
#11477=DIRECTION('',(0.,0.,-1.));
#11478=DIRECTION('',(-1.,0.,0.));
#11479=DIRECTION('',(0.,0.,-1.));
#11480=DIRECTION('',(-1.,0.,0.));
#11481=DIRECTION('',(0.,0.,1.));
#11482=DIRECTION('',(1.,0.,0.));
#11483=DIRECTION('',(0.,0.,-1.));
#11484=DIRECTION('',(-1.,0.,0.));
#11485=DIRECTION('',(0.,0.,-1.));
#11486=DIRECTION('',(-1.,0.,0.));
#11487=DIRECTION('',(0.,0.,1.));
#11488=DIRECTION('',(1.,0.,0.));
#11489=DIRECTION('',(0.,0.,1.));
#11490=DIRECTION('',(1.,0.,0.));
#11491=DIRECTION('',(0.,0.,1.));
#11492=DIRECTION('',(1.,0.,0.));
#11493=DIRECTION('',(0.,0.,1.));
#11494=DIRECTION('',(1.,0.,0.));
#11495=DIRECTION('',(-1.,0.,0.));
#11496=DIRECTION('',(0.,0.,1.));
#11497=DIRECTION('',(1.,0.,0.));
#11498=DIRECTION('',(0.,0.,-1.));
#11499=DIRECTION('',(1.,0.,0.));
#11500=DIRECTION('',(0.,0.,-1.));
#11501=DIRECTION('',(0.,0.5,-0.866025403784439));
#11502=DIRECTION('',(0.,1.,0.));
#11503=DIRECTION('',(0.,0.5,0.866025403784439));
#11504=DIRECTION('',(0.,-0.5,0.866025403784439));
#11505=DIRECTION('',(0.,-1.,0.));
#11506=DIRECTION('',(0.,-0.5,-0.866025403784439));
#11507=DIRECTION('',(1.,0.,0.));
#11508=DIRECTION('',(0.,0.,-1.));
#11509=DIRECTION('',(1.,0.,0.));
#11510=DIRECTION('',(0.,0.,-1.));
#11511=DIRECTION('',(1.,0.,0.));
#11512=DIRECTION('',(0.,0.,-1.));
#11513=DIRECTION('',(1.,0.,0.));
#11514=DIRECTION('',(0.,0.,-1.));
#11515=DIRECTION('',(-1.,0.,0.));
#11516=DIRECTION('',(0.,0.,1.));
#11517=DIRECTION('',(1.,0.,0.));
#11518=DIRECTION('',(0.,0.,-1.));
#11519=DIRECTION('',(1.,0.,0.));
#11520=DIRECTION('',(0.,0.,-1.));
#11521=DIRECTION('',(1.,0.,0.));
#11522=DIRECTION('',(0.,0.,-1.));
#11523=DIRECTION('',(-1.,0.,0.));
#11524=DIRECTION('',(0.,0.,1.));
#11525=DIRECTION('',(1.,0.,0.));
#11526=DIRECTION('',(0.,0.,-1.));
#11527=DIRECTION('',(-1.,0.,0.));
#11528=DIRECTION('',(0.,0.,1.));
#11529=DIRECTION('',(0.,0.,-1.));
#11530=DIRECTION('',(-1.,0.,0.));
#11531=DIRECTION('',(-1.,0.,0.));
#11532=DIRECTION('',(0.,-1.,0.));
#11533=DIRECTION('',(0.,-1.,0.));
#11534=DIRECTION('',(-1.,0.,0.));
#11535=DIRECTION('',(0.,0.866025403784439,-0.5));
#11536=DIRECTION('',(0.,0.5,0.866025403784439));
#11537=DIRECTION('',(0.,-0.5,-0.866025403784439));
#11538=DIRECTION('',(0.,-0.5,-0.866025403784439));
#11539=DIRECTION('',(-1.,0.,0.));
#11540=DIRECTION('',(0.,0.866025403784439,0.5));
#11541=DIRECTION('',(0.,-0.5,0.866025403784439));
#11542=DIRECTION('',(0.,0.5,-0.866025403784439));
#11543=DIRECTION('',(0.,0.5,-0.866025403784439));
#11544=DIRECTION('',(-1.,0.,0.));
#11545=DIRECTION('',(0.,0.,1.));
#11546=DIRECTION('',(1.,0.,0.));
#11547=DIRECTION('',(0.,1.,0.));
#11548=DIRECTION('',(0.,1.,0.));
#11549=DIRECTION('',(-1.,0.,0.));
#11550=DIRECTION('',(0.,-0.866025403784439,0.5));
#11551=DIRECTION('',(0.,-0.5,-0.866025403784439));
#11552=DIRECTION('',(0.,0.5,0.866025403784439));
#11553=DIRECTION('',(0.,0.5,0.866025403784439));
#11554=DIRECTION('',(-1.,0.,0.));
#11555=DIRECTION('',(0.,-0.866025403784439,-0.5));
#11556=DIRECTION('',(0.,0.5,-0.866025403784439));
#11557=DIRECTION('',(0.,-0.5,0.866025403784439));
#11558=DIRECTION('',(0.,-0.5,0.866025403784439));
#11559=DIRECTION('',(1.,0.,0.));
#11560=DIRECTION('',(0.,0.,-1.));
#11561=DIRECTION('',(1.,0.,0.));
#11562=DIRECTION('',(0.,0.,-1.));
#11563=DIRECTION('',(1.,0.,0.));
#11564=DIRECTION('',(0.,0.,-1.));
#11565=DIRECTION('',(1.,0.,0.));
#11566=DIRECTION('',(0.,0.,-1.));
#11567=DIRECTION('',(1.,0.,0.));
#11568=DIRECTION('',(0.,0.,-1.));
#11569=DIRECTION('',(1.,0.,0.));
#11570=DIRECTION('',(0.,0.,-1.));
#11571=DIRECTION('',(1.,0.,0.));
#11572=DIRECTION('',(0.,0.,-1.));
#11573=DIRECTION('',(1.,0.,0.));
#11574=DIRECTION('',(0.,0.,-1.));
#11575=DIRECTION('',(1.,0.,0.));
#11576=DIRECTION('',(0.,0.,-1.));
#11577=DIRECTION('',(1.,0.,0.));
#11578=DIRECTION('',(0.,0.,-1.));
#11579=DIRECTION('',(1.,0.,0.));
#11580=DIRECTION('',(0.,0.,-1.));
#11581=DIRECTION('',(1.,0.,0.));
#11582=DIRECTION('',(0.,0.,-1.));
#11583=DIRECTION('',(-1.,0.,0.));
#11584=DIRECTION('',(0.,0.,1.));
#11585=DIRECTION('',(0.,0.,-1.));
#11586=DIRECTION('',(1.,0.,0.));
#11587=DIRECTION('',(0.,0.,-1.));
#11588=DIRECTION('',(1.,0.,0.));
#11589=DIRECTION('',(0.,0.,-1.));
#11590=DIRECTION('',(1.,0.,0.));
#11591=DIRECTION('',(0.,0.,-1.));
#11592=DIRECTION('',(1.,0.,0.));
#11593=CARTESIAN_POINT('',(0.,0.,0.));
#11594=CARTESIAN_POINT('',(0.,0.300000000000001,19.7));
#11595=CARTESIAN_POINT('',(0.,0.300000000000001,-2.));
#11596=CARTESIAN_POINT('',(125.,0.299999999999999,-2.));
#11597=CARTESIAN_POINT('',(127.,0.299999999999999,-2.));
#11598=CARTESIAN_POINT('',(125.,0.299999999999999,-2.16840434497101E-16));
#11599=CARTESIAN_POINT('',(125.,0.299999999999999,2.));
#11600=CARTESIAN_POINT('',(0.,0.300000000000001,2.));
#11601=CARTESIAN_POINT('',(127.,0.299999999999999,2.));
#11602=CARTESIAN_POINT('',(127.,0.299999999999999,2.16840434497101E-16));
#11603=CARTESIAN_POINT('',(66.,0.3,0.));
#11604=CARTESIAN_POINT('',(64.,0.3,0.));
#11605=CARTESIAN_POINT('',(33.5,0.3,4.5));
#11606=CARTESIAN_POINT('',(33.5,0.3,4.5));
#11607=CARTESIAN_POINT('',(10.,0.300000000000001,4.5));
#11608=CARTESIAN_POINT('',(33.5,0.3,4.5));
#11609=CARTESIAN_POINT('',(33.5,0.3,-4.5));
#11610=CARTESIAN_POINT('',(33.5,0.3,-4.5));
#11611=CARTESIAN_POINT('',(10.,0.3,-4.5));
#11612=CARTESIAN_POINT('',(10.,0.3,4.5));
#11613=CARTESIAN_POINT('',(150.5,0.299999999999998,19.7));
#11614=CARTESIAN_POINT('',(150.5,0.3,18.7));
#11615=CARTESIAN_POINT('',(150.5,0.300000000000001,12.3));
#11616=CARTESIAN_POINT('',(156.,0.3,18.7));
#11617=CARTESIAN_POINT('',(146.,0.3,18.7));
#11618=CARTESIAN_POINT('',(146.,0.3,18.7));
#11619=CARTESIAN_POINT('',(146.,0.3,4.2));
#11620=CARTESIAN_POINT('',(146.,0.3,4.2));
#11621=CARTESIAN_POINT('',(46.,0.299999999999998,4.2));
#11622=CARTESIAN_POINT('',(46.,0.3,19.7));
#11623=CARTESIAN_POINT('',(46.,0.300000000000001,19.3));
#11624=CARTESIAN_POINT('',(46.,0.3,19.7));
#11625=CARTESIAN_POINT('',(46.,0.3,19.7));
#11626=CARTESIAN_POINT('',(0.,0.300000000000001,19.7));
#11627=CARTESIAN_POINT('',(39.,0.300000000000002,19.7));
#11628=CARTESIAN_POINT('',(39.,0.3,19.7));
#11629=CARTESIAN_POINT('',(39.,0.3,11.9));
#11630=CARTESIAN_POINT('',(0.,0.300000000000001,11.9));
#11631=CARTESIAN_POINT('',(10.,0.300000000000002,11.9));
#11632=CARTESIAN_POINT('',(10.,0.300000000000001,19.7));
#11633=CARTESIAN_POINT('',(10.,0.300000000000002,19.7));
#11634=CARTESIAN_POINT('',(0.,0.300000000000001,19.7));
#11635=CARTESIAN_POINT('',(0.,0.300000000000002,19.7));
#11636=CARTESIAN_POINT('',(0.,0.300000000000002,19.7));
#11637=CARTESIAN_POINT('',(0.,0.300000000000002,-19.7));
#11638=CARTESIAN_POINT('',(0.,0.300000000000001,-19.7));
#11639=CARTESIAN_POINT('',(10.,0.300000000000002,-19.7));
#11640=CARTESIAN_POINT('',(10.,0.300000000000001,19.7));
#11641=CARTESIAN_POINT('',(10.,0.300000000000002,-11.9));
#11642=CARTESIAN_POINT('',(0.,0.300000000000001,-11.9));
#11643=CARTESIAN_POINT('',(39.,0.3,-11.9));
#11644=CARTESIAN_POINT('',(39.,0.3,19.7));
#11645=CARTESIAN_POINT('',(39.,0.300000000000002,-19.7));
#11646=CARTESIAN_POINT('',(0.,0.300000000000001,-19.7));
#11647=CARTESIAN_POINT('',(46.,0.3,-19.7));
#11648=CARTESIAN_POINT('',(46.,0.3,19.7));
#11649=CARTESIAN_POINT('',(46.,0.3,-19.3));
#11650=CARTESIAN_POINT('',(46.,0.3,19.7));
#11651=CARTESIAN_POINT('',(46.,0.300000000000002,-4.19999999999999));
#11652=CARTESIAN_POINT('',(146.,0.3,-4.2));
#11653=CARTESIAN_POINT('',(146.,0.3,-4.2));
#11654=CARTESIAN_POINT('',(146.,0.3,18.7));
#11655=CARTESIAN_POINT('',(146.,0.3,-18.7));
#11656=CARTESIAN_POINT('',(156.,0.3,-18.7));
#11657=CARTESIAN_POINT('',(150.5,0.3,-18.7));
#11658=CARTESIAN_POINT('',(150.5,0.299999999999998,19.7));
#11659=CARTESIAN_POINT('',(150.5,0.3,-12.3));
#11660=CARTESIAN_POINT('',(160.5,0.3,-12.3));
#11661=CARTESIAN_POINT('',(156.,0.3,-12.3));
#11662=CARTESIAN_POINT('',(156.,0.3,18.7));
#11663=CARTESIAN_POINT('',(156.,0.3,12.3));
#11664=CARTESIAN_POINT('',(160.5,0.300000000000001,12.3));
#11665=CARTESIAN_POINT('',(156.,23.,19.7));
#11666=CARTESIAN_POINT('',(160.5,8.3,19.7));
#11667=CARTESIAN_POINT('',(156.,8.3,19.7));
#11668=CARTESIAN_POINT('',(150.5,8.3,19.7));
#11669=CARTESIAN_POINT('',(156.,23.,19.7));
#11670=CARTESIAN_POINT('',(156.,23.,19.7));
#11671=CARTESIAN_POINT('',(156.,23.,19.7));
#11672=CARTESIAN_POINT('',(146.,23.,19.7));
#11673=CARTESIAN_POINT('',(146.,23.,19.7));
#11674=CARTESIAN_POINT('',(146.,13.1,19.7));
#11675=CARTESIAN_POINT('',(146.,23.,19.7));
#11676=CARTESIAN_POINT('',(146.,1.3,19.7));
#11677=CARTESIAN_POINT('',(156.,1.3,19.7));
#11678=CARTESIAN_POINT('',(150.5,1.3,19.7));
#11679=CARTESIAN_POINT('',(150.5,8.3,19.7));
#11680=CARTESIAN_POINT('',(150.5,3.17240819526482,19.7));
#11681=CARTESIAN_POINT('',(150.5,8.3,19.7));
#11682=CARTESIAN_POINT('',(150.5,5.82759180473519,19.7));
#11683=CARTESIAN_POINT('',(150.5,8.3,19.7));
#11684=CARTESIAN_POINT('',(156.,1.3,19.7));
#11685=CARTESIAN_POINT('',(150.5,1.3,19.7));
#11686=CARTESIAN_POINT('',(146.,1.3,19.7));
#11687=CARTESIAN_POINT('',(156.,0.3,-18.7));
#11688=CARTESIAN_POINT('',(150.5,0.3,-18.7));
#11689=CARTESIAN_POINT('',(150.5,1.3,-19.7));
#11690=CARTESIAN_POINT('',(146.,0.3,-18.7));
#11691=CARTESIAN_POINT('',(146.,1.3,-19.7));
#11692=CARTESIAN_POINT('',(156.,1.3,-19.7));
#11693=CARTESIAN_POINT('',(156.,1.3,-19.7));
#11694=CARTESIAN_POINT('',(160.5,8.3,-19.7));
#11695=CARTESIAN_POINT('',(156.,8.3,-19.7));
#11696=CARTESIAN_POINT('',(150.5,8.3,-19.7));
#11697=CARTESIAN_POINT('',(150.5,0.,-19.7));
#11698=CARTESIAN_POINT('',(150.5,5.82759180473519,-19.7));
#11699=CARTESIAN_POINT('',(150.5,0.,-19.7));
#11700=CARTESIAN_POINT('',(150.5,3.17240819526482,-19.7));
#11701=CARTESIAN_POINT('',(150.5,0.,-19.7));
#11702=CARTESIAN_POINT('',(146.,1.3,-19.7));
#11703=CARTESIAN_POINT('',(146.,13.1,-19.7));
#11704=CARTESIAN_POINT('',(146.,1.3,-19.7));
#11705=CARTESIAN_POINT('',(146.,23.,-19.7));
#11706=CARTESIAN_POINT('',(156.,23.,-19.7));
#11707=CARTESIAN_POINT('',(156.,23.,-19.7));
#11708=CARTESIAN_POINT('',(156.,1.3,-19.7));
#11709=CARTESIAN_POINT('',(156.,0.,0.));
#11710=CARTESIAN_POINT('',(156.,13.,0.));
#11711=CARTESIAN_POINT('',(156.,13.,-2.));
#11712=CARTESIAN_POINT('',(156.,0.,-12.3));
#11713=CARTESIAN_POINT('',(156.,8.3,-12.3));
#11714=CARTESIAN_POINT('',(156.,8.3,0.));
#11715=CARTESIAN_POINT('',(156.,23.,-19.7));
#11716=CARTESIAN_POINT('',(156.,8.3,1.9457033581902E-15));
#11717=CARTESIAN_POINT('',(156.,8.3,12.3));
#11718=CARTESIAN_POINT('',(156.,0.,12.3));
#11719=CARTESIAN_POINT('',(146.,7.5,-15.2));
#11720=CARTESIAN_POINT('',(47.5,7.5,-15.2));
#11721=CARTESIAN_POINT('',(47.5,5.,-10.8698729810778));
#11722=CARTESIAN_POINT('',(47.5,6.22982940778282,-13.));
#11723=CARTESIAN_POINT('',(146.,5.,-10.8698729810778));
#11724=CARTESIAN_POINT('',(63.3417910099777,5.,-10.8698729810778));
#11725=CARTESIAN_POINT('',(66.,3.92042833102432,-9.));
#11726=CARTESIAN_POINT('',(68.6582089900223,5.,-10.8698729810778));
#11727=CARTESIAN_POINT('',(146.,5.,-10.8698729810778));
#11728=CARTESIAN_POINT('',(123.341791009978,5.,-10.8698729810778));
#11729=CARTESIAN_POINT('',(126.,3.92042833102432,-9.));
#11730=CARTESIAN_POINT('',(128.658208990022,5.,-10.8698729810778));
#11731=CARTESIAN_POINT('',(146.,5.,-10.8698729810778));
#11732=CARTESIAN_POINT('',(146.,5.,-10.8698729810778));
#11733=CARTESIAN_POINT('',(146.,7.5,-15.2));
#11734=CARTESIAN_POINT('',(146.,7.5,-15.2));
#11735=CARTESIAN_POINT('',(146.,7.5,-15.2));
#11736=CARTESIAN_POINT('',(46.,7.5,-15.2));
#11737=CARTESIAN_POINT('',(46.,7.5,-15.2));
#11738=CARTESIAN_POINT('',(46.,6.22982940778282,-13.));
#11739=CARTESIAN_POINT('',(146.,6.22982940778282,-13.));
#11740=CARTESIAN_POINT('',(146.,5.,-10.8698729810778));
#11741=CARTESIAN_POINT('',(127.,5.,-2.));
#11742=CARTESIAN_POINT('',(127.,5.,-2.));
#11743=CARTESIAN_POINT('',(125.,5.,-2.));
#11744=CARTESIAN_POINT('',(127.,5.,2.16840434497101E-16));
#11745=CARTESIAN_POINT('',(127.,5.,2.));
#11746=CARTESIAN_POINT('',(125.,5.,2.));
#11747=CARTESIAN_POINT('',(125.,5.,2.));
#11748=CARTESIAN_POINT('',(125.,5.,-2.16840434497101E-16));
#11749=CARTESIAN_POINT('',(66.,5.,0.));
#11750=CARTESIAN_POINT('',(68.,5.,0.));
#11751=CARTESIAN_POINT('',(47.5,5.,-10.8698729810778));
#11752=CARTESIAN_POINT('',(47.5,5.,10.8698729810778));
#11753=CARTESIAN_POINT('',(146.,5.,10.8698729810778));
#11754=CARTESIAN_POINT('',(63.3417910099777,5.,10.8698729810778));
#11755=CARTESIAN_POINT('',(66.,5.,9.));
#11756=CARTESIAN_POINT('',(68.6582089900223,5.,10.8698729810778));
#11757=CARTESIAN_POINT('',(146.,5.,10.8698729810778));
#11758=CARTESIAN_POINT('',(123.341791009978,5.,10.8698729810778));
#11759=CARTESIAN_POINT('',(126.,5.,9.));
#11760=CARTESIAN_POINT('',(128.658208990022,5.,10.8698729810778));
#11761=CARTESIAN_POINT('',(146.,5.,10.8698729810778));
#11762=CARTESIAN_POINT('',(146.,5.,10.8698729810778));
#11763=CARTESIAN_POINT('',(146.,5.,-10.8698729810778));
#11764=CARTESIAN_POINT('',(126.,5.,-9.));
#11765=CARTESIAN_POINT('',(66.,5.,-9.));
#11766=CARTESIAN_POINT('',(146.,5.,10.8698729810778));
#11767=CARTESIAN_POINT('',(47.5,5.,10.8698729810778));
#11768=CARTESIAN_POINT('',(47.5,6.22982940778282,13.));
#11769=CARTESIAN_POINT('',(146.,6.22982940778282,13.));
#11770=CARTESIAN_POINT('',(46.,6.22982940778282,13.));
#11771=CARTESIAN_POINT('',(46.,5.,10.8698729810778));
#11772=CARTESIAN_POINT('',(46.,7.5,15.2));
#11773=CARTESIAN_POINT('',(146.,7.5,15.2));
#11774=CARTESIAN_POINT('',(146.,7.5,15.2));
#11775=CARTESIAN_POINT('',(146.,5.,10.8698729810778));
#11776=CARTESIAN_POINT('',(126.,3.92042833102432,9.));
#11777=CARTESIAN_POINT('',(66.,3.92042833102432,9.));
#11778=CARTESIAN_POINT('',(152.,13.,0.));
#11779=CARTESIAN_POINT('',(48.,13.,0.));
#11780=CARTESIAN_POINT('',(48.,13.,-3.5));
#11781=CARTESIAN_POINT('',(47.5,13.,0.));
#11782=CARTESIAN_POINT('',(47.5,13.,3.5));
#11783=CARTESIAN_POINT('',(156.,13.,0.));
#11784=CARTESIAN_POINT('',(151.5,13.,0.));
#11785=CARTESIAN_POINT('',(151.5,13.,-2.));
#11786=CARTESIAN_POINT('',(146.,10.7,-15.));
#11787=CARTESIAN_POINT('',(146.,0.3,-4.2));
#11788=CARTESIAN_POINT('',(146.,0.,-4.5));
#11789=CARTESIAN_POINT('',(146.,0.,-4.5));
#11790=CARTESIAN_POINT('',(146.,0.,-19.));
#11791=CARTESIAN_POINT('',(146.,0.,-19.));
#11792=CARTESIAN_POINT('',(146.,1.,-20.));
#11793=CARTESIAN_POINT('',(146.,1.,-20.));
#11794=CARTESIAN_POINT('',(146.,10.,-20.));
#11795=CARTESIAN_POINT('',(146.,10.,-20.));
#11796=CARTESIAN_POINT('',(146.,10.2,-19.8));
#11797=CARTESIAN_POINT('',(146.,10.2,-19.8));
#11798=CARTESIAN_POINT('',(146.,13.,-19.8));
#11799=CARTESIAN_POINT('',(146.,13.,-19.8));
#11800=CARTESIAN_POINT('',(46.,0.3,19.7));
#11801=CARTESIAN_POINT('',(46.,22.,13.));
#11802=CARTESIAN_POINT('',(46.,22.,13.));
#11803=CARTESIAN_POINT('',(46.,22.,13.));
#11804=CARTESIAN_POINT('',(46.,22.,-13.));
#11805=CARTESIAN_POINT('',(46.,22.,-13.));
#11806=CARTESIAN_POINT('',(46.,9.39523948557599,-15.2));
#11807=CARTESIAN_POINT('',(46.,9.39523948557599,-15.2));
#11808=CARTESIAN_POINT('',(46.,10.7,-15.));
#11809=CARTESIAN_POINT('',(46.,12.004760514424,-15.2));
#11810=CARTESIAN_POINT('',(46.,12.8,-15.2));
#11811=CARTESIAN_POINT('',(46.,12.8,-15.2));
#11812=CARTESIAN_POINT('',(46.,13.5,-15.9));
#11813=CARTESIAN_POINT('',(46.,13.5,-15.9));
#11814=CARTESIAN_POINT('',(46.,13.5,-19.3));
#11815=CARTESIAN_POINT('',(46.,13.5,-19.3));
#11816=CARTESIAN_POINT('',(46.,13.,-19.8));
#11817=CARTESIAN_POINT('',(46.,13.1,-19.7));
#11818=CARTESIAN_POINT('',(46.,0.3,-19.7));
#11819=CARTESIAN_POINT('',(46.,23.,-19.7));
#11820=CARTESIAN_POINT('',(46.,23.,19.7));
#11821=CARTESIAN_POINT('',(46.,23.,19.7));
#11822=CARTESIAN_POINT('',(46.,0.3,19.7));
#11823=CARTESIAN_POINT('',(46.,13.1,19.7));
#11824=CARTESIAN_POINT('',(46.,13.5,19.3));
#11825=CARTESIAN_POINT('',(46.,13.5,19.3));
#11826=CARTESIAN_POINT('',(46.,13.5,15.9));
#11827=CARTESIAN_POINT('',(46.,13.5,15.9));
#11828=CARTESIAN_POINT('',(46.,12.8,15.2));
#11829=CARTESIAN_POINT('',(46.,12.8,15.2));
#11830=CARTESIAN_POINT('',(46.,12.004760514424,15.2));
#11831=CARTESIAN_POINT('',(46.,12.004760514424,15.2));
#11832=CARTESIAN_POINT('',(46.,10.7,15.));
#11833=CARTESIAN_POINT('',(46.,9.39523948557599,15.2));
#11834=CARTESIAN_POINT('',(46.,7.5,15.2));
#11835=CARTESIAN_POINT('',(46.,0.3,19.7));
#11836=CARTESIAN_POINT('',(46.,0.,-19.));
#11837=CARTESIAN_POINT('',(46.,0.699999999999999,-19.7));
#11838=CARTESIAN_POINT('',(46.,0.3,-19.7));
#11839=CARTESIAN_POINT('',(46.,0.3,19.7));
#11840=CARTESIAN_POINT('',(46.,1.,20.));
#11841=CARTESIAN_POINT('',(46.,0.699999999999999,19.7));
#11842=CARTESIAN_POINT('',(46.,0.3,19.7));
#11843=CARTESIAN_POINT('',(28.5,13.,-2.5));
#11844=CARTESIAN_POINT('',(28.5,13.,0.));
#11845=CARTESIAN_POINT('',(28.5,13.,-2.5));
#11846=CARTESIAN_POINT('',(28.5,5.22182540694798,0.));
#11847=CARTESIAN_POINT('',(28.5,6.34391975082666,1.12209434387868));
#11848=CARTESIAN_POINT('',(28.5,11.8779056561213,6.65608024917334));
#11849=CARTESIAN_POINT('',(28.5,13.,0.));
#11850=CARTESIAN_POINT('',(28.5,14.1220943438787,6.65608024917334));
#11851=CARTESIAN_POINT('',(28.5,13.,7.77817459305202));
#11852=CARTESIAN_POINT('',(28.5,19.6560802491733,1.12209434387868));
#11853=CARTESIAN_POINT('',(28.5,13.,0.));
#11854=CARTESIAN_POINT('',(28.5,19.6560802491733,-1.12209434387868));
#11855=CARTESIAN_POINT('',(28.5,20.778174593052,0.));
#11856=CARTESIAN_POINT('',(28.5,14.1220943438787,-6.65608024917334));
#11857=CARTESIAN_POINT('',(28.5,13.,0.));
#11858=CARTESIAN_POINT('',(28.5,11.8779056561213,-6.65608024917334));
#11859=CARTESIAN_POINT('',(28.5,13.,-7.77817459305202));
#11860=CARTESIAN_POINT('',(28.5,6.34391975082666,-1.12209434387868));
#11861=CARTESIAN_POINT('',(28.5,13.,0.));
#11862=CARTESIAN_POINT('',(33.5,13.,0.));
#11863=CARTESIAN_POINT('',(33.5,6.34391975082666,1.12209434387868));
#11864=CARTESIAN_POINT('',(33.5,6.34391975082666,1.12209434387868));
#11865=CARTESIAN_POINT('',(33.5,6.34391975082666,-1.12209434387868));
#11866=CARTESIAN_POINT('',(33.5,6.34391975082666,-1.12209434387868));
#11867=CARTESIAN_POINT('',(33.5,13.,0.));
#11868=CARTESIAN_POINT('',(33.5,13.,0.));
#11869=CARTESIAN_POINT('',(33.5,11.8779056561213,6.65608024917334));
#11870=CARTESIAN_POINT('',(33.5,11.8779056561213,6.65608024917334));
#11871=CARTESIAN_POINT('',(33.5,13.,0.));
#11872=CARTESIAN_POINT('',(33.5,14.1220943438787,6.65608024917334));
#11873=CARTESIAN_POINT('',(33.5,14.1220943438787,6.65608024917335));
#11874=CARTESIAN_POINT('',(33.5,13.,0.));
#11875=CARTESIAN_POINT('',(33.5,11.8779056561213,-6.65608024917334));
#11876=CARTESIAN_POINT('',(33.5,11.8779056561213,-6.65608024917334));
#11877=CARTESIAN_POINT('',(33.5,14.1220943438787,-6.65608024917334));
#11878=CARTESIAN_POINT('',(33.5,14.1220943438787,-6.65608024917334));
#11879=CARTESIAN_POINT('',(33.5,13.,0.));
#11880=CARTESIAN_POINT('',(33.5,13.,0.));
#11881=CARTESIAN_POINT('',(33.5,19.6560802491733,-1.12209434387868));
#11882=CARTESIAN_POINT('',(33.5,19.6560802491733,-1.12209434387868));
#11883=CARTESIAN_POINT('',(33.5,19.6560802491733,1.12209434387868));
#11884=CARTESIAN_POINT('',(33.5,19.6560802491733,1.12209434387868));
#11885=CARTESIAN_POINT('',(33.5,13.,0.));
#11886=CARTESIAN_POINT('',(33.5,13.,0.));
#11887=CARTESIAN_POINT('',(0.,13.,0.));
#11888=CARTESIAN_POINT('',(0.,13.,-11.));
#11889=CARTESIAN_POINT('',(33.5,13.,0.));
#11890=CARTESIAN_POINT('',(33.5,17.42,10.0729141761459));
#11891=CARTESIAN_POINT('',(33.5,2.96257005005764,4.5));
#11892=CARTESIAN_POINT('',(33.5,2.96257005005764,4.5));
#11893=CARTESIAN_POINT('',(10.,2.96257005005764,4.5));
#11894=CARTESIAN_POINT('',(10.,13.,0.));
#11895=CARTESIAN_POINT('',(10.,2.96257005005764,-4.5));
#11896=CARTESIAN_POINT('',(33.5,2.96257005005764,-4.5));
#11897=CARTESIAN_POINT('',(33.5,2.96257005005764,-4.5));
#11898=CARTESIAN_POINT('',(33.5,13.,0.));
#11899=CARTESIAN_POINT('',(33.5,17.42,-10.0729141761459));
#11900=CARTESIAN_POINT('',(33.5,17.42,-10.0729141761459));
#11901=CARTESIAN_POINT('',(10.,17.42,-10.0729141761459));
#11902=CARTESIAN_POINT('',(10.,13.,0.));
#11903=CARTESIAN_POINT('',(10.,17.42,10.0729141761459));
#11904=CARTESIAN_POINT('',(33.5,17.42,10.0729141761459));
#11905=CARTESIAN_POINT('',(0.,17.42,0.));
#11906=CARTESIAN_POINT('',(10.,17.42,-12.5));
#11907=CARTESIAN_POINT('',(10.,17.42,-11.9));
#11908=CARTESIAN_POINT('',(33.5,17.42,12.5));
#11909=CARTESIAN_POINT('',(33.5,17.42,-11.9));
#11910=CARTESIAN_POINT('',(0.,17.42,-11.9));
#11911=CARTESIAN_POINT('',(33.25,17.42,-11.9));
#11912=CARTESIAN_POINT('',(0.,17.42,-11.9));
#11913=CARTESIAN_POINT('',(10.25,17.42,-11.9));
#11914=CARTESIAN_POINT('',(0.,17.42,-11.9));
#11915=CARTESIAN_POINT('',(0.,17.42,0.));
#11916=CARTESIAN_POINT('',(33.5,17.42,12.5));
#11917=CARTESIAN_POINT('',(33.5,17.42,11.9));
#11918=CARTESIAN_POINT('',(10.,17.42,-12.5));
#11919=CARTESIAN_POINT('',(10.,17.42,11.9));
#11920=CARTESIAN_POINT('',(0.,17.42,11.9));
#11921=CARTESIAN_POINT('',(10.25,17.42,11.9));
#11922=CARTESIAN_POINT('',(0.,17.42,11.9));
#11923=CARTESIAN_POINT('',(33.25,17.42,11.9));
#11924=CARTESIAN_POINT('',(0.,17.42,11.9));
#11925=CARTESIAN_POINT('',(37.5,25.5,-19.7));
#11926=CARTESIAN_POINT('',(10.,19.5,-19.7));
#11927=CARTESIAN_POINT('',(10.,19.5,-19.7));
#11928=CARTESIAN_POINT('',(0.,26.5,-19.7));
#11929=CARTESIAN_POINT('',(0.,26.5,-19.7));
#11930=CARTESIAN_POINT('',(37.5,26.5,-19.7));
#11931=CARTESIAN_POINT('',(37.5,26.5,-19.7));
#11932=CARTESIAN_POINT('',(37.5,25.5,-19.7));
#11933=CARTESIAN_POINT('',(38.5,25.5,-19.7));
#11934=CARTESIAN_POINT('',(38.5,23.,-19.7));
#11935=CARTESIAN_POINT('',(38.5,23.,-19.7));
#11936=CARTESIAN_POINT('',(46.,23.,-19.7));
#11937=CARTESIAN_POINT('',(46.,0.3,-19.7));
#11938=CARTESIAN_POINT('',(39.,0.,-19.7));
#11939=CARTESIAN_POINT('',(39.,3.17240819526482,-19.7));
#11940=CARTESIAN_POINT('',(39.,0.,-19.7));
#11941=CARTESIAN_POINT('',(39.,5.82759180473519,-19.7));
#11942=CARTESIAN_POINT('',(39.,0.,-19.7));
#11943=CARTESIAN_POINT('',(39.,12.5,-19.7));
#11944=CARTESIAN_POINT('',(31.,12.5,-19.7));
#11945=CARTESIAN_POINT('',(31.,20.5,-19.7));
#11946=CARTESIAN_POINT('',(31.,20.5,-19.7));
#11947=CARTESIAN_POINT('',(11.,20.5,-19.7));
#11948=CARTESIAN_POINT('',(11.,19.5,-19.7));
#11949=CARTESIAN_POINT('',(33.5,17.42,-12.5));
#11950=CARTESIAN_POINT('',(33.25,25.3,-12.5));
#11951=CARTESIAN_POINT('',(33.25,25.3,-12.5));
#11952=CARTESIAN_POINT('',(10.25,25.3,-12.5));
#11953=CARTESIAN_POINT('',(33.25,1.5,-12.5));
#11954=CARTESIAN_POINT('',(33.25,20.177076266392,-12.5));
#11955=CARTESIAN_POINT('',(31.,12.5,-12.5));
#11956=CARTESIAN_POINT('',(33.5,20.0993420767853,-12.5));
#11957=CARTESIAN_POINT('',(33.5,17.42,-12.5));
#11958=CARTESIAN_POINT('',(33.5,26.5,-12.5));
#11959=CARTESIAN_POINT('',(37.5,26.5,-12.5));
#11960=CARTESIAN_POINT('',(10.,26.5,-12.5));
#11961=CARTESIAN_POINT('',(10.,17.42,-12.5));
#11962=CARTESIAN_POINT('',(10.,19.5,-12.5));
#11963=CARTESIAN_POINT('',(11.,19.5,-12.5));
#11964=CARTESIAN_POINT('',(10.25,20.1614378277661,-12.5));
#11965=CARTESIAN_POINT('',(10.25,1.5,-12.5));
#11966=CARTESIAN_POINT('',(33.5,17.42,12.5));
#11967=CARTESIAN_POINT('',(33.5,5.22182540694798,0.));
#11968=CARTESIAN_POINT('',(33.5,13.,-7.77817459305202));
#11969=CARTESIAN_POINT('',(33.5,20.778174593052,0.));
#11970=CARTESIAN_POINT('',(33.5,13.,7.77817459305202));
#11971=CARTESIAN_POINT('',(33.5,5.96,4.5));
#11972=CARTESIAN_POINT('',(33.5,17.42,11.9));
#11973=CARTESIAN_POINT('',(33.5,20.0993420767853,11.9));
#11974=CARTESIAN_POINT('',(33.5,20.0993420767853,11.9));
#11975=CARTESIAN_POINT('',(33.5,20.0993420767853,12.5));
#11976=CARTESIAN_POINT('',(33.5,17.42,12.5));
#11977=CARTESIAN_POINT('',(33.5,26.5,12.5));
#11978=CARTESIAN_POINT('',(33.5,26.5,19.7));
#11979=CARTESIAN_POINT('',(33.5,20.0993420767853,-11.9));
#11980=CARTESIAN_POINT('',(33.5,20.0993420767853,-11.9));
#11981=CARTESIAN_POINT('',(33.5,17.42,-11.9));
#11982=CARTESIAN_POINT('',(33.5,0.3,-4.5));
#11983=CARTESIAN_POINT('',(37.5,26.5,19.7));
#11984=CARTESIAN_POINT('',(10.,26.5,19.7));
#11985=CARTESIAN_POINT('',(10.,26.5,12.5));
#11986=CARTESIAN_POINT('',(37.5,26.5,12.5));
#11987=CARTESIAN_POINT('',(0.,26.5,19.7));
#11988=CARTESIAN_POINT('',(0.,26.5,19.7));
#11989=CARTESIAN_POINT('',(37.5,26.5,19.7));
#11990=CARTESIAN_POINT('',(37.5,26.5,19.7));
#11991=CARTESIAN_POINT('',(37.5,26.5,19.7));
#11992=CARTESIAN_POINT('',(0.,26.5,19.7));
#11993=CARTESIAN_POINT('',(0.,15.5,-16.3));
#11994=CARTESIAN_POINT('',(0.,15.5,-17.75));
#11995=CARTESIAN_POINT('',(0.,15.5,16.3));
#11996=CARTESIAN_POINT('',(0.,15.5,14.85));
#11997=CARTESIAN_POINT('',(0.,8.5,16.3));
#11998=CARTESIAN_POINT('',(0.,8.5,14.85));
#11999=CARTESIAN_POINT('',(0.,8.5,-16.3));
#12000=CARTESIAN_POINT('',(0.,8.5,-17.75));
#12001=CARTESIAN_POINT('',(0.,4.5,16.5));
#12002=CARTESIAN_POINT('',(0.,4.5,14.5));
#12003=CARTESIAN_POINT('',(0.,4.5,-16.5));
#12004=CARTESIAN_POINT('',(0.,4.5,-18.5));
#12005=CARTESIAN_POINT('',(0.,20.25,12.5573683548744));
#12006=CARTESIAN_POINT('',(0.,20.25,11.0573683548744));
#12007=CARTESIAN_POINT('',(0.,5.75,-12.5573683548744));
#12008=CARTESIAN_POINT('',(0.,5.75,-14.0573683548744));
#12009=CARTESIAN_POINT('',(0.,5.75,12.5573683548744));
#12010=CARTESIAN_POINT('',(0.,5.75,11.0573683548744));
#12011=CARTESIAN_POINT('',(0.,20.25,-12.5573683548744));
#12012=CARTESIAN_POINT('',(0.,20.25,-14.0573683548744));
#12013=CARTESIAN_POINT('',(0.,26.5,19.7));
#12014=CARTESIAN_POINT('',(46.,23.,19.7));
#12015=CARTESIAN_POINT('',(38.5,23.,19.7));
#12016=CARTESIAN_POINT('',(38.5,23.,19.7));
#12017=CARTESIAN_POINT('',(46.,23.,19.7));
#12018=CARTESIAN_POINT('',(38.5,23.,19.7));
#12019=CARTESIAN_POINT('',(38.5,25.5,19.7));
#12020=CARTESIAN_POINT('',(38.5,25.5,19.7));
#12021=CARTESIAN_POINT('',(38.5,23.,19.7));
#12022=CARTESIAN_POINT('',(37.5,25.5,19.7));
#12023=CARTESIAN_POINT('',(37.5,25.5,19.7));
#12024=CARTESIAN_POINT('',(37.5,25.5,19.7));
#12025=CARTESIAN_POINT('',(10.,19.5,19.7));
#12026=CARTESIAN_POINT('',(10.,19.5,19.7));
#12027=CARTESIAN_POINT('',(11.,19.5,19.7));
#12028=CARTESIAN_POINT('',(11.,20.5,19.7));
#12029=CARTESIAN_POINT('',(31.,20.5,19.7));
#12030=CARTESIAN_POINT('',(31.,20.5,19.7));
#12031=CARTESIAN_POINT('',(31.,12.5,19.7));
#12032=CARTESIAN_POINT('',(39.,12.5,19.7));
#12033=CARTESIAN_POINT('',(39.,0.,19.7));
#12034=CARTESIAN_POINT('',(39.,5.82759180473519,19.7));
#12035=CARTESIAN_POINT('',(39.,0.,19.7));
#12036=CARTESIAN_POINT('',(39.,3.17240819526482,19.7));
#12037=CARTESIAN_POINT('',(39.,0.,19.7));
#12038=CARTESIAN_POINT('',(46.,0.3,19.7));
#12039=CARTESIAN_POINT('',(10.,17.42,-12.5));
#12040=CARTESIAN_POINT('',(10.,15.5,-16.3));
#12041=CARTESIAN_POINT('',(10.,15.5,-17.75));
#12042=CARTESIAN_POINT('',(10.,15.5,16.3));
#12043=CARTESIAN_POINT('',(10.,15.5,14.85));
#12044=CARTESIAN_POINT('',(10.,8.5,16.3));
#12045=CARTESIAN_POINT('',(10.,8.5,14.85));
#12046=CARTESIAN_POINT('',(10.,8.5,-16.3));
#12047=CARTESIAN_POINT('',(10.,8.5,-17.75));
#12048=CARTESIAN_POINT('',(10.,4.5,16.5));
#12049=CARTESIAN_POINT('',(10.,4.5,14.5));
#12050=CARTESIAN_POINT('',(10.,4.5,-16.5));
#12051=CARTESIAN_POINT('',(10.,4.5,-18.5));
#12052=CARTESIAN_POINT('',(10.,19.5,-11.9));
#12053=CARTESIAN_POINT('',(10.,19.5,-11.9));
#12054=CARTESIAN_POINT('',(10.,17.42,12.5));
#12055=CARTESIAN_POINT('',(10.,19.5,12.5));
#12056=CARTESIAN_POINT('',(10.,19.5,11.9));
#12057=CARTESIAN_POINT('',(10.,19.5,11.9));
#12058=CARTESIAN_POINT('',(10.,17.42,12.5));
#12059=CARTESIAN_POINT('',(31.,12.5,12.5));
#12060=CARTESIAN_POINT('',(33.25,20.177076266392,12.5));
#12061=CARTESIAN_POINT('',(33.25,25.3,12.5));
#12062=CARTESIAN_POINT('',(33.25,25.3,12.5));
#12063=CARTESIAN_POINT('',(33.25,25.3,12.5));
#12064=CARTESIAN_POINT('',(10.25,25.3,12.5));
#12065=CARTESIAN_POINT('',(10.25,25.3,12.5));
#12066=CARTESIAN_POINT('',(10.25,20.1614378277661,12.5));
#12067=CARTESIAN_POINT('',(11.,19.5,12.5));
#12068=CARTESIAN_POINT('',(39.,0.,11.9));
#12069=CARTESIAN_POINT('',(39.,4.5,16.3));
#12070=CARTESIAN_POINT('',(39.,12.5,11.9));
#12071=CARTESIAN_POINT('',(39.,12.5,11.9));
#12072=CARTESIAN_POINT('',(39.,0.,11.9));
#12073=CARTESIAN_POINT('',(11.,19.5,11.9));
#12074=CARTESIAN_POINT('',(11.,20.5,11.9));
#12075=CARTESIAN_POINT('',(11.,20.5,12.5));
#12076=CARTESIAN_POINT('',(11.,19.5,12.5));
#12077=CARTESIAN_POINT('',(31.,20.5,11.9));
#12078=CARTESIAN_POINT('',(31.,20.5,11.9));
#12079=CARTESIAN_POINT('',(31.,20.5,12.5));
#12080=CARTESIAN_POINT('',(10.,20.5,12.5));
#12081=CARTESIAN_POINT('',(31.,12.5,11.9));
#12082=CARTESIAN_POINT('',(31.,12.5,11.9));
#12083=CARTESIAN_POINT('',(31.,12.5,12.5));
#12084=CARTESIAN_POINT('',(11.,19.5,11.9));
#12085=CARTESIAN_POINT('',(33.25,1.5,11.9));
#12086=CARTESIAN_POINT('',(33.25,1.5,11.9));
#12087=CARTESIAN_POINT('',(33.25,1.5,11.9));
#12088=CARTESIAN_POINT('',(10.25,1.5,11.9));
#12089=CARTESIAN_POINT('',(10.25,1.5,11.9));
#12090=CARTESIAN_POINT('',(39.,0.,-11.9));
#12091=CARTESIAN_POINT('',(39.,4.5,-16.3));
#12092=CARTESIAN_POINT('',(39.,0.,-11.9));
#12093=CARTESIAN_POINT('',(39.,12.5,-11.9));
#12094=CARTESIAN_POINT('',(39.,12.5,-11.9));
#12095=CARTESIAN_POINT('',(31.,20.5,-11.9));
#12096=CARTESIAN_POINT('',(33.5,20.5,-12.5));
#12097=CARTESIAN_POINT('',(31.,20.5,-12.5));
#12098=CARTESIAN_POINT('',(11.,20.5,-12.5));
#12099=CARTESIAN_POINT('',(11.,20.5,-11.9));
#12100=CARTESIAN_POINT('',(31.,20.5,-11.9));
#12101=CARTESIAN_POINT('',(11.,19.5,-11.9));
#12102=CARTESIAN_POINT('',(11.,19.5,-12.5));
#12103=CARTESIAN_POINT('',(31.,12.5,-11.9));
#12104=CARTESIAN_POINT('',(31.,12.5,-12.5));
#12105=CARTESIAN_POINT('',(31.,12.5,-11.9));
#12106=CARTESIAN_POINT('',(11.,19.5,-11.9));
#12107=CARTESIAN_POINT('',(33.25,1.5,-11.9));
#12108=CARTESIAN_POINT('',(33.25,1.5,-11.9));
#12109=CARTESIAN_POINT('',(10.25,1.5,-11.9));
#12110=CARTESIAN_POINT('',(33.25,19.5,-11.9));
#12111=CARTESIAN_POINT('',(10.25,19.5,-11.9));
#12112=CARTESIAN_POINT('',(33.5,5.96,4.5));
#12113=CARTESIAN_POINT('',(10.,5.96,4.5));
#12114=CARTESIAN_POINT('',(33.5,0.3,-4.5));
#12115=CARTESIAN_POINT('',(10.,0.3,-4.5));
#12116=CARTESIAN_POINT('',(10.,0.,0.));
#12117=CARTESIAN_POINT('',(33.25,25.3,12.5));
#12118=CARTESIAN_POINT('',(21.75,4.1,12.5));
#12119=CARTESIAN_POINT('',(22.262347538298,1.5,12.5));
#12120=CARTESIAN_POINT('',(21.237652461702,1.5,12.5));
#12121=CARTESIAN_POINT('',(33.25,1.5,12.5));
#12122=CARTESIAN_POINT('',(33.25,1.5,12.5));
#12123=CARTESIAN_POINT('',(33.25,25.3,12.5));
#12124=CARTESIAN_POINT('',(10.25,25.3,12.5));
#12125=CARTESIAN_POINT('',(10.25,1.5,12.5));
#12126=CARTESIAN_POINT('',(33.25,1.5,12.5));
#12127=CARTESIAN_POINT('',(33.25,1.5,-12.5));
#12128=CARTESIAN_POINT('',(21.75,4.1,-12.5));
#12129=CARTESIAN_POINT('',(22.262347538298,1.5,-12.5));
#12130=CARTESIAN_POINT('',(21.237652461702,1.5,-12.5));
#12131=CARTESIAN_POINT('',(33.25,1.5,-12.5));
#12132=CARTESIAN_POINT('',(10.25,1.5,-12.5));
#12133=CARTESIAN_POINT('',(10.25,1.5,-12.5));
#12134=CARTESIAN_POINT('',(33.25,1.5,-12.5));
#12135=CARTESIAN_POINT('',(33.25,1.5,-12.5));
#12136=CARTESIAN_POINT('',(33.25,1.5,-12.5));
#12137=CARTESIAN_POINT('',(33.25,25.3,11.3));
#12138=CARTESIAN_POINT('',(10.25,25.3,11.3));
#12139=CARTESIAN_POINT('',(10.25,26.5,11.3));
#12140=CARTESIAN_POINT('',(33.25,25.3,11.3));
#12141=CARTESIAN_POINT('',(33.25,26.5,11.3));
#12142=CARTESIAN_POINT('',(33.25,26.5,11.3));
#12143=CARTESIAN_POINT('',(33.25,1.5,12.5));
#12144=CARTESIAN_POINT('',(10.25,1.5,12.5));
#12145=CARTESIAN_POINT('',(33.25,1.5,12.5));
#12146=CARTESIAN_POINT('',(33.25,1.5,12.5));
#12147=CARTESIAN_POINT('',(33.25,1.5,11.9));
#12148=CARTESIAN_POINT('',(10.25,1.5,11.9));
#12149=CARTESIAN_POINT('',(10.25,25.3,11.9));
#12150=CARTESIAN_POINT('',(33.25,25.3,11.9));
#12151=CARTESIAN_POINT('',(33.25,25.3,11.9));
#12152=CARTESIAN_POINT('',(33.25,1.5,11.9));
#12153=CARTESIAN_POINT('',(33.25,25.3,11.3));
#12154=CARTESIAN_POINT('',(10.25,25.3,11.3));
#12155=CARTESIAN_POINT('',(10.25,25.9,11.3));
#12156=CARTESIAN_POINT('',(33.25,25.9,11.3));
#12157=CARTESIAN_POINT('',(33.25,25.9,11.3));
#12158=CARTESIAN_POINT('',(33.25,25.3,11.3));
#12159=CARTESIAN_POINT('',(33.25,25.9,11.3));
#12160=CARTESIAN_POINT('',(10.25,25.9,11.3));
#12161=CARTESIAN_POINT('',(10.25,25.9,-11.3));
#12162=CARTESIAN_POINT('',(33.25,25.9,-11.3));
#12163=CARTESIAN_POINT('',(33.25,25.9,-11.3));
#12164=CARTESIAN_POINT('',(33.25,25.9,11.3));
#12165=CARTESIAN_POINT('',(33.25,25.3,-11.3));
#12166=CARTESIAN_POINT('',(10.25,25.3,-11.3));
#12167=CARTESIAN_POINT('',(10.25,25.3,-11.9));
#12168=CARTESIAN_POINT('',(33.25,25.3,-11.9));
#12169=CARTESIAN_POINT('',(33.25,25.3,-11.9));
#12170=CARTESIAN_POINT('',(33.25,25.3,-11.3));
#12171=CARTESIAN_POINT('',(33.25,25.3,-11.9));
#12172=CARTESIAN_POINT('',(33.25,25.3,-11.9));
#12173=CARTESIAN_POINT('',(10.25,25.3,-11.9));
#12174=CARTESIAN_POINT('',(33.25,1.5,-11.9));
#12175=CARTESIAN_POINT('',(10.25,1.5,-11.9));
#12176=CARTESIAN_POINT('',(33.25,1.5,-12.5));
#12177=CARTESIAN_POINT('',(33.25,1.5,-11.9));
#12178=CARTESIAN_POINT('',(33.25,25.3,-11.3));
#12179=CARTESIAN_POINT('',(10.25,25.3,-11.3));
#12180=CARTESIAN_POINT('',(10.25,26.5,-11.3));
#12181=CARTESIAN_POINT('',(33.25,26.5,-11.3));
#12182=CARTESIAN_POINT('',(33.25,26.5,-11.3));
#12183=CARTESIAN_POINT('',(33.25,25.3,-11.3));
#12184=CARTESIAN_POINT('',(33.25,26.5,-11.3));
#12185=CARTESIAN_POINT('',(10.25,26.5,-11.3));
#12186=CARTESIAN_POINT('',(33.25,26.5,-11.3));
#12187=CARTESIAN_POINT('',(33.25,25.3,11.3));
#12188=CARTESIAN_POINT('',(10.25,25.3,11.3));
#12189=CARTESIAN_POINT('',(21.75,4.1,12.5));
#12190=CARTESIAN_POINT('',(21.75,4.1,12.5));
#12191=CARTESIAN_POINT('',(21.75,4.1,14.7));
#12192=CARTESIAN_POINT('',(21.75,4.1,13.));
#12193=CARTESIAN_POINT('',(24.4,4.1,13.));
#12194=CARTESIAN_POINT('',(24.4,4.1,13.));
#12195=CARTESIAN_POINT('',(21.75,4.1,13.));
#12196=CARTESIAN_POINT('',(24.,4.1,13.));
#12197=CARTESIAN_POINT('',(21.75,4.1,14.7));
#12198=CARTESIAN_POINT('',(21.75,4.1,14.7));
#12199=CARTESIAN_POINT('',(24.,4.1,14.7));
#12200=CARTESIAN_POINT('',(24.,4.1,14.7));
#12201=CARTESIAN_POINT('',(24.4,4.1,-12.5));
#12202=CARTESIAN_POINT('',(21.75,4.1,-12.5));
#12203=CARTESIAN_POINT('',(21.75,4.1,-14.7));
#12204=CARTESIAN_POINT('',(21.75,4.1,-14.7));
#12205=CARTESIAN_POINT('',(24.,4.1,-14.7));
#12206=CARTESIAN_POINT('',(21.75,4.1,-12.5));
#12207=CARTESIAN_POINT('',(21.75,4.1,-13.));
#12208=CARTESIAN_POINT('',(24.,4.1,-13.));
#12209=CARTESIAN_POINT('',(24.,4.1,-13.));
#12210=CARTESIAN_POINT('',(21.75,4.1,-13.));
#12211=CARTESIAN_POINT('',(24.4,4.1,-13.));
#12212=CARTESIAN_POINT('',(21.75,4.1,-12.5));
#12213=CARTESIAN_POINT('',(0.,20.25,-12.5573683548744));
#12214=CARTESIAN_POINT('',(0.2705,20.25,-12.5573683548744));
#12215=CARTESIAN_POINT('',(0.2705,20.25,-13.7868683548744));
#12216=CARTESIAN_POINT('',(7.90985215596864,20.25,-12.5573683548744));
#12217=CARTESIAN_POINT('',(7.2,20.25,-12.5573683548744));
#12218=CARTESIAN_POINT('',(7.2,20.25,-13.7868683548744));
#12219=CARTESIAN_POINT('',(7.2,20.25,-12.5573683548744));
#12220=CARTESIAN_POINT('',(7.90985215596864,20.25,-12.5573683548744));
#12221=CARTESIAN_POINT('',(0.,5.75,12.5573683548744));
#12222=CARTESIAN_POINT('',(0.2705,5.75,12.5573683548744));
#12223=CARTESIAN_POINT('',(0.2705,5.75,11.3278683548744));
#12224=CARTESIAN_POINT('',(7.90985215596864,5.75,12.5573683548744));
#12225=CARTESIAN_POINT('',(7.2,5.75,12.5573683548744));
#12226=CARTESIAN_POINT('',(7.2,5.75,11.3278683548744));
#12227=CARTESIAN_POINT('',(7.2,5.75,12.5573683548744));
#12228=CARTESIAN_POINT('',(7.90985215596864,5.75,12.5573683548744));
#12229=CARTESIAN_POINT('',(0.,5.75,-12.5573683548744));
#12230=CARTESIAN_POINT('',(0.2705,5.75,-12.5573683548744));
#12231=CARTESIAN_POINT('',(0.2705,5.75,-13.7868683548744));
#12232=CARTESIAN_POINT('',(7.90985215596864,5.75,-12.5573683548744));
#12233=CARTESIAN_POINT('',(7.2,5.75,-12.5573683548744));
#12234=CARTESIAN_POINT('',(7.2,5.75,-13.7868683548744));
#12235=CARTESIAN_POINT('',(7.2,5.75,-12.5573683548744));
#12236=CARTESIAN_POINT('',(7.90985215596864,5.75,-12.5573683548744));
#12237=CARTESIAN_POINT('',(0.,20.25,12.5573683548744));
#12238=CARTESIAN_POINT('',(0.2705,20.25,12.5573683548744));
#12239=CARTESIAN_POINT('',(0.2705,20.25,11.3278683548744));
#12240=CARTESIAN_POINT('',(7.90985215596864,20.25,12.5573683548744));
#12241=CARTESIAN_POINT('',(7.2,20.25,12.5573683548744));
#12242=CARTESIAN_POINT('',(7.2,20.25,11.3278683548744));
#12243=CARTESIAN_POINT('',(7.2,20.25,12.5573683548744));
#12244=CARTESIAN_POINT('',(7.90985215596864,20.25,12.5573683548744));
#12245=CARTESIAN_POINT('',(20.,13.,0.));
#12246=CARTESIAN_POINT('',(20.,13.,0.));
#12247=CARTESIAN_POINT('',(20.,13.,-1.5));
#12248=CARTESIAN_POINT('',(20.,13.,0.));
#12249=CARTESIAN_POINT('',(20.5,13.,0.));
#12250=CARTESIAN_POINT('',(20.5,13.,-2.));
#12251=CARTESIAN_POINT('',(33.5,13.,0.));
#12252=CARTESIAN_POINT('',(28.,13.,0.));
#12253=CARTESIAN_POINT('',(28.,13.,-2.));
#12254=CARTESIAN_POINT('',(28.,13.,-2.));
#12255=CARTESIAN_POINT('',(28.,13.,0.));
#12256=CARTESIAN_POINT('',(28.,13.,-2.2));
#12257=CARTESIAN_POINT('',(28.,13.,0.));
#12258=CARTESIAN_POINT('',(28.3,13.,0.));
#12259=CARTESIAN_POINT('',(28.3,13.,-2.5));
#12260=CARTESIAN_POINT('',(33.5,13.,0.));
#12261=CARTESIAN_POINT('',(33.5,5.22182540694798,0.));
#12262=CARTESIAN_POINT('',(33.5,13.,-7.77817459305202));
#12263=CARTESIAN_POINT('',(33.5,20.778174593052,0.));
#12264=CARTESIAN_POINT('',(33.5,13.,7.77817459305202));
#12265=CARTESIAN_POINT('',(10.,4.5,-16.5));
#12266=CARTESIAN_POINT('',(10.,4.5,16.5));
#12267=CARTESIAN_POINT('',(10.,8.5,-16.3));
#12268=CARTESIAN_POINT('',(10.,8.5,16.3));
#12269=CARTESIAN_POINT('',(10.,15.5,16.3));
#12270=CARTESIAN_POINT('',(10.,15.5,-16.3));
#12271=CARTESIAN_POINT('',(46.,10.7,-15.));
#12272=CARTESIAN_POINT('',(46.,0.,-19.));
#12273=CARTESIAN_POINT('',(46.,1.,-20.));
#12274=CARTESIAN_POINT('',(46.,13.,-19.8));
#12275=CARTESIAN_POINT('',(46.,13.,-19.8));
#12276=CARTESIAN_POINT('',(46.,10.2,-19.8));
#12277=CARTESIAN_POINT('',(46.,10.2,-19.8));
#12278=CARTESIAN_POINT('',(46.,10.,-20.));
#12279=CARTESIAN_POINT('',(46.,10.,-20.));
#12280=CARTESIAN_POINT('',(46.,1.,-20.));
#12281=CARTESIAN_POINT('',(46.,10.7,-15.));
#12282=CARTESIAN_POINT('',(46.,1.,20.));
#12283=CARTESIAN_POINT('',(46.,0.,19.));
#12284=CARTESIAN_POINT('',(46.,0.,4.5));
#12285=CARTESIAN_POINT('',(46.,0.,4.5));
#12286=CARTESIAN_POINT('',(46.,0.,19.));
#12287=CARTESIAN_POINT('',(46.,10.7,-15.));
#12288=CARTESIAN_POINT('',(46.,0.3,-4.2));
#12289=CARTESIAN_POINT('',(46.,0.,-4.5));
#12290=CARTESIAN_POINT('',(46.,0.,-19.));
#12291=CARTESIAN_POINT('',(46.,0.,-19.));
#12292=CARTESIAN_POINT('',(46.,0.,-4.5));
#12293=CARTESIAN_POINT('',(146.,10.,20.));
#12294=CARTESIAN_POINT('',(126.,5.5,20.));
#12295=CARTESIAN_POINT('',(127.5,5.5,20.));
#12296=CARTESIAN_POINT('',(66.,5.5,20.));
#12297=CARTESIAN_POINT('',(67.5,5.5,20.));
#12298=CARTESIAN_POINT('',(46.,10.,20.));
#12299=CARTESIAN_POINT('',(46.,10.,20.));
#12300=CARTESIAN_POINT('',(46.,1.,20.));
#12301=CARTESIAN_POINT('',(146.,1.,20.));
#12302=CARTESIAN_POINT('',(146.,1.,20.));
#12303=CARTESIAN_POINT('',(146.,10.,20.));
#12304=CARTESIAN_POINT('',(146.,10.,20.));
#12305=CARTESIAN_POINT('',(146.,10.,20.));
#12306=CARTESIAN_POINT('',(146.,1.,20.));
#12307=CARTESIAN_POINT('',(46.,1.,20.));
#12308=CARTESIAN_POINT('',(146.,0.,19.));
#12309=CARTESIAN_POINT('',(146.,0.,19.));
#12310=CARTESIAN_POINT('',(146.,1.,20.));
#12311=CARTESIAN_POINT('',(146.,0.,19.));
#12312=CARTESIAN_POINT('',(126.,0.,9.));
#12313=CARTESIAN_POINT('',(126.,0.,7.29999999999999));
#12314=CARTESIAN_POINT('',(66.,0.,9.));
#12315=CARTESIAN_POINT('',(66.,0.,7.29999999999999));
#12316=CARTESIAN_POINT('',(146.,0.,4.5));
#12317=CARTESIAN_POINT('',(146.,0.,4.5));
#12318=CARTESIAN_POINT('',(146.,0.,19.));
#12319=CARTESIAN_POINT('',(146.,0.,4.5));
#12320=CARTESIAN_POINT('',(146.,0.,4.5));
#12321=CARTESIAN_POINT('',(146.,0.3,-4.2));
#12322=CARTESIAN_POINT('',(146.,0.,-4.5));
#12323=CARTESIAN_POINT('',(146.,0.,-4.5));
#12324=CARTESIAN_POINT('',(126.,0.,-9.));
#12325=CARTESIAN_POINT('',(126.,0.,-10.7));
#12326=CARTESIAN_POINT('',(66.,0.,-9.));
#12327=CARTESIAN_POINT('',(66.,0.,-10.7));
#12328=CARTESIAN_POINT('',(146.,0.,-19.));
#12329=CARTESIAN_POINT('',(146.,0.,-19.));
#12330=CARTESIAN_POINT('',(146.,1.,-20.));
#12331=CARTESIAN_POINT('',(146.,1.,-20.));
#12332=CARTESIAN_POINT('',(126.,5.5,-20.));
#12333=CARTESIAN_POINT('',(127.5,5.5,-20.));
#12334=CARTESIAN_POINT('',(66.,5.5,-20.));
#12335=CARTESIAN_POINT('',(67.5,5.5,-20.));
#12336=CARTESIAN_POINT('',(146.,10.,-20.));
#12337=CARTESIAN_POINT('',(146.,10.,-20.));
#12338=CARTESIAN_POINT('',(146.,10.2,-19.8));
#12339=CARTESIAN_POINT('',(146.,10.2,-19.8));
#12340=CARTESIAN_POINT('',(146.,13.,-19.8));
#12341=CARTESIAN_POINT('',(146.,13.,-19.8));
#12342=CARTESIAN_POINT('',(146.,13.5,-19.3));
#12343=CARTESIAN_POINT('',(146.,13.5,-19.3));
#12344=CARTESIAN_POINT('',(146.,13.,-19.8));
#12345=CARTESIAN_POINT('',(146.,13.5,-19.3));
#12346=CARTESIAN_POINT('',(146.,13.5,-15.9));
#12347=CARTESIAN_POINT('',(146.,13.5,-15.9));
#12348=CARTESIAN_POINT('',(146.,13.5,-19.3));
#12349=CARTESIAN_POINT('',(146.,13.5,-15.9));
#12350=CARTESIAN_POINT('',(146.,12.8,-15.2));
#12351=CARTESIAN_POINT('',(146.,12.8,-15.2));
#12352=CARTESIAN_POINT('',(146.,13.5,-15.9));
#12353=CARTESIAN_POINT('',(146.,12.8,-15.2));
#12354=CARTESIAN_POINT('',(146.,12.004760514424,-15.2));
#12355=CARTESIAN_POINT('',(146.,12.004760514424,-15.2));
#12356=CARTESIAN_POINT('',(146.,12.8,-15.2));
#12357=CARTESIAN_POINT('',(146.,10.7,-15.));
#12358=CARTESIAN_POINT('',(146.,9.39523948557599,-15.2));
#12359=CARTESIAN_POINT('',(146.,9.39523948557599,-15.2));
#12360=CARTESIAN_POINT('',(146.,10.7,-15.));
#12361=CARTESIAN_POINT('',(146.,9.39523948557599,-15.2));
#12362=CARTESIAN_POINT('',(146.,9.39523948557599,-15.2));
#12363=CARTESIAN_POINT('',(146.,7.5,15.2));
#12364=CARTESIAN_POINT('',(146.,9.39523948557599,15.2));
#12365=CARTESIAN_POINT('',(146.,9.39523948557599,15.2));
#12366=CARTESIAN_POINT('',(146.,7.5,15.2));
#12367=CARTESIAN_POINT('',(146.,10.7,15.));
#12368=CARTESIAN_POINT('',(146.,12.004760514424,15.2));
#12369=CARTESIAN_POINT('',(146.,12.004760514424,15.2));
#12370=CARTESIAN_POINT('',(146.,10.7,15.));
#12371=CARTESIAN_POINT('',(146.,12.004760514424,15.2));
#12372=CARTESIAN_POINT('',(146.,12.8,15.2));
#12373=CARTESIAN_POINT('',(146.,12.8,15.2));
#12374=CARTESIAN_POINT('',(146.,12.004760514424,15.2));
#12375=CARTESIAN_POINT('',(146.,12.8,15.2));
#12376=CARTESIAN_POINT('',(146.,13.5,15.9));
#12377=CARTESIAN_POINT('',(146.,13.5,15.9));
#12378=CARTESIAN_POINT('',(146.,12.8,15.2));
#12379=CARTESIAN_POINT('',(146.,13.5,15.9));
#12380=CARTESIAN_POINT('',(146.,13.5,19.3));
#12381=CARTESIAN_POINT('',(146.,13.5,19.3));
#12382=CARTESIAN_POINT('',(146.,13.5,15.9));
#12383=CARTESIAN_POINT('',(146.,13.5,19.3));
#12384=CARTESIAN_POINT('',(46.,13.5,19.3));
#12385=CARTESIAN_POINT('',(46.,13.,19.8));
#12386=CARTESIAN_POINT('',(146.,13.,19.8));
#12387=CARTESIAN_POINT('',(146.,13.,19.8));
#12388=CARTESIAN_POINT('',(146.,13.5,19.3));
#12389=CARTESIAN_POINT('',(146.,13.5,19.3));
#12390=CARTESIAN_POINT('',(146.,13.,19.8));
#12391=CARTESIAN_POINT('',(46.,13.,19.8));
#12392=CARTESIAN_POINT('',(46.,10.2,19.8));
#12393=CARTESIAN_POINT('',(146.,10.2,19.8));
#12394=CARTESIAN_POINT('',(146.,10.2,19.8));
#12395=CARTESIAN_POINT('',(146.,13.,19.8));
#12396=CARTESIAN_POINT('',(146.,10.2,19.8));
#12397=CARTESIAN_POINT('',(46.,10.2,19.8));
#12398=CARTESIAN_POINT('',(146.,10.2,19.8));
#12399=CARTESIAN_POINT('',(146.,10.7,-15.));
#12400=CARTESIAN_POINT('',(46.,10.7,-15.));
#12401=CARTESIAN_POINT('',(66.,0.,9.));
#12402=CARTESIAN_POINT('',(66.,1.8,9.));
#12403=CARTESIAN_POINT('',(66.,1.8,5.75));
#12404=CARTESIAN_POINT('',(69.25,1.8,9.));
#12405=CARTESIAN_POINT('',(66.,1.8,9.));
#12406=CARTESIAN_POINT('',(66.,1.8,7.29999999999999));
#12407=CARTESIAN_POINT('',(66.,0.,9.));
#12408=CARTESIAN_POINT('',(66.,0.,-9.));
#12409=CARTESIAN_POINT('',(66.,1.8,-9.));
#12410=CARTESIAN_POINT('',(66.,1.8,-12.25));
#12411=CARTESIAN_POINT('',(69.25,1.8,-9.));
#12412=CARTESIAN_POINT('',(66.,1.8,-9.));
#12413=CARTESIAN_POINT('',(66.,1.8,-10.7));
#12414=CARTESIAN_POINT('',(66.,0.,-9.));
#12415=CARTESIAN_POINT('',(126.,0.,9.));
#12416=CARTESIAN_POINT('',(126.,1.8,9.));
#12417=CARTESIAN_POINT('',(126.,1.8,5.75));
#12418=CARTESIAN_POINT('',(129.25,1.8,9.));
#12419=CARTESIAN_POINT('',(126.,1.8,9.));
#12420=CARTESIAN_POINT('',(126.,1.8,7.29999999999999));
#12421=CARTESIAN_POINT('',(126.,0.,9.));
#12422=CARTESIAN_POINT('',(126.,0.,-9.));
#12423=CARTESIAN_POINT('',(126.,1.8,-9.));
#12424=CARTESIAN_POINT('',(126.,1.8,-12.25));
#12425=CARTESIAN_POINT('',(129.25,1.8,-9.));
#12426=CARTESIAN_POINT('',(126.,1.8,-9.));
#12427=CARTESIAN_POINT('',(126.,1.8,-10.7));
#12428=CARTESIAN_POINT('',(126.,0.,-9.));
#12429=CARTESIAN_POINT('',(66.,5.5,14.0901478440314));
#12430=CARTESIAN_POINT('',(66.,5.5,14.8));
#12431=CARTESIAN_POINT('',(67.2295,5.5,14.8));
#12432=CARTESIAN_POINT('',(66.,5.5,14.0901478440314));
#12433=CARTESIAN_POINT('',(66.,5.5,20.));
#12434=CARTESIAN_POINT('',(66.,5.5,19.7295));
#12435=CARTESIAN_POINT('',(67.2295,5.5,19.7295));
#12436=CARTESIAN_POINT('',(66.,5.5,19.7295));
#12437=CARTESIAN_POINT('',(126.,5.5,14.0901478440313));
#12438=CARTESIAN_POINT('',(126.,5.5,14.8));
#12439=CARTESIAN_POINT('',(127.2295,5.5,14.8));
#12440=CARTESIAN_POINT('',(126.,5.5,14.0901478440313));
#12441=CARTESIAN_POINT('',(126.,5.5,20.));
#12442=CARTESIAN_POINT('',(126.,5.5,19.7295));
#12443=CARTESIAN_POINT('',(127.2295,5.5,19.7295));
#12444=CARTESIAN_POINT('',(126.,5.5,19.7295));
#12445=CARTESIAN_POINT('',(66.,5.5,-20.));
#12446=CARTESIAN_POINT('',(66.,5.5,-19.7295));
#12447=CARTESIAN_POINT('',(67.2295,5.5,-19.7295));
#12448=CARTESIAN_POINT('',(66.,5.5,-14.0901478440314));
#12449=CARTESIAN_POINT('',(66.,5.5,-14.8));
#12450=CARTESIAN_POINT('',(67.2295,5.5,-14.8));
#12451=CARTESIAN_POINT('',(66.,5.5,-14.8));
#12452=CARTESIAN_POINT('',(66.,5.5,-14.0901478440314));
#12453=CARTESIAN_POINT('',(126.,5.5,-20.));
#12454=CARTESIAN_POINT('',(126.,5.5,-19.7295));
#12455=CARTESIAN_POINT('',(127.2295,5.5,-19.7295));
#12456=CARTESIAN_POINT('',(126.,5.5,-14.0901478440313));
#12457=CARTESIAN_POINT('',(126.,5.5,-14.8));
#12458=CARTESIAN_POINT('',(127.2295,5.5,-14.8));
#12459=CARTESIAN_POINT('',(126.,5.5,-14.8));
#12460=CARTESIAN_POINT('',(126.,5.5,-14.0901478440313));
#12461=CARTESIAN_POINT('',(146.,0.,0.));
#12462=CARTESIAN_POINT('',(146.,13.,0.));
#12463=CARTESIAN_POINT('',(146.,13.,-3.));
#12464=CARTESIAN_POINT('',(146.,23.,-19.7));
#12465=CARTESIAN_POINT('',(156.,23.,-19.7));
#12466=CARTESIAN_POINT('',(152.,14.5,0.));
#12467=CARTESIAN_POINT('',(152.,13.,0.));
#12468=CARTESIAN_POINT('',(152.,13.,-1.5));
#12469=CARTESIAN_POINT('',(151.5,13.,0.));
#12470=CARTESIAN_POINT('',(152.,13.,0.));
#12471=CARTESIAN_POINT('',(152.,14.6583123951777,2.5));
#12472=CARTESIAN_POINT('',(50.,14.6583123951777,2.5));
#12473=CARTESIAN_POINT('',(54.,14.6583123951777,2.5));
#12474=CARTESIAN_POINT('',(54.,13.,0.));
#12475=CARTESIAN_POINT('',(54.,11.3416876048223,2.5));
#12476=CARTESIAN_POINT('',(152.,11.3416876048223,2.5));
#12477=CARTESIAN_POINT('',(50.,11.3416876048223,2.5));
#12478=CARTESIAN_POINT('',(50.,13.,0.));
#12479=CARTESIAN_POINT('',(152.,11.3416876048223,-2.5));
#12480=CARTESIAN_POINT('',(50.,11.3416876048223,-2.5));
#12481=CARTESIAN_POINT('',(54.,11.3416876048223,-2.5));
#12482=CARTESIAN_POINT('',(54.,13.,0.));
#12483=CARTESIAN_POINT('',(54.,14.6583123951777,-2.5));
#12484=CARTESIAN_POINT('',(152.,14.6583123951777,-2.5));
#12485=CARTESIAN_POINT('',(50.,14.6583123951777,-2.5));
#12486=CARTESIAN_POINT('',(50.,13.,0.));
#12487=CARTESIAN_POINT('',(48.,13.,0.));
#12488=CARTESIAN_POINT('',(48.,13.,-3.));
#12489=CARTESIAN_POINT('',(48.,16.5,0.));
#12490=CARTESIAN_POINT('',(54.,0.,0.));
#12491=CARTESIAN_POINT('',(54.,9.,-2.5));
#12492=CARTESIAN_POINT('',(50.,0.,0.));
#12493=CARTESIAN_POINT('',(50.,9.,-2.5));
#12494=CARTESIAN_POINT('',(54.,9.,-2.5));
#12495=CARTESIAN_POINT('',(54.,17.,2.5));
#12496=CARTESIAN_POINT('',(50.,17.,2.5));
#12497=CARTESIAN_POINT('',(54.,17.,2.5));
#12498=CARTESIAN_POINT('',(54.,0.,0.));
#12499=CARTESIAN_POINT('',(50.,0.,0.));
#12500=CARTESIAN_POINT('',(0.,0.,-13.));
#12501=CARTESIAN_POINT('',(47.5,4.,-13.));
#12502=CARTESIAN_POINT('',(47.5,22.,-13.));
#12503=CARTESIAN_POINT('',(47.5,22.,-13.));
#12504=CARTESIAN_POINT('',(0.,0.,13.));
#12505=CARTESIAN_POINT('',(47.5,4.,13.));
#12506=CARTESIAN_POINT('',(47.5,22.,13.));
#12507=CARTESIAN_POINT('',(47.5,22.,13.));
#12508=CARTESIAN_POINT('',(47.5,4.,13.));
#12509=CARTESIAN_POINT('',(47.5,8.75,-9.));
#12510=CARTESIAN_POINT('',(47.5,8.75,-6.75));
#12511=CARTESIAN_POINT('',(47.5,8.75,9.));
#12512=CARTESIAN_POINT('',(47.5,8.75,11.25));
#12513=CARTESIAN_POINT('',(47.5,18.75,-9.));
#12514=CARTESIAN_POINT('',(47.5,18.75,-6.75));
#12515=CARTESIAN_POINT('',(47.5,18.75,9.));
#12516=CARTESIAN_POINT('',(47.5,18.75,11.25));
#12517=CARTESIAN_POINT('',(47.5,22.,13.));
#12518=CARTESIAN_POINT('',(47.5,22.,13.));
#12519=CARTESIAN_POINT('',(50.6,18.75,9.));
#12520=CARTESIAN_POINT('',(50.1,18.75,9.));
#12521=CARTESIAN_POINT('',(50.1,18.75,6.75));
#12522=CARTESIAN_POINT('',(50.1,18.75,9.));
#12523=CARTESIAN_POINT('',(50.6,18.75,9.));
#12524=CARTESIAN_POINT('',(50.6,18.75,7.25));
#12525=CARTESIAN_POINT('',(50.6,18.75,7.25));
#12526=CARTESIAN_POINT('',(50.6,18.1726497308104,10.));
#12527=CARTESIAN_POINT('',(50.6,18.1726497308104,10.));
#12528=CARTESIAN_POINT('',(50.6,17.5952994616207,9.));
#12529=CARTESIAN_POINT('',(50.6,19.3273502691896,10.));
#12530=CARTESIAN_POINT('',(50.6,19.3273502691896,10.));
#12531=CARTESIAN_POINT('',(50.6,19.9047005383793,9.));
#12532=CARTESIAN_POINT('',(50.6,19.9047005383793,9.));
#12533=CARTESIAN_POINT('',(50.6,19.3273502691896,8.));
#12534=CARTESIAN_POINT('',(50.6,19.3273502691896,8.));
#12535=CARTESIAN_POINT('',(50.6,18.1726497308104,8.));
#12536=CARTESIAN_POINT('',(50.6,18.1726497308104,8.));
#12537=CARTESIAN_POINT('',(50.6,17.5952994616207,9.));
#12538=CARTESIAN_POINT('',(50.6,18.75,-9.));
#12539=CARTESIAN_POINT('',(50.1,18.75,-9.));
#12540=CARTESIAN_POINT('',(50.1,18.75,-11.25));
#12541=CARTESIAN_POINT('',(50.1,18.75,-9.));
#12542=CARTESIAN_POINT('',(50.6,18.75,-9.));
#12543=CARTESIAN_POINT('',(50.6,18.75,-10.75));
#12544=CARTESIAN_POINT('',(50.6,18.75,-10.75));
#12545=CARTESIAN_POINT('',(50.6,18.1726497308104,-8.));
#12546=CARTESIAN_POINT('',(50.6,18.1726497308104,-8.));
#12547=CARTESIAN_POINT('',(50.6,17.5952994616207,-9.));
#12548=CARTESIAN_POINT('',(50.6,19.3273502691896,-8.));
#12549=CARTESIAN_POINT('',(50.6,19.3273502691896,-8.));
#12550=CARTESIAN_POINT('',(50.6,19.9047005383793,-9.));
#12551=CARTESIAN_POINT('',(50.6,19.9047005383793,-9.));
#12552=CARTESIAN_POINT('',(50.6,19.3273502691896,-10.));
#12553=CARTESIAN_POINT('',(50.6,19.3273502691896,-10.));
#12554=CARTESIAN_POINT('',(50.6,18.1726497308104,-10.));
#12555=CARTESIAN_POINT('',(50.6,18.1726497308104,-10.));
#12556=CARTESIAN_POINT('',(50.6,17.5952994616207,-9.));
#12557=CARTESIAN_POINT('',(50.6,8.75,9.));
#12558=CARTESIAN_POINT('',(50.1,8.75,9.));
#12559=CARTESIAN_POINT('',(50.1,8.75,6.75));
#12560=CARTESIAN_POINT('',(50.1,8.75,9.));
#12561=CARTESIAN_POINT('',(50.6,8.75,9.));
#12562=CARTESIAN_POINT('',(50.6,8.75,7.25));
#12563=CARTESIAN_POINT('',(50.6,8.75,7.25));
#12564=CARTESIAN_POINT('',(50.6,8.17264973081037,10.));
#12565=CARTESIAN_POINT('',(50.6,8.17264973081037,10.));
#12566=CARTESIAN_POINT('',(50.6,7.59529946162075,9.));
#12567=CARTESIAN_POINT('',(50.6,9.32735026918963,10.));
#12568=CARTESIAN_POINT('',(50.6,9.32735026918963,10.));
#12569=CARTESIAN_POINT('',(50.6,9.90470053837925,9.));
#12570=CARTESIAN_POINT('',(50.6,9.90470053837925,9.));
#12571=CARTESIAN_POINT('',(50.6,9.32735026918963,8.));
#12572=CARTESIAN_POINT('',(50.6,9.32735026918963,8.));
#12573=CARTESIAN_POINT('',(50.6,8.17264973081037,8.));
#12574=CARTESIAN_POINT('',(50.6,8.17264973081037,8.));
#12575=CARTESIAN_POINT('',(50.6,7.59529946162075,9.));
#12576=CARTESIAN_POINT('',(50.6,8.75,-9.));
#12577=CARTESIAN_POINT('',(50.1,8.75,-9.));
#12578=CARTESIAN_POINT('',(50.1,8.75,-11.25));
#12579=CARTESIAN_POINT('',(50.1,8.75,-9.));
#12580=CARTESIAN_POINT('',(50.6,8.75,-9.));
#12581=CARTESIAN_POINT('',(50.6,8.75,-10.75));
#12582=CARTESIAN_POINT('',(50.6,8.75,-10.75));
#12583=CARTESIAN_POINT('',(50.6,8.17264973081037,-8.));
#12584=CARTESIAN_POINT('',(50.6,8.17264973081037,-8.));
#12585=CARTESIAN_POINT('',(50.6,7.59529946162075,-9.));
#12586=CARTESIAN_POINT('',(50.6,9.32735026918963,-8.));
#12587=CARTESIAN_POINT('',(50.6,9.32735026918963,-8.));
#12588=CARTESIAN_POINT('',(50.6,9.90470053837925,-9.));
#12589=CARTESIAN_POINT('',(50.6,9.90470053837925,-9.));
#12590=CARTESIAN_POINT('',(50.6,9.32735026918963,-10.));
#12591=CARTESIAN_POINT('',(50.6,9.32735026918963,-10.));
#12592=CARTESIAN_POINT('',(50.6,8.17264973081037,-10.));
#12593=CARTESIAN_POINT('',(50.6,8.17264973081037,-10.));
#12594=CARTESIAN_POINT('',(50.6,7.59529946162075,-9.));
#12595=CARTESIAN_POINT('',(49.6,19.3273502691896,10.));
#12596=CARTESIAN_POINT('',(49.6,18.1726497308104,10.));
#12597=CARTESIAN_POINT('',(49.6,18.1726497308104,10.));
#12598=CARTESIAN_POINT('',(49.6,19.3273502691896,10.));
#12599=CARTESIAN_POINT('',(49.6,19.3273502691896,10.));
#12600=CARTESIAN_POINT('',(49.6,19.3273502691896,10.));
#12601=CARTESIAN_POINT('',(49.6,18.1726497308104,10.));
#12602=CARTESIAN_POINT('',(49.6,17.5952994616207,9.));
#12603=CARTESIAN_POINT('',(49.6,17.5952994616207,9.));
#12604=CARTESIAN_POINT('',(49.6,18.1726497308104,10.));
#12605=CARTESIAN_POINT('',(49.6,17.5952994616207,9.));
#12606=CARTESIAN_POINT('',(49.6,18.1726497308104,8.));
#12607=CARTESIAN_POINT('',(49.6,18.1726497308104,8.));
#12608=CARTESIAN_POINT('',(49.6,17.5952994616207,9.));
#12609=CARTESIAN_POINT('',(49.6,18.1726497308104,8.));
#12610=CARTESIAN_POINT('',(49.6,19.3273502691896,8.));
#12611=CARTESIAN_POINT('',(49.6,19.3273502691896,8.));
#12612=CARTESIAN_POINT('',(49.6,18.1726497308104,8.));
#12613=CARTESIAN_POINT('',(49.6,19.3273502691896,8.));
#12614=CARTESIAN_POINT('',(49.6,19.9047005383793,9.));
#12615=CARTESIAN_POINT('',(49.6,19.9047005383793,9.));
#12616=CARTESIAN_POINT('',(49.6,19.3273502691896,8.));
#12617=CARTESIAN_POINT('',(49.6,19.9047005383793,9.));
#12618=CARTESIAN_POINT('',(49.6,19.9047005383793,9.));
#12619=CARTESIAN_POINT('',(49.6,0.,0.));
#12620=CARTESIAN_POINT('',(49.6,19.3273502691896,-8.));
#12621=CARTESIAN_POINT('',(49.6,18.1726497308104,-8.));
#12622=CARTESIAN_POINT('',(49.6,18.1726497308104,-8.));
#12623=CARTESIAN_POINT('',(49.6,19.3273502691896,-8.));
#12624=CARTESIAN_POINT('',(49.6,19.3273502691896,-8.));
#12625=CARTESIAN_POINT('',(49.6,19.3273502691896,-8.));
#12626=CARTESIAN_POINT('',(49.6,18.1726497308104,-8.));
#12627=CARTESIAN_POINT('',(49.6,17.5952994616207,-9.));
#12628=CARTESIAN_POINT('',(49.6,17.5952994616207,-9.));
#12629=CARTESIAN_POINT('',(49.6,18.1726497308104,-8.));
#12630=CARTESIAN_POINT('',(49.6,17.5952994616207,-9.));
#12631=CARTESIAN_POINT('',(49.6,18.1726497308104,-10.));
#12632=CARTESIAN_POINT('',(49.6,18.1726497308104,-10.));
#12633=CARTESIAN_POINT('',(49.6,17.5952994616207,-9.));
#12634=CARTESIAN_POINT('',(49.6,18.1726497308104,-10.));
#12635=CARTESIAN_POINT('',(49.6,19.3273502691896,-10.));
#12636=CARTESIAN_POINT('',(49.6,19.3273502691896,-10.));
#12637=CARTESIAN_POINT('',(49.6,18.1726497308104,-10.));
#12638=CARTESIAN_POINT('',(49.6,19.3273502691896,-10.));
#12639=CARTESIAN_POINT('',(49.6,19.9047005383793,-9.));
#12640=CARTESIAN_POINT('',(49.6,19.9047005383793,-9.));
#12641=CARTESIAN_POINT('',(49.6,19.3273502691896,-10.));
#12642=CARTESIAN_POINT('',(49.6,19.9047005383793,-9.));
#12643=CARTESIAN_POINT('',(49.6,19.9047005383793,-9.));
#12644=CARTESIAN_POINT('',(49.6,0.,0.));
#12645=CARTESIAN_POINT('',(49.6,9.32735026918963,10.));
#12646=CARTESIAN_POINT('',(49.6,8.17264973081037,10.));
#12647=CARTESIAN_POINT('',(49.6,8.17264973081037,10.));
#12648=CARTESIAN_POINT('',(49.6,9.32735026918963,10.));
#12649=CARTESIAN_POINT('',(49.6,9.32735026918963,10.));
#12650=CARTESIAN_POINT('',(49.6,9.32735026918963,10.));
#12651=CARTESIAN_POINT('',(49.6,8.17264973081037,10.));
#12652=CARTESIAN_POINT('',(49.6,7.59529946162075,9.));
#12653=CARTESIAN_POINT('',(49.6,7.59529946162075,9.));
#12654=CARTESIAN_POINT('',(49.6,8.17264973081037,10.));
#12655=CARTESIAN_POINT('',(49.6,7.59529946162075,9.));
#12656=CARTESIAN_POINT('',(49.6,8.17264973081037,8.));
#12657=CARTESIAN_POINT('',(49.6,8.17264973081037,8.));
#12658=CARTESIAN_POINT('',(49.6,7.59529946162075,9.));
#12659=CARTESIAN_POINT('',(49.6,8.17264973081037,8.));
#12660=CARTESIAN_POINT('',(49.6,9.32735026918963,8.));
#12661=CARTESIAN_POINT('',(49.6,9.32735026918963,8.));
#12662=CARTESIAN_POINT('',(49.6,8.17264973081037,8.));
#12663=CARTESIAN_POINT('',(49.6,9.32735026918963,8.));
#12664=CARTESIAN_POINT('',(49.6,9.90470053837925,9.));
#12665=CARTESIAN_POINT('',(49.6,9.90470053837925,9.));
#12666=CARTESIAN_POINT('',(49.6,9.32735026918963,8.));
#12667=CARTESIAN_POINT('',(49.6,9.90470053837925,9.));
#12668=CARTESIAN_POINT('',(49.6,9.90470053837925,9.));
#12669=CARTESIAN_POINT('',(49.6,0.,0.));
#12670=CARTESIAN_POINT('',(49.6,9.32735026918963,-8.));
#12671=CARTESIAN_POINT('',(49.6,8.17264973081037,-8.));
#12672=CARTESIAN_POINT('',(49.6,8.17264973081037,-8.));
#12673=CARTESIAN_POINT('',(49.6,9.32735026918963,-8.));
#12674=CARTESIAN_POINT('',(49.6,9.32735026918963,-8.));
#12675=CARTESIAN_POINT('',(49.6,9.32735026918963,-8.));
#12676=CARTESIAN_POINT('',(49.6,8.17264973081037,-8.));
#12677=CARTESIAN_POINT('',(49.6,7.59529946162075,-9.));
#12678=CARTESIAN_POINT('',(49.6,7.59529946162075,-9.));
#12679=CARTESIAN_POINT('',(49.6,8.17264973081037,-8.));
#12680=CARTESIAN_POINT('',(49.6,7.59529946162075,-9.));
#12681=CARTESIAN_POINT('',(49.6,8.17264973081037,-10.));
#12682=CARTESIAN_POINT('',(49.6,8.17264973081037,-10.));
#12683=CARTESIAN_POINT('',(49.6,7.59529946162075,-9.));
#12684=CARTESIAN_POINT('',(49.6,8.17264973081037,-10.));
#12685=CARTESIAN_POINT('',(49.6,9.32735026918963,-10.));
#12686=CARTESIAN_POINT('',(49.6,9.32735026918963,-10.));
#12687=CARTESIAN_POINT('',(49.6,8.17264973081037,-10.));
#12688=CARTESIAN_POINT('',(49.6,9.32735026918963,-10.));
#12689=CARTESIAN_POINT('',(49.6,9.90470053837925,-9.));
#12690=CARTESIAN_POINT('',(49.6,9.90470053837925,-9.));
#12691=CARTESIAN_POINT('',(49.6,9.32735026918963,-10.));
#12692=CARTESIAN_POINT('',(49.6,9.90470053837925,-9.));
#12693=CARTESIAN_POINT('',(49.6,9.90470053837925,-9.));
#12694=CARTESIAN_POINT('',(49.6,0.,0.));
#12695=CARTESIAN_POINT('',(160.5,0.300000000000001,12.3));
#12696=CARTESIAN_POINT('',(160.5,8.3,12.3));
#12697=CARTESIAN_POINT('',(150.5,8.3,12.3));
#12698=CARTESIAN_POINT('',(150.5,0.300000000000001,12.3));
#12699=CARTESIAN_POINT('',(160.5,8.3,12.3));
#12700=CARTESIAN_POINT('',(150.5,8.3,12.3));
#12701=CARTESIAN_POINT('',(150.5,0.,0.));
#12702=CARTESIAN_POINT('',(150.5,4.5,16.3));
#12703=CARTESIAN_POINT('',(150.5,0.,0.));
#12704=CARTESIAN_POINT('',(150.5,4.5,-16.3));
#12705=CARTESIAN_POINT('',(150.5,8.3,-19.7));
#12706=CARTESIAN_POINT('',(150.5,8.3,-12.3));
#12707=CARTESIAN_POINT('',(150.5,8.3,-12.3));
#12708=CARTESIAN_POINT('',(160.5,8.3,-19.7));
#12709=CARTESIAN_POINT('',(160.5,8.3,-12.3));
#12710=CARTESIAN_POINT('',(160.5,8.3,-12.3));
#12711=CARTESIAN_POINT('',(34.,4.5,16.3));
#12712=CARTESIAN_POINT('',(34.,2.76794919243112,16.3));
#12713=CARTESIAN_POINT('',(34.,2.76794919243112,16.3));
#12714=CARTESIAN_POINT('',(34.,3.63397459621556,17.8));
#12715=CARTESIAN_POINT('',(34.,3.63397459621556,14.8));
#12716=CARTESIAN_POINT('',(34.,3.63397459621556,14.8));
#12717=CARTESIAN_POINT('',(34.,5.36602540378444,14.8));
#12718=CARTESIAN_POINT('',(34.,5.36602540378444,14.8));
#12719=CARTESIAN_POINT('',(34.,6.23205080756888,16.3));
#12720=CARTESIAN_POINT('',(34.,6.23205080756888,16.3));
#12721=CARTESIAN_POINT('',(34.,5.36602540378444,17.8));
#12722=CARTESIAN_POINT('',(34.,5.36602540378444,17.8));
#12723=CARTESIAN_POINT('',(34.,3.63397459621556,17.8));
#12724=CARTESIAN_POINT('',(34.,4.5,16.3));
#12725=CARTESIAN_POINT('',(34.,4.5,12.8));
#12726=CARTESIAN_POINT('',(39.,4.5,16.3));
#12727=CARTESIAN_POINT('',(38.,4.5,16.3));
#12728=CARTESIAN_POINT('',(38.,4.5,12.8));
#12729=CARTESIAN_POINT('',(38.,8.,16.3));
#12730=CARTESIAN_POINT('',(38.,4.5,16.3));
#12731=CARTESIAN_POINT('',(38.,4.5,12.65));
#12732=CARTESIAN_POINT('',(39.,4.5,16.3));
#12733=CARTESIAN_POINT('',(39.,4.5,16.3));
#12734=CARTESIAN_POINT('',(39.,8.15,16.3));
#12735=CARTESIAN_POINT('',(36.,3.63397459621556,14.8));
#12736=CARTESIAN_POINT('',(36.,2.76794919243112,16.3));
#12737=CARTESIAN_POINT('',(36.,2.76794919243112,16.3));
#12738=CARTESIAN_POINT('',(36.,3.63397459621556,14.8));
#12739=CARTESIAN_POINT('',(36.,3.63397459621556,14.8));
#12740=CARTESIAN_POINT('',(36.,3.63397459621556,14.8));
#12741=CARTESIAN_POINT('',(36.,2.76794919243112,16.3));
#12742=CARTESIAN_POINT('',(36.,3.63397459621556,17.8));
#12743=CARTESIAN_POINT('',(36.,3.63397459621556,17.8));
#12744=CARTESIAN_POINT('',(36.,2.76794919243112,16.3));
#12745=CARTESIAN_POINT('',(36.,3.63397459621556,17.8));
#12746=CARTESIAN_POINT('',(36.,5.36602540378444,17.8));
#12747=CARTESIAN_POINT('',(36.,5.36602540378444,17.8));
#12748=CARTESIAN_POINT('',(36.,3.63397459621556,17.8));
#12749=CARTESIAN_POINT('',(36.,5.36602540378444,17.8));
#12750=CARTESIAN_POINT('',(36.,6.23205080756888,16.3));
#12751=CARTESIAN_POINT('',(36.,6.23205080756888,16.3));
#12752=CARTESIAN_POINT('',(36.,5.36602540378444,17.8));
#12753=CARTESIAN_POINT('',(36.,6.23205080756888,16.3));
#12754=CARTESIAN_POINT('',(36.,5.36602540378444,14.8));
#12755=CARTESIAN_POINT('',(36.,5.36602540378444,14.8));
#12756=CARTESIAN_POINT('',(36.,6.23205080756888,16.3));
#12757=CARTESIAN_POINT('',(36.,5.36602540378444,14.8));
#12758=CARTESIAN_POINT('',(36.,5.36602540378444,14.8));
#12759=CARTESIAN_POINT('',(36.,0.,0.));
#12760=CARTESIAN_POINT('',(150.5,4.5,16.3));
#12761=CARTESIAN_POINT('',(150.5,4.5,16.3));
#12762=CARTESIAN_POINT('',(155.5,4.5,16.3));
#12763=CARTESIAN_POINT('',(151.5,4.5,16.3));
#12764=CARTESIAN_POINT('',(151.5,4.5,12.65));
#12765=CARTESIAN_POINT('',(151.5,8.15,16.3));
#12766=CARTESIAN_POINT('',(151.5,4.5,16.3));
#12767=CARTESIAN_POINT('',(151.5,4.5,12.8));
#12768=CARTESIAN_POINT('',(155.5,4.5,16.3));
#12769=CARTESIAN_POINT('',(155.5,4.5,16.3));
#12770=CARTESIAN_POINT('',(155.5,4.5,12.8));
#12771=CARTESIAN_POINT('',(155.5,8.,16.3));
#12772=CARTESIAN_POINT('',(155.5,2.76794919243112,16.3));
#12773=CARTESIAN_POINT('',(155.5,2.76794919243112,16.3));
#12774=CARTESIAN_POINT('',(155.5,3.63397459621556,14.8));
#12775=CARTESIAN_POINT('',(155.5,3.63397459621556,17.8));
#12776=CARTESIAN_POINT('',(155.5,3.63397459621556,17.8));
#12777=CARTESIAN_POINT('',(155.5,5.36602540378444,17.8));
#12778=CARTESIAN_POINT('',(155.5,5.36602540378444,17.8));
#12779=CARTESIAN_POINT('',(155.5,6.23205080756888,16.3));
#12780=CARTESIAN_POINT('',(155.5,6.23205080756888,16.3));
#12781=CARTESIAN_POINT('',(155.5,5.36602540378444,14.8));
#12782=CARTESIAN_POINT('',(155.5,5.36602540378444,14.8));
#12783=CARTESIAN_POINT('',(155.5,3.63397459621556,14.8));
#12784=CARTESIAN_POINT('',(153.5,3.63397459621556,17.8));
#12785=CARTESIAN_POINT('',(153.5,2.76794919243112,16.3));
#12786=CARTESIAN_POINT('',(153.5,2.76794919243112,16.3));
#12787=CARTESIAN_POINT('',(153.5,3.63397459621556,17.8));
#12788=CARTESIAN_POINT('',(153.5,3.63397459621556,17.8));
#12789=CARTESIAN_POINT('',(153.5,3.63397459621556,17.8));
#12790=CARTESIAN_POINT('',(153.5,2.76794919243112,16.3));
#12791=CARTESIAN_POINT('',(153.5,3.63397459621556,14.8));
#12792=CARTESIAN_POINT('',(153.5,3.63397459621556,14.8));
#12793=CARTESIAN_POINT('',(153.5,2.76794919243112,16.3));
#12794=CARTESIAN_POINT('',(153.5,3.63397459621556,14.8));
#12795=CARTESIAN_POINT('',(153.5,5.36602540378444,14.8));
#12796=CARTESIAN_POINT('',(153.5,5.36602540378444,14.8));
#12797=CARTESIAN_POINT('',(153.5,3.63397459621556,14.8));
#12798=CARTESIAN_POINT('',(153.5,5.36602540378444,14.8));
#12799=CARTESIAN_POINT('',(153.5,6.23205080756888,16.3));
#12800=CARTESIAN_POINT('',(153.5,6.23205080756888,16.3));
#12801=CARTESIAN_POINT('',(153.5,5.36602540378444,14.8));
#12802=CARTESIAN_POINT('',(153.5,6.23205080756888,16.3));
#12803=CARTESIAN_POINT('',(153.5,5.36602540378444,17.8));
#12804=CARTESIAN_POINT('',(153.5,5.36602540378444,17.8));
#12805=CARTESIAN_POINT('',(153.5,6.23205080756888,16.3));
#12806=CARTESIAN_POINT('',(153.5,5.36602540378444,17.8));
#12807=CARTESIAN_POINT('',(153.5,5.36602540378444,17.8));
#12808=CARTESIAN_POINT('',(153.5,0.,0.));
#12809=CARTESIAN_POINT('',(39.,8.15,-16.3));
#12810=CARTESIAN_POINT('',(39.,4.5,-16.3));
#12811=CARTESIAN_POINT('',(34.,4.5,-16.3));
#12812=CARTESIAN_POINT('',(34.,2.76794919243112,-16.3));
#12813=CARTESIAN_POINT('',(34.,2.76794919243112,-16.3));
#12814=CARTESIAN_POINT('',(34.,3.63397459621556,-14.8));
#12815=CARTESIAN_POINT('',(34.,3.63397459621556,-17.8));
#12816=CARTESIAN_POINT('',(34.,3.63397459621556,-17.8));
#12817=CARTESIAN_POINT('',(34.,5.36602540378444,-17.8));
#12818=CARTESIAN_POINT('',(34.,5.36602540378444,-17.8));
#12819=CARTESIAN_POINT('',(34.,6.23205080756888,-16.3));
#12820=CARTESIAN_POINT('',(34.,6.23205080756888,-16.3));
#12821=CARTESIAN_POINT('',(34.,5.36602540378444,-14.8));
#12822=CARTESIAN_POINT('',(34.,5.36602540378444,-14.8));
#12823=CARTESIAN_POINT('',(34.,3.63397459621556,-14.8));
#12824=CARTESIAN_POINT('',(34.,4.5,-16.3));
#12825=CARTESIAN_POINT('',(34.,4.5,-19.8));
#12826=CARTESIAN_POINT('',(39.,4.5,-16.3));
#12827=CARTESIAN_POINT('',(38.,4.5,-16.3));
#12828=CARTESIAN_POINT('',(38.,4.5,-19.8));
#12829=CARTESIAN_POINT('',(38.,8.,-16.3));
#12830=CARTESIAN_POINT('',(38.,4.5,-16.3));
#12831=CARTESIAN_POINT('',(38.,4.5,-19.95));
#12832=CARTESIAN_POINT('',(39.,4.5,-16.3));
#12833=CARTESIAN_POINT('',(36.,3.63397459621556,-17.8));
#12834=CARTESIAN_POINT('',(36.,2.76794919243112,-16.3));
#12835=CARTESIAN_POINT('',(36.,2.76794919243112,-16.3));
#12836=CARTESIAN_POINT('',(36.,3.63397459621556,-17.8));
#12837=CARTESIAN_POINT('',(36.,3.63397459621556,-17.8));
#12838=CARTESIAN_POINT('',(36.,3.63397459621556,-17.8));
#12839=CARTESIAN_POINT('',(36.,2.76794919243112,-16.3));
#12840=CARTESIAN_POINT('',(36.,3.63397459621556,-14.8));
#12841=CARTESIAN_POINT('',(36.,3.63397459621556,-14.8));
#12842=CARTESIAN_POINT('',(36.,2.76794919243112,-16.3));
#12843=CARTESIAN_POINT('',(36.,3.63397459621556,-14.8));
#12844=CARTESIAN_POINT('',(36.,5.36602540378444,-14.8));
#12845=CARTESIAN_POINT('',(36.,5.36602540378444,-14.8));
#12846=CARTESIAN_POINT('',(36.,3.63397459621556,-14.8));
#12847=CARTESIAN_POINT('',(36.,5.36602540378444,-14.8));
#12848=CARTESIAN_POINT('',(36.,6.23205080756888,-16.3));
#12849=CARTESIAN_POINT('',(36.,6.23205080756888,-16.3));
#12850=CARTESIAN_POINT('',(36.,5.36602540378444,-14.8));
#12851=CARTESIAN_POINT('',(36.,6.23205080756888,-16.3));
#12852=CARTESIAN_POINT('',(36.,5.36602540378444,-17.8));
#12853=CARTESIAN_POINT('',(36.,5.36602540378444,-17.8));
#12854=CARTESIAN_POINT('',(36.,6.23205080756888,-16.3));
#12855=CARTESIAN_POINT('',(36.,5.36602540378444,-17.8));
#12856=CARTESIAN_POINT('',(36.,5.36602540378444,-17.8));
#12857=CARTESIAN_POINT('',(36.,0.,0.));
#12858=CARTESIAN_POINT('',(150.5,4.5,-16.3));
#12859=CARTESIAN_POINT('',(150.5,4.5,-16.3));
#12860=CARTESIAN_POINT('',(155.5,4.5,-16.3));
#12861=CARTESIAN_POINT('',(151.5,4.5,-16.3));
#12862=CARTESIAN_POINT('',(151.5,4.5,-19.95));
#12863=CARTESIAN_POINT('',(151.5,8.15,-16.3));
#12864=CARTESIAN_POINT('',(151.5,4.5,-16.3));
#12865=CARTESIAN_POINT('',(151.5,4.5,-19.8));
#12866=CARTESIAN_POINT('',(155.5,4.5,-16.3));
#12867=CARTESIAN_POINT('',(155.5,4.5,-16.3));
#12868=CARTESIAN_POINT('',(155.5,4.5,-19.8));
#12869=CARTESIAN_POINT('',(155.5,8.,-16.3));
#12870=CARTESIAN_POINT('',(155.5,2.76794919243112,-16.3));
#12871=CARTESIAN_POINT('',(155.5,2.76794919243112,-16.3));
#12872=CARTESIAN_POINT('',(155.5,3.63397459621556,-17.8));
#12873=CARTESIAN_POINT('',(155.5,3.63397459621556,-14.8));
#12874=CARTESIAN_POINT('',(155.5,3.63397459621556,-14.8));
#12875=CARTESIAN_POINT('',(155.5,5.36602540378444,-14.8));
#12876=CARTESIAN_POINT('',(155.5,5.36602540378444,-14.8));
#12877=CARTESIAN_POINT('',(155.5,6.23205080756888,-16.3));
#12878=CARTESIAN_POINT('',(155.5,6.23205080756888,-16.3));
#12879=CARTESIAN_POINT('',(155.5,5.36602540378444,-17.8));
#12880=CARTESIAN_POINT('',(155.5,5.36602540378444,-17.8));
#12881=CARTESIAN_POINT('',(155.5,3.63397459621556,-17.8));
#12882=CARTESIAN_POINT('',(153.5,3.63397459621556,-14.8));
#12883=CARTESIAN_POINT('',(153.5,2.76794919243112,-16.3));
#12884=CARTESIAN_POINT('',(153.5,2.76794919243112,-16.3));
#12885=CARTESIAN_POINT('',(153.5,3.63397459621556,-14.8));
#12886=CARTESIAN_POINT('',(153.5,3.63397459621556,-14.8));
#12887=CARTESIAN_POINT('',(153.5,3.63397459621556,-14.8));
#12888=CARTESIAN_POINT('',(153.5,2.76794919243112,-16.3));
#12889=CARTESIAN_POINT('',(153.5,3.63397459621556,-17.8));
#12890=CARTESIAN_POINT('',(153.5,3.63397459621556,-17.8));
#12891=CARTESIAN_POINT('',(153.5,2.76794919243112,-16.3));
#12892=CARTESIAN_POINT('',(153.5,3.63397459621556,-17.8));
#12893=CARTESIAN_POINT('',(153.5,5.36602540378444,-17.8));
#12894=CARTESIAN_POINT('',(153.5,5.36602540378444,-17.8));
#12895=CARTESIAN_POINT('',(153.5,3.63397459621556,-17.8));
#12896=CARTESIAN_POINT('',(153.5,5.36602540378444,-17.8));
#12897=CARTESIAN_POINT('',(153.5,6.23205080756888,-16.3));
#12898=CARTESIAN_POINT('',(153.5,6.23205080756888,-16.3));
#12899=CARTESIAN_POINT('',(153.5,5.36602540378444,-17.8));
#12900=CARTESIAN_POINT('',(153.5,6.23205080756888,-16.3));
#12901=CARTESIAN_POINT('',(153.5,5.36602540378444,-14.8));
#12902=CARTESIAN_POINT('',(153.5,5.36602540378444,-14.8));
#12903=CARTESIAN_POINT('',(153.5,6.23205080756888,-16.3));
#12904=CARTESIAN_POINT('',(153.5,5.36602540378444,-14.8));
#12905=CARTESIAN_POINT('',(153.5,5.36602540378444,-14.8));
#12906=CARTESIAN_POINT('',(153.5,0.,0.));
#12907=CARTESIAN_POINT('',(66.,5.,0.));
#12908=CARTESIAN_POINT('',(127.,5.,-2.));
#12909=CARTESIAN_POINT('',(127.,5.,-2.));
#12910=CARTESIAN_POINT('',(125.,5.,-2.));
#12911=CARTESIAN_POINT('',(125.,5.,-2.16840434497101E-16));
#12912=CARTESIAN_POINT('',(125.,5.,2.));
#12913=CARTESIAN_POINT('',(125.,5.,2.));
#12914=CARTESIAN_POINT('',(127.,5.,2.));
#12915=CARTESIAN_POINT('',(127.,5.,2.16840434497101E-16));
#12916=CARTESIAN_POINT('',(0.,0.,0.));
#12917=CARTESIAN_POINT('',(28.5,8.04258885741202,7.));
#12918=CARTESIAN_POINT('',(28.5,16.2,8.1));
#12919=CARTESIAN_POINT('',(28.5,14.2300397456112,6.56076103345565));
#12920=CARTESIAN_POINT('',(28.5,16.2,5.6));
#12921=CARTESIAN_POINT('',(28.5,13.,0.));
#12922=CARTESIAN_POINT('',(28.5,8.04258885741202,4.46997291683495));
#12923=CARTESIAN_POINT('',(28.5,8.04258885741202,7.));
#12924=CARTESIAN_POINT('',(28.5,8.04258885741202,3.80000000000001));
#12925=CARTESIAN_POINT('',(28.5,13.,3.80000000000001));
#12926=CARTESIAN_POINT('',(28.5,13.,3.80000000000001));
#12927=CARTESIAN_POINT('',(28.5,13.,0.));
#12928=CARTESIAN_POINT('',(28.5,13.,-3.8));
#12929=CARTESIAN_POINT('',(28.5,13.,-3.8));
#12930=CARTESIAN_POINT('',(28.5,8.04258885741202,-3.8));
#12931=CARTESIAN_POINT('',(28.5,8.04258885741202,7.));
#12932=CARTESIAN_POINT('',(28.5,8.04258885741202,-4.46997291683495));
#12933=CARTESIAN_POINT('',(28.5,13.,0.));
#12934=CARTESIAN_POINT('',(28.5,18.1967694115908,-4.18929239808443));
#12935=CARTESIAN_POINT('',(28.5,18.1967694115908,7.));
#12936=CARTESIAN_POINT('',(28.5,18.1967694115908,4.18929239808443));
#12937=CARTESIAN_POINT('',(28.5,13.,0.));
#12938=CARTESIAN_POINT('',(28.5,16.6327101610084,5.6));
#12939=CARTESIAN_POINT('',(28.5,8.04258885741202,5.6));
#12940=CARTESIAN_POINT('',(22.3,15.,16.7));
#12941=CARTESIAN_POINT('',(22.3,14.2,12.));
#12942=CARTESIAN_POINT('',(22.3,14.2,10.25));
#12943=CARTESIAN_POINT('',(22.3,14.2,-12.));
#12944=CARTESIAN_POINT('',(22.3,14.2,-13.75));
#12945=CARTESIAN_POINT('',(22.3,13.,0.));
#12946=CARTESIAN_POINT('',(22.3,13.,-3.));
#12947=CARTESIAN_POINT('',(22.3,16.2,8.1));
#12948=CARTESIAN_POINT('',(22.3,13.7,8.1));
#12949=CARTESIAN_POINT('',(22.3,16.2,10.6));
#12950=CARTESIAN_POINT('',(22.3,15.,10.6));
#12951=CARTESIAN_POINT('',(22.3,18.5,10.6));
#12952=CARTESIAN_POINT('',(22.3,18.5,-13.7928932188135));
#12953=CARTESIAN_POINT('',(22.3,18.5,13.7928932188135));
#12954=CARTESIAN_POINT('',(22.3,18.5,13.7928932188135));
#12955=CARTESIAN_POINT('',(22.3,17.7928932188135,14.5));
#12956=CARTESIAN_POINT('',(22.3,17.7928932188135,14.5));
#12957=CARTESIAN_POINT('',(22.3,16.3,14.5));
#12958=CARTESIAN_POINT('',(22.3,16.3,14.5));
#12959=CARTESIAN_POINT('',(22.3,16.3,16.7));
#12960=CARTESIAN_POINT('',(22.3,15.,16.7));
#12961=CARTESIAN_POINT('',(22.3,13.7,16.7));
#12962=CARTESIAN_POINT('',(22.3,13.7,16.7));
#12963=CARTESIAN_POINT('',(22.3,13.7,15.2));
#12964=CARTESIAN_POINT('',(22.3,13.7,15.2));
#12965=CARTESIAN_POINT('',(22.3,11.9649110640674,15.2));
#12966=CARTESIAN_POINT('',(22.3,10.7,14.9));
#12967=CARTESIAN_POINT('',(22.3,9.43508893593264,15.2));
#12968=CARTESIAN_POINT('',(22.3,9.43508893593265,15.2));
#12969=CARTESIAN_POINT('',(22.3,8.15999999999999,15.2));
#12970=CARTESIAN_POINT('',(22.3,8.15999999999999,15.2));
#12971=CARTESIAN_POINT('',(22.3,6.,11.4587702556512));
#12972=CARTESIAN_POINT('',(22.3,6.,11.4587702556512));
#12973=CARTESIAN_POINT('',(22.3,6.,-11.4587702556512));
#12974=CARTESIAN_POINT('',(22.3,6.,-11.4587702556512));
#12975=CARTESIAN_POINT('',(22.3,8.16,-15.2));
#12976=CARTESIAN_POINT('',(22.3,8.16,-15.2));
#12977=CARTESIAN_POINT('',(22.3,9.43508893593265,-15.2));
#12978=CARTESIAN_POINT('',(22.3,10.7,-14.9));
#12979=CARTESIAN_POINT('',(22.3,11.9649110640674,-15.2));
#12980=CARTESIAN_POINT('',(22.3,11.9649110640674,-15.2));
#12981=CARTESIAN_POINT('',(22.3,13.7,-15.2));
#12982=CARTESIAN_POINT('',(22.3,13.7,-15.2));
#12983=CARTESIAN_POINT('',(22.3,13.7,-16.7));
#12984=CARTESIAN_POINT('',(22.3,15.,-16.7));
#12985=CARTESIAN_POINT('',(22.3,16.3,-16.7));
#12986=CARTESIAN_POINT('',(22.3,16.3,-16.7));
#12987=CARTESIAN_POINT('',(22.3,16.3,-14.5));
#12988=CARTESIAN_POINT('',(22.3,16.3,-14.5));
#12989=CARTESIAN_POINT('',(22.3,17.7928932188135,-14.5));
#12990=CARTESIAN_POINT('',(22.3,17.7928932188135,-14.5));
#12991=CARTESIAN_POINT('',(22.3,18.5,-13.7928932188135));
#12992=CARTESIAN_POINT('',(22.3,18.5,-13.7928932188135));
#12993=CARTESIAN_POINT('',(22.3,18.5,-4.3301270189222));
#12994=CARTESIAN_POINT('',(22.3,13.,0.));
#12995=CARTESIAN_POINT('',(22.3,7.38,-4.17320021086939));
#12996=CARTESIAN_POINT('',(22.3,7.38,7.));
#12997=CARTESIAN_POINT('',(22.3,7.38,-3.5));
#12998=CARTESIAN_POINT('',(22.3,13.,-3.5));
#12999=CARTESIAN_POINT('',(22.3,13.,-3.5));
#13000=CARTESIAN_POINT('',(22.3,13.,0.));
#13001=CARTESIAN_POINT('',(22.3,13.,3.5));
#13002=CARTESIAN_POINT('',(22.3,13.,3.5));
#13003=CARTESIAN_POINT('',(22.3,7.38,3.5));
#13004=CARTESIAN_POINT('',(22.3,7.38,7.));
#13005=CARTESIAN_POINT('',(22.3,7.38,4.17320021086939));
#13006=CARTESIAN_POINT('',(22.3,13.,0.));
#13007=CARTESIAN_POINT('',(22.3,13.990941200907,6.92950471075278));
#13008=CARTESIAN_POINT('',(22.3,16.2,8.1));
#13009=CARTESIAN_POINT('',(22.3,15.,16.7));
#13010=CARTESIAN_POINT('',(22.3,18.5,-13.7928932188135));
#13011=CARTESIAN_POINT('',(22.3,18.5,4.3301270189222));
#13012=CARTESIAN_POINT('',(22.3,18.5,5.6));
#13013=CARTESIAN_POINT('',(22.3,15.,5.6));
#13014=CARTESIAN_POINT('',(22.3,17.2,5.6));
#13015=CARTESIAN_POINT('',(22.3,13.,0.));
#13016=CARTESIAN_POINT('',(22.3,18.5,-13.7928932188135));
#13017=CARTESIAN_POINT('',(29.3,18.5,10.6));
#13018=CARTESIAN_POINT('',(21.9,18.5,10.6));
#13019=CARTESIAN_POINT('',(21.9,18.5,5.6));
#13020=CARTESIAN_POINT('',(21.9,18.5,5.6));
#13021=CARTESIAN_POINT('',(29.3,18.5,5.6));
#13022=CARTESIAN_POINT('',(22.3,18.5,7.));
#13023=CARTESIAN_POINT('',(22.3,18.5,-13.7928932188135));
#13024=CARTESIAN_POINT('',(16.6,18.5,-13.7928932188135));
#13025=CARTESIAN_POINT('',(16.6,18.5,-4.33680868994202E-16));
#13026=CARTESIAN_POINT('',(16.6,18.5,13.7928932188135));
#13027=CARTESIAN_POINT('',(22.3,18.5,13.7928932188135));
#13028=CARTESIAN_POINT('',(22.3,13.,0.));
#13029=CARTESIAN_POINT('',(22.3,13.9909412009068,6.92950471075293));
#13030=CARTESIAN_POINT('',(24.3675618304359,14.0536940325224,6.81107220092396));
#13031=CARTESIAN_POINT('',(26.4345611339109,14.1292188053911,6.68979443850877));
#13032=CARTESIAN_POINT('',(28.5,14.2300397456112,6.56076103345568));
#13033=CARTESIAN_POINT('',(49.2470038470252,10.259803949948,0.));
#13034=CARTESIAN_POINT('',(22.3,13.,0.));
#13035=CARTESIAN_POINT('',(28.5,16.6327101610084,5.6));
#13036=CARTESIAN_POINT('',(26.4342986121967,16.8316347591834,5.6));
#13037=CARTESIAN_POINT('',(24.3674772727364,17.0194135123629,5.6));
#13038=CARTESIAN_POINT('',(22.3,17.2,5.6));
#13039=CARTESIAN_POINT('',(22.3,18.5,4.3301270189222));
#13040=CARTESIAN_POINT('',(24.3666720758961,18.3989228726415,4.28342084686946));
#13041=CARTESIAN_POINT('',(26.4333389243792,18.2978460009461,4.23648399655505));
#13042=CARTESIAN_POINT('',(28.5,18.1967694115908,4.18929239808443));
#13043=CARTESIAN_POINT('',(22.3,18.5,-13.7928932188135));
#13044=CARTESIAN_POINT('',(-21.9,18.5,-5.6));
#13045=CARTESIAN_POINT('',(-21.9,18.5,-5.6));
#13046=CARTESIAN_POINT('',(-22.3,18.5,-5.6));
#13047=CARTESIAN_POINT('',(-22.3,18.5,-13.7928932188135));
#13048=CARTESIAN_POINT('',(-22.3,18.5,-4.3301270189222));
#13049=CARTESIAN_POINT('',(-22.3,18.5,7.));
#13050=CARTESIAN_POINT('',(-22.3,18.5,4.3301270189222));
#13051=CARTESIAN_POINT('',(-22.3,18.5,-13.7928932188135));
#13052=CARTESIAN_POINT('',(-22.3,18.5,13.7928932188135));
#13053=CARTESIAN_POINT('',(22.3,18.5,13.7928932188135));
#13054=CARTESIAN_POINT('',(-16.6,18.5,13.7928932188135));
#13055=CARTESIAN_POINT('',(-16.6,18.5,-4.33680868994202E-16));
#13056=CARTESIAN_POINT('',(-16.6,18.5,-13.7928932188135));
#13057=CARTESIAN_POINT('',(22.3,18.5,-13.7928932188135));
#13058=CARTESIAN_POINT('',(-22.3,18.5,-13.7928932188135));
#13059=CARTESIAN_POINT('',(-22.3,18.5,-13.7928932188135));
#13060=CARTESIAN_POINT('',(-22.3,18.5,-10.6));
#13061=CARTESIAN_POINT('',(-21.9,18.5,-10.6));
#13062=CARTESIAN_POINT('',(-21.9,18.5,-10.6));
#13063=CARTESIAN_POINT('',(-21.9,18.5,-10.6));
#13064=CARTESIAN_POINT('',(-22.3,15.,16.7));
#13065=CARTESIAN_POINT('',(-22.3,15.,-5.6));
#13066=CARTESIAN_POINT('',(-22.3,17.2,-5.6));
#13067=CARTESIAN_POINT('',(-22.3,13.,0.));
#13068=CARTESIAN_POINT('',(-22.3,15.,16.7));
#13069=CARTESIAN_POINT('',(-22.3,13.,0.));
#13070=CARTESIAN_POINT('',(-22.3,13.,-3.));
#13071=CARTESIAN_POINT('',(-22.3,14.2,-12.));
#13072=CARTESIAN_POINT('',(-22.3,14.2,-13.75));
#13073=CARTESIAN_POINT('',(-22.3,14.2,12.));
#13074=CARTESIAN_POINT('',(-22.3,14.2,10.25));
#13075=CARTESIAN_POINT('',(-22.3,16.2,-8.1));
#13076=CARTESIAN_POINT('',(-22.3,13.7,-8.1));
#13077=CARTESIAN_POINT('',(-22.3,13.990941200907,-6.92950471075278));
#13078=CARTESIAN_POINT('',(-22.3,16.2,-8.1));
#13079=CARTESIAN_POINT('',(-22.3,16.2,-10.6));
#13080=CARTESIAN_POINT('',(-22.3,15.,-10.6));
#13081=CARTESIAN_POINT('',(-22.3,17.7928932188135,-14.5));
#13082=CARTESIAN_POINT('',(-22.3,17.7928932188135,-14.5));
#13083=CARTESIAN_POINT('',(-22.3,16.3,-14.5));
#13084=CARTESIAN_POINT('',(-22.3,16.3,-14.5));
#13085=CARTESIAN_POINT('',(-22.3,16.3,-16.7));
#13086=CARTESIAN_POINT('',(-22.3,16.3,-16.7));
#13087=CARTESIAN_POINT('',(-22.3,15.,-16.7));
#13088=CARTESIAN_POINT('',(-22.3,13.7,-16.7));
#13089=CARTESIAN_POINT('',(-22.3,13.7,-15.2));
#13090=CARTESIAN_POINT('',(-22.3,13.7,-15.2));
#13091=CARTESIAN_POINT('',(-22.3,11.9649110640674,-15.2));
#13092=CARTESIAN_POINT('',(-22.3,11.9649110640674,-15.2));
#13093=CARTESIAN_POINT('',(-22.3,10.7,-14.9));
#13094=CARTESIAN_POINT('',(-22.3,9.43508893593265,-15.2));
#13095=CARTESIAN_POINT('',(-22.3,8.16,-15.2));
#13096=CARTESIAN_POINT('',(-22.3,8.16,-15.2));
#13097=CARTESIAN_POINT('',(-22.3,6.,-11.4587702556512));
#13098=CARTESIAN_POINT('',(-22.3,6.,-11.4587702556512));
#13099=CARTESIAN_POINT('',(-22.3,6.,11.4587702556512));
#13100=CARTESIAN_POINT('',(-22.3,6.,11.4587702556512));
#13101=CARTESIAN_POINT('',(-22.3,8.15999999999999,15.2));
#13102=CARTESIAN_POINT('',(-22.3,8.15999999999999,15.2));
#13103=CARTESIAN_POINT('',(-22.3,9.43508893593265,15.2));
#13104=CARTESIAN_POINT('',(-22.3,9.43508893593264,15.2));
#13105=CARTESIAN_POINT('',(-22.3,10.7,14.9));
#13106=CARTESIAN_POINT('',(-22.3,11.9649110640674,15.2));
#13107=CARTESIAN_POINT('',(-22.3,13.7,15.2));
#13108=CARTESIAN_POINT('',(-22.3,13.7,15.2));
#13109=CARTESIAN_POINT('',(-22.3,13.7,16.7));
#13110=CARTESIAN_POINT('',(-22.3,13.7,16.7));
#13111=CARTESIAN_POINT('',(-22.3,15.,16.7));
#13112=CARTESIAN_POINT('',(-22.3,16.3,16.7));
#13113=CARTESIAN_POINT('',(-22.3,16.3,14.5));
#13114=CARTESIAN_POINT('',(-22.3,16.3,14.5));
#13115=CARTESIAN_POINT('',(-22.3,17.7928932188135,14.5));
#13116=CARTESIAN_POINT('',(-22.3,17.7928932188135,14.5));
#13117=CARTESIAN_POINT('',(-22.3,18.5,13.7928932188135));
#13118=CARTESIAN_POINT('',(-22.3,13.,0.));
#13119=CARTESIAN_POINT('',(-22.3,7.38,4.17320021086935));
#13120=CARTESIAN_POINT('',(-22.3,7.38,7.));
#13121=CARTESIAN_POINT('',(-22.3,7.38,3.5));
#13122=CARTESIAN_POINT('',(-22.3,13.,3.5));
#13123=CARTESIAN_POINT('',(-22.3,13.,3.5));
#13124=CARTESIAN_POINT('',(-22.3,13.,0.));
#13125=CARTESIAN_POINT('',(-22.3,13.,-3.5));
#13126=CARTESIAN_POINT('',(-22.3,13.,-3.5));
#13127=CARTESIAN_POINT('',(-22.3,7.38,-3.5));
#13128=CARTESIAN_POINT('',(-22.3,7.38,7.));
#13129=CARTESIAN_POINT('',(-22.3,7.38,-4.17320021086935));
#13130=CARTESIAN_POINT('',(-22.3,13.,0.));
#13131=CARTESIAN_POINT('',(-32.3,13.,0.));
#13132=CARTESIAN_POINT('',(-28.5,16.6327101610084,-5.6));
#13133=CARTESIAN_POINT('',(-26.4342986121967,16.8316347591834,-5.6));
#13134=CARTESIAN_POINT('',(-24.3674772727364,17.0194135123629,-5.6));
#13135=CARTESIAN_POINT('',(-22.3,17.2,-5.6));
#13136=CARTESIAN_POINT('',(-28.5,16.6327101610084,-5.6));
#13137=CARTESIAN_POINT('',(-28.5,13.,0.));
#13138=CARTESIAN_POINT('',(-28.5,18.1967694115908,-4.18929239808443));
#13139=CARTESIAN_POINT('',(-22.3,18.5,-4.3301270189222));
#13140=CARTESIAN_POINT('',(-24.3666720758961,18.3989228726415,-4.28342084686946));
#13141=CARTESIAN_POINT('',(-26.4333389243792,18.2978460009461,-4.23648399655505));
#13142=CARTESIAN_POINT('',(-28.5,18.1967694115908,-4.18929239808443));
#13143=CARTESIAN_POINT('',(-32.3,13.,0.));
#13144=CARTESIAN_POINT('',(-22.3,13.9909412009068,-6.92950471075293));
#13145=CARTESIAN_POINT('',(-24.3675618304359,14.0536940325224,-6.81107220092396));
#13146=CARTESIAN_POINT('',(-26.4345611339109,14.1292188053911,-6.68979443850877));
#13147=CARTESIAN_POINT('',(-28.5,14.2300397456112,-6.56076103345568));
#13148=CARTESIAN_POINT('',(-28.5,14.2300397456112,-6.56076103345565));
#13149=CARTESIAN_POINT('',(-49.2470038470249,10.259803949948,0.));
#13150=CARTESIAN_POINT('',(-28.5,8.04258885741202,-4.46997291683495));
#13151=CARTESIAN_POINT('',(-28.5,13.,0.));
#13152=CARTESIAN_POINT('',(22.3,7.38,7.));
#13153=CARTESIAN_POINT('',(21.7988327138236,7.32644066781937,-3.47574997002372));
#13154=CARTESIAN_POINT('',(49.2470038470252,10.259803949948,0.));
#13155=CARTESIAN_POINT('',(22.3,7.38,7.));
#13156=CARTESIAN_POINT('',(22.4670557620588,7.39785311072688,3.50808334332543));
#13157=CARTESIAN_POINT('',(-28.5,18.1967694115908,7.));
#13158=CARTESIAN_POINT('',(-28.5,18.1967694115908,-5.6));
#13159=CARTESIAN_POINT('',(-28.5,16.2,-5.6));
#13160=CARTESIAN_POINT('',(-28.5,16.2,-8.1));
#13161=CARTESIAN_POINT('',(-28.5,8.04258885741202,7.));
#13162=CARTESIAN_POINT('',(-28.5,8.04258885741202,-3.8));
#13163=CARTESIAN_POINT('',(-28.5,13.,-3.8));
#13164=CARTESIAN_POINT('',(-28.5,13.,-3.8));
#13165=CARTESIAN_POINT('',(-28.5,13.,0.));
#13166=CARTESIAN_POINT('',(-28.5,13.,3.8));
#13167=CARTESIAN_POINT('',(-28.5,13.,3.80000000000001));
#13168=CARTESIAN_POINT('',(-28.5,8.04258885741202,3.80000000000001));
#13169=CARTESIAN_POINT('',(-28.5,8.04258885741202,7.));
#13170=CARTESIAN_POINT('',(-28.5,8.04258885741202,4.46997291683495));
#13171=CARTESIAN_POINT('',(-28.5,13.,0.));
#13172=CARTESIAN_POINT('',(-28.5,18.1967694115908,4.18929239808443));
#13173=CARTESIAN_POINT('',(-28.5,18.1967694115908,7.));
#13174=CARTESIAN_POINT('',(-28.5,8.04258885741202,7.));
#13175=CARTESIAN_POINT('',(-28.6527366967395,8.05891170150517,3.80739048532611));
#13176=CARTESIAN_POINT('',(-49.2470038470249,10.259803949948,0.));
#13177=CARTESIAN_POINT('',(-28.5,8.04258885741202,7.));
#13178=CARTESIAN_POINT('',(-27.9845136485042,7.98749925859766,-3.7750571120244));
#13179=CARTESIAN_POINT('',(16.6,14.5,25.));
#13180=CARTESIAN_POINT('',(-2.,14.5,23.5));
#13181=CARTESIAN_POINT('',(-2.,14.5,22.5));
#13182=CARTESIAN_POINT('',(2.,14.5,23.5));
#13183=CARTESIAN_POINT('',(2.,14.5,22.5));
#13184=CARTESIAN_POINT('',(10.,14.5,22.5));
#13185=CARTESIAN_POINT('',(10.,14.5,20.5));
#13186=CARTESIAN_POINT('',(-10.,14.5,22.5));
#13187=CARTESIAN_POINT('',(-10.,14.5,20.5));
#13188=CARTESIAN_POINT('',(22.3,14.5,17.9));
#13189=CARTESIAN_POINT('',(16.6,14.5,17.9));
#13190=CARTESIAN_POINT('',(-16.6,14.5,17.9));
#13191=CARTESIAN_POINT('',(16.6,14.5,25.));
#13192=CARTESIAN_POINT('',(16.6,14.5,25.));
#13193=CARTESIAN_POINT('',(16.6,14.5,25.));
#13194=CARTESIAN_POINT('',(-16.6,14.5,25.));
#13195=CARTESIAN_POINT('',(-16.6,14.5,25.));
#13196=CARTESIAN_POINT('',(16.6,14.5,-3.70809924354783));
#13197=CARTESIAN_POINT('',(-2.,14.5,-23.5));
#13198=CARTESIAN_POINT('',(-2.,14.5,-24.5));
#13199=CARTESIAN_POINT('',(2.,14.5,-23.5));
#13200=CARTESIAN_POINT('',(2.,14.5,-24.5));
#13201=CARTESIAN_POINT('',(-10.,14.5,-22.5));
#13202=CARTESIAN_POINT('',(-10.,14.5,-24.5));
#13203=CARTESIAN_POINT('',(10.,14.5,-22.5));
#13204=CARTESIAN_POINT('',(10.,14.5,-24.5));
#13205=CARTESIAN_POINT('',(22.3,14.5,-17.9));
#13206=CARTESIAN_POINT('',(-16.6,14.5,-17.9));
#13207=CARTESIAN_POINT('',(16.6,14.5,-17.9));
#13208=CARTESIAN_POINT('',(-16.6,14.5,-3.70809924354783));
#13209=CARTESIAN_POINT('',(-16.6,14.5,-25.));
#13210=CARTESIAN_POINT('',(16.6,14.5,-25.));
#13211=CARTESIAN_POINT('',(16.6,14.5,-25.));
#13212=CARTESIAN_POINT('',(16.6,14.5,-3.70809924354783));
#13213=CARTESIAN_POINT('',(16.6,13.,-4.33680868994202E-16));
#13214=CARTESIAN_POINT('',(16.6,15.,16.7));
#13215=CARTESIAN_POINT('',(16.6,16.3,16.7));
#13216=CARTESIAN_POINT('',(16.6,16.3,-4.33680868994202E-16));
#13217=CARTESIAN_POINT('',(16.6,16.3,14.5));
#13218=CARTESIAN_POINT('',(16.6,13.,14.5));
#13219=CARTESIAN_POINT('',(16.6,17.7928932188135,14.5));
#13220=CARTESIAN_POINT('',(16.6,22.6464466094067,9.64644660940669));
#13221=CARTESIAN_POINT('',(16.6,22.6464466094067,-9.64644660940669));
#13222=CARTESIAN_POINT('',(16.6,17.7928932188135,-14.5));
#13223=CARTESIAN_POINT('',(16.6,13.,-14.5));
#13224=CARTESIAN_POINT('',(16.6,16.3,-14.5));
#13225=CARTESIAN_POINT('',(16.6,16.3,-4.33680868994202E-16));
#13226=CARTESIAN_POINT('',(16.6,16.3,-16.7));
#13227=CARTESIAN_POINT('',(16.6,15.,-16.7));
#13228=CARTESIAN_POINT('',(16.6,14.5,-25.));
#13229=CARTESIAN_POINT('',(16.6,15.5,-26.));
#13230=CARTESIAN_POINT('',(16.6,15.5,-26.));
#13231=CARTESIAN_POINT('',(16.6,26.5,-26.));
#13232=CARTESIAN_POINT('',(16.6,26.5,-26.));
#13233=CARTESIAN_POINT('',(16.6,27.,-25.5));
#13234=CARTESIAN_POINT('',(16.6,27.,-25.5));
#13235=CARTESIAN_POINT('',(16.6,27.,-19.));
#13236=CARTESIAN_POINT('',(16.6,27.,-19.));
#13237=CARTESIAN_POINT('',(16.6,26.5,-18.5));
#13238=CARTESIAN_POINT('',(16.6,26.5,-18.5));
#13239=CARTESIAN_POINT('',(16.6,23.5,-18.5));
#13240=CARTESIAN_POINT('',(16.6,23.5,-16.5));
#13241=CARTESIAN_POINT('',(16.6,21.5,-16.5));
#13242=CARTESIAN_POINT('',(16.6,21.5,-16.5));
#13243=CARTESIAN_POINT('',(16.6,21.5,16.5));
#13244=CARTESIAN_POINT('',(16.6,23.5,16.5));
#13245=CARTESIAN_POINT('',(16.6,23.5,18.5));
#13246=CARTESIAN_POINT('',(16.6,23.5,18.5));
#13247=CARTESIAN_POINT('',(16.6,26.5,18.5));
#13248=CARTESIAN_POINT('',(16.6,26.5,18.5));
#13249=CARTESIAN_POINT('',(16.6,27.,19.));
#13250=CARTESIAN_POINT('',(16.6,27.,19.));
#13251=CARTESIAN_POINT('',(16.6,27.,25.5));
#13252=CARTESIAN_POINT('',(16.6,27.,25.5));
#13253=CARTESIAN_POINT('',(16.6,26.5,26.));
#13254=CARTESIAN_POINT('',(16.6,26.5,26.));
#13255=CARTESIAN_POINT('',(16.6,15.5,26.));
#13256=CARTESIAN_POINT('',(16.6,15.5,26.));
#13257=CARTESIAN_POINT('',(-16.6,13.,-4.33680868994202E-16));
#13258=CARTESIAN_POINT('',(-16.6,15.,16.7));
#13259=CARTESIAN_POINT('',(-16.6,16.3,16.7));
#13260=CARTESIAN_POINT('',(-16.6,15.5,26.));
#13261=CARTESIAN_POINT('',(-16.6,15.5,26.));
#13262=CARTESIAN_POINT('',(-16.6,26.5,26.));
#13263=CARTESIAN_POINT('',(-16.6,26.5,26.));
#13264=CARTESIAN_POINT('',(-16.6,27.,25.5));
#13265=CARTESIAN_POINT('',(-16.6,27.,25.5));
#13266=CARTESIAN_POINT('',(-16.6,27.,19.));
#13267=CARTESIAN_POINT('',(-16.6,27.,19.));
#13268=CARTESIAN_POINT('',(-16.6,26.5,18.5));
#13269=CARTESIAN_POINT('',(-16.6,26.5,18.5));
#13270=CARTESIAN_POINT('',(-16.6,23.5,18.5));
#13271=CARTESIAN_POINT('',(-16.6,23.5,18.5));
#13272=CARTESIAN_POINT('',(-16.6,23.5,16.5));
#13273=CARTESIAN_POINT('',(-16.6,21.5,16.5));
#13274=CARTESIAN_POINT('',(-16.6,21.5,-16.5));
#13275=CARTESIAN_POINT('',(-16.6,21.5,-16.5));
#13276=CARTESIAN_POINT('',(-16.6,23.5,-16.5));
#13277=CARTESIAN_POINT('',(-16.6,23.5,-18.5));
#13278=CARTESIAN_POINT('',(-16.6,26.5,-18.5));
#13279=CARTESIAN_POINT('',(-16.6,26.5,-18.5));
#13280=CARTESIAN_POINT('',(-16.6,27.,-19.));
#13281=CARTESIAN_POINT('',(-16.6,27.,-19.));
#13282=CARTESIAN_POINT('',(-16.6,27.,-25.5));
#13283=CARTESIAN_POINT('',(-16.6,27.,-25.5));
#13284=CARTESIAN_POINT('',(-16.6,26.5,-26.));
#13285=CARTESIAN_POINT('',(-16.6,26.5,-26.));
#13286=CARTESIAN_POINT('',(-16.6,15.5,-26.));
#13287=CARTESIAN_POINT('',(-16.6,15.5,-26.));
#13288=CARTESIAN_POINT('',(-16.6,14.5,-25.));
#13289=CARTESIAN_POINT('',(-16.6,15.,-16.7));
#13290=CARTESIAN_POINT('',(-16.6,16.3,-16.7));
#13291=CARTESIAN_POINT('',(-16.6,16.3,-4.33680868994202E-16));
#13292=CARTESIAN_POINT('',(-16.6,16.3,-14.5));
#13293=CARTESIAN_POINT('',(-16.6,13.,-14.5));
#13294=CARTESIAN_POINT('',(-16.6,17.7928932188135,-14.5));
#13295=CARTESIAN_POINT('',(-16.6,22.6464466094067,-9.64644660940669));
#13296=CARTESIAN_POINT('',(-16.6,22.6464466094067,9.64644660940669));
#13297=CARTESIAN_POINT('',(-16.6,17.7928932188135,14.5));
#13298=CARTESIAN_POINT('',(-16.6,13.,14.5));
#13299=CARTESIAN_POINT('',(-16.6,16.3,14.5));
#13300=CARTESIAN_POINT('',(-16.6,16.3,-4.33680868994202E-16));
#13301=CARTESIAN_POINT('',(16.6,27.,25.5));
#13302=CARTESIAN_POINT('',(16.6,26.5,26.));
#13303=CARTESIAN_POINT('',(16.6,27.,25.5));
#13304=CARTESIAN_POINT('',(16.6,26.5,26.));
#13305=CARTESIAN_POINT('',(-5.5,19.5,26.));
#13306=CARTESIAN_POINT('',(-7.,19.5,26.));
#13307=CARTESIAN_POINT('',(5.5,19.5,26.));
#13308=CARTESIAN_POINT('',(4.,19.5,26.));
#13309=CARTESIAN_POINT('',(16.6,15.5,26.));
#13310=CARTESIAN_POINT('',(16.6,15.5,26.));
#13311=CARTESIAN_POINT('',(16.6,14.5,-25.));
#13312=CARTESIAN_POINT('',(16.6,15.5,-26.));
#13313=CARTESIAN_POINT('',(16.6,15.5,-26.));
#13314=CARTESIAN_POINT('',(-5.5,19.5,-26.));
#13315=CARTESIAN_POINT('',(-7.,19.5,-26.));
#13316=CARTESIAN_POINT('',(5.5,19.5,-26.));
#13317=CARTESIAN_POINT('',(4.,19.5,-26.));
#13318=CARTESIAN_POINT('',(16.6,26.5,-26.));
#13319=CARTESIAN_POINT('',(16.6,26.5,-26.));
#13320=CARTESIAN_POINT('',(16.6,27.,-25.5));
#13321=CARTESIAN_POINT('',(16.6,27.,-25.5));
#13322=CARTESIAN_POINT('',(-1.5,27.,-23.));
#13323=CARTESIAN_POINT('',(-1.5,27.,-23.));
#13324=CARTESIAN_POINT('',(-1.5,27.,-22.));
#13325=CARTESIAN_POINT('',(1.0842021724855E-16,27.,-23.));
#13326=CARTESIAN_POINT('',(1.5,27.,-23.));
#13327=CARTESIAN_POINT('',(1.5,27.,-22.));
#13328=CARTESIAN_POINT('',(1.5,27.,-22.));
#13329=CARTESIAN_POINT('',(0.,27.,-22.));
#13330=CARTESIAN_POINT('',(-10.,27.,-22.5));
#13331=CARTESIAN_POINT('',(-10.,27.,-24.5));
#13332=CARTESIAN_POINT('',(10.,27.,-22.5));
#13333=CARTESIAN_POINT('',(10.,27.,-24.5));
#13334=CARTESIAN_POINT('',(16.6,27.,-19.));
#13335=CARTESIAN_POINT('',(16.6,27.,-19.));
#13336=CARTESIAN_POINT('',(16.6,26.5,-18.5));
#13337=CARTESIAN_POINT('',(16.6,26.5,-18.5));
#13338=CARTESIAN_POINT('',(16.6,23.5,-18.5));
#13339=CARTESIAN_POINT('',(16.6,23.5,-16.5));
#13340=CARTESIAN_POINT('',(16.6,21.5,-16.5));
#13341=CARTESIAN_POINT('',(16.6,21.5,-16.5));
#13342=CARTESIAN_POINT('',(16.6,21.5,16.5));
#13343=CARTESIAN_POINT('',(16.6,23.5,16.5));
#13344=CARTESIAN_POINT('',(16.6,23.5,18.5));
#13345=CARTESIAN_POINT('',(16.6,23.5,18.5));
#13346=CARTESIAN_POINT('',(16.6,26.5,18.5));
#13347=CARTESIAN_POINT('',(16.6,26.5,18.5));
#13348=CARTESIAN_POINT('',(16.6,27.,19.));
#13349=CARTESIAN_POINT('',(16.6,27.,19.));
#13350=CARTESIAN_POINT('',(0.,27.,22.5));
#13351=CARTESIAN_POINT('',(1.5,27.,22.5));
#13352=CARTESIAN_POINT('',(10.,27.,22.5));
#13353=CARTESIAN_POINT('',(10.,27.,20.5));
#13354=CARTESIAN_POINT('',(-10.,27.,22.5));
#13355=CARTESIAN_POINT('',(-10.,27.,20.5));
#13356=CARTESIAN_POINT('',(22.3,16.3,14.5));
#13357=CARTESIAN_POINT('',(22.3,16.3,16.7));
#13358=CARTESIAN_POINT('',(22.3,16.3,14.5));
#13359=CARTESIAN_POINT('',(22.3,16.3,-16.7));
#13360=CARTESIAN_POINT('',(22.3,16.3,-14.5));
#13361=CARTESIAN_POINT('',(22.3,16.3,-16.7));
#13362=CARTESIAN_POINT('',(22.3,16.3,-14.5));
#13363=CARTESIAN_POINT('',(22.3,17.7928932188135,-14.5));
#13364=CARTESIAN_POINT('',(22.3,17.7928932188135,-14.5));
#13365=CARTESIAN_POINT('',(22.3,18.5,13.7928932188135));
#13366=CARTESIAN_POINT('',(22.3,17.7928932188135,14.5));
#13367=CARTESIAN_POINT('',(22.3,17.7928932188135,14.5));
#13368=CARTESIAN_POINT('',(22.3,16.3,14.5));
#13369=CARTESIAN_POINT('',(22.3,16.3,16.7));
#13370=CARTESIAN_POINT('',(22.3,16.3,14.5));
#13371=CARTESIAN_POINT('',(22.3,15.,16.7));
#13372=CARTESIAN_POINT('',(22.3,13.7,16.7));
#13373=CARTESIAN_POINT('',(22.3,13.7,16.7));
#13374=CARTESIAN_POINT('',(22.3,13.7,15.2));
#13375=CARTESIAN_POINT('',(22.3,13.7,15.2));
#13376=CARTESIAN_POINT('',(22.3,11.9649110640674,15.2));
#13377=CARTESIAN_POINT('',(22.3,10.7,14.9));
#13378=CARTESIAN_POINT('',(22.3,9.43508893593264,15.2));
#13379=CARTESIAN_POINT('',(22.3,9.43508893593265,15.2));
#13380=CARTESIAN_POINT('',(22.3,8.15999999999999,15.2));
#13381=CARTESIAN_POINT('',(22.3,8.15999999999999,15.2));
#13382=CARTESIAN_POINT('',(22.3,6.,11.4587702556512));
#13383=CARTESIAN_POINT('',(22.3,6.,11.4587702556512));
#13384=CARTESIAN_POINT('',(22.3,6.,-11.4587702556512));
#13385=CARTESIAN_POINT('',(22.3,6.,-11.4587702556512));
#13386=CARTESIAN_POINT('',(22.3,8.16,-15.2));
#13387=CARTESIAN_POINT('',(22.3,8.16,-15.2));
#13388=CARTESIAN_POINT('',(22.3,9.43508893593265,-15.2));
#13389=CARTESIAN_POINT('',(22.3,10.7,-14.9));
#13390=CARTESIAN_POINT('',(22.3,11.9649110640674,-15.2));
#13391=CARTESIAN_POINT('',(22.3,11.9649110640674,-15.2));
#13392=CARTESIAN_POINT('',(22.3,13.7,-15.2));
#13393=CARTESIAN_POINT('',(22.3,13.7,-15.2));
#13394=CARTESIAN_POINT('',(22.3,13.7,-16.7));
#13395=CARTESIAN_POINT('',(22.3,15.,-16.7));
#13396=CARTESIAN_POINT('',(22.3,16.3,-16.7));
#13397=CARTESIAN_POINT('',(22.3,16.3,-16.7));
#13398=CARTESIAN_POINT('',(22.3,16.3,-14.5));
#13399=CARTESIAN_POINT('',(22.3,16.3,-14.5));
#13400=CARTESIAN_POINT('',(22.3,17.7928932188135,-14.5));
#13401=CARTESIAN_POINT('',(22.3,17.7928932188135,-14.5));
#13402=CARTESIAN_POINT('',(22.3,18.5,13.7928932188135));
#13403=CARTESIAN_POINT('',(22.3,17.7928932188135,14.5));
#13404=CARTESIAN_POINT('',(22.3,13.,0.));
#13405=CARTESIAN_POINT('',(22.3,17.7928932188135,14.5));
#13406=CARTESIAN_POINT('',(-22.3,18.5,7.));
#13407=CARTESIAN_POINT('',(-28.5,18.1967694115908,4.18929239808443));
#13408=CARTESIAN_POINT('',(-26.4333389243792,18.2978460009461,4.23648399655505));
#13409=CARTESIAN_POINT('',(-24.3666720758961,18.3989228726415,4.28342084686946));
#13410=CARTESIAN_POINT('',(-22.3,18.5,4.33012701892219));
#13411=CARTESIAN_POINT('',(-32.3,13.,0.));
#13412=CARTESIAN_POINT('',(-28.5,13.,0.));
#13413=CARTESIAN_POINT('',(-22.3,13.,-3.5));
#13414=CARTESIAN_POINT('',(-28.5,13.,3.80000000000001));
#13415=CARTESIAN_POINT('',(28.5,18.1967694115908,7.));
#13416=CARTESIAN_POINT('',(28.5,18.1967694115908,-4.18929239808443));
#13417=CARTESIAN_POINT('',(26.4333389243792,18.2978460009461,-4.23648399655506));
#13418=CARTESIAN_POINT('',(24.3666720758961,18.3989228726415,-4.28342084686946));
#13419=CARTESIAN_POINT('',(22.3,18.5,-4.3301270189222));
#13420=CARTESIAN_POINT('',(22.3,13.,0.));
#13421=CARTESIAN_POINT('',(22.3,13.,0.));
#13422=CARTESIAN_POINT('',(22.3,13.,3.5));
#13423=CARTESIAN_POINT('',(28.5,13.,-3.8));
#13424=CARTESIAN_POINT('',(-28.5,13.,3.80000000000001));
#13425=CARTESIAN_POINT('',(-22.3,13.,-3.5));
#13426=CARTESIAN_POINT('',(28.5,13.,-3.8));
#13427=CARTESIAN_POINT('',(22.3,13.,3.5));
#13428=CARTESIAN_POINT('',(-10.,27.,22.5));
#13429=CARTESIAN_POINT('',(-10.,26.621,22.5));
#13430=CARTESIAN_POINT('',(-10.,26.621,20.879));
#13431=CARTESIAN_POINT('',(-10.,14.5,22.5));
#13432=CARTESIAN_POINT('',(-10.,14.879,22.5));
#13433=CARTESIAN_POINT('',(-10.,14.879,20.879));
#13434=CARTESIAN_POINT('',(-10.,14.879,22.5));
#13435=CARTESIAN_POINT('',(10.,27.,22.5));
#13436=CARTESIAN_POINT('',(10.,26.621,22.5));
#13437=CARTESIAN_POINT('',(10.,26.621,20.879));
#13438=CARTESIAN_POINT('',(10.,14.5,22.5));
#13439=CARTESIAN_POINT('',(10.,14.879,22.5));
#13440=CARTESIAN_POINT('',(10.,14.879,20.879));
#13441=CARTESIAN_POINT('',(10.,14.879,22.5));
#13442=CARTESIAN_POINT('',(10.,27.,-22.5));
#13443=CARTESIAN_POINT('',(10.,26.621,-22.5));
#13444=CARTESIAN_POINT('',(10.,26.621,-24.121));
#13445=CARTESIAN_POINT('',(10.,14.5,-22.5));
#13446=CARTESIAN_POINT('',(10.,14.879,-22.5));
#13447=CARTESIAN_POINT('',(10.,14.879,-24.121));
#13448=CARTESIAN_POINT('',(10.,14.879,-22.5));
#13449=CARTESIAN_POINT('',(-10.,27.,-22.5));
#13450=CARTESIAN_POINT('',(-10.,26.621,-22.5));
#13451=CARTESIAN_POINT('',(-10.,26.621,-24.121));
#13452=CARTESIAN_POINT('',(-10.,14.5,-22.5));
#13453=CARTESIAN_POINT('',(-10.,14.879,-22.5));
#13454=CARTESIAN_POINT('',(-10.,14.879,-24.121));
#13455=CARTESIAN_POINT('',(-10.,14.879,-22.5));
#13456=CARTESIAN_POINT('',(2.,19.7,23.5));
#13457=CARTESIAN_POINT('',(2.,19.2476460640899,23.5));
#13458=CARTESIAN_POINT('',(2.,19.2476460640899,22.7165));
#13459=CARTESIAN_POINT('',(2.,19.7,23.5));
#13460=CARTESIAN_POINT('',(2.,14.5,23.5));
#13461=CARTESIAN_POINT('',(2.,14.7165,23.5));
#13462=CARTESIAN_POINT('',(2.,14.7165,22.7165));
#13463=CARTESIAN_POINT('',(2.,14.7165,23.5));
#13464=CARTESIAN_POINT('',(2.,19.7,-23.5));
#13465=CARTESIAN_POINT('',(2.,19.2476460640899,-23.5));
#13466=CARTESIAN_POINT('',(2.,19.2476460640899,-24.2835));
#13467=CARTESIAN_POINT('',(2.,19.7,-23.5));
#13468=CARTESIAN_POINT('',(2.,14.5,-23.5));
#13469=CARTESIAN_POINT('',(2.,14.7165,-23.5));
#13470=CARTESIAN_POINT('',(2.,14.7165,-24.2835));
#13471=CARTESIAN_POINT('',(2.,14.7165,-23.5));
#13472=CARTESIAN_POINT('',(-2.,19.7,-23.5));
#13473=CARTESIAN_POINT('',(-2.,19.2476460640899,-23.5));
#13474=CARTESIAN_POINT('',(-2.,19.2476460640899,-24.2835));
#13475=CARTESIAN_POINT('',(-2.,19.7,-23.5));
#13476=CARTESIAN_POINT('',(-2.,14.5,-23.5));
#13477=CARTESIAN_POINT('',(-2.,14.7165,-23.5));
#13478=CARTESIAN_POINT('',(-2.,14.7165,-24.2835));
#13479=CARTESIAN_POINT('',(-2.,14.7165,-23.5));
#13480=CARTESIAN_POINT('',(-2.,19.7,23.5));
#13481=CARTESIAN_POINT('',(-2.,19.2476460640899,23.5));
#13482=CARTESIAN_POINT('',(-2.,19.2476460640899,22.7165));
#13483=CARTESIAN_POINT('',(-2.,19.7,23.5));
#13484=CARTESIAN_POINT('',(-2.,14.5,23.5));
#13485=CARTESIAN_POINT('',(-2.,14.7165,23.5));
#13486=CARTESIAN_POINT('',(-2.,14.7165,22.7165));
#13487=CARTESIAN_POINT('',(-2.,14.7165,23.5));
#13488=CARTESIAN_POINT('',(-23.2,14.2,-12.));
#13489=CARTESIAN_POINT('',(-23.2,14.2,-12.));
#13490=CARTESIAN_POINT('',(-23.2,14.2,-13.75));
#13491=CARTESIAN_POINT('',(23.2,14.2,-12.));
#13492=CARTESIAN_POINT('',(23.2,14.2,-12.));
#13493=CARTESIAN_POINT('',(23.2,14.2,-12.));
#13494=CARTESIAN_POINT('',(23.2,14.2,-13.75));
#13495=CARTESIAN_POINT('',(23.2,14.2,-12.));
#13496=CARTESIAN_POINT('',(-23.2,14.2,12.));
#13497=CARTESIAN_POINT('',(-23.2,14.2,12.));
#13498=CARTESIAN_POINT('',(-23.2,14.2,10.25));
#13499=CARTESIAN_POINT('',(23.2,14.2,12.));
#13500=CARTESIAN_POINT('',(23.2,14.2,12.));
#13501=CARTESIAN_POINT('',(23.2,14.2,12.));
#13502=CARTESIAN_POINT('',(23.2,14.2,10.25));
#13503=CARTESIAN_POINT('',(23.2,14.2,12.));
#13504=CARTESIAN_POINT('',(0.,23.,22.5));
#13505=CARTESIAN_POINT('',(0.,23.,22.5));
#13506=CARTESIAN_POINT('',(1.5,23.,22.5));
#13507=CARTESIAN_POINT('',(0.,23.,22.5));
#13508=CARTESIAN_POINT('',(1.0842021724855E-16,23.,-23.));
#13509=CARTESIAN_POINT('',(-1.5,23.,-23.));
#13510=CARTESIAN_POINT('',(-1.5,23.,-23.));
#13511=CARTESIAN_POINT('',(1.0842021724855E-16,23.,-23.));
#13512=CARTESIAN_POINT('',(1.5,23.,-23.));
#13513=CARTESIAN_POINT('',(1.5,23.,-23.));
#13514=CARTESIAN_POINT('',(-1.5,23.,-23.));
#13515=CARTESIAN_POINT('',(-1.5,23.,-22.));
#13516=CARTESIAN_POINT('',(-1.5,23.,-22.));
#13517=CARTESIAN_POINT('',(-1.5,23.,-23.));
#13518=CARTESIAN_POINT('',(0.,23.,-22.));
#13519=CARTESIAN_POINT('',(1.5,23.,-22.));
#13520=CARTESIAN_POINT('',(1.5,23.,-22.));
#13521=CARTESIAN_POINT('',(0.,23.,-22.));
#13522=CARTESIAN_POINT('',(1.5,23.,-22.));
#13523=CARTESIAN_POINT('',(1.5,23.,-22.));
#13524=CARTESIAN_POINT('',(1.0842021724855E-16,23.,-23.));
#13525=CARTESIAN_POINT('',(-21.9,16.2,-8.1));
#13526=CARTESIAN_POINT('',(-21.9,13.7,-8.1));
#13527=CARTESIAN_POINT('',(-21.9,13.7,-8.1));
#13528=CARTESIAN_POINT('',(-21.9,16.2,-8.1));
#13529=CARTESIAN_POINT('',(-21.9,16.2,-10.6));
#13530=CARTESIAN_POINT('',(-21.9,16.2,-10.6));
#13531=CARTESIAN_POINT('',(-21.9,16.2,-10.6));
#13532=CARTESIAN_POINT('',(-21.9,16.2,-10.6));
#13533=CARTESIAN_POINT('',(-21.9,18.5,-5.6));
#13534=CARTESIAN_POINT('',(-21.9,18.5,-5.6));
#13535=CARTESIAN_POINT('',(-21.9,16.2,-5.6));
#13536=CARTESIAN_POINT('',(-21.9,16.2,-5.6));
#13537=CARTESIAN_POINT('',(-21.9,16.2,-8.1));
#13538=CARTESIAN_POINT('',(-21.9,16.2,-8.1));
#13539=CARTESIAN_POINT('',(-21.9,16.2,-8.1));
#13540=CARTESIAN_POINT('',(-21.9,16.2,-8.1));
#13541=CARTESIAN_POINT('',(-21.9,16.2,-10.35));
#13542=CARTESIAN_POINT('',(29.3,16.2,8.1));
#13543=CARTESIAN_POINT('',(29.3,16.2,5.6));
#13544=CARTESIAN_POINT('',(21.9,16.2,5.6));
#13545=CARTESIAN_POINT('',(21.9,16.2,8.1));
#13546=CARTESIAN_POINT('',(21.9,13.7,8.1));
#13547=CARTESIAN_POINT('',(29.3,13.7,8.1));
#13548=CARTESIAN_POINT('',(29.3,16.2,5.6));
#13549=CARTESIAN_POINT('',(21.9,16.2,5.6));
#13550=CARTESIAN_POINT('',(29.3,18.5,10.6));
#13551=CARTESIAN_POINT('',(29.3,16.2,10.6));
#13552=CARTESIAN_POINT('',(21.9,16.2,10.6));
#13553=CARTESIAN_POINT('',(21.9,18.5,10.6));
#13554=CARTESIAN_POINT('',(29.3,16.2,8.1));
#13555=CARTESIAN_POINT('',(21.9,16.2,8.1));
#13556=CARTESIAN_POINT('',(21.9,16.2,8.1));
#13557=CARTESIAN_POINT('',(-25.15,16.2,-8.1));
#13558=CARTESIAN_POINT('',(-25.15,16.2,-8.1));
#13559=CARTESIAN_POINT('',(-25.15,16.2,-9.85));
#13560=CARTESIAN_POINT('',(-21.9,16.2,-8.1));
#13561=CARTESIAN_POINT('',(-23.4,16.2,-8.1));
#13562=CARTESIAN_POINT('',(-23.4,16.2,-9.85));
#13563=CARTESIAN_POINT('',(-23.4,17.95,-8.1));
#13564=CARTESIAN_POINT('',(-23.4,16.2,-8.1));
#13565=CARTESIAN_POINT('',(-23.4,16.2,-10.35));
#13566=CARTESIAN_POINT('',(-21.9,16.2,-8.1));
#13567=CARTESIAN_POINT('',(5.5,19.5,26.));
#13568=CARTESIAN_POINT('',(5.5,19.5,25.7295));
#13569=CARTESIAN_POINT('',(4.2705,19.5,25.7295));
#13570=CARTESIAN_POINT('',(5.5,19.5,18.0901478440314));
#13571=CARTESIAN_POINT('',(5.5,19.5,18.8));
#13572=CARTESIAN_POINT('',(4.2705,19.5,18.8));
#13573=CARTESIAN_POINT('',(5.5,19.5,18.8));
#13574=CARTESIAN_POINT('',(5.5,19.5,18.0901478440314));
#13575=CARTESIAN_POINT('',(-5.5,19.5,26.));
#13576=CARTESIAN_POINT('',(-5.5,19.5,25.7295));
#13577=CARTESIAN_POINT('',(-6.7295,19.5,25.7295));
#13578=CARTESIAN_POINT('',(-5.5,19.5,18.0901478440314));
#13579=CARTESIAN_POINT('',(-5.5,19.5,18.8));
#13580=CARTESIAN_POINT('',(-6.7295,19.5,18.8));
#13581=CARTESIAN_POINT('',(-5.5,19.5,18.8));
#13582=CARTESIAN_POINT('',(-5.5,19.5,18.0901478440314));
#13583=CARTESIAN_POINT('',(5.5,19.5,-18.0901478440314));
#13584=CARTESIAN_POINT('',(5.5,19.5,-18.8));
#13585=CARTESIAN_POINT('',(4.2705,19.5,-18.8));
#13586=CARTESIAN_POINT('',(5.5,19.5,-18.0901478440314));
#13587=CARTESIAN_POINT('',(5.5,19.5,-26.));
#13588=CARTESIAN_POINT('',(5.5,19.5,-25.7295));
#13589=CARTESIAN_POINT('',(4.2705,19.5,-25.7295));
#13590=CARTESIAN_POINT('',(5.5,19.5,-25.7295));
#13591=CARTESIAN_POINT('',(-5.5,19.5,-18.0901478440314));
#13592=CARTESIAN_POINT('',(-5.5,19.5,-18.8));
#13593=CARTESIAN_POINT('',(-6.7295,19.5,-18.8));
#13594=CARTESIAN_POINT('',(-5.5,19.5,-18.0901478440314));
#13595=CARTESIAN_POINT('',(-5.5,19.5,-26.));
#13596=CARTESIAN_POINT('',(-5.5,19.5,-25.7295));
#13597=CARTESIAN_POINT('',(-6.7295,19.5,-25.7295));
#13598=CARTESIAN_POINT('',(-5.5,19.5,-25.7295));
#13599=CARTESIAN_POINT('',(96.,0.,0.));
#13600=CARTESIAN_POINT('',(155.5,25.,17.5));
#13601=CARTESIAN_POINT('',(43.5,25.,-12.5));
#13602=CARTESIAN_POINT('',(43.5,25.,-16.5));
#13603=CARTESIAN_POINT('',(151.,25.,-12.5));
#13604=CARTESIAN_POINT('',(151.,25.,-16.5));
#13605=CARTESIAN_POINT('',(151.,25.,12.5));
#13606=CARTESIAN_POINT('',(151.,25.,8.5));
#13607=CARTESIAN_POINT('',(43.5,25.,12.5));
#13608=CARTESIAN_POINT('',(43.5,25.,8.5));
#13609=CARTESIAN_POINT('',(155.5,25.,-17.5));
#13610=CARTESIAN_POINT('',(155.5,25.,-17.5));
#13611=CARTESIAN_POINT('',(39.,25.,-17.5));
#13612=CARTESIAN_POINT('',(39.,25.,17.5));
#13613=CARTESIAN_POINT('',(39.,25.,17.5));
#13614=CARTESIAN_POINT('',(155.5,25.,17.5));
#13615=CARTESIAN_POINT('',(155.5,25.,17.5));
#13616=CARTESIAN_POINT('',(155.5,25.,17.5));
#13617=CARTESIAN_POINT('',(39.,25.,17.5));
#13618=CARTESIAN_POINT('',(39.,25.,-17.5));
#13619=CARTESIAN_POINT('',(39.,23.,-17.5));
#13620=CARTESIAN_POINT('',(39.,23.,17.5));
#13621=CARTESIAN_POINT('',(39.,23.,17.5));
#13622=CARTESIAN_POINT('',(39.,25.,17.5));
#13623=CARTESIAN_POINT('',(39.,23.,17.5));
#13624=CARTESIAN_POINT('',(39.,23.,-17.5));
#13625=CARTESIAN_POINT('',(155.5,23.,-17.5));
#13626=CARTESIAN_POINT('',(155.5,23.,17.5));
#13627=CARTESIAN_POINT('',(155.5,23.,17.5));
#13628=CARTESIAN_POINT('',(39.,23.,17.5));
#13629=CARTESIAN_POINT('',(155.5,23.,17.5));
#13630=CARTESIAN_POINT('',(155.5,23.,-17.5));
#13631=CARTESIAN_POINT('',(155.5,23.,17.5));
#13632=CARTESIAN_POINT('',(0.,0.,17.5));
#13633=CARTESIAN_POINT('',(0.,0.,-17.5));
#13634=CARTESIAN_POINT('',(43.5,26.2,12.5));
#13635=CARTESIAN_POINT('',(43.5,26.2,12.5));
#13636=CARTESIAN_POINT('',(43.5,26.2,10.6));
#13637=CARTESIAN_POINT('',(43.5,25.,12.5));
#13638=CARTESIAN_POINT('',(43.5,25.8,12.5));
#13639=CARTESIAN_POINT('',(43.5,25.8,10.6));
#13640=CARTESIAN_POINT('',(43.5,25.8,12.5));
#13641=CARTESIAN_POINT('',(43.5,25.55,12.5));
#13642=CARTESIAN_POINT('',(43.5,25.55,8.5));
#13643=CARTESIAN_POINT('',(43.5,25.,12.5));
#13644=CARTESIAN_POINT('',(151.,26.2,12.5));
#13645=CARTESIAN_POINT('',(151.,26.2,12.5));
#13646=CARTESIAN_POINT('',(151.,26.2,10.6));
#13647=CARTESIAN_POINT('',(151.,25.,12.5));
#13648=CARTESIAN_POINT('',(151.,25.8,12.5));
#13649=CARTESIAN_POINT('',(151.,25.8,10.6));
#13650=CARTESIAN_POINT('',(151.,25.8,12.5));
#13651=CARTESIAN_POINT('',(151.,25.55,12.5));
#13652=CARTESIAN_POINT('',(151.,25.55,8.5));
#13653=CARTESIAN_POINT('',(151.,25.,12.5));
#13654=CARTESIAN_POINT('',(151.,26.2,-12.5));
#13655=CARTESIAN_POINT('',(151.,26.2,-12.5));
#13656=CARTESIAN_POINT('',(151.,26.2,-14.4));
#13657=CARTESIAN_POINT('',(151.,25.,-12.5));
#13658=CARTESIAN_POINT('',(151.,25.8,-12.5));
#13659=CARTESIAN_POINT('',(151.,25.8,-14.4));
#13660=CARTESIAN_POINT('',(151.,25.8,-12.5));
#13661=CARTESIAN_POINT('',(151.,25.55,-12.5));
#13662=CARTESIAN_POINT('',(151.,25.55,-16.5));
#13663=CARTESIAN_POINT('',(151.,25.,-12.5));
#13664=CARTESIAN_POINT('',(43.5,26.2,-12.5));
#13665=CARTESIAN_POINT('',(43.5,26.2,-12.5));
#13666=CARTESIAN_POINT('',(43.5,26.2,-14.4));
#13667=CARTESIAN_POINT('',(43.5,25.,-12.5));
#13668=CARTESIAN_POINT('',(43.5,25.8,-12.5));
#13669=CARTESIAN_POINT('',(43.5,25.8,-14.4));
#13670=CARTESIAN_POINT('',(43.5,25.8,-12.5));
#13671=CARTESIAN_POINT('',(43.5,25.55,-12.5));
#13672=CARTESIAN_POINT('',(43.5,25.55,-16.5));
#13673=CARTESIAN_POINT('',(43.5,25.,-12.5));
#13674=CARTESIAN_POINT('',(0.,0.,0.));
#13675=CARTESIAN_POINT('',(0.,0.,-6.5));
#13676=CARTESIAN_POINT('',(11.0590241033454,10.1340014743252,3.4));
#13677=CARTESIAN_POINT('',(11.0590241033454,10.1340014743252,3.5));
#13678=CARTESIAN_POINT('',(11.0590241033454,10.1340014743252,6.));
#13679=CARTESIAN_POINT('',(0.,0.,6.));
#13680=CARTESIAN_POINT('',(-11.0590241033454,10.1340014743252,6.));
#13681=CARTESIAN_POINT('',(-11.0590241033454,10.1340014743252,3.4));
#13682=CARTESIAN_POINT('',(-11.0590241033454,10.1340014743252,3.5));
#13683=CARTESIAN_POINT('',(0.,0.,3.5));
#13684=CARTESIAN_POINT('',(0.,0.,-6.5));
#13685=CARTESIAN_POINT('',(-14.3058147704273,4.5103950773989,3.4));
#13686=CARTESIAN_POINT('',(-14.3058147704273,4.5103950773989,3.5));
#13687=CARTESIAN_POINT('',(-14.3058147704273,4.5103950773989,6.));
#13688=CARTESIAN_POINT('',(0.,0.,6.));
#13689=CARTESIAN_POINT('',(-14.3058147704273,-4.51039507739891,6.));
#13690=CARTESIAN_POINT('',(-14.3058147704273,-4.51039507739891,3.4));
#13691=CARTESIAN_POINT('',(-14.3058147704273,-4.51039507739891,3.5));
#13692=CARTESIAN_POINT('',(0.,0.,3.5));
#13693=CARTESIAN_POINT('',(0.,0.,-6.5));
#13694=CARTESIAN_POINT('',(-11.0590241033454,-10.1340014743252,3.4));
#13695=CARTESIAN_POINT('',(-11.0590241033454,-10.1340014743252,3.5));
#13696=CARTESIAN_POINT('',(-11.0590241033454,-10.1340014743252,6.));
#13697=CARTESIAN_POINT('',(0.,0.,6.));
#13698=CARTESIAN_POINT('',(11.0590241033454,-10.1340014743252,6.));
#13699=CARTESIAN_POINT('',(11.0590241033454,-10.1340014743252,3.4));
#13700=CARTESIAN_POINT('',(11.0590241033454,-10.1340014743252,3.5));
#13701=CARTESIAN_POINT('',(0.,0.,3.5));
#13702=CARTESIAN_POINT('',(0.,0.,-6.5));
#13703=CARTESIAN_POINT('',(14.3058147704273,-4.51039507739891,3.4));
#13704=CARTESIAN_POINT('',(14.3058147704273,-4.51039507739891,3.5));
#13705=CARTESIAN_POINT('',(14.3058147704273,-4.51039507739891,6.));
#13706=CARTESIAN_POINT('',(0.,0.,6.));
#13707=CARTESIAN_POINT('',(14.3058147704273,4.51039507739891,6.));
#13708=CARTESIAN_POINT('',(14.3058147704273,4.51039507739891,3.4));
#13709=CARTESIAN_POINT('',(14.3058147704273,4.51039507739891,3.5));
#13710=CARTESIAN_POINT('',(0.,0.,3.5));
#13711=CARTESIAN_POINT('',(-12.5573683548744,-7.25,-6.5));
#13712=CARTESIAN_POINT('',(-12.5573683548744,-7.25,0.300000000000002));
#13713=CARTESIAN_POINT('',(-15.8073683548744,-7.25,0.300000000000002));
#13714=CARTESIAN_POINT('',(-12.5573683548744,-7.25,6.5));
#13715=CARTESIAN_POINT('',(-11.5477622591805,-10.3392062947524,6.5));
#13716=CARTESIAN_POINT('',(-14.7278964358138,-4.83105232593727,6.5));
#13717=CARTESIAN_POINT('',(-11.5477622591805,-10.3392062947524,6.5));
#13718=CARTESIAN_POINT('',(-11.3771373174217,-10.2834431100244,6.33568494622765));
#13719=CARTESIAN_POINT('',(-11.2143500884414,-10.2146990048063,6.16903618039484));
#13720=CARTESIAN_POINT('',(-11.0590241033454,-10.1340014743252,6.));
#13721=CARTESIAN_POINT('',(-12.5573683548744,-7.25,3.5));
#13722=CARTESIAN_POINT('',(-14.3058147704273,-4.51039507739891,6.));
#13723=CARTESIAN_POINT('',(-14.4533638743946,-4.60456256111942,6.16903618039484));
#13724=CARTESIAN_POINT('',(-14.5942916303641,-4.71116838421893,6.33568494622765));
#13725=CARTESIAN_POINT('',(-14.7278964358138,-4.83105232593727,6.5));
#13726=CARTESIAN_POINT('',(12.5573683548744,7.25,-6.5));
#13727=CARTESIAN_POINT('',(12.5573683548744,7.25,0.300000000000002));
#13728=CARTESIAN_POINT('',(9.30736835487436,7.25,0.300000000000002));
#13729=CARTESIAN_POINT('',(12.5573683548744,7.25,6.5));
#13730=CARTESIAN_POINT('',(11.5477622591805,10.3392062947524,6.5));
#13731=CARTESIAN_POINT('',(14.7278964358138,4.83105232593727,6.5));
#13732=CARTESIAN_POINT('',(11.5477622591805,10.3392062947524,6.5));
#13733=CARTESIAN_POINT('',(11.3771373174217,10.2834431100244,6.33568494622765));
#13734=CARTESIAN_POINT('',(11.2143500884414,10.2146990048063,6.16903618039484));
#13735=CARTESIAN_POINT('',(11.0590241033454,10.1340014743252,6.));
#13736=CARTESIAN_POINT('',(12.5573683548744,7.25,3.5));
#13737=CARTESIAN_POINT('',(14.3058147704273,4.51039507739891,6.));
#13738=CARTESIAN_POINT('',(14.4533638743946,4.60456256111942,6.16903618039484));
#13739=CARTESIAN_POINT('',(14.5942916303641,4.71116838421893,6.33568494622765));
#13740=CARTESIAN_POINT('',(14.7278964358138,4.83105232593727,6.5));
#13741=CARTESIAN_POINT('',(12.5573683548744,-7.25,-6.5));
#13742=CARTESIAN_POINT('',(12.5573683548744,-7.25,0.300000000000002));
#13743=CARTESIAN_POINT('',(9.30736835487436,-7.25,0.300000000000002));
#13744=CARTESIAN_POINT('',(12.5573683548744,-7.25,6.5));
#13745=CARTESIAN_POINT('',(14.7278964358138,-4.83105232593727,6.5));
#13746=CARTESIAN_POINT('',(11.5477622591805,-10.3392062947524,6.5));
#13747=CARTESIAN_POINT('',(14.7278964358138,-4.83105232593727,6.5));
#13748=CARTESIAN_POINT('',(14.5942916303641,-4.71116838421892,6.33568494622765));
#13749=CARTESIAN_POINT('',(14.4533638743946,-4.60456256111941,6.16903618039484));
#13750=CARTESIAN_POINT('',(14.3058147704273,-4.51039507739891,6.));
#13751=CARTESIAN_POINT('',(12.5573683548744,-7.25,3.5));
#13752=CARTESIAN_POINT('',(11.0590241033454,-10.1340014743252,6.));
#13753=CARTESIAN_POINT('',(11.2143500884414,-10.2146990048063,6.16903618039484));
#13754=CARTESIAN_POINT('',(11.3771373174217,-10.2834431100244,6.33568494622765));
#13755=CARTESIAN_POINT('',(11.5477622591805,-10.3392062947524,6.5));
#13756=CARTESIAN_POINT('',(-12.5573683548744,7.25,-6.5));
#13757=CARTESIAN_POINT('',(-12.5573683548744,7.25,0.300000000000002));
#13758=CARTESIAN_POINT('',(-15.8073683548744,7.25,0.300000000000002));
#13759=CARTESIAN_POINT('',(-12.5573683548744,7.25,6.5));
#13760=CARTESIAN_POINT('',(-14.7278964358138,4.83105232593727,6.5));
#13761=CARTESIAN_POINT('',(-11.5477622591805,10.3392062947524,6.5));
#13762=CARTESIAN_POINT('',(-14.7278964358138,4.83105232593727,6.5));
#13763=CARTESIAN_POINT('',(-14.5942916303641,4.71116838421892,6.33568494622765));
#13764=CARTESIAN_POINT('',(-14.4533638743946,4.60456256111941,6.16903618039484));
#13765=CARTESIAN_POINT('',(-14.3058147704273,4.5103950773989,6.));
#13766=CARTESIAN_POINT('',(-12.5573683548744,7.25,3.5));
#13767=CARTESIAN_POINT('',(-11.0590241033454,10.1340014743252,6.));
#13768=CARTESIAN_POINT('',(-11.2143500884414,10.2146990048063,6.16903618039484));
#13769=CARTESIAN_POINT('',(-11.3771373174217,10.2834431100244,6.33568494622765));
#13770=CARTESIAN_POINT('',(-11.5477622591805,10.3392062947524,6.5));
#13771=CARTESIAN_POINT('',(-20.,18.,6.5));
#13772=CARTESIAN_POINT('',(-20.,18.,-6.5));
#13773=CARTESIAN_POINT('',(-20.,18.,-6.5));
#13774=CARTESIAN_POINT('',(-20.,-18.,-6.5));
#13775=CARTESIAN_POINT('',(-20.,-18.,6.5));
#13776=CARTESIAN_POINT('',(-20.,-18.,6.5));
#13777=CARTESIAN_POINT('',(-20.,18.,6.5));
#13778=CARTESIAN_POINT('',(-20.,18.,6.5));
#13779=CARTESIAN_POINT('',(-20.,18.,6.5));
#13780=CARTESIAN_POINT('',(-20.,-18.,6.5));
#13781=CARTESIAN_POINT('',(-20.,-18.,-6.5));
#13782=CARTESIAN_POINT('',(-18.,-20.,-6.5));
#13783=CARTESIAN_POINT('',(-18.,-20.,6.5));
#13784=CARTESIAN_POINT('',(-18.,-20.,6.5));
#13785=CARTESIAN_POINT('',(-20.,-18.,6.5));
#13786=CARTESIAN_POINT('',(-18.,-20.,6.5));
#13787=CARTESIAN_POINT('',(-18.,-20.,-6.5));
#13788=CARTESIAN_POINT('',(18.,-20.,-6.5));
#13789=CARTESIAN_POINT('',(18.,-20.,6.5));
#13790=CARTESIAN_POINT('',(18.,-20.,6.5));
#13791=CARTESIAN_POINT('',(-18.,-20.,6.5));
#13792=CARTESIAN_POINT('',(18.,-20.,6.5));
#13793=CARTESIAN_POINT('',(18.,-20.,-6.5));
#13794=CARTESIAN_POINT('',(20.,-18.,-6.5));
#13795=CARTESIAN_POINT('',(20.,-18.,6.5));
#13796=CARTESIAN_POINT('',(20.,-18.,6.5));
#13797=CARTESIAN_POINT('',(18.,-20.,6.5));
#13798=CARTESIAN_POINT('',(20.,-18.,6.5));
#13799=CARTESIAN_POINT('',(20.,-18.,-6.5));
#13800=CARTESIAN_POINT('',(20.,18.,-6.5));
#13801=CARTESIAN_POINT('',(20.,18.,6.5));
#13802=CARTESIAN_POINT('',(20.,18.,6.5));
#13803=CARTESIAN_POINT('',(20.,-18.,6.5));
#13804=CARTESIAN_POINT('',(20.,18.,6.5));
#13805=CARTESIAN_POINT('',(20.,18.,-6.5));
#13806=CARTESIAN_POINT('',(18.,20.,-6.5));
#13807=CARTESIAN_POINT('',(18.,20.,6.5));
#13808=CARTESIAN_POINT('',(18.,20.,6.5));
#13809=CARTESIAN_POINT('',(20.,18.,6.5));
#13810=CARTESIAN_POINT('',(18.,20.,6.5));
#13811=CARTESIAN_POINT('',(18.,20.,-6.5));
#13812=CARTESIAN_POINT('',(-18.,20.,-6.5));
#13813=CARTESIAN_POINT('',(-18.,20.,6.5));
#13814=CARTESIAN_POINT('',(-18.,20.,6.5));
#13815=CARTESIAN_POINT('',(18.,20.,6.5));
#13816=CARTESIAN_POINT('',(-18.,20.,6.5));
#13817=CARTESIAN_POINT('',(-18.,20.,-6.5));
#13818=CARTESIAN_POINT('',(-18.,20.,6.5));
#13819=CARTESIAN_POINT('',(0.,0.,6.5));
#13820=CARTESIAN_POINT('',(16.2634559672906,-16.2634559672906,6.5));
#13821=CARTESIAN_POINT('',(14.2634559672906,-16.2634559672906,6.5));
#13822=CARTESIAN_POINT('',(-16.2634559672906,-16.2634559672906,6.5));
#13823=CARTESIAN_POINT('',(-18.2634559672906,-16.2634559672906,6.5));
#13824=CARTESIAN_POINT('',(-16.2634559672906,16.2634559672906,6.5));
#13825=CARTESIAN_POINT('',(-18.2634559672906,16.2634559672906,6.5));
#13826=CARTESIAN_POINT('',(16.2634559672906,16.2634559672906,6.5));
#13827=CARTESIAN_POINT('',(14.2634559672906,16.2634559672906,6.5));
#13828=CARTESIAN_POINT('',(0.,0.,6.5));
#13829=CARTESIAN_POINT('',(0.,0.,6.5));
#13830=CARTESIAN_POINT('',(0.,0.,6.5));
#13831=CARTESIAN_POINT('',(0.,0.,6.5));
#13832=CARTESIAN_POINT('',(0.,0.,-6.5));
#13833=CARTESIAN_POINT('',(-12.5573683548744,7.25,-6.5));
#13834=CARTESIAN_POINT('',(-14.2573683548744,7.25,-6.5));
#13835=CARTESIAN_POINT('',(12.5573683548744,-7.25,-6.5));
#13836=CARTESIAN_POINT('',(10.8573683548744,-7.25,-6.5));
#13837=CARTESIAN_POINT('',(12.5573683548744,7.25,-6.5));
#13838=CARTESIAN_POINT('',(10.8573683548744,7.25,-6.5));
#13839=CARTESIAN_POINT('',(-12.5573683548744,-7.25,-6.5));
#13840=CARTESIAN_POINT('',(-14.2573683548744,-7.25,-6.5));
#13841=CARTESIAN_POINT('',(16.2634559672906,-16.2634559672906,-6.5));
#13842=CARTESIAN_POINT('',(14.2634559672906,-16.2634559672906,-6.5));
#13843=CARTESIAN_POINT('',(-16.2634559672906,-16.2634559672906,-6.5));
#13844=CARTESIAN_POINT('',(-18.2634559672906,-16.2634559672906,-6.5));
#13845=CARTESIAN_POINT('',(-16.2634559672906,16.2634559672906,-6.5));
#13846=CARTESIAN_POINT('',(-18.2634559672906,16.2634559672906,-6.5));
#13847=CARTESIAN_POINT('',(16.2634559672906,16.2634559672906,-6.5));
#13848=CARTESIAN_POINT('',(14.2634559672906,16.2634559672906,-6.5));
#13849=CARTESIAN_POINT('',(0.,0.,-6.5));
#13850=CARTESIAN_POINT('',(-10.5,0.,-6.5));
#13851=CARTESIAN_POINT('',(0.,15.,3.5));
#13852=CARTESIAN_POINT('',(0.,0.,3.5));
#13853=CARTESIAN_POINT('',(-10.5,0.,3.5));
#13854=CARTESIAN_POINT('',(0.,0.,-6.5));
#13855=CARTESIAN_POINT('',(16.2634559672906,16.2634559672906,6.5));
#13856=CARTESIAN_POINT('',(16.2634559672906,16.2634559672906,6.121));
#13857=CARTESIAN_POINT('',(14.6424559672906,16.2634559672906,6.121));
#13858=CARTESIAN_POINT('',(16.2634559672906,16.2634559672906,-6.5));
#13859=CARTESIAN_POINT('',(16.2634559672906,16.2634559672906,-6.121));
#13860=CARTESIAN_POINT('',(14.6424559672906,16.2634559672906,-6.121));
#13861=CARTESIAN_POINT('',(16.2634559672906,16.2634559672906,-6.121));
#13862=CARTESIAN_POINT('',(-16.2634559672906,16.2634559672906,6.5));
#13863=CARTESIAN_POINT('',(-16.2634559672906,16.2634559672906,6.121));
#13864=CARTESIAN_POINT('',(-17.8844559672906,16.2634559672906,6.121));
#13865=CARTESIAN_POINT('',(-16.2634559672906,16.2634559672906,-6.5));
#13866=CARTESIAN_POINT('',(-16.2634559672906,16.2634559672906,-6.121));
#13867=CARTESIAN_POINT('',(-17.8844559672906,16.2634559672906,-6.121));
#13868=CARTESIAN_POINT('',(-16.2634559672906,16.2634559672906,-6.121));
#13869=CARTESIAN_POINT('',(-16.2634559672906,-16.2634559672906,6.5));
#13870=CARTESIAN_POINT('',(-16.2634559672906,-16.2634559672906,6.121));
#13871=CARTESIAN_POINT('',(-17.8844559672906,-16.2634559672906,6.121));
#13872=CARTESIAN_POINT('',(-16.2634559672906,-16.2634559672906,-6.5));
#13873=CARTESIAN_POINT('',(-16.2634559672906,-16.2634559672906,-6.121));
#13874=CARTESIAN_POINT('',(-17.8844559672906,-16.2634559672906,-6.121));
#13875=CARTESIAN_POINT('',(-16.2634559672906,-16.2634559672906,-6.121));
#13876=CARTESIAN_POINT('',(16.2634559672906,-16.2634559672906,6.5));
#13877=CARTESIAN_POINT('',(16.2634559672906,-16.2634559672906,6.121));
#13878=CARTESIAN_POINT('',(14.6424559672906,-16.2634559672906,6.121));
#13879=CARTESIAN_POINT('',(16.2634559672906,-16.2634559672906,-6.5));
#13880=CARTESIAN_POINT('',(16.2634559672906,-16.2634559672906,-6.121));
#13881=CARTESIAN_POINT('',(14.6424559672906,-16.2634559672906,-6.121));
#13882=CARTESIAN_POINT('',(16.2634559672906,-16.2634559672906,-6.121));
#13883=CARTESIAN_POINT('',(-9.74278579257493,-5.625,0.300000000000001));
#13884=CARTESIAN_POINT('',(-12.5573683548744,-7.25,0.3));
#13885=CARTESIAN_POINT('',(-14.2573683548744,-7.25,0.3));
#13886=CARTESIAN_POINT('',(-12.5573683548744,-7.25,-6.5));
#13887=CARTESIAN_POINT('',(15.3719509171738,8.875,0.300000000000001));
#13888=CARTESIAN_POINT('',(12.5573683548744,7.25,0.3));
#13889=CARTESIAN_POINT('',(10.8573683548744,7.25,0.3));
#13890=CARTESIAN_POINT('',(12.5573683548744,7.25,-6.5));
#13891=CARTESIAN_POINT('',(15.3719509171738,-5.625,0.300000000000001));
#13892=CARTESIAN_POINT('',(12.5573683548744,-7.25,0.3));
#13893=CARTESIAN_POINT('',(10.8573683548744,-7.25,0.3));
#13894=CARTESIAN_POINT('',(12.5573683548744,-7.25,-6.5));
#13895=CARTESIAN_POINT('',(-9.74278579257494,8.875,0.300000000000001));
#13896=CARTESIAN_POINT('',(-12.5573683548744,7.25,0.3));
#13897=CARTESIAN_POINT('',(-14.2573683548744,7.25,0.3));
#13898=CARTESIAN_POINT('',(-12.5573683548744,7.25,-6.5));
#13899=CARTESIAN_POINT('',(0.,0.,6.5));
#13900=CARTESIAN_POINT('',(0.,0.,6.5));
#13901=CARTESIAN_POINT('',(0.,0.,6.5));
#13902=CARTESIAN_POINT('',(0.,0.,6.5));
#13903=CARTESIAN_POINT('',(-6.5,13.,9.74843858730208E-32));
#13904=CARTESIAN_POINT('',(-3.,0.,0.));
#13905=CARTESIAN_POINT('',(-3.,0.,0.));
#13906=CARTESIAN_POINT('',(-3.,0.,-2.45));
#13907=CARTESIAN_POINT('',(-3.,-1.44337567297406,0.));
#13908=CARTESIAN_POINT('',(-3.,-1.44337567297406,0.));
#13909=CARTESIAN_POINT('',(-3.,-0.721687836487032,-1.25));
#13910=CARTESIAN_POINT('',(-3.,-0.721687836487032,-1.25));
#13911=CARTESIAN_POINT('',(-3.,0.721687836487032,-1.25));
#13912=CARTESIAN_POINT('',(-3.,0.721687836487032,-1.25));
#13913=CARTESIAN_POINT('',(-3.,1.44337567297406,0.));
#13914=CARTESIAN_POINT('',(-3.,1.44337567297406,0.));
#13915=CARTESIAN_POINT('',(-3.,0.721687836487032,1.25));
#13916=CARTESIAN_POINT('',(-3.,0.721687836487032,1.25));
#13917=CARTESIAN_POINT('',(-3.,-0.721687836487032,1.25));
#13918=CARTESIAN_POINT('',(-3.,-0.721687836487032,1.25));
#13919=CARTESIAN_POINT('',(-3.,0.,0.));
#13920=CARTESIAN_POINT('',(-2.7,0.,0.));
#13921=CARTESIAN_POINT('',(-2.7,0.,-2.75));
#13922=CARTESIAN_POINT('',(12.,0.,0.));
#13923=CARTESIAN_POINT('',(0.,0.,0.));
#13924=CARTESIAN_POINT('',(0.,0.,-2.75));
#13925=CARTESIAN_POINT('',(-2.16840434497101E-16,2.75,0.));
#13926=CARTESIAN_POINT('',(0.,0.,0.));
#13927=CARTESIAN_POINT('',(0.,0.,-1.5));
#13928=CARTESIAN_POINT('',(12.,0.,0.));
#13929=CARTESIAN_POINT('',(11.6935,0.,0.));
#13930=CARTESIAN_POINT('',(11.6935,0.,-1.5));
#13931=CARTESIAN_POINT('',(11.6935,0.,0.));
#13932=CARTESIAN_POINT('',(12.,0.,0.));
#13933=CARTESIAN_POINT('',(12.,0.,-1.1935));
#13934=CARTESIAN_POINT('',(12.,1.1935,0.));
#13935=CARTESIAN_POINT('',(-1.5,0.721687836487032,1.25));
#13936=CARTESIAN_POINT('',(-1.5,0.721687836487032,1.25));
#13937=CARTESIAN_POINT('',(-1.5,0.721687836487032,1.25));
#13938=CARTESIAN_POINT('',(-1.5,0.721687836487032,1.25));
#13939=CARTESIAN_POINT('',(-1.5,0.,1.25));
#13940=CARTESIAN_POINT('',(-1.5,0.721687836487032,1.25));
#13941=CARTESIAN_POINT('',(-1.5,-0.721687836487032,1.25));
#13942=CARTESIAN_POINT('',(-1.5,-0.721687836487032,1.25));
#13943=CARTESIAN_POINT('',(-1.5,-0.721687836487032,1.25));
#13944=CARTESIAN_POINT('',(-1.5,-0.721687836487032,1.25));
#13945=CARTESIAN_POINT('',(-1.5,-1.08253175473055,0.625));
#13946=CARTESIAN_POINT('',(-1.5,-0.721687836487032,1.25));
#13947=CARTESIAN_POINT('',(-1.5,-1.44337567297406,0.));
#13948=CARTESIAN_POINT('',(-1.5,-1.44337567297406,0.));
#13949=CARTESIAN_POINT('',(-1.5,-1.44337567297406,0.));
#13950=CARTESIAN_POINT('',(-1.5,-1.44337567297406,0.));
#13951=CARTESIAN_POINT('',(-1.5,-1.08253175473055,-0.625));
#13952=CARTESIAN_POINT('',(-1.5,-1.44337567297406,0.));
#13953=CARTESIAN_POINT('',(-1.5,-0.721687836487032,-1.25));
#13954=CARTESIAN_POINT('',(-1.5,-0.721687836487032,-1.25));
#13955=CARTESIAN_POINT('',(-1.5,-0.721687836487032,-1.25));
#13956=CARTESIAN_POINT('',(-1.5,-0.721687836487032,-1.25));
#13957=CARTESIAN_POINT('',(-1.5,0.,-1.25));
#13958=CARTESIAN_POINT('',(-1.5,-0.721687836487032,-1.25));
#13959=CARTESIAN_POINT('',(-1.5,0.721687836487032,-1.25));
#13960=CARTESIAN_POINT('',(-1.5,0.721687836487032,-1.25));
#13961=CARTESIAN_POINT('',(-1.5,0.721687836487032,-1.25));
#13962=CARTESIAN_POINT('',(-1.5,0.721687836487032,-1.25));
#13963=CARTESIAN_POINT('',(-1.5,1.08253175473055,-0.625));
#13964=CARTESIAN_POINT('',(-1.5,0.721687836487032,-1.25));
#13965=CARTESIAN_POINT('',(-1.5,1.44337567297406,0.));
#13966=CARTESIAN_POINT('',(-1.5,1.44337567297406,0.));
#13967=CARTESIAN_POINT('',(-1.5,1.44337567297406,0.));
#13968=CARTESIAN_POINT('',(-1.5,1.44337567297406,0.));
#13969=CARTESIAN_POINT('',(-1.5,1.08253175473055,0.625));
#13970=CARTESIAN_POINT('',(-1.5,1.44337567297406,0.));
#13971=CARTESIAN_POINT('',(-1.5,0.,0.));
#13972=CARTESIAN_POINT('',(-1.5,0.,0.));
#13973=CARTESIAN_POINT('',(-1.5,0.,0.));
#13974=CARTESIAN_POINT('',(-1.5,0.,0.));
#13975=CARTESIAN_POINT('',(-1.5,0.,0.));
#13976=CARTESIAN_POINT('',(-1.5,0.,0.));
#13977=CARTESIAN_POINT('',(-1.5,0.,0.));
#13978=CARTESIAN_POINT('',(-1.5,0.,0.));
#13979=CARTESIAN_POINT('',(-1.5,0.,0.));
#13980=CARTESIAN_POINT('',(-1.5,0.,0.));
#13981=CARTESIAN_POINT('',(-1.5,0.,0.));
#13982=CARTESIAN_POINT('',(-1.5,0.,0.));
#13983=CARTESIAN_POINT('',(-1.5,0.,0.));
#13984=CARTESIAN_POINT('',(-1.1650635094611,0.,0.));
#13985=CARTESIAN_POINT('',(-6.8,20.25,12.5573683548744));
#13986=CARTESIAN_POINT('',(-6.8,5.75,12.5573683548744));
#13987=CARTESIAN_POINT('',(-6.8,5.74999999999999,-12.5573683548744));
#13988=CARTESIAN_POINT('',(-6.8,20.25,-12.5573683548744));
#13989=MECHANICAL_DESIGN_GEOMETRIC_PRESENTATION_REPRESENTATION('',(#8303,
#8304,#8305,#8306,#8307),#13990);
#13990=(
GEOMETRIC_REPRESENTATION_CONTEXT(3)
GLOBAL_UNCERTAINTY_ASSIGNED_CONTEXT((#13996))
GLOBAL_UNIT_ASSIGNED_CONTEXT((#14004,#14003,#14002))
REPRESENTATION_CONTEXT('LX2005CG-B1-A2040-100',
'TOP_LEVEL_ASSEMBLY_PART')
);
#13991=(
GEOMETRIC_REPRESENTATION_CONTEXT(3)
GLOBAL_UNCERTAINTY_ASSIGNED_CONTEXT((#13997))
GLOBAL_UNIT_ASSIGNED_CONTEXT((#14004,#14003,#14002))
REPRESENTATION_CONTEXT('LX2005CG-B1-A2040-100_b','COMPONENT_PART')
);
#13992=(
GEOMETRIC_REPRESENTATION_CONTEXT(3)
GLOBAL_UNCERTAINTY_ASSIGNED_CONTEXT((#13998))
GLOBAL_UNIT_ASSIGNED_CONTEXT((#14004,#14003,#14002))
REPRESENTATION_CONTEXT('LX2005CG-B1-100_bl','COMPONENT_PART')
);
#13993=(
GEOMETRIC_REPRESENTATION_CONTEXT(3)
GLOBAL_UNCERTAINTY_ASSIGNED_CONTEXT((#13999))
GLOBAL_UNIT_ASSIGNED_CONTEXT((#14004,#14003,#14002))
REPRESENTATION_CONTEXT('LX2005C-B1-100_c','COMPONENT_PART')
);
#13994=(
GEOMETRIC_REPRESENTATION_CONTEXT(3)
GLOBAL_UNCERTAINTY_ASSIGNED_CONTEXT((#14000))
GLOBAL_UNIT_ASSIGNED_CONTEXT((#14004,#14003,#14002))
REPRESENTATION_CONTEXT('A2040_lx2001','COMPONENT_PART')
);
#13995=(
GEOMETRIC_REPRESENTATION_CONTEXT(3)
GLOBAL_UNCERTAINTY_ASSIGNED_CONTEXT((#14001))
GLOBAL_UNIT_ASSIGNED_CONTEXT((#14004,#14003,#14002))
REPRESENTATION_CONTEXT('BOLT3-12','COMPONENT_PART')
);
#13996=UNCERTAINTY_MEASURE_WITH_UNIT(LENGTH_MEASURE(1.E-5),#14004,
'DISTANCE_ACCURACY_VALUE','Maximum Tolerance applied to model');
#13997=UNCERTAINTY_MEASURE_WITH_UNIT(LENGTH_MEASURE(1.E-5),#14004,
'DISTANCE_ACCURACY_VALUE','Maximum Tolerance applied to model');
#13998=UNCERTAINTY_MEASURE_WITH_UNIT(LENGTH_MEASURE(1.E-5),#14004,
'DISTANCE_ACCURACY_VALUE','Maximum Tolerance applied to model');
#13999=UNCERTAINTY_MEASURE_WITH_UNIT(LENGTH_MEASURE(1.E-5),#14004,
'DISTANCE_ACCURACY_VALUE','Maximum Tolerance applied to model');
#14000=UNCERTAINTY_MEASURE_WITH_UNIT(LENGTH_MEASURE(1.E-5),#14004,
'DISTANCE_ACCURACY_VALUE','Maximum Tolerance applied to model');
#14001=UNCERTAINTY_MEASURE_WITH_UNIT(LENGTH_MEASURE(1.E-5),#14004,
'DISTANCE_ACCURACY_VALUE','Maximum Tolerance applied to model');
#14002=(
NAMED_UNIT(*)
SI_UNIT($,.STERADIAN.)
SOLID_ANGLE_UNIT()
);
#14003=(
NAMED_UNIT(*)
PLANE_ANGLE_UNIT()
SI_UNIT($,.RADIAN.)
);
#14004=(
LENGTH_UNIT()
NAMED_UNIT(*)
SI_UNIT(.MILLI.,.METRE.)
);
#14005=PRODUCT_DEFINITION_SHAPE('','',#14019);
#14006=PRODUCT_DEFINITION_SHAPE('','',#14020);
#14007=PRODUCT_DEFINITION_SHAPE(' ','NAUO PRDDFN',#43);
#14008=PRODUCT_DEFINITION_SHAPE('','',#14021);
#14009=PRODUCT_DEFINITION_SHAPE(' ','NAUO PRDDFN',#44);
#14010=PRODUCT_DEFINITION_SHAPE('','',#14022);
#14011=PRODUCT_DEFINITION_SHAPE(' ','NAUO PRDDFN',#45);
#14012=PRODUCT_DEFINITION_SHAPE('','',#14023);
#14013=PRODUCT_DEFINITION_SHAPE(' ','NAUO PRDDFN',#46);
#14014=PRODUCT_DEFINITION_SHAPE('','',#14024);
#14015=PRODUCT_DEFINITION_SHAPE(' ','NAUO PRDDFN',#47);
#14016=PRODUCT_DEFINITION_SHAPE(' ','NAUO PRDDFN',#48);
#14017=PRODUCT_DEFINITION_SHAPE(' ','NAUO PRDDFN',#49);
#14018=PRODUCT_DEFINITION_SHAPE(' ','NAUO PRDDFN',#50);
#14019=PRODUCT_DEFINITION('','',#14031,#14025);
#14020=PRODUCT_DEFINITION('','',#14032,#14026);
#14021=PRODUCT_DEFINITION('','',#14033,#14027);
#14022=PRODUCT_DEFINITION('','',#14034,#14028);
#14023=PRODUCT_DEFINITION('','',#14035,#14029);
#14024=PRODUCT_DEFINITION('','',#14036,#14030);
#14025=PRODUCT_DEFINITION_CONTEXT('',#14062,'design');
#14026=PRODUCT_DEFINITION_CONTEXT('',#14062,'design');
#14027=PRODUCT_DEFINITION_CONTEXT('',#14062,'design');
#14028=PRODUCT_DEFINITION_CONTEXT('',#14062,'design');
#14029=PRODUCT_DEFINITION_CONTEXT('',#14062,'design');
#14030=PRODUCT_DEFINITION_CONTEXT('',#14062,'design');
#14031=PRODUCT_DEFINITION_FORMATION_WITH_SPECIFIED_SOURCE('','',#14043,
 .NOT_KNOWN.);
#14032=PRODUCT_DEFINITION_FORMATION_WITH_SPECIFIED_SOURCE('','',#14044,
 .NOT_KNOWN.);
#14033=PRODUCT_DEFINITION_FORMATION_WITH_SPECIFIED_SOURCE('','',#14045,
 .NOT_KNOWN.);
#14034=PRODUCT_DEFINITION_FORMATION_WITH_SPECIFIED_SOURCE('','',#14046,
 .NOT_KNOWN.);
#14035=PRODUCT_DEFINITION_FORMATION_WITH_SPECIFIED_SOURCE('','',#14047,
 .NOT_KNOWN.);
#14036=PRODUCT_DEFINITION_FORMATION_WITH_SPECIFIED_SOURCE('','',#14048,
 .NOT_KNOWN.);
#14037=PRODUCT_RELATED_PRODUCT_CATEGORY('','',(#14043));
#14038=PRODUCT_RELATED_PRODUCT_CATEGORY('','',(#14044));
#14039=PRODUCT_RELATED_PRODUCT_CATEGORY('','',(#14045));
#14040=PRODUCT_RELATED_PRODUCT_CATEGORY('','',(#14046));
#14041=PRODUCT_RELATED_PRODUCT_CATEGORY('','',(#14047));
#14042=PRODUCT_RELATED_PRODUCT_CATEGORY('','',(#14048));
#14043=PRODUCT('LX2005CG-B1-A2040-100','LX2005CG-B1-A2040-100',
'LX2005CG-B1-A2040-100',(#14055));
#14044=PRODUCT('LX2005CG-B1-A2040-100_b','LX2005CG-B1-A2040-100_b',
'LX2005CG-B1-A2040-100_b',(#14056));
#14045=PRODUCT('LX2005CG-B1-100_bl','LX2005CG-B1-100_bl',
'LX2005CG-B1-100_bl',(#14057));
#14046=PRODUCT('LX2005C-B1-100_c','LX2005C-B1-100_c','LX2005C-B1-100_c',
(#14058));
#14047=PRODUCT('A2040_lx2001','A2040_lx2001','A2040_lx2001',(#14059));
#14048=PRODUCT('BOLT3-12','BOLT3-12','BOLT3-12',(#14060));
#14049=PRODUCT_CATEGORY('','');
#14050=PRODUCT_CATEGORY('','');
#14051=PRODUCT_CATEGORY('','');
#14052=PRODUCT_CATEGORY('','');
#14053=PRODUCT_CATEGORY('','');
#14054=PRODUCT_CATEGORY('','');
#14055=PRODUCT_CONTEXT('',#14062,'mechanical');
#14056=PRODUCT_CONTEXT('',#14062,'mechanical');
#14057=PRODUCT_CONTEXT('',#14062,'mechanical');
#14058=PRODUCT_CONTEXT('',#14062,'mechanical');
#14059=PRODUCT_CONTEXT('',#14062,'mechanical');
#14060=PRODUCT_CONTEXT('',#14062,'mechanical');
#14061=APPLICATION_PROTOCOL_DEFINITION('international standard',
'automotive_design',2010,#14062);
#14062=APPLICATION_CONTEXT(
'core data for automotive mechanical design processes');
ENDSEC;
END-ISO-10303-21;
