ISO-10303-21;
HEADER;
/* Generated by software containing ST-Developer
 * from STEP Tools, Inc. (www.steptools.com) 
 */
/* OPTION: using custom renumber hook */

FILE_DESCRIPTION(
/* description */ ('STEP AP214'),
/* implementation_level */ '2;1');

FILE_NAME(
/* name */ 'LX2005CG-B1-A2040-200',
/* time_stamp */ '2026-09-07T01:15:16+02:00',
/* author */ ('License CC BY-ND 4.0'),
/* organization */ ('CADENAS'),
/* preprocessor_version */ 'ST-DEVELOPER v20',
/* originating_system */ 'PARTsolutions',
/* authorisation */ '  ');

FILE_SCHEMA (('AUTOMOTIVE_DESIGN {1 0 10303 214 3 1 1}'));
ENDSEC;

DATA;
#10=PROPERTY_DEFINITION_REPRESENTATION(#14,#12);
#11=PROPERTY_DEFINITION_REPRESENTATION(#15,#13);
#12=REPRESENTATION('',(#16),#14296);
#13=REPRESENTATION('',(#17),#14296);
#14=PROPERTY_DEFINITION('pmi validation property','',#14311);
#15=PROPERTY_DEFINITION('pmi validation property','',#14311);
#16=VALUE_REPRESENTATION_ITEM('number of annotations',COUNT_MEASURE(0.));
#17=VALUE_REPRESENTATION_ITEM('number of views',COUNT_MEASURE(0.));
#18=SPHERICAL_SURFACE('',#9202,1.75000000000001);
#19=B_SPLINE_CURVE_WITH_KNOTS('',3,(#13335,#13336,#13337,#13338),
 .UNSPECIFIED.,.F.,.F.,(4,4),(2.00415556196678E-7,0.00621577379731109),
 .UNSPECIFIED.);
#20=B_SPLINE_CURVE_WITH_KNOTS('',3,(#13341,#13342,#13343,#13344),
 .UNSPECIFIED.,.F.,.F.,(4,4),(0.00664834752646179,0.0128741059535039),
 .UNSPECIFIED.);
#21=B_SPLINE_CURVE_WITH_KNOTS('',3,(#13345,#13346,#13347,#13348),
 .UNSPECIFIED.,.F.,.F.,(4,4),(2.00290063760312E-7,0.00620920851845044),
 .UNSPECIFIED.);
#22=B_SPLINE_CURVE_WITH_KNOTS('',3,(#13438,#13439,#13440,#13441),
 .UNSPECIFIED.,.F.,.F.,(4,4),(0.00664834752646177,0.0128741059535039),
 .UNSPECIFIED.);
#23=B_SPLINE_CURVE_WITH_KNOTS('',3,(#13445,#13446,#13447,#13448),
 .UNSPECIFIED.,.F.,.F.,(4,4),(2.00290063756847E-7,0.00620920851845044),
 .UNSPECIFIED.);
#24=B_SPLINE_CURVE_WITH_KNOTS('',3,(#13450,#13451,#13452,#13453),
 .UNSPECIFIED.,.F.,.F.,(4,4),(2.00415556196678E-7,0.00621577379731109),
 .UNSPECIFIED.);
#25=B_SPLINE_CURVE_WITH_KNOTS('',3,(#13713,#13714,#13715,#13716),
 .UNSPECIFIED.,.F.,.F.,(4,4),(2.00291129886029E-7,0.00620920851951657),
 .UNSPECIFIED.);
#26=B_SPLINE_CURVE_WITH_KNOTS('',3,(#13722,#13723,#13724,#13725),
 .UNSPECIFIED.,.F.,.F.,(4,4),(2.00291129886029E-7,0.00620920851951657),
 .UNSPECIFIED.);
#27=B_SPLINE_CURVE_WITH_KNOTS('',3,(#14023,#14024,#14025,#14026),
 .UNSPECIFIED.,.F.,.F.,(4,4),(2.95644991979643E-7,0.000728975275072817),
 .UNSPECIFIED.);
#28=B_SPLINE_CURVE_WITH_KNOTS('',3,(#14028,#14029,#14030,#14031),
 .UNSPECIFIED.,.F.,.F.,(4,4),(2.87384455520639E-7,0.000728967014536359),
 .UNSPECIFIED.);
#29=B_SPLINE_CURVE_WITH_KNOTS('',3,(#14038,#14039,#14040,#14041),
 .UNSPECIFIED.,.F.,.F.,(4,4),(2.95644991979643E-7,0.000728975275072817),
 .UNSPECIFIED.);
#30=B_SPLINE_CURVE_WITH_KNOTS('',3,(#14043,#14044,#14045,#14046),
 .UNSPECIFIED.,.F.,.F.,(4,4),(2.87384455520639E-7,0.000728967014536359),
 .UNSPECIFIED.);
#31=B_SPLINE_CURVE_WITH_KNOTS('',3,(#14053,#14054,#14055,#14056),
 .UNSPECIFIED.,.F.,.F.,(4,4),(2.95644991978079E-7,0.000728975275072819),
 .UNSPECIFIED.);
#32=B_SPLINE_CURVE_WITH_KNOTS('',3,(#14058,#14059,#14060,#14061),
 .UNSPECIFIED.,.F.,.F.,(4,4),(2.87384455556938E-7,0.000728967014536397),
 .UNSPECIFIED.);
#33=B_SPLINE_CURVE_WITH_KNOTS('',3,(#14068,#14069,#14070,#14071),
 .UNSPECIFIED.,.F.,.F.,(4,4),(2.95644991977483E-7,0.000728975275072818),
 .UNSPECIFIED.);
#34=B_SPLINE_CURVE_WITH_KNOTS('',3,(#14073,#14074,#14075,#14076),
 .UNSPECIFIED.,.F.,.F.,(4,4),(2.87384455519863E-7,0.00072896701453636),
 .UNSPECIFIED.);
#35=CONTEXT_DEPENDENT_SHAPE_REPRESENTATION(#51,#14313);
#36=CONTEXT_DEPENDENT_SHAPE_REPRESENTATION(#52,#14315);
#37=CONTEXT_DEPENDENT_SHAPE_REPRESENTATION(#53,#14317);
#38=CONTEXT_DEPENDENT_SHAPE_REPRESENTATION(#54,#14319);
#39=CONTEXT_DEPENDENT_SHAPE_REPRESENTATION(#55,#14321);
#40=CONTEXT_DEPENDENT_SHAPE_REPRESENTATION(#56,#14322);
#41=CONTEXT_DEPENDENT_SHAPE_REPRESENTATION(#57,#14323);
#42=CONTEXT_DEPENDENT_SHAPE_REPRESENTATION(#58,#14324);
#43=NEXT_ASSEMBLY_USAGE_OCCURRENCE('NAUO1','LX2005CG-B1-A2040-200_b',
'LX2005CG-B1-A2040-200_b',#14325,#14326,'');
#44=NEXT_ASSEMBLY_USAGE_OCCURRENCE('NAUO2','LX2005CG-B1-200_bl',
'LX2005CG-B1-200_bl',#14325,#14327,'');
#45=NEXT_ASSEMBLY_USAGE_OCCURRENCE('NAUO3','LX2005C-B1-200_c',
'LX2005C-B1-200_c',#14325,#14328,'');
#46=NEXT_ASSEMBLY_USAGE_OCCURRENCE('NAUO4','A2040_lx2001',
'A2040_lx2001',#14325,#14329,'');
#47=NEXT_ASSEMBLY_USAGE_OCCURRENCE('NAUO5','BOLT3-12','BOLT3-12',#14325,
#14330,'');
#48=NEXT_ASSEMBLY_USAGE_OCCURRENCE('NAUO6','BOLT3-12','BOLT3-12',#14325,
#14330,'');
#49=NEXT_ASSEMBLY_USAGE_OCCURRENCE('NAUO7','BOLT3-12','BOLT3-12',#14325,
#14330,'');
#50=NEXT_ASSEMBLY_USAGE_OCCURRENCE('NAUO8','BOLT3-12','BOLT3-12',#14325,
#14330,'');
#51=(
REPRESENTATION_RELATIONSHIP(' ',' ',#8523,#8522)
REPRESENTATION_RELATIONSHIP_WITH_TRANSFORMATION(#59)
SHAPE_REPRESENTATION_RELATIONSHIP()
);
#52=(
REPRESENTATION_RELATIONSHIP(' ',' ',#8524,#8522)
REPRESENTATION_RELATIONSHIP_WITH_TRANSFORMATION(#60)
SHAPE_REPRESENTATION_RELATIONSHIP()
);
#53=(
REPRESENTATION_RELATIONSHIP(' ',' ',#8525,#8522)
REPRESENTATION_RELATIONSHIP_WITH_TRANSFORMATION(#61)
SHAPE_REPRESENTATION_RELATIONSHIP()
);
#54=(
REPRESENTATION_RELATIONSHIP(' ',' ',#8526,#8522)
REPRESENTATION_RELATIONSHIP_WITH_TRANSFORMATION(#62)
SHAPE_REPRESENTATION_RELATIONSHIP()
);
#55=(
REPRESENTATION_RELATIONSHIP(' ',' ',#8527,#8522)
REPRESENTATION_RELATIONSHIP_WITH_TRANSFORMATION(#63)
SHAPE_REPRESENTATION_RELATIONSHIP()
);
#56=(
REPRESENTATION_RELATIONSHIP(' ',' ',#8527,#8522)
REPRESENTATION_RELATIONSHIP_WITH_TRANSFORMATION(#64)
SHAPE_REPRESENTATION_RELATIONSHIP()
);
#57=(
REPRESENTATION_RELATIONSHIP(' ',' ',#8527,#8522)
REPRESENTATION_RELATIONSHIP_WITH_TRANSFORMATION(#65)
SHAPE_REPRESENTATION_RELATIONSHIP()
);
#58=(
REPRESENTATION_RELATIONSHIP(' ',' ',#8527,#8522)
REPRESENTATION_RELATIONSHIP_WITH_TRANSFORMATION(#66)
SHAPE_REPRESENTATION_RELATIONSHIP()
);
#59=ITEM_DEFINED_TRANSFORMATION(' ',' ',#8528,#8986);
#60=ITEM_DEFINED_TRANSFORMATION(' ',' ',#8528,#9229);
#61=ITEM_DEFINED_TRANSFORMATION(' ',' ',#8528,#9268);
#62=ITEM_DEFINED_TRANSFORMATION(' ',' ',#8528,#9363);
#63=ITEM_DEFINED_TRANSFORMATION(' ',' ',#8528,#9396);
#64=ITEM_DEFINED_TRANSFORMATION(' ',' ',#8528,#9397);
#65=ITEM_DEFINED_TRANSFORMATION(' ',' ',#8528,#9398);
#66=ITEM_DEFINED_TRANSFORMATION(' ',' ',#8528,#9399);
#67=SHAPE_REPRESENTATION_RELATIONSHIP('','',#8523,#72);
#68=SHAPE_REPRESENTATION_RELATIONSHIP('','',#8524,#73);
#69=SHAPE_REPRESENTATION_RELATIONSHIP('','',#8525,#74);
#70=SHAPE_REPRESENTATION_RELATIONSHIP('','',#8526,#75);
#71=SHAPE_REPRESENTATION_RELATIONSHIP('','',#8527,#76);
#72=ADVANCED_BREP_SHAPE_REPRESENTATION('',(#8511),#14297);
#73=ADVANCED_BREP_SHAPE_REPRESENTATION('',(#8512),#14298);
#74=ADVANCED_BREP_SHAPE_REPRESENTATION('',(#8513),#14299);
#75=ADVANCED_BREP_SHAPE_REPRESENTATION('',(#8514),#14300);
#76=ADVANCED_BREP_SHAPE_REPRESENTATION('',(#8515),#14301);
#77=VERTEX_LOOP('',#4156);
#78=VERTEX_LOOP('',#4159);
#79=VERTEX_LOOP('',#4162);
#80=VERTEX_LOOP('',#4165);
#81=VERTEX_LOOP('',#4224);
#82=VERTEX_LOOP('',#4227);
#83=VERTEX_LOOP('',#4231);
#84=VERTEX_LOOP('',#4234);
#85=VERTEX_LOOP('',#4236);
#86=VERTEX_LOOP('',#4240);
#87=VERTEX_LOOP('',#4558);
#88=VERTEX_LOOP('',#4561);
#89=VERTEX_LOOP('',#4564);
#90=VERTEX_LOOP('',#4567);
#91=VERTEX_LOOP('',#4590);
#92=VERTEX_LOOP('',#4593);
#93=VERTEX_LOOP('',#4595);
#94=VERTEX_LOOP('',#4598);
#95=VERTEX_LOOP('',#4718);
#96=CONICAL_SURFACE('',#8690,1.5,0.785398163397445);
#97=CONICAL_SURFACE('',#8694,1.2295,1.0471975511966);
#98=CONICAL_SURFACE('',#8695,1.5,0.785398163397448);
#99=CONICAL_SURFACE('',#8699,1.2295,1.0471975511966);
#100=CONICAL_SURFACE('',#8700,1.5,0.785398163397448);
#101=CONICAL_SURFACE('',#8704,1.2295,1.0471975511966);
#102=CONICAL_SURFACE('',#8705,1.5,0.785398163397448);
#103=CONICAL_SURFACE('',#8709,1.2295,1.0471975511966);
#104=CONICAL_SURFACE('',#8712,1.5,0.785398163397448);
#105=CONICAL_SURFACE('',#8718,2.2,0.785398163397445);
#106=CONICAL_SURFACE('',#8804,0.,1.04719755119659);
#107=CONICAL_SURFACE('',#8808,1.22949999999999,0.785398163397461);
#108=CONICAL_SURFACE('',#8809,0.,1.04719755119659);
#109=CONICAL_SURFACE('',#8813,1.22949999999999,0.785398163397461);
#110=CONICAL_SURFACE('',#8814,1.5,0.785398163397461);
#111=CONICAL_SURFACE('',#8818,1.22949999999999,1.04719755119659);
#112=CONICAL_SURFACE('',#8819,1.5,0.785398163397359);
#113=CONICAL_SURFACE('',#8823,1.22950000000005,1.04719755119661);
#114=CONICAL_SURFACE('',#8824,0.,1.04719755119661);
#115=CONICAL_SURFACE('',#8828,1.22950000000002,0.78539816339741);
#116=CONICAL_SURFACE('',#8829,1.5,0.78539816339741);
#117=CONICAL_SURFACE('',#8833,1.22950000000002,1.04719755119661);
#118=CONICAL_SURFACE('',#8839,2.,0.785398163397447);
#119=CONICAL_SURFACE('',#8863,2.25,0.785398163397455);
#120=CONICAL_SURFACE('',#8868,2.25,0.785398163397453);
#121=CONICAL_SURFACE('',#8873,2.25,0.785398163397455);
#122=CONICAL_SURFACE('',#8878,2.25,0.785398163397453);
#123=CONICAL_SURFACE('',#9009,7.,0.0523598775598297);
#124=CONICAL_SURFACE('',#9011,7.,0.0523598775598297);
#125=CONICAL_SURFACE('',#9028,6.47592220716959,0.0523598775598297);
#126=CONICAL_SURFACE('',#9030,6.47592220716959,0.0523598775598297);
#127=CONICAL_SURFACE('',#9116,6.47592220716959,0.0523598775598297);
#128=CONICAL_SURFACE('',#9117,3.8,0.0483493866519026);
#129=CONICAL_SURFACE('',#9119,7.,0.0523598775598297);
#130=CONICAL_SURFACE('',#9120,3.5,0.0483493866519026);
#131=CONICAL_SURFACE('',#9125,2.,0.785398163397451);
#132=CONICAL_SURFACE('',#9129,1.621,0.785398163397448);
#133=CONICAL_SURFACE('',#9130,2.,0.785398163397451);
#134=CONICAL_SURFACE('',#9134,1.621,0.785398163397448);
#135=CONICAL_SURFACE('',#9135,2.,0.785398163397451);
#136=CONICAL_SURFACE('',#9139,1.621,0.785398163397448);
#137=CONICAL_SURFACE('',#9140,2.,0.785398163397451);
#138=CONICAL_SURFACE('',#9144,1.621,0.785398163397448);
#139=CONICAL_SURFACE('',#9145,0.,1.0471975511966);
#140=CONICAL_SURFACE('',#9149,0.7835,0.785398163397449);
#141=CONICAL_SURFACE('',#9150,0.,1.0471975511966);
#142=CONICAL_SURFACE('',#9154,0.7835,0.785398163397449);
#143=CONICAL_SURFACE('',#9155,0.,1.0471975511966);
#144=CONICAL_SURFACE('',#9159,0.7835,0.785398163397449);
#145=CONICAL_SURFACE('',#9160,0.,1.0471975511966);
#146=CONICAL_SURFACE('',#9164,0.7835,0.785398163397449);
#147=CONICAL_SURFACE('',#9209,1.5,0.785398163397448);
#148=CONICAL_SURFACE('',#9213,1.2295,1.0471975511966);
#149=CONICAL_SURFACE('',#9214,1.5,0.785398163397448);
#150=CONICAL_SURFACE('',#9218,1.2295,1.0471975511966);
#151=CONICAL_SURFACE('',#9219,0.,1.0471975511966);
#152=CONICAL_SURFACE('',#9223,1.2295,0.785398163397448);
#153=CONICAL_SURFACE('',#9224,0.,1.0471975511966);
#154=CONICAL_SURFACE('',#9228,1.2295,0.785398163397448);
#155=CONICAL_SURFACE('',#9244,1.9,1.45230636763676);
#156=CONICAL_SURFACE('',#9251,1.9,1.45230636763676);
#157=CONICAL_SURFACE('',#9258,1.9,1.45230636763676);
#158=CONICAL_SURFACE('',#9265,1.9,1.45230636763676);
#159=CONICAL_SURFACE('',#9327,2.,0.78539816339745);
#160=CONICAL_SURFACE('',#9331,1.621,0.785398163397449);
#161=CONICAL_SURFACE('',#9332,2.,0.78539816339745);
#162=CONICAL_SURFACE('',#9336,1.621,0.785398163397449);
#163=CONICAL_SURFACE('',#9337,2.,0.78539816339745);
#164=CONICAL_SURFACE('',#9341,1.621,0.785398163397449);
#165=CONICAL_SURFACE('',#9342,2.,0.78539816339745);
#166=CONICAL_SURFACE('',#9346,1.621,0.785398163397449);
#167=CONICAL_SURFACE('',#9359,15.5,0.785398163397448);
#168=CONICAL_SURFACE('',#9360,15.5,0.785398163397448);
#169=CONICAL_SURFACE('',#9361,15.5,0.785398163397448);
#170=CONICAL_SURFACE('',#9362,15.5,0.785398163397448);
#171=CONICAL_SURFACE('',#9366,2.45,0.78539816339745);
#172=CONICAL_SURFACE('',#9374,1.5,0.785398163397449);
#173=CONICAL_SURFACE('',#9395,1.25,1.30899693899575);
#174=CYLINDRICAL_SURFACE('',#8557,3.5);
#175=CYLINDRICAL_SURFACE('',#8560,2.);
#176=CYLINDRICAL_SURFACE('',#8574,6.75);
#177=CYLINDRICAL_SURFACE('',#8576,6.75);
#178=CYLINDRICAL_SURFACE('',#8578,6.75);
#179=CYLINDRICAL_SURFACE('',#8580,6.75);
#180=CYLINDRICAL_SURFACE('',#8582,11.);
#181=CYLINDRICAL_SURFACE('',#8612,1.);
#182=CYLINDRICAL_SURFACE('',#8629,1.);
#183=CYLINDRICAL_SURFACE('',#8632,7.99999999999999);
#184=CYLINDRICAL_SURFACE('',#8639,1.);
#185=CYLINDRICAL_SURFACE('',#8641,7.99999999999999);
#186=CYLINDRICAL_SURFACE('',#8652,1.2);
#187=CYLINDRICAL_SURFACE('',#8657,0.600000000000009);
#188=CYLINDRICAL_SURFACE('',#8661,0.600000000000003);
#189=CYLINDRICAL_SURFACE('',#8666,1.2);
#190=CYLINDRICAL_SURFACE('',#8674,2.65);
#191=CYLINDRICAL_SURFACE('',#8678,2.25);
#192=CYLINDRICAL_SURFACE('',#8685,2.25);
#193=CYLINDRICAL_SURFACE('',#8689,2.65);
#194=CYLINDRICAL_SURFACE('',#8692,1.2295);
#195=CYLINDRICAL_SURFACE('',#8697,1.2295);
#196=CYLINDRICAL_SURFACE('',#8702,1.2295);
#197=CYLINDRICAL_SURFACE('',#8707,1.2295);
#198=CYLINDRICAL_SURFACE('',#8714,2.);
#199=CYLINDRICAL_SURFACE('',#8720,2.5);
#200=CYLINDRICAL_SURFACE('',#8725,2.);
#201=CYLINDRICAL_SURFACE('',#8726,2.);
#202=CYLINDRICAL_SURFACE('',#8727,1.45);
#203=CYLINDRICAL_SURFACE('',#8728,1.45);
#204=CYLINDRICAL_SURFACE('',#8729,1.45);
#205=CYLINDRICAL_SURFACE('',#8730,1.45);
#206=CYLINDRICAL_SURFACE('',#8760,1.32);
#207=CYLINDRICAL_SURFACE('',#8764,1.32);
#208=CYLINDRICAL_SURFACE('',#8774,3.24999999999999);
#209=CYLINDRICAL_SURFACE('',#8778,1.69999999999999);
#210=CYLINDRICAL_SURFACE('',#8779,3.24999999999999);
#211=CYLINDRICAL_SURFACE('',#8783,1.69999999999999);
#212=CYLINDRICAL_SURFACE('',#8784,3.24999999999999);
#213=CYLINDRICAL_SURFACE('',#8788,1.69999999999999);
#214=CYLINDRICAL_SURFACE('',#8789,3.24999999999999);
#215=CYLINDRICAL_SURFACE('',#8793,1.69999999999999);
#216=CYLINDRICAL_SURFACE('',#8794,3.25);
#217=CYLINDRICAL_SURFACE('',#8798,1.70000000000001);
#218=CYLINDRICAL_SURFACE('',#8799,3.25);
#219=CYLINDRICAL_SURFACE('',#8803,1.70000000000001);
#220=CYLINDRICAL_SURFACE('',#8806,1.22949999999999);
#221=CYLINDRICAL_SURFACE('',#8811,1.22949999999999);
#222=CYLINDRICAL_SURFACE('',#8816,1.22949999999999);
#223=CYLINDRICAL_SURFACE('',#8821,1.22950000000005);
#224=CYLINDRICAL_SURFACE('',#8826,1.22950000000002);
#225=CYLINDRICAL_SURFACE('',#8831,1.22950000000002);
#226=CYLINDRICAL_SURFACE('',#8840,3.);
#227=CYLINDRICAL_SURFACE('',#8861,2.25);
#228=CYLINDRICAL_SURFACE('',#8866,2.25);
#229=CYLINDRICAL_SURFACE('',#8871,2.25);
#230=CYLINDRICAL_SURFACE('',#8876,2.25);
#231=CYLINDRICAL_SURFACE('',#8919,3.5);
#232=CYLINDRICAL_SURFACE('',#8923,3.65);
#233=CYLINDRICAL_SURFACE('',#8935,3.65);
#234=CYLINDRICAL_SURFACE('',#8939,3.5);
#235=CYLINDRICAL_SURFACE('',#8953,3.5);
#236=CYLINDRICAL_SURFACE('',#8957,3.65);
#237=CYLINDRICAL_SURFACE('',#8967,3.65);
#238=CYLINDRICAL_SURFACE('',#8971,3.5);
#239=CYLINDRICAL_SURFACE('',#8981,2.);
#240=CYLINDRICAL_SURFACE('',#8983,2.);
#241=CYLINDRICAL_SURFACE('',#8985,2.);
#242=CYLINDRICAL_SURFACE('',#9080,1.99999999999999);
#243=CYLINDRICAL_SURFACE('',#9082,1.99999999999999);
#244=CYLINDRICAL_SURFACE('',#9096,1.3);
#245=CYLINDRICAL_SURFACE('',#9099,1.3);
#246=CYLINDRICAL_SURFACE('',#9105,1.3);
#247=CYLINDRICAL_SURFACE('',#9108,1.3);
#248=CYLINDRICAL_SURFACE('',#9113,3.);
#249=CYLINDRICAL_SURFACE('',#9127,1.621);
#250=CYLINDRICAL_SURFACE('',#9132,1.621);
#251=CYLINDRICAL_SURFACE('',#9137,1.621);
#252=CYLINDRICAL_SURFACE('',#9142,1.621);
#253=CYLINDRICAL_SURFACE('',#9147,0.7835);
#254=CYLINDRICAL_SURFACE('',#9152,0.7835);
#255=CYLINDRICAL_SURFACE('',#9157,0.7835);
#256=CYLINDRICAL_SURFACE('',#9162,0.7835);
#257=CYLINDRICAL_SURFACE('',#9167,1.75);
#258=CYLINDRICAL_SURFACE('',#9168,1.75);
#259=CYLINDRICAL_SURFACE('',#9173,1.75);
#260=CYLINDRICAL_SURFACE('',#9174,1.75);
#261=CYLINDRICAL_SURFACE('',#9177,1.5);
#262=CYLINDRICAL_SURFACE('',#9180,1.5);
#263=CYLINDRICAL_SURFACE('',#9183,1.5);
#264=CYLINDRICAL_SURFACE('',#9187,2.5);
#265=CYLINDRICAL_SURFACE('',#9191,2.5);
#266=CYLINDRICAL_SURFACE('',#9195,2.5);
#267=CYLINDRICAL_SURFACE('',#9199,2.5);
#268=CYLINDRICAL_SURFACE('',#9204,1.75);
#269=CYLINDRICAL_SURFACE('',#9208,2.25);
#270=CYLINDRICAL_SURFACE('',#9211,1.2295);
#271=CYLINDRICAL_SURFACE('',#9216,1.2295);
#272=CYLINDRICAL_SURFACE('',#9221,1.2295);
#273=CYLINDRICAL_SURFACE('',#9226,1.2295);
#274=CYLINDRICAL_SURFACE('',#9242,1.9);
#275=CYLINDRICAL_SURFACE('',#9246,4.);
#276=CYLINDRICAL_SURFACE('',#9249,1.9);
#277=CYLINDRICAL_SURFACE('',#9253,4.);
#278=CYLINDRICAL_SURFACE('',#9256,1.9);
#279=CYLINDRICAL_SURFACE('',#9260,4.);
#280=CYLINDRICAL_SURFACE('',#9263,1.9);
#281=CYLINDRICAL_SURFACE('',#9267,4.);
#282=CYLINDRICAL_SURFACE('',#9269,15.);
#283=CYLINDRICAL_SURFACE('',#9272,15.);
#284=CYLINDRICAL_SURFACE('',#9275,15.);
#285=CYLINDRICAL_SURFACE('',#9278,15.);
#286=CYLINDRICAL_SURFACE('',#9281,3.25);
#287=CYLINDRICAL_SURFACE('',#9285,3.25);
#288=CYLINDRICAL_SURFACE('',#9289,3.25);
#289=CYLINDRICAL_SURFACE('',#9293,3.25);
#290=CYLINDRICAL_SURFACE('',#9326,10.5);
#291=CYLINDRICAL_SURFACE('',#9329,1.621);
#292=CYLINDRICAL_SURFACE('',#9334,1.621);
#293=CYLINDRICAL_SURFACE('',#9339,1.621);
#294=CYLINDRICAL_SURFACE('',#9344,1.621);
#295=CYLINDRICAL_SURFACE('',#9349,1.7);
#296=CYLINDRICAL_SURFACE('',#9352,1.7);
#297=CYLINDRICAL_SURFACE('',#9355,1.7);
#298=CYLINDRICAL_SURFACE('',#9358,1.7);
#299=CYLINDRICAL_SURFACE('',#9368,2.75);
#300=CYLINDRICAL_SURFACE('',#9372,1.5);
#301=ELLIPSE('',#8540,3.75277674973256,3.24999999999999);
#302=ELLIPSE('',#8541,3.75277674973257,3.25);
#303=ELLIPSE('',#8542,3.75277674973256,3.24999999999999);
#304=ELLIPSE('',#8554,3.75277674973256,3.24999999999999);
#305=ELLIPSE('',#8555,3.75277674973257,3.25);
#306=ELLIPSE('',#8556,3.75277674973256,3.24999999999999);
#307=ELLIPSE('',#9010,52.5837877260109,4.86975048529484);
#308=ELLIPSE('',#9031,52.5837877260109,4.86975048529484);
#309=ELLIPSE('',#9034,52.5837877260109,4.86975048529484);
#310=ELLIPSE('',#9041,52.5837877260109,4.86975048529484);
#311=CIRCLE('',#8530,2.);
#312=CIRCLE('',#8531,2.);
#313=CIRCLE('',#8532,2.);
#314=CIRCLE('',#8538,2.);
#315=CIRCLE('',#8544,2.);
#316=CIRCLE('',#8545,2.);
#317=CIRCLE('',#8546,2.);
#318=CIRCLE('',#8547,3.24999999999999);
#319=CIRCLE('',#8548,3.25);
#320=CIRCLE('',#8549,3.24999999999999);
#321=CIRCLE('',#8550,3.24999999999999);
#322=CIRCLE('',#8551,3.25);
#323=CIRCLE('',#8552,3.24999999999999);
#324=CIRCLE('',#8558,3.5);
#325=CIRCLE('',#8559,3.5);
#326=CIRCLE('',#8561,2.);
#327=CIRCLE('',#8564,1.32);
#328=CIRCLE('',#8565,1.32);
#329=CIRCLE('',#8569,2.5);
#330=CIRCLE('',#8570,6.75);
#331=CIRCLE('',#8571,6.75);
#332=CIRCLE('',#8572,6.75);
#333=CIRCLE('',#8573,6.75);
#334=CIRCLE('',#8575,6.75);
#335=CIRCLE('',#8577,6.75);
#336=CIRCLE('',#8579,6.75);
#337=CIRCLE('',#8581,6.75);
#338=CIRCLE('',#8583,11.);
#339=CIRCLE('',#8584,11.);
#340=CIRCLE('',#8585,11.);
#341=CIRCLE('',#8586,11.);
#342=CIRCLE('',#8587,11.);
#343=CIRCLE('',#8591,1.);
#344=CIRCLE('',#8592,7.99999999999999);
#345=CIRCLE('',#8593,1.);
#346=CIRCLE('',#8595,7.99999999999999);
#347=CIRCLE('',#8596,1.);
#348=CIRCLE('',#8600,1.45);
#349=CIRCLE('',#8601,1.45);
#350=CIRCLE('',#8602,1.45);
#351=CIRCLE('',#8603,1.45);
#352=CIRCLE('',#8604,2.);
#353=CIRCLE('',#8605,2.);
#354=CIRCLE('',#8606,1.5);
#355=CIRCLE('',#8607,1.5);
#356=CIRCLE('',#8608,1.5);
#357=CIRCLE('',#8609,1.5);
#358=CIRCLE('',#8613,1.);
#359=CIRCLE('',#8615,1.);
#360=CIRCLE('',#8616,7.99999999999999);
#361=CIRCLE('',#8618,1.45);
#362=CIRCLE('',#8619,1.45);
#363=CIRCLE('',#8620,1.45);
#364=CIRCLE('',#8621,1.45);
#365=CIRCLE('',#8622,2.);
#366=CIRCLE('',#8623,2.);
#367=CIRCLE('',#8625,7.99999999999999);
#368=CIRCLE('',#8626,1.);
#369=CIRCLE('',#8628,3.65);
#370=CIRCLE('',#8630,1.);
#371=CIRCLE('',#8633,7.99999999999999);
#372=CIRCLE('',#8634,7.99999999999999);
#373=CIRCLE('',#8637,3.65);
#374=CIRCLE('',#8640,1.);
#375=CIRCLE('',#8642,7.99999999999999);
#376=CIRCLE('',#8643,7.99999999999999);
#377=CIRCLE('',#8649,2.65);
#378=CIRCLE('',#8651,2.65);
#379=CIRCLE('',#8653,1.2);
#380=CIRCLE('',#8654,1.2);
#381=CIRCLE('',#8658,0.600000000000009);
#382=CIRCLE('',#8659,0.600000000000009);
#383=CIRCLE('',#8662,0.600000000000003);
#384=CIRCLE('',#8663,0.600000000000003);
#385=CIRCLE('',#8667,1.2);
#386=CIRCLE('',#8668,1.2);
#387=CIRCLE('',#8673,2.65);
#388=CIRCLE('',#8675,2.65);
#389=CIRCLE('',#8677,2.25);
#390=CIRCLE('',#8679,2.25);
#391=CIRCLE('',#8682,2.65);
#392=CIRCLE('',#8684,2.25);
#393=CIRCLE('',#8686,2.25);
#394=CIRCLE('',#8688,2.65);
#395=CIRCLE('',#8691,1.2295);
#396=CIRCLE('',#8693,1.2295);
#397=CIRCLE('',#8696,1.2295);
#398=CIRCLE('',#8698,1.2295);
#399=CIRCLE('',#8701,1.2295);
#400=CIRCLE('',#8703,1.2295);
#401=CIRCLE('',#8706,1.2295);
#402=CIRCLE('',#8708,1.2295);
#403=CIRCLE('',#8711,1.5);
#404=CIRCLE('',#8713,2.);
#405=CIRCLE('',#8715,2.);
#406=CIRCLE('',#8717,2.2);
#407=CIRCLE('',#8719,2.5);
#408=CIRCLE('',#8735,1.5);
#409=CIRCLE('',#8736,1.5);
#410=CIRCLE('',#8737,1.5);
#411=CIRCLE('',#8740,1.70000000000001);
#412=CIRCLE('',#8741,1.69999999999999);
#413=CIRCLE('',#8742,1.69999999999999);
#414=CIRCLE('',#8746,1.70000000000001);
#415=CIRCLE('',#8747,1.69999999999999);
#416=CIRCLE('',#8748,1.69999999999999);
#417=CIRCLE('',#8751,1.5);
#418=CIRCLE('',#8752,1.5);
#419=CIRCLE('',#8753,1.5);
#420=CIRCLE('',#8761,1.32);
#421=CIRCLE('',#8765,1.32);
#422=CIRCLE('',#8775,3.24999999999999);
#423=CIRCLE('',#8777,1.69999999999999);
#424=CIRCLE('',#8780,3.24999999999999);
#425=CIRCLE('',#8782,1.69999999999999);
#426=CIRCLE('',#8785,3.24999999999999);
#427=CIRCLE('',#8787,1.69999999999999);
#428=CIRCLE('',#8790,3.24999999999999);
#429=CIRCLE('',#8792,1.69999999999999);
#430=CIRCLE('',#8795,3.25);
#431=CIRCLE('',#8797,1.70000000000001);
#432=CIRCLE('',#8800,3.25);
#433=CIRCLE('',#8802,1.70000000000001);
#434=CIRCLE('',#8805,1.22949999999999);
#435=CIRCLE('',#8807,1.22949999999999);
#436=CIRCLE('',#8810,1.22949999999999);
#437=CIRCLE('',#8812,1.22949999999999);
#438=CIRCLE('',#8815,1.22949999999999);
#439=CIRCLE('',#8817,1.22949999999999);
#440=CIRCLE('',#8820,1.22950000000005);
#441=CIRCLE('',#8822,1.22950000000005);
#442=CIRCLE('',#8825,1.22950000000002);
#443=CIRCLE('',#8827,1.22950000000002);
#444=CIRCLE('',#8830,1.22950000000002);
#445=CIRCLE('',#8832,1.22950000000002);
#446=CIRCLE('',#8835,3.);
#447=CIRCLE('',#8838,1.5);
#448=CIRCLE('',#8841,3.);
#449=CIRCLE('',#8842,3.);
#450=CIRCLE('',#8843,3.);
#451=CIRCLE('',#8844,3.);
#452=CIRCLE('',#8845,3.);
#453=CIRCLE('',#8856,2.25);
#454=CIRCLE('',#8857,2.25);
#455=CIRCLE('',#8858,2.25);
#456=CIRCLE('',#8859,2.25);
#457=CIRCLE('',#8862,2.25);
#458=CIRCLE('',#8864,1.75);
#459=CIRCLE('',#8867,2.25);
#460=CIRCLE('',#8869,1.75);
#461=CIRCLE('',#8872,2.25);
#462=CIRCLE('',#8874,1.75);
#463=CIRCLE('',#8877,2.25);
#464=CIRCLE('',#8879,1.75);
#465=CIRCLE('',#8912,3.65);
#466=CIRCLE('',#8914,3.65);
#467=CIRCLE('',#8918,3.5);
#468=CIRCLE('',#8920,3.5);
#469=CIRCLE('',#8922,3.65);
#470=CIRCLE('',#8924,3.65);
#471=CIRCLE('',#8934,3.65);
#472=CIRCLE('',#8936,3.65);
#473=CIRCLE('',#8938,3.5);
#474=CIRCLE('',#8940,3.5);
#475=CIRCLE('',#8950,3.65);
#476=CIRCLE('',#8952,3.5);
#477=CIRCLE('',#8954,3.5);
#478=CIRCLE('',#8956,3.65);
#479=CIRCLE('',#8966,3.65);
#480=CIRCLE('',#8968,3.65);
#481=CIRCLE('',#8970,3.5);
#482=CIRCLE('',#8972,3.5);
#483=CIRCLE('',#8988,2.5);
#484=CIRCLE('',#8989,6.67507176844514);
#485=CIRCLE('',#8990,3.8);
#486=CIRCLE('',#8991,6.67507176844514);
#487=CIRCLE('',#8992,6.67507176844514);
#488=CIRCLE('',#8994,1.75);
#489=CIRCLE('',#8995,1.75);
#490=CIRCLE('',#8996,3.);
#491=CIRCLE('',#8997,2.5);
#492=CIRCLE('',#8998,1.3);
#493=CIRCLE('',#8999,1.3);
#494=CIRCLE('',#9000,1.3);
#495=CIRCLE('',#9001,1.3);
#496=CIRCLE('',#9002,7.);
#497=CIRCLE('',#9003,3.5);
#498=CIRCLE('',#9004,7.);
#499=CIRCLE('',#9005,2.5);
#500=CIRCLE('',#9007,7.);
#501=CIRCLE('',#9014,7.);
#502=CIRCLE('',#9016,3.);
#503=CIRCLE('',#9017,1.75);
#504=CIRCLE('',#9018,1.75);
#505=CIRCLE('',#9019,2.5);
#506=CIRCLE('',#9020,2.5);
#507=CIRCLE('',#9021,1.3);
#508=CIRCLE('',#9022,1.3);
#509=CIRCLE('',#9023,1.3);
#510=CIRCLE('',#9024,1.3);
#511=CIRCLE('',#9025,7.);
#512=CIRCLE('',#9026,3.5);
#513=CIRCLE('',#9027,7.);
#514=CIRCLE('',#9029,6.67507176844514);
#515=CIRCLE('',#9032,6.67507176844514);
#516=CIRCLE('',#9037,2.5);
#517=CIRCLE('',#9038,3.8);
#518=CIRCLE('',#9039,6.67507176844514);
#519=CIRCLE('',#9044,1.);
#520=CIRCLE('',#9045,1.);
#521=CIRCLE('',#9046,2.);
#522=CIRCLE('',#9047,2.);
#523=CIRCLE('',#9049,1.);
#524=CIRCLE('',#9050,1.);
#525=CIRCLE('',#9051,2.);
#526=CIRCLE('',#9052,2.);
#527=CIRCLE('',#9054,1.3);
#528=CIRCLE('',#9055,1.3);
#529=CIRCLE('',#9056,1.99999999999999);
#530=CIRCLE('',#9057,1.99999999999999);
#531=CIRCLE('',#9059,1.3);
#532=CIRCLE('',#9060,1.99999999999999);
#533=CIRCLE('',#9061,1.99999999999999);
#534=CIRCLE('',#9062,1.3);
#535=CIRCLE('',#9065,1.5);
#536=CIRCLE('',#9066,1.5);
#537=CIRCLE('',#9070,1.5);
#538=CIRCLE('',#9071,1.5);
#539=CIRCLE('',#9074,1.5);
#540=CIRCLE('',#9075,1.5);
#541=CIRCLE('',#9076,2.);
#542=CIRCLE('',#9077,2.);
#543=CIRCLE('',#9086,1.5);
#544=CIRCLE('',#9087,2.);
#545=CIRCLE('',#9088,2.);
#546=CIRCLE('',#9126,1.621);
#547=CIRCLE('',#9128,1.621);
#548=CIRCLE('',#9131,1.621);
#549=CIRCLE('',#9133,1.621);
#550=CIRCLE('',#9136,1.621);
#551=CIRCLE('',#9138,1.621);
#552=CIRCLE('',#9141,1.621);
#553=CIRCLE('',#9143,1.621);
#554=CIRCLE('',#9146,0.7835);
#555=CIRCLE('',#9148,0.7835);
#556=CIRCLE('',#9151,0.7835);
#557=CIRCLE('',#9153,0.7835);
#558=CIRCLE('',#9156,0.7835);
#559=CIRCLE('',#9158,0.7835);
#560=CIRCLE('',#9161,0.7835);
#561=CIRCLE('',#9163,0.7835);
#562=CIRCLE('',#9166,1.75);
#563=CIRCLE('',#9169,1.75);
#564=CIRCLE('',#9172,1.75);
#565=CIRCLE('',#9175,1.75);
#566=CIRCLE('',#9178,1.5);
#567=CIRCLE('',#9181,1.5);
#568=CIRCLE('',#9184,1.5);
#569=CIRCLE('',#9188,2.5);
#570=CIRCLE('',#9192,2.5);
#571=CIRCLE('',#9194,2.25);
#572=CIRCLE('',#9196,2.5);
#573=CIRCLE('',#9200,2.5);
#574=CIRCLE('',#9203,1.75000000000001);
#575=CIRCLE('',#9205,1.75);
#576=CIRCLE('',#9207,2.25);
#577=CIRCLE('',#9210,1.2295);
#578=CIRCLE('',#9212,1.2295);
#579=CIRCLE('',#9215,1.2295);
#580=CIRCLE('',#9217,1.2295);
#581=CIRCLE('',#9220,1.2295);
#582=CIRCLE('',#9222,1.2295);
#583=CIRCLE('',#9225,1.2295);
#584=CIRCLE('',#9227,1.2295);
#585=CIRCLE('',#9231,4.);
#586=CIRCLE('',#9232,4.);
#587=CIRCLE('',#9233,4.);
#588=CIRCLE('',#9234,4.);
#589=CIRCLE('',#9241,1.9);
#590=CIRCLE('',#9243,1.9);
#591=CIRCLE('',#9245,4.);
#592=CIRCLE('',#9248,1.9);
#593=CIRCLE('',#9250,1.9);
#594=CIRCLE('',#9252,4.);
#595=CIRCLE('',#9255,1.9);
#596=CIRCLE('',#9257,1.9);
#597=CIRCLE('',#9259,4.);
#598=CIRCLE('',#9262,1.9);
#599=CIRCLE('',#9264,1.9);
#600=CIRCLE('',#9266,4.);
#601=CIRCLE('',#9270,15.);
#602=CIRCLE('',#9271,15.);
#603=CIRCLE('',#9273,15.);
#604=CIRCLE('',#9274,15.);
#605=CIRCLE('',#9276,15.);
#606=CIRCLE('',#9277,15.);
#607=CIRCLE('',#9279,15.);
#608=CIRCLE('',#9280,15.);
#609=CIRCLE('',#9282,3.25);
#610=CIRCLE('',#9283,3.25);
#611=CIRCLE('',#9284,3.25);
#612=CIRCLE('',#9286,3.25);
#613=CIRCLE('',#9287,3.25);
#614=CIRCLE('',#9288,3.25);
#615=CIRCLE('',#9290,3.25);
#616=CIRCLE('',#9291,3.25);
#617=CIRCLE('',#9292,3.25);
#618=CIRCLE('',#9294,3.25);
#619=CIRCLE('',#9295,3.25);
#620=CIRCLE('',#9296,3.25);
#621=CIRCLE('',#9306,2.);
#622=CIRCLE('',#9307,2.);
#623=CIRCLE('',#9308,2.);
#624=CIRCLE('',#9309,2.);
#625=CIRCLE('',#9310,15.5);
#626=CIRCLE('',#9311,15.5);
#627=CIRCLE('',#9312,15.5);
#628=CIRCLE('',#9313,15.5);
#629=CIRCLE('',#9315,1.7);
#630=CIRCLE('',#9316,1.7);
#631=CIRCLE('',#9317,1.7);
#632=CIRCLE('',#9318,1.7);
#633=CIRCLE('',#9319,2.);
#634=CIRCLE('',#9320,2.);
#635=CIRCLE('',#9321,2.);
#636=CIRCLE('',#9322,2.);
#637=CIRCLE('',#9323,10.5);
#638=CIRCLE('',#9325,10.5);
#639=CIRCLE('',#9328,1.621);
#640=CIRCLE('',#9330,1.621);
#641=CIRCLE('',#9333,1.621);
#642=CIRCLE('',#9335,1.621);
#643=CIRCLE('',#9338,1.621);
#644=CIRCLE('',#9340,1.621);
#645=CIRCLE('',#9343,1.621);
#646=CIRCLE('',#9345,1.621);
#647=CIRCLE('',#9348,1.7);
#648=CIRCLE('',#9351,1.7);
#649=CIRCLE('',#9354,1.7);
#650=CIRCLE('',#9357,1.7);
#651=CIRCLE('',#9365,2.45);
#652=CIRCLE('',#9367,2.75);
#653=CIRCLE('',#9369,2.75);
#654=CIRCLE('',#9371,1.5);
#655=CIRCLE('',#9373,1.5);
#656=CIRCLE('',#9375,1.1935);
#657=CIRCLE('',#9384,1.25);
#658=CIRCLE('',#9386,1.25);
#659=CIRCLE('',#9388,1.25);
#660=CIRCLE('',#9390,1.25);
#661=CIRCLE('',#9392,1.25);
#662=CIRCLE('',#9394,1.25);
#663=ORIENTED_EDGE('',*,*,#2833,.F.);
#664=ORIENTED_EDGE('',*,*,#2834,.F.);
#665=ORIENTED_EDGE('',*,*,#2835,.F.);
#666=ORIENTED_EDGE('',*,*,#2836,.F.);
#667=ORIENTED_EDGE('',*,*,#2837,.F.);
#668=ORIENTED_EDGE('',*,*,#2838,.F.);
#669=ORIENTED_EDGE('',*,*,#2839,.T.);
#670=ORIENTED_EDGE('',*,*,#2840,.T.);
#671=ORIENTED_EDGE('',*,*,#2841,.F.);
#672=ORIENTED_EDGE('',*,*,#2842,.F.);
#673=ORIENTED_EDGE('',*,*,#2843,.T.);
#674=ORIENTED_EDGE('',*,*,#2844,.T.);
#675=ORIENTED_EDGE('',*,*,#2845,.T.);
#676=ORIENTED_EDGE('',*,*,#2846,.F.);
#677=ORIENTED_EDGE('',*,*,#2847,.F.);
#678=ORIENTED_EDGE('',*,*,#2848,.F.);
#679=ORIENTED_EDGE('',*,*,#2849,.T.);
#680=ORIENTED_EDGE('',*,*,#2850,.F.);
#681=ORIENTED_EDGE('',*,*,#2851,.T.);
#682=ORIENTED_EDGE('',*,*,#2852,.F.);
#683=ORIENTED_EDGE('',*,*,#2853,.T.);
#684=ORIENTED_EDGE('',*,*,#2854,.T.);
#685=ORIENTED_EDGE('',*,*,#2855,.F.);
#686=ORIENTED_EDGE('',*,*,#2856,.T.);
#687=ORIENTED_EDGE('',*,*,#2857,.F.);
#688=ORIENTED_EDGE('',*,*,#2858,.T.);
#689=ORIENTED_EDGE('',*,*,#2859,.F.);
#690=ORIENTED_EDGE('',*,*,#2860,.F.);
#691=ORIENTED_EDGE('',*,*,#2861,.F.);
#692=ORIENTED_EDGE('',*,*,#2862,.T.);
#693=ORIENTED_EDGE('',*,*,#2863,.F.);
#694=ORIENTED_EDGE('',*,*,#2864,.F.);
#695=ORIENTED_EDGE('',*,*,#2865,.F.);
#696=ORIENTED_EDGE('',*,*,#2866,.F.);
#697=ORIENTED_EDGE('',*,*,#2867,.T.);
#698=ORIENTED_EDGE('',*,*,#2868,.F.);
#699=ORIENTED_EDGE('',*,*,#2869,.F.);
#700=ORIENTED_EDGE('',*,*,#2870,.T.);
#701=ORIENTED_EDGE('',*,*,#2871,.T.);
#702=ORIENTED_EDGE('',*,*,#2872,.T.);
#703=ORIENTED_EDGE('',*,*,#2873,.F.);
#704=ORIENTED_EDGE('',*,*,#2874,.F.);
#705=ORIENTED_EDGE('',*,*,#2875,.F.);
#706=ORIENTED_EDGE('',*,*,#2876,.F.);
#707=ORIENTED_EDGE('',*,*,#2877,.F.);
#708=ORIENTED_EDGE('',*,*,#2873,.T.);
#709=ORIENTED_EDGE('',*,*,#2878,.T.);
#710=ORIENTED_EDGE('',*,*,#2843,.F.);
#711=ORIENTED_EDGE('',*,*,#2879,.F.);
#712=ORIENTED_EDGE('',*,*,#2863,.T.);
#713=ORIENTED_EDGE('',*,*,#2880,.T.);
#714=ORIENTED_EDGE('',*,*,#2881,.F.);
#715=ORIENTED_EDGE('',*,*,#2882,.T.);
#716=ORIENTED_EDGE('',*,*,#2883,.F.);
#717=ORIENTED_EDGE('',*,*,#2884,.F.);
#718=ORIENTED_EDGE('',*,*,#2885,.F.);
#719=ORIENTED_EDGE('',*,*,#2881,.T.);
#720=ORIENTED_EDGE('',*,*,#2886,.T.);
#721=ORIENTED_EDGE('',*,*,#2887,.T.);
#722=ORIENTED_EDGE('',*,*,#2888,.F.);
#723=ORIENTED_EDGE('',*,*,#2889,.F.);
#724=ORIENTED_EDGE('',*,*,#2890,.F.);
#725=ORIENTED_EDGE('',*,*,#2891,.T.);
#726=ORIENTED_EDGE('',*,*,#2892,.T.);
#727=ORIENTED_EDGE('',*,*,#2889,.T.);
#728=ORIENTED_EDGE('',*,*,#2893,.T.);
#729=ORIENTED_EDGE('',*,*,#2869,.T.);
#730=ORIENTED_EDGE('',*,*,#2894,.T.);
#731=ORIENTED_EDGE('',*,*,#2895,.T.);
#732=ORIENTED_EDGE('',*,*,#2866,.T.);
#733=ORIENTED_EDGE('',*,*,#2896,.F.);
#734=ORIENTED_EDGE('',*,*,#2897,.F.);
#735=ORIENTED_EDGE('',*,*,#2898,.F.);
#736=ORIENTED_EDGE('',*,*,#2899,.F.);
#737=ORIENTED_EDGE('',*,*,#2900,.F.);
#738=ORIENTED_EDGE('',*,*,#2901,.F.);
#739=ORIENTED_EDGE('',*,*,#2902,.F.);
#740=ORIENTED_EDGE('',*,*,#2903,.F.);
#741=ORIENTED_EDGE('',*,*,#2904,.F.);
#742=ORIENTED_EDGE('',*,*,#2905,.T.);
#743=ORIENTED_EDGE('',*,*,#2906,.T.);
#744=ORIENTED_EDGE('',*,*,#2907,.F.);
#745=ORIENTED_EDGE('',*,*,#2908,.F.);
#746=ORIENTED_EDGE('',*,*,#2909,.F.);
#747=ORIENTED_EDGE('',*,*,#2910,.F.);
#748=ORIENTED_EDGE('',*,*,#2911,.F.);
#749=ORIENTED_EDGE('',*,*,#2912,.F.);
#750=ORIENTED_EDGE('',*,*,#2913,.F.);
#751=ORIENTED_EDGE('',*,*,#2914,.F.);
#752=ORIENTED_EDGE('',*,*,#2915,.F.);
#753=ORIENTED_EDGE('',*,*,#2916,.F.);
#754=ORIENTED_EDGE('',*,*,#2917,.F.);
#755=ORIENTED_EDGE('',*,*,#2918,.F.);
#756=ORIENTED_EDGE('',*,*,#2919,.F.);
#757=ORIENTED_EDGE('',*,*,#2920,.F.);
#758=ORIENTED_EDGE('',*,*,#2921,.F.);
#759=ORIENTED_EDGE('',*,*,#2903,.T.);
#760=ORIENTED_EDGE('',*,*,#2922,.F.);
#761=ORIENTED_EDGE('',*,*,#2901,.T.);
#762=ORIENTED_EDGE('',*,*,#2923,.F.);
#763=ORIENTED_EDGE('',*,*,#2899,.T.);
#764=ORIENTED_EDGE('',*,*,#2924,.F.);
#765=ORIENTED_EDGE('',*,*,#2897,.T.);
#766=ORIENTED_EDGE('',*,*,#2925,.F.);
#767=ORIENTED_EDGE('',*,*,#2926,.T.);
#768=ORIENTED_EDGE('',*,*,#2927,.T.);
#769=ORIENTED_EDGE('',*,*,#2928,.F.);
#770=ORIENTED_EDGE('',*,*,#2929,.F.);
#771=ORIENTED_EDGE('',*,*,#2920,.T.);
#772=ORIENTED_EDGE('',*,*,#2930,.F.);
#773=ORIENTED_EDGE('',*,*,#2918,.T.);
#774=ORIENTED_EDGE('',*,*,#2931,.F.);
#775=ORIENTED_EDGE('',*,*,#2916,.T.);
#776=ORIENTED_EDGE('',*,*,#2932,.F.);
#777=ORIENTED_EDGE('',*,*,#2914,.T.);
#778=ORIENTED_EDGE('',*,*,#2933,.F.);
#779=ORIENTED_EDGE('',*,*,#2934,.F.);
#780=ORIENTED_EDGE('',*,*,#2890,.T.);
#781=ORIENTED_EDGE('',*,*,#2935,.F.);
#782=ORIENTED_EDGE('',*,*,#2886,.F.);
#783=ORIENTED_EDGE('',*,*,#2880,.F.);
#784=ORIENTED_EDGE('',*,*,#2862,.F.);
#785=ORIENTED_EDGE('',*,*,#2936,.T.);
#786=ORIENTED_EDGE('',*,*,#2937,.T.);
#787=ORIENTED_EDGE('',*,*,#2938,.T.);
#788=ORIENTED_EDGE('',*,*,#2939,.T.);
#789=ORIENTED_EDGE('',*,*,#2940,.T.);
#790=ORIENTED_EDGE('',*,*,#2941,.T.);
#791=ORIENTED_EDGE('',*,*,#2942,.T.);
#792=ORIENTED_EDGE('',*,*,#2927,.F.);
#793=ORIENTED_EDGE('',*,*,#2943,.F.);
#794=ORIENTED_EDGE('',*,*,#2944,.T.);
#795=ORIENTED_EDGE('',*,*,#2945,.T.);
#796=ORIENTED_EDGE('',*,*,#2906,.F.);
#797=ORIENTED_EDGE('',*,*,#2946,.F.);
#798=ORIENTED_EDGE('',*,*,#2947,.T.);
#799=ORIENTED_EDGE('',*,*,#2948,.F.);
#800=ORIENTED_EDGE('',*,*,#2949,.F.);
#801=ORIENTED_EDGE('',*,*,#2950,.F.);
#802=ORIENTED_EDGE('',*,*,#2951,.F.);
#803=ORIENTED_EDGE('',*,*,#2952,.T.);
#804=ORIENTED_EDGE('',*,*,#2953,.F.);
#805=ORIENTED_EDGE('',*,*,#2954,.F.);
#806=ORIENTED_EDGE('',*,*,#2955,.F.);
#807=ORIENTED_EDGE('',*,*,#2956,.F.);
#808=ORIENTED_EDGE('',*,*,#2957,.F.);
#809=ORIENTED_EDGE('',*,*,#2958,.F.);
#810=ORIENTED_EDGE('',*,*,#2959,.T.);
#811=ORIENTED_EDGE('',*,*,#2960,.F.);
#812=ORIENTED_EDGE('',*,*,#2961,.F.);
#813=ORIENTED_EDGE('',*,*,#2859,.T.);
#814=ORIENTED_EDGE('',*,*,#2962,.T.);
#815=ORIENTED_EDGE('',*,*,#2963,.F.);
#816=ORIENTED_EDGE('',*,*,#2964,.F.);
#817=ORIENTED_EDGE('',*,*,#2847,.T.);
#818=ORIENTED_EDGE('',*,*,#2965,.T.);
#819=ORIENTED_EDGE('',*,*,#2966,.T.);
#820=ORIENTED_EDGE('',*,*,#2967,.F.);
#821=ORIENTED_EDGE('',*,*,#2968,.T.);
#822=ORIENTED_EDGE('',*,*,#2969,.F.);
#823=ORIENTED_EDGE('',*,*,#2970,.T.);
#824=ORIENTED_EDGE('',*,*,#2971,.F.);
#825=ORIENTED_EDGE('',*,*,#2972,.T.);
#826=ORIENTED_EDGE('',*,*,#2973,.F.);
#827=ORIENTED_EDGE('',*,*,#2974,.F.);
#828=ORIENTED_EDGE('',*,*,#2973,.T.);
#829=ORIENTED_EDGE('',*,*,#2975,.F.);
#830=ORIENTED_EDGE('',*,*,#2976,.T.);
#831=ORIENTED_EDGE('',*,*,#2977,.F.);
#832=ORIENTED_EDGE('',*,*,#2978,.T.);
#833=ORIENTED_EDGE('',*,*,#2979,.F.);
#834=ORIENTED_EDGE('',*,*,#2967,.T.);
#835=ORIENTED_EDGE('',*,*,#2980,.F.);
#836=ORIENTED_EDGE('',*,*,#2971,.T.);
#837=ORIENTED_EDGE('',*,*,#2981,.F.);
#838=ORIENTED_EDGE('',*,*,#2982,.T.);
#839=ORIENTED_EDGE('',*,*,#2983,.F.);
#840=ORIENTED_EDGE('',*,*,#2969,.T.);
#841=ORIENTED_EDGE('',*,*,#2984,.F.);
#842=ORIENTED_EDGE('',*,*,#2985,.T.);
#843=ORIENTED_EDGE('',*,*,#2986,.F.);
#844=ORIENTED_EDGE('',*,*,#2987,.T.);
#845=ORIENTED_EDGE('',*,*,#2988,.T.);
#846=ORIENTED_EDGE('',*,*,#2989,.T.);
#847=ORIENTED_EDGE('',*,*,#2990,.T.);
#848=ORIENTED_EDGE('',*,*,#2991,.T.);
#849=ORIENTED_EDGE('',*,*,#2992,.F.);
#850=ORIENTED_EDGE('',*,*,#2993,.T.);
#851=ORIENTED_EDGE('',*,*,#2994,.F.);
#852=ORIENTED_EDGE('',*,*,#2995,.T.);
#853=ORIENTED_EDGE('',*,*,#2992,.T.);
#854=ORIENTED_EDGE('',*,*,#2996,.T.);
#855=ORIENTED_EDGE('',*,*,#2997,.F.);
#856=ORIENTED_EDGE('',*,*,#2998,.F.);
#857=ORIENTED_EDGE('',*,*,#2999,.F.);
#858=ORIENTED_EDGE('',*,*,#3000,.T.);
#859=ORIENTED_EDGE('',*,*,#2994,.T.);
#860=ORIENTED_EDGE('',*,*,#3001,.T.);
#861=ORIENTED_EDGE('',*,*,#3002,.T.);
#862=ORIENTED_EDGE('',*,*,#3003,.T.);
#863=ORIENTED_EDGE('',*,*,#3004,.T.);
#864=ORIENTED_EDGE('',*,*,#3005,.T.);
#865=ORIENTED_EDGE('',*,*,#2854,.F.);
#866=ORIENTED_EDGE('',*,*,#3006,.F.);
#867=ORIENTED_EDGE('',*,*,#3007,.F.);
#868=ORIENTED_EDGE('',*,*,#3008,.F.);
#869=ORIENTED_EDGE('',*,*,#3009,.F.);
#870=ORIENTED_EDGE('',*,*,#3010,.F.);
#871=ORIENTED_EDGE('',*,*,#2952,.F.);
#872=ORIENTED_EDGE('',*,*,#3011,.F.);
#873=ORIENTED_EDGE('',*,*,#2962,.F.);
#874=ORIENTED_EDGE('',*,*,#2858,.F.);
#875=ORIENTED_EDGE('',*,*,#3012,.F.);
#876=ORIENTED_EDGE('',*,*,#3013,.F.);
#877=ORIENTED_EDGE('',*,*,#3014,.F.);
#878=ORIENTED_EDGE('',*,*,#3015,.T.);
#879=ORIENTED_EDGE('',*,*,#3016,.T.);
#880=ORIENTED_EDGE('',*,*,#3017,.T.);
#881=ORIENTED_EDGE('',*,*,#3018,.F.);
#882=ORIENTED_EDGE('',*,*,#3019,.F.);
#883=ORIENTED_EDGE('',*,*,#3020,.F.);
#884=ORIENTED_EDGE('',*,*,#3021,.T.);
#885=ORIENTED_EDGE('',*,*,#3022,.F.);
#886=ORIENTED_EDGE('',*,*,#3023,.F.);
#887=ORIENTED_EDGE('',*,*,#3024,.F.);
#888=ORIENTED_EDGE('',*,*,#3025,.T.);
#889=ORIENTED_EDGE('',*,*,#2978,.F.);
#890=ORIENTED_EDGE('',*,*,#3026,.F.);
#891=ORIENTED_EDGE('',*,*,#2976,.F.);
#892=ORIENTED_EDGE('',*,*,#3027,.F.);
#893=ORIENTED_EDGE('',*,*,#2982,.F.);
#894=ORIENTED_EDGE('',*,*,#3028,.F.);
#895=ORIENTED_EDGE('',*,*,#2985,.F.);
#896=ORIENTED_EDGE('',*,*,#3029,.F.);
#897=ORIENTED_EDGE('',*,*,#3030,.F.);
#898=ORIENTED_EDGE('',*,*,#2987,.F.);
#899=ORIENTED_EDGE('',*,*,#3000,.F.);
#900=ORIENTED_EDGE('',*,*,#3031,.F.);
#901=ORIENTED_EDGE('',*,*,#3032,.T.);
#902=ORIENTED_EDGE('',*,*,#3033,.T.);
#903=ORIENTED_EDGE('',*,*,#3034,.F.);
#904=ORIENTED_EDGE('',*,*,#3021,.F.);
#905=ORIENTED_EDGE('',*,*,#3035,.F.);
#906=ORIENTED_EDGE('',*,*,#3036,.T.);
#907=ORIENTED_EDGE('',*,*,#2996,.F.);
#908=ORIENTED_EDGE('',*,*,#2991,.F.);
#909=ORIENTED_EDGE('',*,*,#3037,.F.);
#910=ORIENTED_EDGE('',*,*,#2839,.F.);
#911=ORIENTED_EDGE('',*,*,#3038,.T.);
#912=ORIENTED_EDGE('',*,*,#3022,.T.);
#913=ORIENTED_EDGE('',*,*,#3034,.T.);
#914=ORIENTED_EDGE('',*,*,#3039,.T.);
#915=ORIENTED_EDGE('',*,*,#3007,.T.);
#916=ORIENTED_EDGE('',*,*,#3040,.F.);
#917=ORIENTED_EDGE('',*,*,#3041,.F.);
#918=ORIENTED_EDGE('',*,*,#3042,.T.);
#919=ORIENTED_EDGE('',*,*,#3043,.T.);
#920=ORIENTED_EDGE('',*,*,#3044,.T.);
#921=ORIENTED_EDGE('',*,*,#3045,.T.);
#922=ORIENTED_EDGE('',*,*,#3046,.T.);
#923=ORIENTED_EDGE('',*,*,#3047,.T.);
#924=ORIENTED_EDGE('',*,*,#3048,.T.);
#925=ORIENTED_EDGE('',*,*,#3049,.T.);
#926=ORIENTED_EDGE('',*,*,#3050,.T.);
#927=ORIENTED_EDGE('',*,*,#3051,.T.);
#928=ORIENTED_EDGE('',*,*,#3052,.T.);
#929=ORIENTED_EDGE('',*,*,#2986,.T.);
#930=ORIENTED_EDGE('',*,*,#3006,.T.);
#931=ORIENTED_EDGE('',*,*,#2853,.F.);
#932=ORIENTED_EDGE('',*,*,#3053,.F.);
#933=ORIENTED_EDGE('',*,*,#3040,.T.);
#934=ORIENTED_EDGE('',*,*,#3010,.T.);
#935=ORIENTED_EDGE('',*,*,#3054,.F.);
#936=ORIENTED_EDGE('',*,*,#3055,.F.);
#937=ORIENTED_EDGE('',*,*,#2953,.T.);
#938=ORIENTED_EDGE('',*,*,#3009,.T.);
#939=ORIENTED_EDGE('',*,*,#3056,.F.);
#940=ORIENTED_EDGE('',*,*,#3057,.F.);
#941=ORIENTED_EDGE('',*,*,#3054,.T.);
#942=ORIENTED_EDGE('',*,*,#3008,.T.);
#943=ORIENTED_EDGE('',*,*,#3042,.F.);
#944=ORIENTED_EDGE('',*,*,#3058,.F.);
#945=ORIENTED_EDGE('',*,*,#3056,.T.);
#946=ORIENTED_EDGE('',*,*,#3059,.F.);
#947=ORIENTED_EDGE('',*,*,#3060,.F.);
#948=ORIENTED_EDGE('',*,*,#3061,.F.);
#949=ORIENTED_EDGE('',*,*,#3062,.F.);
#950=ORIENTED_EDGE('',*,*,#3063,.F.);
#951=ORIENTED_EDGE('',*,*,#3064,.F.);
#952=ORIENTED_EDGE('',*,*,#3065,.F.);
#953=ORIENTED_EDGE('',*,*,#2848,.T.);
#954=ORIENTED_EDGE('',*,*,#2964,.T.);
#955=ORIENTED_EDGE('',*,*,#3066,.T.);
#956=ORIENTED_EDGE('',*,*,#2954,.T.);
#957=ORIENTED_EDGE('',*,*,#3055,.T.);
#958=ORIENTED_EDGE('',*,*,#3057,.T.);
#959=ORIENTED_EDGE('',*,*,#3058,.T.);
#960=ORIENTED_EDGE('',*,*,#3041,.T.);
#961=ORIENTED_EDGE('',*,*,#3053,.T.);
#962=ORIENTED_EDGE('',*,*,#2852,.T.);
#963=ORIENTED_EDGE('',*,*,#3067,.F.);
#964=ORIENTED_EDGE('',*,*,#3068,.F.);
#965=ORIENTED_EDGE('',*,*,#3069,.F.);
#966=ORIENTED_EDGE('',*,*,#3070,.F.);
#967=ORIENTED_EDGE('',*,*,#3071,.F.);
#968=ORIENTED_EDGE('',*,*,#3072,.F.);
#969=ORIENTED_EDGE('',*,*,#2993,.F.);
#970=ORIENTED_EDGE('',*,*,#2995,.F.);
#971=ORIENTED_EDGE('',*,*,#3073,.T.);
#972=ORIENTED_EDGE('',*,*,#2855,.T.);
#973=ORIENTED_EDGE('',*,*,#3005,.F.);
#974=ORIENTED_EDGE('',*,*,#3074,.F.);
#975=ORIENTED_EDGE('',*,*,#3023,.T.);
#976=ORIENTED_EDGE('',*,*,#3038,.F.);
#977=ORIENTED_EDGE('',*,*,#3075,.F.);
#978=ORIENTED_EDGE('',*,*,#3076,.T.);
#979=ORIENTED_EDGE('',*,*,#3059,.T.);
#980=ORIENTED_EDGE('',*,*,#2851,.F.);
#981=ORIENTED_EDGE('',*,*,#3077,.F.);
#982=ORIENTED_EDGE('',*,*,#3001,.F.);
#983=ORIENTED_EDGE('',*,*,#3078,.T.);
#984=ORIENTED_EDGE('',*,*,#3079,.F.);
#985=ORIENTED_EDGE('',*,*,#3080,.T.);
#986=ORIENTED_EDGE('',*,*,#3081,.T.);
#987=ORIENTED_EDGE('',*,*,#3082,.T.);
#988=ORIENTED_EDGE('',*,*,#3075,.T.);
#989=ORIENTED_EDGE('',*,*,#3039,.F.);
#990=ORIENTED_EDGE('',*,*,#3033,.F.);
#991=ORIENTED_EDGE('',*,*,#3083,.F.);
#992=ORIENTED_EDGE('',*,*,#3063,.T.);
#993=ORIENTED_EDGE('',*,*,#3084,.F.);
#994=ORIENTED_EDGE('',*,*,#3085,.F.);
#995=ORIENTED_EDGE('',*,*,#2849,.F.);
#996=ORIENTED_EDGE('',*,*,#3065,.T.);
#997=ORIENTED_EDGE('',*,*,#3086,.T.);
#998=ORIENTED_EDGE('',*,*,#3060,.T.);
#999=ORIENTED_EDGE('',*,*,#3076,.F.);
#1000=ORIENTED_EDGE('',*,*,#3082,.F.);
#1001=ORIENTED_EDGE('',*,*,#3087,.F.);
#1002=ORIENTED_EDGE('',*,*,#3088,.T.);
#1003=ORIENTED_EDGE('',*,*,#3061,.T.);
#1004=ORIENTED_EDGE('',*,*,#3086,.F.);
#1005=ORIENTED_EDGE('',*,*,#3089,.F.);
#1006=ORIENTED_EDGE('',*,*,#3032,.F.);
#1007=ORIENTED_EDGE('',*,*,#3090,.F.);
#1008=ORIENTED_EDGE('',*,*,#3084,.T.);
#1009=ORIENTED_EDGE('',*,*,#3062,.T.);
#1010=ORIENTED_EDGE('',*,*,#3088,.F.);
#1011=ORIENTED_EDGE('',*,*,#3091,.F.);
#1012=ORIENTED_EDGE('',*,*,#3078,.F.);
#1013=ORIENTED_EDGE('',*,*,#3092,.F.);
#1014=ORIENTED_EDGE('',*,*,#3093,.T.);
#1015=ORIENTED_EDGE('',*,*,#3094,.T.);
#1016=ORIENTED_EDGE('',*,*,#3002,.F.);
#1017=ORIENTED_EDGE('',*,*,#3077,.T.);
#1018=ORIENTED_EDGE('',*,*,#2850,.T.);
#1019=ORIENTED_EDGE('',*,*,#3085,.T.);
#1020=ORIENTED_EDGE('',*,*,#3090,.T.);
#1021=ORIENTED_EDGE('',*,*,#3031,.T.);
#1022=ORIENTED_EDGE('',*,*,#3004,.F.);
#1023=ORIENTED_EDGE('',*,*,#3014,.T.);
#1024=ORIENTED_EDGE('',*,*,#3095,.T.);
#1025=ORIENTED_EDGE('',*,*,#3012,.T.);
#1026=ORIENTED_EDGE('',*,*,#2857,.T.);
#1027=ORIENTED_EDGE('',*,*,#3096,.T.);
#1028=ORIENTED_EDGE('',*,*,#3097,.T.);
#1029=ORIENTED_EDGE('',*,*,#3098,.T.);
#1030=ORIENTED_EDGE('',*,*,#3099,.T.);
#1031=ORIENTED_EDGE('',*,*,#3016,.F.);
#1032=ORIENTED_EDGE('',*,*,#3100,.F.);
#1033=ORIENTED_EDGE('',*,*,#3101,.T.);
#1034=ORIENTED_EDGE('',*,*,#3024,.T.);
#1035=ORIENTED_EDGE('',*,*,#3074,.T.);
#1036=ORIENTED_EDGE('',*,*,#3017,.F.);
#1037=ORIENTED_EDGE('',*,*,#3099,.F.);
#1038=ORIENTED_EDGE('',*,*,#3020,.T.);
#1039=ORIENTED_EDGE('',*,*,#3102,.T.);
#1040=ORIENTED_EDGE('',*,*,#3100,.T.);
#1041=ORIENTED_EDGE('',*,*,#3015,.F.);
#1042=ORIENTED_EDGE('',*,*,#3097,.F.);
#1043=ORIENTED_EDGE('',*,*,#3103,.T.);
#1044=ORIENTED_EDGE('',*,*,#3035,.T.);
#1045=ORIENTED_EDGE('',*,*,#3104,.F.);
#1046=ORIENTED_EDGE('',*,*,#3105,.T.);
#1047=ORIENTED_EDGE('',*,*,#2997,.T.);
#1048=ORIENTED_EDGE('',*,*,#3036,.F.);
#1049=ORIENTED_EDGE('',*,*,#3103,.F.);
#1050=ORIENTED_EDGE('',*,*,#3096,.F.);
#1051=ORIENTED_EDGE('',*,*,#2856,.F.);
#1052=ORIENTED_EDGE('',*,*,#3073,.F.);
#1053=ORIENTED_EDGE('',*,*,#2999,.T.);
#1054=ORIENTED_EDGE('',*,*,#3106,.F.);
#1055=ORIENTED_EDGE('',*,*,#3030,.T.);
#1056=ORIENTED_EDGE('',*,*,#2838,.T.);
#1057=ORIENTED_EDGE('',*,*,#3107,.F.);
#1058=ORIENTED_EDGE('',*,*,#2988,.F.);
#1059=ORIENTED_EDGE('',*,*,#3108,.F.);
#1060=ORIENTED_EDGE('',*,*,#2840,.F.);
#1061=ORIENTED_EDGE('',*,*,#3037,.T.);
#1062=ORIENTED_EDGE('',*,*,#2990,.F.);
#1063=ORIENTED_EDGE('',*,*,#3107,.T.);
#1064=ORIENTED_EDGE('',*,*,#2841,.T.);
#1065=ORIENTED_EDGE('',*,*,#3108,.T.);
#1066=ORIENTED_EDGE('',*,*,#2989,.F.);
#1067=ORIENTED_EDGE('',*,*,#3109,.F.);
#1068=ORIENTED_EDGE('',*,*,#3110,.F.);
#1069=ORIENTED_EDGE('',*,*,#3111,.F.);
#1070=ORIENTED_EDGE('',*,*,#3091,.T.);
#1071=ORIENTED_EDGE('',*,*,#3089,.T.);
#1072=ORIENTED_EDGE('',*,*,#3087,.T.);
#1073=ORIENTED_EDGE('',*,*,#3112,.T.);
#1074=ORIENTED_EDGE('',*,*,#3113,.F.);
#1075=ORIENTED_EDGE('',*,*,#3114,.T.);
#1076=ORIENTED_EDGE('',*,*,#3115,.T.);
#1077=ORIENTED_EDGE('',*,*,#3116,.T.);
#1078=ORIENTED_EDGE('',*,*,#3101,.F.);
#1079=ORIENTED_EDGE('',*,*,#3098,.F.);
#1080=ORIENTED_EDGE('',*,*,#3102,.F.);
#1081=ORIENTED_EDGE('',*,*,#3117,.F.);
#1082=ORIENTED_EDGE('',*,*,#3118,.T.);
#1083=ORIENTED_EDGE('',*,*,#3119,.T.);
#1084=ORIENTED_EDGE('',*,*,#3080,.F.);
#1085=ORIENTED_EDGE('',*,*,#3120,.F.);
#1086=ORIENTED_EDGE('',*,*,#3121,.T.);
#1087=ORIENTED_EDGE('',*,*,#3122,.T.);
#1088=ORIENTED_EDGE('',*,*,#3093,.F.);
#1089=ORIENTED_EDGE('',*,*,#3123,.F.);
#1090=ORIENTED_EDGE('',*,*,#3110,.T.);
#1091=ORIENTED_EDGE('',*,*,#3124,.T.);
#1092=ORIENTED_EDGE('',*,*,#3113,.T.);
#1093=ORIENTED_EDGE('',*,*,#3003,.F.);
#1094=ORIENTED_EDGE('',*,*,#3125,.T.);
#1095=ORIENTED_EDGE('',*,*,#3126,.F.);
#1096=ORIENTED_EDGE('',*,*,#3127,.F.);
#1097=ORIENTED_EDGE('',*,*,#3128,.F.);
#1098=ORIENTED_EDGE('',*,*,#3129,.F.);
#1099=ORIENTED_EDGE('',*,*,#3130,.T.);
#1100=ORIENTED_EDGE('',*,*,#3126,.T.);
#1101=ORIENTED_EDGE('',*,*,#3131,.T.);
#1102=ORIENTED_EDGE('',*,*,#3132,.F.);
#1103=ORIENTED_EDGE('',*,*,#3133,.F.);
#1104=ORIENTED_EDGE('',*,*,#3129,.T.);
#1105=ORIENTED_EDGE('',*,*,#3134,.F.);
#1106=ORIENTED_EDGE('',*,*,#3135,.F.);
#1107=ORIENTED_EDGE('',*,*,#3136,.T.);
#1108=ORIENTED_EDGE('',*,*,#3132,.T.);
#1109=ORIENTED_EDGE('',*,*,#2998,.T.);
#1110=ORIENTED_EDGE('',*,*,#3137,.F.);
#1111=ORIENTED_EDGE('',*,*,#3135,.T.);
#1112=ORIENTED_EDGE('',*,*,#3138,.T.);
#1113=ORIENTED_EDGE('',*,*,#3139,.T.);
#1114=ORIENTED_EDGE('',*,*,#3115,.F.);
#1115=ORIENTED_EDGE('',*,*,#3140,.F.);
#1116=ORIENTED_EDGE('',*,*,#3118,.F.);
#1117=ORIENTED_EDGE('',*,*,#3141,.F.);
#1118=ORIENTED_EDGE('',*,*,#3104,.T.);
#1119=ORIENTED_EDGE('',*,*,#3142,.T.);
#1120=ORIENTED_EDGE('',*,*,#3143,.F.);
#1121=ORIENTED_EDGE('',*,*,#3144,.F.);
#1122=ORIENTED_EDGE('',*,*,#3018,.T.);
#1123=ORIENTED_EDGE('',*,*,#3145,.T.);
#1124=ORIENTED_EDGE('',*,*,#3121,.F.);
#1125=ORIENTED_EDGE('',*,*,#3146,.F.);
#1126=ORIENTED_EDGE('',*,*,#3143,.T.);
#1127=ORIENTED_EDGE('',*,*,#3120,.T.);
#1128=ORIENTED_EDGE('',*,*,#3079,.T.);
#1129=ORIENTED_EDGE('',*,*,#3111,.T.);
#1130=ORIENTED_EDGE('',*,*,#3123,.T.);
#1131=ORIENTED_EDGE('',*,*,#3092,.T.);
#1132=ORIENTED_EDGE('',*,*,#3127,.T.);
#1133=ORIENTED_EDGE('',*,*,#3130,.F.);
#1134=ORIENTED_EDGE('',*,*,#3133,.T.);
#1135=ORIENTED_EDGE('',*,*,#3136,.F.);
#1136=ORIENTED_EDGE('',*,*,#3137,.T.);
#1137=ORIENTED_EDGE('',*,*,#3105,.F.);
#1138=ORIENTED_EDGE('',*,*,#3141,.T.);
#1139=ORIENTED_EDGE('',*,*,#3117,.T.);
#1140=ORIENTED_EDGE('',*,*,#3019,.T.);
#1141=ORIENTED_EDGE('',*,*,#3144,.T.);
#1142=ORIENTED_EDGE('',*,*,#3146,.T.);
#1143=ORIENTED_EDGE('',*,*,#3119,.F.);
#1144=ORIENTED_EDGE('',*,*,#3145,.F.);
#1145=ORIENTED_EDGE('',*,*,#3142,.F.);
#1146=ORIENTED_EDGE('',*,*,#3025,.F.);
#1147=ORIENTED_EDGE('',*,*,#3116,.F.);
#1148=ORIENTED_EDGE('',*,*,#3139,.F.);
#1149=ORIENTED_EDGE('',*,*,#3106,.T.);
#1150=ORIENTED_EDGE('',*,*,#3138,.F.);
#1151=ORIENTED_EDGE('',*,*,#3134,.T.);
#1152=ORIENTED_EDGE('',*,*,#3131,.F.);
#1153=ORIENTED_EDGE('',*,*,#3128,.T.);
#1154=ORIENTED_EDGE('',*,*,#3125,.F.);
#1155=ORIENTED_EDGE('',*,*,#3094,.F.);
#1156=ORIENTED_EDGE('',*,*,#3122,.F.);
#1157=ORIENTED_EDGE('',*,*,#3112,.F.);
#1158=ORIENTED_EDGE('',*,*,#3081,.F.);
#1159=ORIENTED_EDGE('',*,*,#3147,.F.);
#1160=ORIENTED_EDGE('',*,*,#3124,.F.);
#1161=ORIENTED_EDGE('',*,*,#3148,.F.);
#1162=ORIENTED_EDGE('',*,*,#3147,.T.);
#1163=ORIENTED_EDGE('',*,*,#3109,.T.);
#1164=ORIENTED_EDGE('',*,*,#3149,.F.);
#1165=ORIENTED_EDGE('',*,*,#3148,.T.);
#1166=ORIENTED_EDGE('',*,*,#3150,.F.);
#1167=ORIENTED_EDGE('',*,*,#3149,.T.);
#1168=ORIENTED_EDGE('',*,*,#3150,.T.);
#1169=ORIENTED_EDGE('',*,*,#3151,.T.);
#1170=ORIENTED_EDGE('',*,*,#3140,.T.);
#1171=ORIENTED_EDGE('',*,*,#3152,.F.);
#1172=ORIENTED_EDGE('',*,*,#3153,.F.);
#1173=ORIENTED_EDGE('',*,*,#3152,.T.);
#1174=ORIENTED_EDGE('',*,*,#3154,.F.);
#1175=ORIENTED_EDGE('',*,*,#3153,.T.);
#1176=ORIENTED_EDGE('',*,*,#3151,.F.);
#1177=ORIENTED_EDGE('',*,*,#3114,.F.);
#1178=ORIENTED_EDGE('',*,*,#3154,.T.);
#1179=ORIENTED_EDGE('',*,*,#3155,.T.);
#1180=ORIENTED_EDGE('',*,*,#3052,.F.);
#1181=ORIENTED_EDGE('',*,*,#3156,.T.);
#1182=ORIENTED_EDGE('',*,*,#3155,.F.);
#1183=ORIENTED_EDGE('',*,*,#3156,.F.);
#1184=ORIENTED_EDGE('',*,*,#3157,.T.);
#1185=ORIENTED_EDGE('',*,*,#3051,.F.);
#1186=ORIENTED_EDGE('',*,*,#3158,.T.);
#1187=ORIENTED_EDGE('',*,*,#3157,.F.);
#1188=ORIENTED_EDGE('',*,*,#3158,.F.);
#1189=ORIENTED_EDGE('',*,*,#3159,.T.);
#1190=ORIENTED_EDGE('',*,*,#3050,.F.);
#1191=ORIENTED_EDGE('',*,*,#3160,.T.);
#1192=ORIENTED_EDGE('',*,*,#3159,.F.);
#1193=ORIENTED_EDGE('',*,*,#3160,.F.);
#1194=ORIENTED_EDGE('',*,*,#3161,.T.);
#1195=ORIENTED_EDGE('',*,*,#3049,.F.);
#1196=ORIENTED_EDGE('',*,*,#3162,.T.);
#1197=ORIENTED_EDGE('',*,*,#3161,.F.);
#1198=ORIENTED_EDGE('',*,*,#3162,.F.);
#1199=ORIENTED_EDGE('',*,*,#3163,.F.);
#1200=ORIENTED_EDGE('',*,*,#3164,.F.);
#1201=ORIENTED_EDGE('',*,*,#3163,.T.);
#1202=ORIENTED_EDGE('',*,*,#3165,.F.);
#1203=ORIENTED_EDGE('',*,*,#3164,.T.);
#1204=ORIENTED_EDGE('',*,*,#3166,.F.);
#1205=ORIENTED_EDGE('',*,*,#3165,.T.);
#1206=ORIENTED_EDGE('',*,*,#3167,.F.);
#1207=ORIENTED_EDGE('',*,*,#3166,.T.);
#1208=ORIENTED_EDGE('',*,*,#2965,.F.);
#1209=ORIENTED_EDGE('',*,*,#3167,.T.);
#1210=ORIENTED_EDGE('',*,*,#2974,.T.);
#1211=ORIENTED_EDGE('',*,*,#3026,.T.);
#1212=ORIENTED_EDGE('',*,*,#2977,.T.);
#1213=ORIENTED_EDGE('',*,*,#2966,.F.);
#1214=ORIENTED_EDGE('',*,*,#2980,.T.);
#1215=ORIENTED_EDGE('',*,*,#3027,.T.);
#1216=ORIENTED_EDGE('',*,*,#2975,.T.);
#1217=ORIENTED_EDGE('',*,*,#2972,.F.);
#1218=ORIENTED_EDGE('',*,*,#2983,.T.);
#1219=ORIENTED_EDGE('',*,*,#3028,.T.);
#1220=ORIENTED_EDGE('',*,*,#2981,.T.);
#1221=ORIENTED_EDGE('',*,*,#2970,.F.);
#1222=ORIENTED_EDGE('',*,*,#2979,.T.);
#1223=ORIENTED_EDGE('',*,*,#3029,.T.);
#1224=ORIENTED_EDGE('',*,*,#2984,.T.);
#1225=ORIENTED_EDGE('',*,*,#2968,.F.);
#1226=ORIENTED_EDGE('',*,*,#3072,.T.);
#1227=ORIENTED_EDGE('',*,*,#3048,.F.);
#1228=ORIENTED_EDGE('',*,*,#3071,.T.);
#1229=ORIENTED_EDGE('',*,*,#3047,.F.);
#1230=ORIENTED_EDGE('',*,*,#3070,.T.);
#1231=ORIENTED_EDGE('',*,*,#3046,.F.);
#1232=ORIENTED_EDGE('',*,*,#3069,.T.);
#1233=ORIENTED_EDGE('',*,*,#3045,.F.);
#1234=ORIENTED_EDGE('',*,*,#3068,.T.);
#1235=ORIENTED_EDGE('',*,*,#3044,.F.);
#1236=ORIENTED_EDGE('',*,*,#3067,.T.);
#1237=ORIENTED_EDGE('',*,*,#3043,.F.);
#1238=ORIENTED_EDGE('',*,*,#3168,.F.);
#1239=ORIENTED_EDGE('',*,*,#3011,.T.);
#1240=ORIENTED_EDGE('',*,*,#3169,.F.);
#1241=ORIENTED_EDGE('',*,*,#3170,.F.);
#1242=ORIENTED_EDGE('',*,*,#3171,.F.);
#1243=ORIENTED_EDGE('',*,*,#3172,.F.);
#1244=ORIENTED_EDGE('',*,*,#3173,.F.);
#1245=ORIENTED_EDGE('',*,*,#2846,.T.);
#1246=ORIENTED_EDGE('',*,*,#3174,.F.);
#1247=ORIENTED_EDGE('',*,*,#3175,.F.);
#1248=ORIENTED_EDGE('',*,*,#3176,.F.);
#1249=ORIENTED_EDGE('',*,*,#2860,.T.);
#1250=ORIENTED_EDGE('',*,*,#3177,.F.);
#1251=ORIENTED_EDGE('',*,*,#3178,.F.);
#1252=ORIENTED_EDGE('',*,*,#3179,.F.);
#1253=ORIENTED_EDGE('',*,*,#3180,.F.);
#1254=ORIENTED_EDGE('',*,*,#3181,.F.);
#1255=ORIENTED_EDGE('',*,*,#3182,.T.);
#1256=ORIENTED_EDGE('',*,*,#3183,.F.);
#1257=ORIENTED_EDGE('',*,*,#3184,.F.);
#1258=ORIENTED_EDGE('',*,*,#3185,.T.);
#1259=ORIENTED_EDGE('',*,*,#3186,.T.);
#1260=ORIENTED_EDGE('',*,*,#2963,.T.);
#1261=ORIENTED_EDGE('',*,*,#3173,.T.);
#1262=ORIENTED_EDGE('',*,*,#3187,.F.);
#1263=ORIENTED_EDGE('',*,*,#3188,.F.);
#1264=ORIENTED_EDGE('',*,*,#3183,.T.);
#1265=ORIENTED_EDGE('',*,*,#3189,.F.);
#1266=ORIENTED_EDGE('',*,*,#3190,.F.);
#1267=ORIENTED_EDGE('',*,*,#3191,.F.);
#1268=ORIENTED_EDGE('',*,*,#3175,.T.);
#1269=ORIENTED_EDGE('',*,*,#3192,.F.);
#1270=ORIENTED_EDGE('',*,*,#3193,.F.);
#1271=ORIENTED_EDGE('',*,*,#3187,.T.);
#1272=ORIENTED_EDGE('',*,*,#3174,.T.);
#1273=ORIENTED_EDGE('',*,*,#2845,.F.);
#1274=ORIENTED_EDGE('',*,*,#3194,.F.);
#1275=ORIENTED_EDGE('',*,*,#3192,.T.);
#1276=ORIENTED_EDGE('',*,*,#3176,.T.);
#1277=ORIENTED_EDGE('',*,*,#3195,.F.);
#1278=ORIENTED_EDGE('',*,*,#2936,.F.);
#1279=ORIENTED_EDGE('',*,*,#2861,.T.);
#1280=ORIENTED_EDGE('',*,*,#3196,.F.);
#1281=ORIENTED_EDGE('',*,*,#3197,.F.);
#1282=ORIENTED_EDGE('',*,*,#3198,.F.);
#1283=ORIENTED_EDGE('',*,*,#3178,.T.);
#1284=ORIENTED_EDGE('',*,*,#3199,.F.);
#1285=ORIENTED_EDGE('',*,*,#2937,.F.);
#1286=ORIENTED_EDGE('',*,*,#3195,.T.);
#1287=ORIENTED_EDGE('',*,*,#3177,.T.);
#1288=ORIENTED_EDGE('',*,*,#2961,.T.);
#1289=ORIENTED_EDGE('',*,*,#3168,.T.);
#1290=ORIENTED_EDGE('',*,*,#3200,.F.);
#1291=ORIENTED_EDGE('',*,*,#2938,.F.);
#1292=ORIENTED_EDGE('',*,*,#3199,.T.);
#1293=ORIENTED_EDGE('',*,*,#3201,.T.);
#1294=ORIENTED_EDGE('',*,*,#3202,.T.);
#1295=ORIENTED_EDGE('',*,*,#3203,.T.);
#1296=ORIENTED_EDGE('',*,*,#3172,.T.);
#1297=ORIENTED_EDGE('',*,*,#3204,.F.);
#1298=ORIENTED_EDGE('',*,*,#2939,.F.);
#1299=ORIENTED_EDGE('',*,*,#3200,.T.);
#1300=ORIENTED_EDGE('',*,*,#3171,.T.);
#1301=ORIENTED_EDGE('',*,*,#3205,.F.);
#1302=ORIENTED_EDGE('',*,*,#2940,.F.);
#1303=ORIENTED_EDGE('',*,*,#3204,.T.);
#1304=ORIENTED_EDGE('',*,*,#3170,.T.);
#1305=ORIENTED_EDGE('',*,*,#3206,.F.);
#1306=ORIENTED_EDGE('',*,*,#2941,.F.);
#1307=ORIENTED_EDGE('',*,*,#3205,.T.);
#1308=ORIENTED_EDGE('',*,*,#3169,.T.);
#1309=ORIENTED_EDGE('',*,*,#2951,.T.);
#1310=ORIENTED_EDGE('',*,*,#3207,.F.);
#1311=ORIENTED_EDGE('',*,*,#3208,.F.);
#1312=ORIENTED_EDGE('',*,*,#2942,.F.);
#1313=ORIENTED_EDGE('',*,*,#3206,.T.);
#1314=ORIENTED_EDGE('',*,*,#2950,.T.);
#1315=ORIENTED_EDGE('',*,*,#3209,.F.);
#1316=ORIENTED_EDGE('',*,*,#3210,.F.);
#1317=ORIENTED_EDGE('',*,*,#3207,.T.);
#1318=ORIENTED_EDGE('',*,*,#2949,.T.);
#1319=ORIENTED_EDGE('',*,*,#3211,.F.);
#1320=ORIENTED_EDGE('',*,*,#3212,.F.);
#1321=ORIENTED_EDGE('',*,*,#3209,.T.);
#1322=ORIENTED_EDGE('',*,*,#2948,.T.);
#1323=ORIENTED_EDGE('',*,*,#3213,.F.);
#1324=ORIENTED_EDGE('',*,*,#3214,.F.);
#1325=ORIENTED_EDGE('',*,*,#3211,.T.);
#1326=ORIENTED_EDGE('',*,*,#2947,.F.);
#1327=ORIENTED_EDGE('',*,*,#3215,.F.);
#1328=ORIENTED_EDGE('',*,*,#3216,.T.);
#1329=ORIENTED_EDGE('',*,*,#3213,.T.);
#1330=ORIENTED_EDGE('',*,*,#2946,.T.);
#1331=ORIENTED_EDGE('',*,*,#2905,.F.);
#1332=ORIENTED_EDGE('',*,*,#3217,.F.);
#1333=ORIENTED_EDGE('',*,*,#3215,.T.);
#1334=ORIENTED_EDGE('',*,*,#2960,.T.);
#1335=ORIENTED_EDGE('',*,*,#3218,.F.);
#1336=ORIENTED_EDGE('',*,*,#3219,.F.);
#1337=ORIENTED_EDGE('',*,*,#2928,.T.);
#1338=ORIENTED_EDGE('',*,*,#2959,.F.);
#1339=ORIENTED_EDGE('',*,*,#3220,.F.);
#1340=ORIENTED_EDGE('',*,*,#3221,.T.);
#1341=ORIENTED_EDGE('',*,*,#3218,.T.);
#1342=ORIENTED_EDGE('',*,*,#2958,.T.);
#1343=ORIENTED_EDGE('',*,*,#3222,.F.);
#1344=ORIENTED_EDGE('',*,*,#3223,.F.);
#1345=ORIENTED_EDGE('',*,*,#3220,.T.);
#1346=ORIENTED_EDGE('',*,*,#2957,.T.);
#1347=ORIENTED_EDGE('',*,*,#3224,.F.);
#1348=ORIENTED_EDGE('',*,*,#3225,.F.);
#1349=ORIENTED_EDGE('',*,*,#3222,.T.);
#1350=ORIENTED_EDGE('',*,*,#2956,.T.);
#1351=ORIENTED_EDGE('',*,*,#3226,.F.);
#1352=ORIENTED_EDGE('',*,*,#3227,.F.);
#1353=ORIENTED_EDGE('',*,*,#3224,.T.);
#1354=ORIENTED_EDGE('',*,*,#2955,.T.);
#1355=ORIENTED_EDGE('',*,*,#3228,.T.);
#1356=ORIENTED_EDGE('',*,*,#3229,.F.);
#1357=ORIENTED_EDGE('',*,*,#3230,.F.);
#1358=ORIENTED_EDGE('',*,*,#3231,.F.);
#1359=ORIENTED_EDGE('',*,*,#3226,.T.);
#1360=ORIENTED_EDGE('',*,*,#3232,.T.);
#1361=ORIENTED_EDGE('',*,*,#3233,.F.);
#1362=ORIENTED_EDGE('',*,*,#3234,.F.);
#1363=ORIENTED_EDGE('',*,*,#3229,.T.);
#1364=ORIENTED_EDGE('',*,*,#3235,.T.);
#1365=ORIENTED_EDGE('',*,*,#3185,.F.);
#1366=ORIENTED_EDGE('',*,*,#3236,.F.);
#1367=ORIENTED_EDGE('',*,*,#3233,.T.);
#1368=ORIENTED_EDGE('',*,*,#2872,.F.);
#1369=ORIENTED_EDGE('',*,*,#3230,.T.);
#1370=ORIENTED_EDGE('',*,*,#3234,.T.);
#1371=ORIENTED_EDGE('',*,*,#3236,.T.);
#1372=ORIENTED_EDGE('',*,*,#3184,.T.);
#1373=ORIENTED_EDGE('',*,*,#3188,.T.);
#1374=ORIENTED_EDGE('',*,*,#3193,.T.);
#1375=ORIENTED_EDGE('',*,*,#3194,.T.);
#1376=ORIENTED_EDGE('',*,*,#2844,.F.);
#1377=ORIENTED_EDGE('',*,*,#2878,.F.);
#1378=ORIENTED_EDGE('',*,*,#3066,.F.);
#1379=ORIENTED_EDGE('',*,*,#3186,.F.);
#1380=ORIENTED_EDGE('',*,*,#3182,.F.);
#1381=ORIENTED_EDGE('',*,*,#3235,.F.);
#1382=ORIENTED_EDGE('',*,*,#3232,.F.);
#1383=ORIENTED_EDGE('',*,*,#3228,.F.);
#1384=ORIENTED_EDGE('',*,*,#3237,.T.);
#1385=ORIENTED_EDGE('',*,*,#2915,.T.);
#1386=ORIENTED_EDGE('',*,*,#2932,.T.);
#1387=ORIENTED_EDGE('',*,*,#3238,.T.);
#1388=ORIENTED_EDGE('',*,*,#3237,.F.);
#1389=ORIENTED_EDGE('',*,*,#3191,.T.);
#1390=ORIENTED_EDGE('',*,*,#3238,.F.);
#1391=ORIENTED_EDGE('',*,*,#3239,.T.);
#1392=ORIENTED_EDGE('',*,*,#2898,.T.);
#1393=ORIENTED_EDGE('',*,*,#2924,.T.);
#1394=ORIENTED_EDGE('',*,*,#3240,.T.);
#1395=ORIENTED_EDGE('',*,*,#3239,.F.);
#1396=ORIENTED_EDGE('',*,*,#3198,.T.);
#1397=ORIENTED_EDGE('',*,*,#3240,.F.);
#1398=ORIENTED_EDGE('',*,*,#3241,.T.);
#1399=ORIENTED_EDGE('',*,*,#2919,.T.);
#1400=ORIENTED_EDGE('',*,*,#2930,.T.);
#1401=ORIENTED_EDGE('',*,*,#3242,.T.);
#1402=ORIENTED_EDGE('',*,*,#3241,.F.);
#1403=ORIENTED_EDGE('',*,*,#3190,.T.);
#1404=ORIENTED_EDGE('',*,*,#3242,.F.);
#1405=ORIENTED_EDGE('',*,*,#3243,.T.);
#1406=ORIENTED_EDGE('',*,*,#2902,.T.);
#1407=ORIENTED_EDGE('',*,*,#2922,.T.);
#1408=ORIENTED_EDGE('',*,*,#3244,.T.);
#1409=ORIENTED_EDGE('',*,*,#3243,.F.);
#1410=ORIENTED_EDGE('',*,*,#3197,.T.);
#1411=ORIENTED_EDGE('',*,*,#3244,.F.);
#1412=ORIENTED_EDGE('',*,*,#3245,.T.);
#1413=ORIENTED_EDGE('',*,*,#2900,.T.);
#1414=ORIENTED_EDGE('',*,*,#2923,.T.);
#1415=ORIENTED_EDGE('',*,*,#3246,.T.);
#1416=ORIENTED_EDGE('',*,*,#3245,.F.);
#1417=ORIENTED_EDGE('',*,*,#3196,.T.);
#1418=ORIENTED_EDGE('',*,*,#3246,.F.);
#1419=ORIENTED_EDGE('',*,*,#3247,.T.);
#1420=ORIENTED_EDGE('',*,*,#2917,.T.);
#1421=ORIENTED_EDGE('',*,*,#2931,.T.);
#1422=ORIENTED_EDGE('',*,*,#3248,.T.);
#1423=ORIENTED_EDGE('',*,*,#3247,.F.);
#1424=ORIENTED_EDGE('',*,*,#3189,.T.);
#1425=ORIENTED_EDGE('',*,*,#3248,.F.);
#1426=ORIENTED_EDGE('',*,*,#3249,.T.);
#1427=ORIENTED_EDGE('',*,*,#3250,.T.);
#1428=ORIENTED_EDGE('',*,*,#3249,.F.);
#1429=ORIENTED_EDGE('',*,*,#3181,.T.);
#1430=ORIENTED_EDGE('',*,*,#3250,.F.);
#1431=ORIENTED_EDGE('',*,*,#3251,.T.);
#1432=ORIENTED_EDGE('',*,*,#3252,.T.);
#1433=ORIENTED_EDGE('',*,*,#3251,.F.);
#1434=ORIENTED_EDGE('',*,*,#3180,.T.);
#1435=ORIENTED_EDGE('',*,*,#3252,.F.);
#1436=ORIENTED_EDGE('',*,*,#3253,.T.);
#1437=ORIENTED_EDGE('',*,*,#3203,.F.);
#1438=ORIENTED_EDGE('',*,*,#3254,.T.);
#1439=ORIENTED_EDGE('',*,*,#3253,.F.);
#1440=ORIENTED_EDGE('',*,*,#3254,.F.);
#1441=ORIENTED_EDGE('',*,*,#3255,.T.);
#1442=ORIENTED_EDGE('',*,*,#3202,.F.);
#1443=ORIENTED_EDGE('',*,*,#3256,.T.);
#1444=ORIENTED_EDGE('',*,*,#3255,.F.);
#1445=ORIENTED_EDGE('',*,*,#3256,.F.);
#1446=ORIENTED_EDGE('',*,*,#3257,.T.);
#1447=ORIENTED_EDGE('',*,*,#3258,.T.);
#1448=ORIENTED_EDGE('',*,*,#3257,.F.);
#1449=ORIENTED_EDGE('',*,*,#3179,.T.);
#1450=ORIENTED_EDGE('',*,*,#3258,.F.);
#1451=ORIENTED_EDGE('',*,*,#3259,.T.);
#1452=ORIENTED_EDGE('',*,*,#3201,.F.);
#1453=ORIENTED_EDGE('',*,*,#3260,.T.);
#1454=ORIENTED_EDGE('',*,*,#3259,.F.);
#1455=ORIENTED_EDGE('',*,*,#3260,.F.);
#1456=ORIENTED_EDGE('',*,*,#3261,.F.);
#1457=ORIENTED_EDGE('',*,*,#2887,.F.);
#1458=ORIENTED_EDGE('',*,*,#3208,.T.);
#1459=ORIENTED_EDGE('',*,*,#3210,.T.);
#1460=ORIENTED_EDGE('',*,*,#3212,.T.);
#1461=ORIENTED_EDGE('',*,*,#3214,.T.);
#1462=ORIENTED_EDGE('',*,*,#3216,.F.);
#1463=ORIENTED_EDGE('',*,*,#3217,.T.);
#1464=ORIENTED_EDGE('',*,*,#2904,.T.);
#1465=ORIENTED_EDGE('',*,*,#2921,.T.);
#1466=ORIENTED_EDGE('',*,*,#2929,.T.);
#1467=ORIENTED_EDGE('',*,*,#3219,.T.);
#1468=ORIENTED_EDGE('',*,*,#3221,.F.);
#1469=ORIENTED_EDGE('',*,*,#3223,.T.);
#1470=ORIENTED_EDGE('',*,*,#3225,.T.);
#1471=ORIENTED_EDGE('',*,*,#3227,.T.);
#1472=ORIENTED_EDGE('',*,*,#3231,.T.);
#1473=ORIENTED_EDGE('',*,*,#2871,.F.);
#1474=ORIENTED_EDGE('',*,*,#3262,.F.);
#1475=ORIENTED_EDGE('',*,*,#3262,.T.);
#1476=ORIENTED_EDGE('',*,*,#2870,.F.);
#1477=ORIENTED_EDGE('',*,*,#2893,.F.);
#1478=ORIENTED_EDGE('',*,*,#2888,.T.);
#1479=ORIENTED_EDGE('',*,*,#3263,.T.);
#1480=ORIENTED_EDGE('',*,*,#3263,.F.);
#1481=ORIENTED_EDGE('',*,*,#2935,.T.);
#1482=ORIENTED_EDGE('',*,*,#3264,.T.);
#1483=ORIENTED_EDGE('',*,*,#3265,.T.);
#1484=ORIENTED_EDGE('',*,*,#3266,.T.);
#1485=ORIENTED_EDGE('',*,*,#3267,.F.);
#1486=ORIENTED_EDGE('',*,*,#3268,.T.);
#1487=ORIENTED_EDGE('',*,*,#3269,.T.);
#1488=ORIENTED_EDGE('',*,*,#3270,.T.);
#1489=ORIENTED_EDGE('',*,*,#3271,.F.);
#1490=ORIENTED_EDGE('',*,*,#3272,.T.);
#1491=ORIENTED_EDGE('',*,*,#3261,.T.);
#1492=ORIENTED_EDGE('',*,*,#3272,.F.);
#1493=ORIENTED_EDGE('',*,*,#2933,.T.);
#1494=ORIENTED_EDGE('',*,*,#3273,.T.);
#1495=ORIENTED_EDGE('',*,*,#3269,.F.);
#1496=ORIENTED_EDGE('',*,*,#3271,.T.);
#1497=ORIENTED_EDGE('',*,*,#3274,.F.);
#1498=ORIENTED_EDGE('',*,*,#3274,.T.);
#1499=ORIENTED_EDGE('',*,*,#3270,.F.);
#1500=ORIENTED_EDGE('',*,*,#3273,.F.);
#1501=ORIENTED_EDGE('',*,*,#3268,.F.);
#1502=ORIENTED_EDGE('',*,*,#3275,.T.);
#1503=ORIENTED_EDGE('',*,*,#3266,.F.);
#1504=ORIENTED_EDGE('',*,*,#3276,.F.);
#1505=ORIENTED_EDGE('',*,*,#3264,.F.);
#1506=ORIENTED_EDGE('',*,*,#3276,.T.);
#1507=ORIENTED_EDGE('',*,*,#3265,.F.);
#1508=ORIENTED_EDGE('',*,*,#3267,.T.);
#1509=ORIENTED_EDGE('',*,*,#3275,.F.);
#1510=ORIENTED_EDGE('',*,*,#3277,.F.);
#1511=ORIENTED_EDGE('',*,*,#2907,.T.);
#1512=ORIENTED_EDGE('',*,*,#2945,.F.);
#1513=ORIENTED_EDGE('',*,*,#3278,.F.);
#1514=ORIENTED_EDGE('',*,*,#2926,.F.);
#1515=ORIENTED_EDGE('',*,*,#3279,.T.);
#1516=ORIENTED_EDGE('',*,*,#3280,.T.);
#1517=ORIENTED_EDGE('',*,*,#2943,.T.);
#1518=ORIENTED_EDGE('',*,*,#3281,.F.);
#1519=ORIENTED_EDGE('',*,*,#3282,.F.);
#1520=ORIENTED_EDGE('',*,*,#3283,.F.);
#1521=ORIENTED_EDGE('',*,*,#3284,.F.);
#1522=ORIENTED_EDGE('',*,*,#2934,.T.);
#1523=ORIENTED_EDGE('',*,*,#2913,.T.);
#1524=ORIENTED_EDGE('',*,*,#2896,.T.);
#1525=ORIENTED_EDGE('',*,*,#3277,.T.);
#1526=ORIENTED_EDGE('',*,*,#3285,.F.);
#1527=ORIENTED_EDGE('',*,*,#3279,.F.);
#1528=ORIENTED_EDGE('',*,*,#2925,.T.);
#1529=ORIENTED_EDGE('',*,*,#3278,.T.);
#1530=ORIENTED_EDGE('',*,*,#2944,.F.);
#1531=ORIENTED_EDGE('',*,*,#3280,.F.);
#1532=ORIENTED_EDGE('',*,*,#3285,.T.);
#1533=ORIENTED_EDGE('',*,*,#3286,.F.);
#1534=ORIENTED_EDGE('',*,*,#3284,.T.);
#1535=ORIENTED_EDGE('',*,*,#3287,.F.);
#1536=ORIENTED_EDGE('',*,*,#3286,.T.);
#1537=ORIENTED_EDGE('',*,*,#3288,.F.);
#1538=ORIENTED_EDGE('',*,*,#3289,.F.);
#1539=ORIENTED_EDGE('',*,*,#3290,.F.);
#1540=ORIENTED_EDGE('',*,*,#3291,.F.);
#1541=ORIENTED_EDGE('',*,*,#3292,.F.);
#1542=ORIENTED_EDGE('',*,*,#3293,.F.);
#1543=ORIENTED_EDGE('',*,*,#3287,.T.);
#1544=ORIENTED_EDGE('',*,*,#3294,.F.);
#1545=ORIENTED_EDGE('',*,*,#3283,.T.);
#1546=ORIENTED_EDGE('',*,*,#3295,.F.);
#1547=ORIENTED_EDGE('',*,*,#3294,.T.);
#1548=ORIENTED_EDGE('',*,*,#3296,.F.);
#1549=ORIENTED_EDGE('',*,*,#3297,.F.);
#1550=ORIENTED_EDGE('',*,*,#3298,.F.);
#1551=ORIENTED_EDGE('',*,*,#3299,.F.);
#1552=ORIENTED_EDGE('',*,*,#3300,.F.);
#1553=ORIENTED_EDGE('',*,*,#3301,.F.);
#1554=ORIENTED_EDGE('',*,*,#3295,.T.);
#1555=ORIENTED_EDGE('',*,*,#3302,.F.);
#1556=ORIENTED_EDGE('',*,*,#3282,.T.);
#1557=ORIENTED_EDGE('',*,*,#3303,.F.);
#1558=ORIENTED_EDGE('',*,*,#3302,.T.);
#1559=ORIENTED_EDGE('',*,*,#3304,.F.);
#1560=ORIENTED_EDGE('',*,*,#3305,.F.);
#1561=ORIENTED_EDGE('',*,*,#3306,.F.);
#1562=ORIENTED_EDGE('',*,*,#3307,.F.);
#1563=ORIENTED_EDGE('',*,*,#3308,.F.);
#1564=ORIENTED_EDGE('',*,*,#3309,.F.);
#1565=ORIENTED_EDGE('',*,*,#3303,.T.);
#1566=ORIENTED_EDGE('',*,*,#3310,.F.);
#1567=ORIENTED_EDGE('',*,*,#3281,.T.);
#1568=ORIENTED_EDGE('',*,*,#3311,.F.);
#1569=ORIENTED_EDGE('',*,*,#3310,.T.);
#1570=ORIENTED_EDGE('',*,*,#3312,.F.);
#1571=ORIENTED_EDGE('',*,*,#3313,.F.);
#1572=ORIENTED_EDGE('',*,*,#3314,.F.);
#1573=ORIENTED_EDGE('',*,*,#3315,.F.);
#1574=ORIENTED_EDGE('',*,*,#3316,.F.);
#1575=ORIENTED_EDGE('',*,*,#3317,.F.);
#1576=ORIENTED_EDGE('',*,*,#3311,.T.);
#1577=ORIENTED_EDGE('',*,*,#3289,.T.);
#1578=ORIENTED_EDGE('',*,*,#3318,.F.);
#1579=ORIENTED_EDGE('',*,*,#3319,.F.);
#1580=ORIENTED_EDGE('',*,*,#3320,.T.);
#1581=ORIENTED_EDGE('',*,*,#3288,.T.);
#1582=ORIENTED_EDGE('',*,*,#3321,.F.);
#1583=ORIENTED_EDGE('',*,*,#3322,.F.);
#1584=ORIENTED_EDGE('',*,*,#3318,.T.);
#1585=ORIENTED_EDGE('',*,*,#3293,.T.);
#1586=ORIENTED_EDGE('',*,*,#3323,.F.);
#1587=ORIENTED_EDGE('',*,*,#3324,.F.);
#1588=ORIENTED_EDGE('',*,*,#3321,.T.);
#1589=ORIENTED_EDGE('',*,*,#3292,.T.);
#1590=ORIENTED_EDGE('',*,*,#3325,.F.);
#1591=ORIENTED_EDGE('',*,*,#3326,.F.);
#1592=ORIENTED_EDGE('',*,*,#3323,.T.);
#1593=ORIENTED_EDGE('',*,*,#3291,.T.);
#1594=ORIENTED_EDGE('',*,*,#3327,.F.);
#1595=ORIENTED_EDGE('',*,*,#3328,.F.);
#1596=ORIENTED_EDGE('',*,*,#3325,.T.);
#1597=ORIENTED_EDGE('',*,*,#3290,.T.);
#1598=ORIENTED_EDGE('',*,*,#3320,.F.);
#1599=ORIENTED_EDGE('',*,*,#3329,.F.);
#1600=ORIENTED_EDGE('',*,*,#3327,.T.);
#1601=ORIENTED_EDGE('',*,*,#3319,.T.);
#1602=ORIENTED_EDGE('',*,*,#3322,.T.);
#1603=ORIENTED_EDGE('',*,*,#3324,.T.);
#1604=ORIENTED_EDGE('',*,*,#3326,.T.);
#1605=ORIENTED_EDGE('',*,*,#3328,.T.);
#1606=ORIENTED_EDGE('',*,*,#3329,.T.);
#1607=ORIENTED_EDGE('',*,*,#3297,.T.);
#1608=ORIENTED_EDGE('',*,*,#3330,.F.);
#1609=ORIENTED_EDGE('',*,*,#3331,.F.);
#1610=ORIENTED_EDGE('',*,*,#3332,.T.);
#1611=ORIENTED_EDGE('',*,*,#3296,.T.);
#1612=ORIENTED_EDGE('',*,*,#3333,.F.);
#1613=ORIENTED_EDGE('',*,*,#3334,.F.);
#1614=ORIENTED_EDGE('',*,*,#3330,.T.);
#1615=ORIENTED_EDGE('',*,*,#3301,.T.);
#1616=ORIENTED_EDGE('',*,*,#3335,.F.);
#1617=ORIENTED_EDGE('',*,*,#3336,.F.);
#1618=ORIENTED_EDGE('',*,*,#3333,.T.);
#1619=ORIENTED_EDGE('',*,*,#3300,.T.);
#1620=ORIENTED_EDGE('',*,*,#3337,.F.);
#1621=ORIENTED_EDGE('',*,*,#3338,.F.);
#1622=ORIENTED_EDGE('',*,*,#3335,.T.);
#1623=ORIENTED_EDGE('',*,*,#3299,.T.);
#1624=ORIENTED_EDGE('',*,*,#3339,.F.);
#1625=ORIENTED_EDGE('',*,*,#3340,.F.);
#1626=ORIENTED_EDGE('',*,*,#3337,.T.);
#1627=ORIENTED_EDGE('',*,*,#3298,.T.);
#1628=ORIENTED_EDGE('',*,*,#3332,.F.);
#1629=ORIENTED_EDGE('',*,*,#3341,.F.);
#1630=ORIENTED_EDGE('',*,*,#3339,.T.);
#1631=ORIENTED_EDGE('',*,*,#3331,.T.);
#1632=ORIENTED_EDGE('',*,*,#3334,.T.);
#1633=ORIENTED_EDGE('',*,*,#3336,.T.);
#1634=ORIENTED_EDGE('',*,*,#3338,.T.);
#1635=ORIENTED_EDGE('',*,*,#3340,.T.);
#1636=ORIENTED_EDGE('',*,*,#3341,.T.);
#1637=ORIENTED_EDGE('',*,*,#3305,.T.);
#1638=ORIENTED_EDGE('',*,*,#3342,.F.);
#1639=ORIENTED_EDGE('',*,*,#3343,.F.);
#1640=ORIENTED_EDGE('',*,*,#3344,.T.);
#1641=ORIENTED_EDGE('',*,*,#3304,.T.);
#1642=ORIENTED_EDGE('',*,*,#3345,.F.);
#1643=ORIENTED_EDGE('',*,*,#3346,.F.);
#1644=ORIENTED_EDGE('',*,*,#3342,.T.);
#1645=ORIENTED_EDGE('',*,*,#3309,.T.);
#1646=ORIENTED_EDGE('',*,*,#3347,.F.);
#1647=ORIENTED_EDGE('',*,*,#3348,.F.);
#1648=ORIENTED_EDGE('',*,*,#3345,.T.);
#1649=ORIENTED_EDGE('',*,*,#3308,.T.);
#1650=ORIENTED_EDGE('',*,*,#3349,.F.);
#1651=ORIENTED_EDGE('',*,*,#3350,.F.);
#1652=ORIENTED_EDGE('',*,*,#3347,.T.);
#1653=ORIENTED_EDGE('',*,*,#3307,.T.);
#1654=ORIENTED_EDGE('',*,*,#3351,.F.);
#1655=ORIENTED_EDGE('',*,*,#3352,.F.);
#1656=ORIENTED_EDGE('',*,*,#3349,.T.);
#1657=ORIENTED_EDGE('',*,*,#3306,.T.);
#1658=ORIENTED_EDGE('',*,*,#3344,.F.);
#1659=ORIENTED_EDGE('',*,*,#3353,.F.);
#1660=ORIENTED_EDGE('',*,*,#3351,.T.);
#1661=ORIENTED_EDGE('',*,*,#3343,.T.);
#1662=ORIENTED_EDGE('',*,*,#3346,.T.);
#1663=ORIENTED_EDGE('',*,*,#3348,.T.);
#1664=ORIENTED_EDGE('',*,*,#3350,.T.);
#1665=ORIENTED_EDGE('',*,*,#3352,.T.);
#1666=ORIENTED_EDGE('',*,*,#3353,.T.);
#1667=ORIENTED_EDGE('',*,*,#3313,.T.);
#1668=ORIENTED_EDGE('',*,*,#3354,.F.);
#1669=ORIENTED_EDGE('',*,*,#3355,.F.);
#1670=ORIENTED_EDGE('',*,*,#3356,.T.);
#1671=ORIENTED_EDGE('',*,*,#3312,.T.);
#1672=ORIENTED_EDGE('',*,*,#3357,.F.);
#1673=ORIENTED_EDGE('',*,*,#3358,.F.);
#1674=ORIENTED_EDGE('',*,*,#3354,.T.);
#1675=ORIENTED_EDGE('',*,*,#3317,.T.);
#1676=ORIENTED_EDGE('',*,*,#3359,.F.);
#1677=ORIENTED_EDGE('',*,*,#3360,.F.);
#1678=ORIENTED_EDGE('',*,*,#3357,.T.);
#1679=ORIENTED_EDGE('',*,*,#3316,.T.);
#1680=ORIENTED_EDGE('',*,*,#3361,.F.);
#1681=ORIENTED_EDGE('',*,*,#3362,.F.);
#1682=ORIENTED_EDGE('',*,*,#3359,.T.);
#1683=ORIENTED_EDGE('',*,*,#3315,.T.);
#1684=ORIENTED_EDGE('',*,*,#3363,.F.);
#1685=ORIENTED_EDGE('',*,*,#3364,.F.);
#1686=ORIENTED_EDGE('',*,*,#3361,.T.);
#1687=ORIENTED_EDGE('',*,*,#3314,.T.);
#1688=ORIENTED_EDGE('',*,*,#3356,.F.);
#1689=ORIENTED_EDGE('',*,*,#3365,.F.);
#1690=ORIENTED_EDGE('',*,*,#3363,.T.);
#1691=ORIENTED_EDGE('',*,*,#3355,.T.);
#1692=ORIENTED_EDGE('',*,*,#3358,.T.);
#1693=ORIENTED_EDGE('',*,*,#3360,.T.);
#1694=ORIENTED_EDGE('',*,*,#3362,.T.);
#1695=ORIENTED_EDGE('',*,*,#3364,.T.);
#1696=ORIENTED_EDGE('',*,*,#3365,.T.);
#1697=ORIENTED_EDGE('',*,*,#3366,.T.);
#1698=ORIENTED_EDGE('',*,*,#3367,.F.);
#1699=ORIENTED_EDGE('',*,*,#2867,.F.);
#1700=ORIENTED_EDGE('',*,*,#2895,.F.);
#1701=ORIENTED_EDGE('',*,*,#2868,.T.);
#1702=ORIENTED_EDGE('',*,*,#3368,.F.);
#1703=ORIENTED_EDGE('',*,*,#3366,.F.);
#1704=ORIENTED_EDGE('',*,*,#2894,.F.);
#1705=ORIENTED_EDGE('',*,*,#2876,.T.);
#1706=ORIENTED_EDGE('',*,*,#3369,.T.);
#1707=ORIENTED_EDGE('',*,*,#2874,.T.);
#1708=ORIENTED_EDGE('',*,*,#2877,.T.);
#1709=ORIENTED_EDGE('',*,*,#2842,.T.);
#1710=ORIENTED_EDGE('',*,*,#3367,.T.);
#1711=ORIENTED_EDGE('',*,*,#3368,.T.);
#1712=ORIENTED_EDGE('',*,*,#2885,.T.);
#1713=ORIENTED_EDGE('',*,*,#3370,.F.);
#1714=ORIENTED_EDGE('',*,*,#2883,.T.);
#1715=ORIENTED_EDGE('',*,*,#3371,.T.);
#1716=ORIENTED_EDGE('',*,*,#3372,.T.);
#1717=ORIENTED_EDGE('',*,*,#2864,.T.);
#1718=ORIENTED_EDGE('',*,*,#2879,.T.);
#1719=ORIENTED_EDGE('',*,*,#3373,.T.);
#1720=ORIENTED_EDGE('',*,*,#3371,.F.);
#1721=ORIENTED_EDGE('',*,*,#2882,.F.);
#1722=ORIENTED_EDGE('',*,*,#2892,.F.);
#1723=ORIENTED_EDGE('',*,*,#2865,.T.);
#1724=ORIENTED_EDGE('',*,*,#3372,.F.);
#1725=ORIENTED_EDGE('',*,*,#3373,.F.);
#1726=ORIENTED_EDGE('',*,*,#2891,.F.);
#1727=ORIENTED_EDGE('',*,*,#3374,.F.);
#1728=ORIENTED_EDGE('',*,*,#3375,.F.);
#1729=ORIENTED_EDGE('',*,*,#3376,.F.);
#1730=ORIENTED_EDGE('',*,*,#3377,.F.);
#1731=ORIENTED_EDGE('',*,*,#3378,.F.);
#1732=ORIENTED_EDGE('',*,*,#3379,.F.);
#1733=ORIENTED_EDGE('',*,*,#3380,.F.);
#1734=ORIENTED_EDGE('',*,*,#3381,.F.);
#1735=ORIENTED_EDGE('',*,*,#3380,.T.);
#1736=ORIENTED_EDGE('',*,*,#3382,.F.);
#1737=ORIENTED_EDGE('',*,*,#3381,.T.);
#1738=ORIENTED_EDGE('',*,*,#3383,.F.);
#1739=ORIENTED_EDGE('',*,*,#3083,.T.);
#1740=ORIENTED_EDGE('',*,*,#3382,.T.);
#1741=ORIENTED_EDGE('',*,*,#3064,.T.);
#1742=ORIENTED_EDGE('',*,*,#3383,.T.);
#1743=ORIENTED_EDGE('',*,*,#3375,.T.);
#1744=ORIENTED_EDGE('',*,*,#3384,.F.);
#1745=ORIENTED_EDGE('',*,*,#3385,.F.);
#1746=ORIENTED_EDGE('',*,*,#3386,.T.);
#1747=ORIENTED_EDGE('',*,*,#3374,.T.);
#1748=ORIENTED_EDGE('',*,*,#3387,.F.);
#1749=ORIENTED_EDGE('',*,*,#3388,.F.);
#1750=ORIENTED_EDGE('',*,*,#3384,.T.);
#1751=ORIENTED_EDGE('',*,*,#3379,.T.);
#1752=ORIENTED_EDGE('',*,*,#3389,.F.);
#1753=ORIENTED_EDGE('',*,*,#3390,.F.);
#1754=ORIENTED_EDGE('',*,*,#3387,.T.);
#1755=ORIENTED_EDGE('',*,*,#3378,.T.);
#1756=ORIENTED_EDGE('',*,*,#3391,.F.);
#1757=ORIENTED_EDGE('',*,*,#3392,.F.);
#1758=ORIENTED_EDGE('',*,*,#3389,.T.);
#1759=ORIENTED_EDGE('',*,*,#3377,.T.);
#1760=ORIENTED_EDGE('',*,*,#3393,.F.);
#1761=ORIENTED_EDGE('',*,*,#3394,.F.);
#1762=ORIENTED_EDGE('',*,*,#3391,.T.);
#1763=ORIENTED_EDGE('',*,*,#3376,.T.);
#1764=ORIENTED_EDGE('',*,*,#3386,.F.);
#1765=ORIENTED_EDGE('',*,*,#3395,.F.);
#1766=ORIENTED_EDGE('',*,*,#3393,.T.);
#1767=ORIENTED_EDGE('',*,*,#3385,.T.);
#1768=ORIENTED_EDGE('',*,*,#3388,.T.);
#1769=ORIENTED_EDGE('',*,*,#3390,.T.);
#1770=ORIENTED_EDGE('',*,*,#3392,.T.);
#1771=ORIENTED_EDGE('',*,*,#3394,.T.);
#1772=ORIENTED_EDGE('',*,*,#3395,.T.);
#1773=ORIENTED_EDGE('',*,*,#3396,.F.);
#1774=ORIENTED_EDGE('',*,*,#2875,.T.);
#1775=ORIENTED_EDGE('',*,*,#3397,.F.);
#1776=ORIENTED_EDGE('',*,*,#3396,.T.);
#1777=ORIENTED_EDGE('',*,*,#3369,.F.);
#1778=ORIENTED_EDGE('',*,*,#3398,.F.);
#1779=ORIENTED_EDGE('',*,*,#3397,.T.);
#1780=ORIENTED_EDGE('',*,*,#3399,.F.);
#1781=ORIENTED_EDGE('',*,*,#3398,.T.);
#1782=ORIENTED_EDGE('',*,*,#3400,.F.);
#1783=ORIENTED_EDGE('',*,*,#3401,.F.);
#1784=ORIENTED_EDGE('',*,*,#3402,.F.);
#1785=ORIENTED_EDGE('',*,*,#3403,.F.);
#1786=ORIENTED_EDGE('',*,*,#3404,.F.);
#1787=ORIENTED_EDGE('',*,*,#3405,.F.);
#1788=ORIENTED_EDGE('',*,*,#3399,.T.);
#1789=ORIENTED_EDGE('',*,*,#3401,.T.);
#1790=ORIENTED_EDGE('',*,*,#3406,.F.);
#1791=ORIENTED_EDGE('',*,*,#3407,.F.);
#1792=ORIENTED_EDGE('',*,*,#3408,.T.);
#1793=ORIENTED_EDGE('',*,*,#3400,.T.);
#1794=ORIENTED_EDGE('',*,*,#3409,.F.);
#1795=ORIENTED_EDGE('',*,*,#3410,.F.);
#1796=ORIENTED_EDGE('',*,*,#3406,.T.);
#1797=ORIENTED_EDGE('',*,*,#3405,.T.);
#1798=ORIENTED_EDGE('',*,*,#3411,.F.);
#1799=ORIENTED_EDGE('',*,*,#3412,.F.);
#1800=ORIENTED_EDGE('',*,*,#3409,.T.);
#1801=ORIENTED_EDGE('',*,*,#3404,.T.);
#1802=ORIENTED_EDGE('',*,*,#3413,.F.);
#1803=ORIENTED_EDGE('',*,*,#3414,.F.);
#1804=ORIENTED_EDGE('',*,*,#3411,.T.);
#1805=ORIENTED_EDGE('',*,*,#3403,.T.);
#1806=ORIENTED_EDGE('',*,*,#3415,.F.);
#1807=ORIENTED_EDGE('',*,*,#3416,.F.);
#1808=ORIENTED_EDGE('',*,*,#3413,.T.);
#1809=ORIENTED_EDGE('',*,*,#3402,.T.);
#1810=ORIENTED_EDGE('',*,*,#3408,.F.);
#1811=ORIENTED_EDGE('',*,*,#3417,.F.);
#1812=ORIENTED_EDGE('',*,*,#3415,.T.);
#1813=ORIENTED_EDGE('',*,*,#3407,.T.);
#1814=ORIENTED_EDGE('',*,*,#3410,.T.);
#1815=ORIENTED_EDGE('',*,*,#3412,.T.);
#1816=ORIENTED_EDGE('',*,*,#3414,.T.);
#1817=ORIENTED_EDGE('',*,*,#3416,.T.);
#1818=ORIENTED_EDGE('',*,*,#3417,.T.);
#1819=ORIENTED_EDGE('',*,*,#3418,.T.);
#1820=ORIENTED_EDGE('',*,*,#3013,.T.);
#1821=ORIENTED_EDGE('',*,*,#3419,.F.);
#1822=ORIENTED_EDGE('',*,*,#3420,.F.);
#1823=ORIENTED_EDGE('',*,*,#3421,.F.);
#1824=ORIENTED_EDGE('',*,*,#3422,.F.);
#1825=ORIENTED_EDGE('',*,*,#3423,.F.);
#1826=ORIENTED_EDGE('',*,*,#3424,.F.);
#1827=ORIENTED_EDGE('',*,*,#3425,.F.);
#1828=ORIENTED_EDGE('',*,*,#3426,.F.);
#1829=ORIENTED_EDGE('',*,*,#3425,.T.);
#1830=ORIENTED_EDGE('',*,*,#3427,.F.);
#1831=ORIENTED_EDGE('',*,*,#3426,.T.);
#1832=ORIENTED_EDGE('',*,*,#3095,.F.);
#1833=ORIENTED_EDGE('',*,*,#3418,.F.);
#1834=ORIENTED_EDGE('',*,*,#3427,.T.);
#1835=ORIENTED_EDGE('',*,*,#3420,.T.);
#1836=ORIENTED_EDGE('',*,*,#3428,.F.);
#1837=ORIENTED_EDGE('',*,*,#3429,.F.);
#1838=ORIENTED_EDGE('',*,*,#3430,.T.);
#1839=ORIENTED_EDGE('',*,*,#3419,.T.);
#1840=ORIENTED_EDGE('',*,*,#3431,.F.);
#1841=ORIENTED_EDGE('',*,*,#3432,.F.);
#1842=ORIENTED_EDGE('',*,*,#3428,.T.);
#1843=ORIENTED_EDGE('',*,*,#3424,.T.);
#1844=ORIENTED_EDGE('',*,*,#3433,.F.);
#1845=ORIENTED_EDGE('',*,*,#3434,.F.);
#1846=ORIENTED_EDGE('',*,*,#3431,.T.);
#1847=ORIENTED_EDGE('',*,*,#3423,.T.);
#1848=ORIENTED_EDGE('',*,*,#3435,.F.);
#1849=ORIENTED_EDGE('',*,*,#3436,.F.);
#1850=ORIENTED_EDGE('',*,*,#3433,.T.);
#1851=ORIENTED_EDGE('',*,*,#3422,.T.);
#1852=ORIENTED_EDGE('',*,*,#3437,.F.);
#1853=ORIENTED_EDGE('',*,*,#3438,.F.);
#1854=ORIENTED_EDGE('',*,*,#3435,.T.);
#1855=ORIENTED_EDGE('',*,*,#3421,.T.);
#1856=ORIENTED_EDGE('',*,*,#3430,.F.);
#1857=ORIENTED_EDGE('',*,*,#3439,.F.);
#1858=ORIENTED_EDGE('',*,*,#3437,.T.);
#1859=ORIENTED_EDGE('',*,*,#3429,.T.);
#1860=ORIENTED_EDGE('',*,*,#3432,.T.);
#1861=ORIENTED_EDGE('',*,*,#3434,.T.);
#1862=ORIENTED_EDGE('',*,*,#3436,.T.);
#1863=ORIENTED_EDGE('',*,*,#3438,.T.);
#1864=ORIENTED_EDGE('',*,*,#3439,.T.);
#1865=ORIENTED_EDGE('',*,*,#3440,.F.);
#1866=ORIENTED_EDGE('',*,*,#2884,.T.);
#1867=ORIENTED_EDGE('',*,*,#3441,.F.);
#1868=ORIENTED_EDGE('',*,*,#3370,.T.);
#1869=ORIENTED_EDGE('',*,*,#3440,.T.);
#1870=ORIENTED_EDGE('',*,*,#3442,.F.);
#1871=ORIENTED_EDGE('',*,*,#3441,.T.);
#1872=ORIENTED_EDGE('',*,*,#3443,.F.);
#1873=ORIENTED_EDGE('',*,*,#3442,.T.);
#1874=ORIENTED_EDGE('',*,*,#3444,.F.);
#1875=ORIENTED_EDGE('',*,*,#3445,.F.);
#1876=ORIENTED_EDGE('',*,*,#3446,.F.);
#1877=ORIENTED_EDGE('',*,*,#3447,.F.);
#1878=ORIENTED_EDGE('',*,*,#3448,.F.);
#1879=ORIENTED_EDGE('',*,*,#3449,.F.);
#1880=ORIENTED_EDGE('',*,*,#3443,.T.);
#1881=ORIENTED_EDGE('',*,*,#3445,.T.);
#1882=ORIENTED_EDGE('',*,*,#3450,.F.);
#1883=ORIENTED_EDGE('',*,*,#3451,.F.);
#1884=ORIENTED_EDGE('',*,*,#3452,.T.);
#1885=ORIENTED_EDGE('',*,*,#3444,.T.);
#1886=ORIENTED_EDGE('',*,*,#3453,.F.);
#1887=ORIENTED_EDGE('',*,*,#3454,.F.);
#1888=ORIENTED_EDGE('',*,*,#3450,.T.);
#1889=ORIENTED_EDGE('',*,*,#3449,.T.);
#1890=ORIENTED_EDGE('',*,*,#3455,.F.);
#1891=ORIENTED_EDGE('',*,*,#3456,.F.);
#1892=ORIENTED_EDGE('',*,*,#3453,.T.);
#1893=ORIENTED_EDGE('',*,*,#3448,.T.);
#1894=ORIENTED_EDGE('',*,*,#3457,.F.);
#1895=ORIENTED_EDGE('',*,*,#3458,.F.);
#1896=ORIENTED_EDGE('',*,*,#3455,.T.);
#1897=ORIENTED_EDGE('',*,*,#3447,.T.);
#1898=ORIENTED_EDGE('',*,*,#3459,.F.);
#1899=ORIENTED_EDGE('',*,*,#3460,.F.);
#1900=ORIENTED_EDGE('',*,*,#3457,.T.);
#1901=ORIENTED_EDGE('',*,*,#3446,.T.);
#1902=ORIENTED_EDGE('',*,*,#3452,.F.);
#1903=ORIENTED_EDGE('',*,*,#3461,.F.);
#1904=ORIENTED_EDGE('',*,*,#3459,.T.);
#1905=ORIENTED_EDGE('',*,*,#3451,.T.);
#1906=ORIENTED_EDGE('',*,*,#3454,.T.);
#1907=ORIENTED_EDGE('',*,*,#3456,.T.);
#1908=ORIENTED_EDGE('',*,*,#3458,.T.);
#1909=ORIENTED_EDGE('',*,*,#3460,.T.);
#1910=ORIENTED_EDGE('',*,*,#3461,.T.);
#1911=ORIENTED_EDGE('',*,*,#2912,.T.);
#1912=ORIENTED_EDGE('',*,*,#2837,.T.);
#1913=ORIENTED_EDGE('',*,*,#2833,.T.);
#1914=ORIENTED_EDGE('',*,*,#3462,.F.);
#1915=ORIENTED_EDGE('',*,*,#2908,.T.);
#1916=ORIENTED_EDGE('',*,*,#3463,.T.);
#1917=ORIENTED_EDGE('',*,*,#2834,.T.);
#1918=ORIENTED_EDGE('',*,*,#3463,.F.);
#1919=ORIENTED_EDGE('',*,*,#2911,.T.);
#1920=ORIENTED_EDGE('',*,*,#3464,.T.);
#1921=ORIENTED_EDGE('',*,*,#2835,.T.);
#1922=ORIENTED_EDGE('',*,*,#3464,.F.);
#1923=ORIENTED_EDGE('',*,*,#2910,.T.);
#1924=ORIENTED_EDGE('',*,*,#3465,.T.);
#1925=ORIENTED_EDGE('',*,*,#2836,.T.);
#1926=ORIENTED_EDGE('',*,*,#3465,.F.);
#1927=ORIENTED_EDGE('',*,*,#2909,.T.);
#1928=ORIENTED_EDGE('',*,*,#3462,.T.);
#1929=ORIENTED_EDGE('',*,*,#3466,.F.);
#1930=ORIENTED_EDGE('',*,*,#3467,.T.);
#1931=ORIENTED_EDGE('',*,*,#3468,.T.);
#1932=ORIENTED_EDGE('',*,*,#3469,.F.);
#1933=ORIENTED_EDGE('',*,*,#3470,.F.);
#1934=ORIENTED_EDGE('',*,*,#3471,.T.);
#1935=ORIENTED_EDGE('',*,*,#3472,.T.);
#1936=ORIENTED_EDGE('',*,*,#3473,.T.);
#1937=ORIENTED_EDGE('',*,*,#3474,.F.);
#1938=ORIENTED_EDGE('',*,*,#3475,.T.);
#1939=ORIENTED_EDGE('',*,*,#3476,.F.);
#1940=ORIENTED_EDGE('',*,*,#3477,.T.);
#1941=ORIENTED_EDGE('',*,*,#3478,.T.);
#1942=ORIENTED_EDGE('',*,*,#3479,.F.);
#1943=ORIENTED_EDGE('',*,*,#3480,.T.);
#1944=ORIENTED_EDGE('',*,*,#3481,.T.);
#1945=ORIENTED_EDGE('',*,*,#3482,.T.);
#1946=ORIENTED_EDGE('',*,*,#3483,.T.);
#1947=ORIENTED_EDGE('',*,*,#3484,.T.);
#1948=ORIENTED_EDGE('',*,*,#3485,.T.);
#1949=ORIENTED_EDGE('',*,*,#3486,.T.);
#1950=ORIENTED_EDGE('',*,*,#3487,.T.);
#1951=ORIENTED_EDGE('',*,*,#3488,.T.);
#1952=ORIENTED_EDGE('',*,*,#3489,.T.);
#1953=ORIENTED_EDGE('',*,*,#3490,.T.);
#1954=ORIENTED_EDGE('',*,*,#3491,.T.);
#1955=ORIENTED_EDGE('',*,*,#3492,.T.);
#1956=ORIENTED_EDGE('',*,*,#3493,.T.);
#1957=ORIENTED_EDGE('',*,*,#3494,.T.);
#1958=ORIENTED_EDGE('',*,*,#3495,.T.);
#1959=ORIENTED_EDGE('',*,*,#3496,.T.);
#1960=ORIENTED_EDGE('',*,*,#3497,.T.);
#1961=ORIENTED_EDGE('',*,*,#3498,.T.);
#1962=ORIENTED_EDGE('',*,*,#3499,.T.);
#1963=ORIENTED_EDGE('',*,*,#3500,.T.);
#1964=ORIENTED_EDGE('',*,*,#3501,.T.);
#1965=ORIENTED_EDGE('',*,*,#3502,.T.);
#1966=ORIENTED_EDGE('',*,*,#3503,.F.);
#1967=ORIENTED_EDGE('',*,*,#3504,.F.);
#1968=ORIENTED_EDGE('',*,*,#3505,.F.);
#1969=ORIENTED_EDGE('',*,*,#3506,.T.);
#1970=ORIENTED_EDGE('',*,*,#3507,.T.);
#1971=ORIENTED_EDGE('',*,*,#3508,.F.);
#1972=ORIENTED_EDGE('',*,*,#3509,.F.);
#1973=ORIENTED_EDGE('',*,*,#3510,.T.);
#1974=ORIENTED_EDGE('',*,*,#3511,.T.);
#1975=ORIENTED_EDGE('',*,*,#3512,.T.);
#1976=ORIENTED_EDGE('',*,*,#3513,.F.);
#1977=ORIENTED_EDGE('',*,*,#3514,.F.);
#1978=ORIENTED_EDGE('',*,*,#3515,.F.);
#1979=ORIENTED_EDGE('',*,*,#3516,.F.);
#1980=ORIENTED_EDGE('',*,*,#3511,.F.);
#1981=ORIENTED_EDGE('',*,*,#3517,.T.);
#1982=ORIENTED_EDGE('',*,*,#3502,.F.);
#1983=ORIENTED_EDGE('',*,*,#3518,.T.);
#1984=ORIENTED_EDGE('',*,*,#3519,.F.);
#1985=ORIENTED_EDGE('',*,*,#3520,.F.);
#1986=ORIENTED_EDGE('',*,*,#3482,.F.);
#1987=ORIENTED_EDGE('',*,*,#3521,.F.);
#1988=ORIENTED_EDGE('',*,*,#3509,.T.);
#1989=ORIENTED_EDGE('',*,*,#3522,.F.);
#1990=ORIENTED_EDGE('',*,*,#3467,.F.);
#1991=ORIENTED_EDGE('',*,*,#3523,.F.);
#1992=ORIENTED_EDGE('',*,*,#3475,.F.);
#1993=ORIENTED_EDGE('',*,*,#3524,.F.);
#1994=ORIENTED_EDGE('',*,*,#3513,.T.);
#1995=ORIENTED_EDGE('',*,*,#3525,.T.);
#1996=ORIENTED_EDGE('',*,*,#3526,.T.);
#1997=ORIENTED_EDGE('',*,*,#3527,.F.);
#1998=ORIENTED_EDGE('',*,*,#3528,.T.);
#1999=ORIENTED_EDGE('',*,*,#3529,.F.);
#2000=ORIENTED_EDGE('',*,*,#3530,.T.);
#2001=ORIENTED_EDGE('',*,*,#3531,.T.);
#2002=ORIENTED_EDGE('',*,*,#3532,.T.);
#2003=ORIENTED_EDGE('',*,*,#3533,.F.);
#2004=ORIENTED_EDGE('',*,*,#3534,.T.);
#2005=ORIENTED_EDGE('',*,*,#3535,.F.);
#2006=ORIENTED_EDGE('',*,*,#3536,.T.);
#2007=ORIENTED_EDGE('',*,*,#3526,.F.);
#2008=ORIENTED_EDGE('',*,*,#3537,.T.);
#2009=ORIENTED_EDGE('',*,*,#3538,.F.);
#2010=ORIENTED_EDGE('',*,*,#3539,.F.);
#2011=ORIENTED_EDGE('',*,*,#3540,.F.);
#2012=ORIENTED_EDGE('',*,*,#3541,.F.);
#2013=ORIENTED_EDGE('',*,*,#3542,.F.);
#2014=ORIENTED_EDGE('',*,*,#3532,.F.);
#2015=ORIENTED_EDGE('',*,*,#3543,.F.);
#2016=ORIENTED_EDGE('',*,*,#3544,.F.);
#2017=ORIENTED_EDGE('',*,*,#3545,.F.);
#2018=ORIENTED_EDGE('',*,*,#3546,.F.);
#2019=ORIENTED_EDGE('',*,*,#3547,.F.);
#2020=ORIENTED_EDGE('',*,*,#3548,.F.);
#2021=ORIENTED_EDGE('',*,*,#3549,.F.);
#2022=ORIENTED_EDGE('',*,*,#3550,.F.);
#2023=ORIENTED_EDGE('',*,*,#3551,.F.);
#2024=ORIENTED_EDGE('',*,*,#3552,.F.);
#2025=ORIENTED_EDGE('',*,*,#3553,.F.);
#2026=ORIENTED_EDGE('',*,*,#3554,.F.);
#2027=ORIENTED_EDGE('',*,*,#3555,.F.);
#2028=ORIENTED_EDGE('',*,*,#3556,.F.);
#2029=ORIENTED_EDGE('',*,*,#3557,.F.);
#2030=ORIENTED_EDGE('',*,*,#3558,.F.);
#2031=ORIENTED_EDGE('',*,*,#3559,.F.);
#2032=ORIENTED_EDGE('',*,*,#3560,.F.);
#2033=ORIENTED_EDGE('',*,*,#3561,.F.);
#2034=ORIENTED_EDGE('',*,*,#3528,.F.);
#2035=ORIENTED_EDGE('',*,*,#3562,.T.);
#2036=ORIENTED_EDGE('',*,*,#3563,.T.);
#2037=ORIENTED_EDGE('',*,*,#3564,.F.);
#2038=ORIENTED_EDGE('',*,*,#3565,.F.);
#2039=ORIENTED_EDGE('',*,*,#3566,.T.);
#2040=ORIENTED_EDGE('',*,*,#3567,.T.);
#2041=ORIENTED_EDGE('',*,*,#3568,.T.);
#2042=ORIENTED_EDGE('',*,*,#3569,.F.);
#2043=ORIENTED_EDGE('',*,*,#3570,.F.);
#2044=ORIENTED_EDGE('',*,*,#3571,.F.);
#2045=ORIENTED_EDGE('',*,*,#3536,.F.);
#2046=ORIENTED_EDGE('',*,*,#3572,.F.);
#2047=ORIENTED_EDGE('',*,*,#3568,.F.);
#2048=ORIENTED_EDGE('',*,*,#3573,.F.);
#2049=ORIENTED_EDGE('',*,*,#3574,.F.);
#2050=ORIENTED_EDGE('',*,*,#3575,.F.);
#2051=ORIENTED_EDGE('',*,*,#3504,.T.);
#2052=ORIENTED_EDGE('',*,*,#3576,.T.);
#2053=ORIENTED_EDGE('',*,*,#3472,.F.);
#2054=ORIENTED_EDGE('',*,*,#3577,.F.);
#2055=ORIENTED_EDGE('',*,*,#3468,.F.);
#2056=ORIENTED_EDGE('',*,*,#3522,.T.);
#2057=ORIENTED_EDGE('',*,*,#3508,.T.);
#2058=ORIENTED_EDGE('',*,*,#3578,.F.);
#2059=ORIENTED_EDGE('',*,*,#3579,.F.);
#2060=ORIENTED_EDGE('',*,*,#3574,.T.);
#2061=ORIENTED_EDGE('',*,*,#3580,.F.);
#2062=ORIENTED_EDGE('',*,*,#3581,.F.);
#2063=ORIENTED_EDGE('',*,*,#3582,.T.);
#2064=ORIENTED_EDGE('',*,*,#3583,.T.);
#2065=ORIENTED_EDGE('',*,*,#3584,.F.);
#2066=ORIENTED_EDGE('',*,*,#3585,.T.);
#2067=ORIENTED_EDGE('',*,*,#3586,.T.);
#2068=ORIENTED_EDGE('',*,*,#3570,.T.);
#2069=ORIENTED_EDGE('',*,*,#3587,.F.);
#2070=ORIENTED_EDGE('',*,*,#3563,.F.);
#2071=ORIENTED_EDGE('',*,*,#3588,.T.);
#2072=ORIENTED_EDGE('',*,*,#3584,.T.);
#2073=ORIENTED_EDGE('',*,*,#3589,.F.);
#2074=ORIENTED_EDGE('',*,*,#3580,.T.);
#2075=ORIENTED_EDGE('',*,*,#3573,.T.);
#2076=ORIENTED_EDGE('',*,*,#3567,.F.);
#2077=ORIENTED_EDGE('',*,*,#3590,.F.);
#2078=ORIENTED_EDGE('',*,*,#3591,.F.);
#2079=ORIENTED_EDGE('',*,*,#3592,.F.);
#2080=ORIENTED_EDGE('',*,*,#3593,.F.);
#2081=ORIENTED_EDGE('',*,*,#3594,.F.);
#2082=ORIENTED_EDGE('',*,*,#3595,.F.);
#2083=ORIENTED_EDGE('',*,*,#3596,.T.);
#2084=ORIENTED_EDGE('',*,*,#3597,.T.);
#2085=ORIENTED_EDGE('',*,*,#3598,.F.);
#2086=ORIENTED_EDGE('',*,*,#3599,.F.);
#2087=ORIENTED_EDGE('',*,*,#3600,.F.);
#2088=ORIENTED_EDGE('',*,*,#3601,.F.);
#2089=ORIENTED_EDGE('',*,*,#3602,.F.);
#2090=ORIENTED_EDGE('',*,*,#3603,.T.);
#2091=ORIENTED_EDGE('',*,*,#3604,.F.);
#2092=ORIENTED_EDGE('',*,*,#3605,.F.);
#2093=ORIENTED_EDGE('',*,*,#3595,.T.);
#2094=ORIENTED_EDGE('',*,*,#3606,.T.);
#2095=ORIENTED_EDGE('',*,*,#3607,.T.);
#2096=ORIENTED_EDGE('',*,*,#3608,.T.);
#2097=ORIENTED_EDGE('',*,*,#3609,.T.);
#2098=ORIENTED_EDGE('',*,*,#3519,.T.);
#2099=ORIENTED_EDGE('',*,*,#3610,.T.);
#2100=ORIENTED_EDGE('',*,*,#3611,.T.);
#2101=ORIENTED_EDGE('',*,*,#3612,.T.);
#2102=ORIENTED_EDGE('',*,*,#3613,.T.);
#2103=ORIENTED_EDGE('',*,*,#3605,.T.);
#2104=ORIENTED_EDGE('',*,*,#3614,.T.);
#2105=ORIENTED_EDGE('',*,*,#3615,.T.);
#2106=ORIENTED_EDGE('',*,*,#3616,.T.);
#2107=ORIENTED_EDGE('',*,*,#3617,.T.);
#2108=ORIENTED_EDGE('',*,*,#3618,.T.);
#2109=ORIENTED_EDGE('',*,*,#3619,.T.);
#2110=ORIENTED_EDGE('',*,*,#3620,.F.);
#2111=ORIENTED_EDGE('',*,*,#3621,.T.);
#2112=ORIENTED_EDGE('',*,*,#3622,.F.);
#2113=ORIENTED_EDGE('',*,*,#3623,.T.);
#2114=ORIENTED_EDGE('',*,*,#3624,.T.);
#2115=ORIENTED_EDGE('',*,*,#3625,.T.);
#2116=ORIENTED_EDGE('',*,*,#3626,.T.);
#2117=ORIENTED_EDGE('',*,*,#3627,.T.);
#2118=ORIENTED_EDGE('',*,*,#3628,.T.);
#2119=ORIENTED_EDGE('',*,*,#3629,.F.);
#2120=ORIENTED_EDGE('',*,*,#3597,.F.);
#2121=ORIENTED_EDGE('',*,*,#3630,.F.);
#2122=ORIENTED_EDGE('',*,*,#3631,.F.);
#2123=ORIENTED_EDGE('',*,*,#3632,.F.);
#2124=ORIENTED_EDGE('',*,*,#3633,.F.);
#2125=ORIENTED_EDGE('',*,*,#3634,.F.);
#2126=ORIENTED_EDGE('',*,*,#3635,.F.);
#2127=ORIENTED_EDGE('',*,*,#3636,.T.);
#2128=ORIENTED_EDGE('',*,*,#3637,.F.);
#2129=ORIENTED_EDGE('',*,*,#3638,.T.);
#2130=ORIENTED_EDGE('',*,*,#3639,.F.);
#2131=ORIENTED_EDGE('',*,*,#3640,.F.);
#2132=ORIENTED_EDGE('',*,*,#3641,.F.);
#2133=ORIENTED_EDGE('',*,*,#3642,.F.);
#2134=ORIENTED_EDGE('',*,*,#3643,.F.);
#2135=ORIENTED_EDGE('',*,*,#3644,.F.);
#2136=ORIENTED_EDGE('',*,*,#3603,.F.);
#2137=ORIENTED_EDGE('',*,*,#3645,.F.);
#2138=ORIENTED_EDGE('',*,*,#3646,.F.);
#2139=ORIENTED_EDGE('',*,*,#3647,.F.);
#2140=ORIENTED_EDGE('',*,*,#3648,.F.);
#2141=ORIENTED_EDGE('',*,*,#3530,.F.);
#2142=ORIENTED_EDGE('',*,*,#3649,.F.);
#2143=ORIENTED_EDGE('',*,*,#3650,.F.);
#2144=ORIENTED_EDGE('',*,*,#3651,.F.);
#2145=ORIENTED_EDGE('',*,*,#3632,.T.);
#2146=ORIENTED_EDGE('',*,*,#3652,.F.);
#2147=ORIENTED_EDGE('',*,*,#3626,.F.);
#2148=ORIENTED_EDGE('',*,*,#3653,.T.);
#2149=ORIENTED_EDGE('',*,*,#3654,.T.);
#2150=ORIENTED_EDGE('',*,*,#3655,.T.);
#2151=ORIENTED_EDGE('',*,*,#3631,.T.);
#2152=ORIENTED_EDGE('',*,*,#3656,.F.);
#2153=ORIENTED_EDGE('',*,*,#3627,.F.);
#2154=ORIENTED_EDGE('',*,*,#3652,.T.);
#2155=ORIENTED_EDGE('',*,*,#3630,.T.);
#2156=ORIENTED_EDGE('',*,*,#3596,.F.);
#2157=ORIENTED_EDGE('',*,*,#3628,.F.);
#2158=ORIENTED_EDGE('',*,*,#3656,.T.);
#2159=ORIENTED_EDGE('',*,*,#3644,.T.);
#2160=ORIENTED_EDGE('',*,*,#3657,.F.);
#2161=ORIENTED_EDGE('',*,*,#3614,.F.);
#2162=ORIENTED_EDGE('',*,*,#3604,.T.);
#2163=ORIENTED_EDGE('',*,*,#3658,.F.);
#2164=ORIENTED_EDGE('',*,*,#3659,.F.);
#2165=ORIENTED_EDGE('',*,*,#3643,.T.);
#2166=ORIENTED_EDGE('',*,*,#3660,.F.);
#2167=ORIENTED_EDGE('',*,*,#3615,.F.);
#2168=ORIENTED_EDGE('',*,*,#3657,.T.);
#2169=ORIENTED_EDGE('',*,*,#3642,.T.);
#2170=ORIENTED_EDGE('',*,*,#3661,.F.);
#2171=ORIENTED_EDGE('',*,*,#3616,.F.);
#2172=ORIENTED_EDGE('',*,*,#3660,.T.);
#2173=ORIENTED_EDGE('',*,*,#3662,.F.);
#2174=ORIENTED_EDGE('',*,*,#3663,.F.);
#2175=ORIENTED_EDGE('',*,*,#3664,.F.);
#2176=ORIENTED_EDGE('',*,*,#3665,.F.);
#2177=ORIENTED_EDGE('',*,*,#3666,.T.);
#2178=ORIENTED_EDGE('',*,*,#3667,.T.);
#2179=ORIENTED_EDGE('',*,*,#3641,.T.);
#2180=ORIENTED_EDGE('',*,*,#3668,.F.);
#2181=ORIENTED_EDGE('',*,*,#3617,.F.);
#2182=ORIENTED_EDGE('',*,*,#3661,.T.);
#2183=ORIENTED_EDGE('',*,*,#3640,.T.);
#2184=ORIENTED_EDGE('',*,*,#3669,.F.);
#2185=ORIENTED_EDGE('',*,*,#3618,.F.);
#2186=ORIENTED_EDGE('',*,*,#3668,.T.);
#2187=ORIENTED_EDGE('',*,*,#3639,.T.);
#2188=ORIENTED_EDGE('',*,*,#3670,.F.);
#2189=ORIENTED_EDGE('',*,*,#3619,.F.);
#2190=ORIENTED_EDGE('',*,*,#3669,.T.);
#2191=ORIENTED_EDGE('',*,*,#3638,.F.);
#2192=ORIENTED_EDGE('',*,*,#3671,.F.);
#2193=ORIENTED_EDGE('',*,*,#3620,.T.);
#2194=ORIENTED_EDGE('',*,*,#3670,.T.);
#2195=ORIENTED_EDGE('',*,*,#3637,.T.);
#2196=ORIENTED_EDGE('',*,*,#3672,.F.);
#2197=ORIENTED_EDGE('',*,*,#3621,.F.);
#2198=ORIENTED_EDGE('',*,*,#3671,.T.);
#2199=ORIENTED_EDGE('',*,*,#3636,.F.);
#2200=ORIENTED_EDGE('',*,*,#3673,.F.);
#2201=ORIENTED_EDGE('',*,*,#3622,.T.);
#2202=ORIENTED_EDGE('',*,*,#3672,.T.);
#2203=ORIENTED_EDGE('',*,*,#3635,.T.);
#2204=ORIENTED_EDGE('',*,*,#3674,.F.);
#2205=ORIENTED_EDGE('',*,*,#3623,.F.);
#2206=ORIENTED_EDGE('',*,*,#3673,.T.);
#2207=ORIENTED_EDGE('',*,*,#3634,.T.);
#2208=ORIENTED_EDGE('',*,*,#3675,.F.);
#2209=ORIENTED_EDGE('',*,*,#3624,.F.);
#2210=ORIENTED_EDGE('',*,*,#3674,.T.);
#2211=ORIENTED_EDGE('',*,*,#3676,.F.);
#2212=ORIENTED_EDGE('',*,*,#3677,.T.);
#2213=ORIENTED_EDGE('',*,*,#3678,.T.);
#2214=ORIENTED_EDGE('',*,*,#3633,.T.);
#2215=ORIENTED_EDGE('',*,*,#3653,.F.);
#2216=ORIENTED_EDGE('',*,*,#3625,.F.);
#2217=ORIENTED_EDGE('',*,*,#3675,.T.);
#2218=ORIENTED_EDGE('',*,*,#3679,.F.);
#2219=ORIENTED_EDGE('',*,*,#3651,.T.);
#2220=ORIENTED_EDGE('',*,*,#3680,.T.);
#2221=ORIENTED_EDGE('',*,*,#3559,.T.);
#2222=ORIENTED_EDGE('',*,*,#3681,.F.);
#2223=ORIENTED_EDGE('',*,*,#3646,.T.);
#2224=ORIENTED_EDGE('',*,*,#3682,.T.);
#2225=ORIENTED_EDGE('',*,*,#3545,.T.);
#2226=ORIENTED_EDGE('',*,*,#3683,.F.);
#2227=ORIENTED_EDGE('',*,*,#3647,.T.);
#2228=ORIENTED_EDGE('',*,*,#3681,.T.);
#2229=ORIENTED_EDGE('',*,*,#3544,.T.);
#2230=ORIENTED_EDGE('',*,*,#3531,.F.);
#2231=ORIENTED_EDGE('',*,*,#3648,.T.);
#2232=ORIENTED_EDGE('',*,*,#3683,.T.);
#2233=ORIENTED_EDGE('',*,*,#3543,.T.);
#2234=ORIENTED_EDGE('',*,*,#3684,.F.);
#2235=ORIENTED_EDGE('',*,*,#3649,.T.);
#2236=ORIENTED_EDGE('',*,*,#3529,.T.);
#2237=ORIENTED_EDGE('',*,*,#3561,.T.);
#2238=ORIENTED_EDGE('',*,*,#3680,.F.);
#2239=ORIENTED_EDGE('',*,*,#3650,.T.);
#2240=ORIENTED_EDGE('',*,*,#3684,.T.);
#2241=ORIENTED_EDGE('',*,*,#3560,.T.);
#2242=ORIENTED_EDGE('',*,*,#3607,.F.);
#2243=ORIENTED_EDGE('',*,*,#3685,.F.);
#2244=ORIENTED_EDGE('',*,*,#3485,.F.);
#2245=ORIENTED_EDGE('',*,*,#3686,.T.);
#2246=ORIENTED_EDGE('',*,*,#3606,.F.);
#2247=ORIENTED_EDGE('',*,*,#3594,.T.);
#2248=ORIENTED_EDGE('',*,*,#3629,.T.);
#2249=ORIENTED_EDGE('',*,*,#3679,.T.);
#2250=ORIENTED_EDGE('',*,*,#3558,.T.);
#2251=ORIENTED_EDGE('',*,*,#3687,.F.);
#2252=ORIENTED_EDGE('',*,*,#3486,.F.);
#2253=ORIENTED_EDGE('',*,*,#3685,.T.);
#2254=ORIENTED_EDGE('',*,*,#3557,.T.);
#2255=ORIENTED_EDGE('',*,*,#3688,.F.);
#2256=ORIENTED_EDGE('',*,*,#3487,.F.);
#2257=ORIENTED_EDGE('',*,*,#3687,.T.);
#2258=ORIENTED_EDGE('',*,*,#3556,.T.);
#2259=ORIENTED_EDGE('',*,*,#3689,.F.);
#2260=ORIENTED_EDGE('',*,*,#3488,.F.);
#2261=ORIENTED_EDGE('',*,*,#3688,.T.);
#2262=ORIENTED_EDGE('',*,*,#3555,.T.);
#2263=ORIENTED_EDGE('',*,*,#3690,.F.);
#2264=ORIENTED_EDGE('',*,*,#3489,.F.);
#2265=ORIENTED_EDGE('',*,*,#3689,.T.);
#2266=ORIENTED_EDGE('',*,*,#3554,.T.);
#2267=ORIENTED_EDGE('',*,*,#3691,.F.);
#2268=ORIENTED_EDGE('',*,*,#3490,.F.);
#2269=ORIENTED_EDGE('',*,*,#3690,.T.);
#2270=ORIENTED_EDGE('',*,*,#3553,.T.);
#2271=ORIENTED_EDGE('',*,*,#3692,.F.);
#2272=ORIENTED_EDGE('',*,*,#3491,.F.);
#2273=ORIENTED_EDGE('',*,*,#3691,.T.);
#2274=ORIENTED_EDGE('',*,*,#3552,.T.);
#2275=ORIENTED_EDGE('',*,*,#3693,.F.);
#2276=ORIENTED_EDGE('',*,*,#3492,.F.);
#2277=ORIENTED_EDGE('',*,*,#3692,.T.);
#2278=ORIENTED_EDGE('',*,*,#3551,.T.);
#2279=ORIENTED_EDGE('',*,*,#3694,.F.);
#2280=ORIENTED_EDGE('',*,*,#3493,.F.);
#2281=ORIENTED_EDGE('',*,*,#3693,.T.);
#2282=ORIENTED_EDGE('',*,*,#3550,.T.);
#2283=ORIENTED_EDGE('',*,*,#3695,.F.);
#2284=ORIENTED_EDGE('',*,*,#3494,.F.);
#2285=ORIENTED_EDGE('',*,*,#3694,.T.);
#2286=ORIENTED_EDGE('',*,*,#3549,.T.);
#2287=ORIENTED_EDGE('',*,*,#3696,.F.);
#2288=ORIENTED_EDGE('',*,*,#3495,.F.);
#2289=ORIENTED_EDGE('',*,*,#3695,.T.);
#2290=ORIENTED_EDGE('',*,*,#3548,.T.);
#2291=ORIENTED_EDGE('',*,*,#3697,.F.);
#2292=ORIENTED_EDGE('',*,*,#3496,.F.);
#2293=ORIENTED_EDGE('',*,*,#3696,.T.);
#2294=ORIENTED_EDGE('',*,*,#3547,.T.);
#2295=ORIENTED_EDGE('',*,*,#3698,.F.);
#2296=ORIENTED_EDGE('',*,*,#3497,.F.);
#2297=ORIENTED_EDGE('',*,*,#3697,.T.);
#2298=ORIENTED_EDGE('',*,*,#3613,.F.);
#2299=ORIENTED_EDGE('',*,*,#3699,.F.);
#2300=ORIENTED_EDGE('',*,*,#3498,.F.);
#2301=ORIENTED_EDGE('',*,*,#3698,.T.);
#2302=ORIENTED_EDGE('',*,*,#3546,.T.);
#2303=ORIENTED_EDGE('',*,*,#3682,.F.);
#2304=ORIENTED_EDGE('',*,*,#3645,.T.);
#2305=ORIENTED_EDGE('',*,*,#3602,.T.);
#2306=ORIENTED_EDGE('',*,*,#3612,.F.);
#2307=ORIENTED_EDGE('',*,*,#3700,.F.);
#2308=ORIENTED_EDGE('',*,*,#3499,.F.);
#2309=ORIENTED_EDGE('',*,*,#3699,.T.);
#2310=ORIENTED_EDGE('',*,*,#3611,.F.);
#2311=ORIENTED_EDGE('',*,*,#3701,.F.);
#2312=ORIENTED_EDGE('',*,*,#3500,.F.);
#2313=ORIENTED_EDGE('',*,*,#3700,.T.);
#2314=ORIENTED_EDGE('',*,*,#3610,.F.);
#2315=ORIENTED_EDGE('',*,*,#3518,.F.);
#2316=ORIENTED_EDGE('',*,*,#3501,.F.);
#2317=ORIENTED_EDGE('',*,*,#3701,.T.);
#2318=ORIENTED_EDGE('',*,*,#3609,.F.);
#2319=ORIENTED_EDGE('',*,*,#3702,.F.);
#2320=ORIENTED_EDGE('',*,*,#3483,.F.);
#2321=ORIENTED_EDGE('',*,*,#3520,.T.);
#2322=ORIENTED_EDGE('',*,*,#3479,.T.);
#2323=ORIENTED_EDGE('',*,*,#3537,.F.);
#2324=ORIENTED_EDGE('',*,*,#3608,.F.);
#2325=ORIENTED_EDGE('',*,*,#3686,.F.);
#2326=ORIENTED_EDGE('',*,*,#3484,.F.);
#2327=ORIENTED_EDGE('',*,*,#3702,.T.);
#2328=ORIENTED_EDGE('',*,*,#3527,.T.);
#2329=ORIENTED_EDGE('',*,*,#3571,.T.);
#2330=ORIENTED_EDGE('',*,*,#3586,.F.);
#2331=ORIENTED_EDGE('',*,*,#3703,.T.);
#2332=ORIENTED_EDGE('',*,*,#3562,.F.);
#2333=ORIENTED_EDGE('',*,*,#3703,.F.);
#2334=ORIENTED_EDGE('',*,*,#3585,.F.);
#2335=ORIENTED_EDGE('',*,*,#3588,.F.);
#2336=ORIENTED_EDGE('',*,*,#3704,.F.);
#2337=ORIENTED_EDGE('',*,*,#3565,.T.);
#2338=ORIENTED_EDGE('',*,*,#3705,.F.);
#2339=ORIENTED_EDGE('',*,*,#3582,.F.);
#2340=ORIENTED_EDGE('',*,*,#3474,.T.);
#2341=ORIENTED_EDGE('',*,*,#3706,.T.);
#2342=ORIENTED_EDGE('',*,*,#3517,.F.);
#2343=ORIENTED_EDGE('',*,*,#3524,.T.);
#2344=ORIENTED_EDGE('',*,*,#3503,.T.);
#2345=ORIENTED_EDGE('',*,*,#3706,.F.);
#2346=ORIENTED_EDGE('',*,*,#3473,.F.);
#2347=ORIENTED_EDGE('',*,*,#3576,.F.);
#2348=ORIENTED_EDGE('',*,*,#3707,.F.);
#2349=ORIENTED_EDGE('',*,*,#3506,.F.);
#2350=ORIENTED_EDGE('',*,*,#3708,.F.);
#2351=ORIENTED_EDGE('',*,*,#3470,.T.);
#2352=ORIENTED_EDGE('',*,*,#3587,.T.);
#2353=ORIENTED_EDGE('',*,*,#3583,.F.);
#2354=ORIENTED_EDGE('',*,*,#3705,.T.);
#2355=ORIENTED_EDGE('',*,*,#3564,.T.);
#2356=ORIENTED_EDGE('',*,*,#3589,.T.);
#2357=ORIENTED_EDGE('',*,*,#3566,.F.);
#2358=ORIENTED_EDGE('',*,*,#3704,.T.);
#2359=ORIENTED_EDGE('',*,*,#3581,.T.);
#2360=ORIENTED_EDGE('',*,*,#3575,.T.);
#2361=ORIENTED_EDGE('',*,*,#3471,.F.);
#2362=ORIENTED_EDGE('',*,*,#3708,.T.);
#2363=ORIENTED_EDGE('',*,*,#3505,.T.);
#2364=ORIENTED_EDGE('',*,*,#3577,.T.);
#2365=ORIENTED_EDGE('',*,*,#3507,.F.);
#2366=ORIENTED_EDGE('',*,*,#3707,.T.);
#2367=ORIENTED_EDGE('',*,*,#3469,.T.);
#2368=ORIENTED_EDGE('',*,*,#3709,.T.);
#2369=ORIENTED_EDGE('',*,*,#3678,.F.);
#2370=ORIENTED_EDGE('',*,*,#3710,.T.);
#2371=ORIENTED_EDGE('',*,*,#3709,.F.);
#2372=ORIENTED_EDGE('',*,*,#3593,.T.);
#2373=ORIENTED_EDGE('',*,*,#3710,.F.);
#2374=ORIENTED_EDGE('',*,*,#3711,.T.);
#2375=ORIENTED_EDGE('',*,*,#3677,.F.);
#2376=ORIENTED_EDGE('',*,*,#3712,.T.);
#2377=ORIENTED_EDGE('',*,*,#3711,.F.);
#2378=ORIENTED_EDGE('',*,*,#3592,.T.);
#2379=ORIENTED_EDGE('',*,*,#3712,.F.);
#2380=ORIENTED_EDGE('',*,*,#3713,.T.);
#2381=ORIENTED_EDGE('',*,*,#3667,.F.);
#2382=ORIENTED_EDGE('',*,*,#3714,.T.);
#2383=ORIENTED_EDGE('',*,*,#3713,.F.);
#2384=ORIENTED_EDGE('',*,*,#3601,.T.);
#2385=ORIENTED_EDGE('',*,*,#3714,.F.);
#2386=ORIENTED_EDGE('',*,*,#3715,.T.);
#2387=ORIENTED_EDGE('',*,*,#3666,.F.);
#2388=ORIENTED_EDGE('',*,*,#3716,.T.);
#2389=ORIENTED_EDGE('',*,*,#3715,.F.);
#2390=ORIENTED_EDGE('',*,*,#3600,.T.);
#2391=ORIENTED_EDGE('',*,*,#3716,.F.);
#2392=ORIENTED_EDGE('',*,*,#3717,.T.);
#2393=ORIENTED_EDGE('',*,*,#3718,.T.);
#2394=ORIENTED_EDGE('',*,*,#3717,.F.);
#2395=ORIENTED_EDGE('',*,*,#3591,.T.);
#2396=ORIENTED_EDGE('',*,*,#3718,.F.);
#2397=ORIENTED_EDGE('',*,*,#3719,.T.);
#2398=ORIENTED_EDGE('',*,*,#3720,.T.);
#2399=ORIENTED_EDGE('',*,*,#3719,.F.);
#2400=ORIENTED_EDGE('',*,*,#3599,.T.);
#2401=ORIENTED_EDGE('',*,*,#3720,.F.);
#2402=ORIENTED_EDGE('',*,*,#3721,.T.);
#2403=ORIENTED_EDGE('',*,*,#3722,.T.);
#2404=ORIENTED_EDGE('',*,*,#3721,.F.);
#2405=ORIENTED_EDGE('',*,*,#3598,.T.);
#2406=ORIENTED_EDGE('',*,*,#3722,.F.);
#2407=ORIENTED_EDGE('',*,*,#3723,.T.);
#2408=ORIENTED_EDGE('',*,*,#3724,.T.);
#2409=ORIENTED_EDGE('',*,*,#3723,.F.);
#2410=ORIENTED_EDGE('',*,*,#3590,.T.);
#2411=ORIENTED_EDGE('',*,*,#3724,.F.);
#2412=ORIENTED_EDGE('',*,*,#3725,.F.);
#2413=ORIENTED_EDGE('',*,*,#3725,.T.);
#2414=ORIENTED_EDGE('',*,*,#3538,.T.);
#2415=ORIENTED_EDGE('',*,*,#3478,.F.);
#2416=ORIENTED_EDGE('',*,*,#3726,.F.);
#2417=ORIENTED_EDGE('',*,*,#3726,.T.);
#2418=ORIENTED_EDGE('',*,*,#3727,.F.);
#2419=ORIENTED_EDGE('',*,*,#3727,.T.);
#2420=ORIENTED_EDGE('',*,*,#3539,.T.);
#2421=ORIENTED_EDGE('',*,*,#3477,.F.);
#2422=ORIENTED_EDGE('',*,*,#3728,.F.);
#2423=ORIENTED_EDGE('',*,*,#3728,.T.);
#2424=ORIENTED_EDGE('',*,*,#3729,.F.);
#2425=ORIENTED_EDGE('',*,*,#3676,.T.);
#2426=ORIENTED_EDGE('',*,*,#3729,.T.);
#2427=ORIENTED_EDGE('',*,*,#3663,.T.);
#2428=ORIENTED_EDGE('',*,*,#3730,.F.);
#2429=ORIENTED_EDGE('',*,*,#3731,.F.);
#2430=ORIENTED_EDGE('',*,*,#3732,.T.);
#2431=ORIENTED_EDGE('',*,*,#3662,.T.);
#2432=ORIENTED_EDGE('',*,*,#3733,.F.);
#2433=ORIENTED_EDGE('',*,*,#3734,.F.);
#2434=ORIENTED_EDGE('',*,*,#3730,.T.);
#2435=ORIENTED_EDGE('',*,*,#3665,.T.);
#2436=ORIENTED_EDGE('',*,*,#3735,.F.);
#2437=ORIENTED_EDGE('',*,*,#3736,.F.);
#2438=ORIENTED_EDGE('',*,*,#3733,.T.);
#2439=ORIENTED_EDGE('',*,*,#3664,.T.);
#2440=ORIENTED_EDGE('',*,*,#3732,.F.);
#2441=ORIENTED_EDGE('',*,*,#3737,.F.);
#2442=ORIENTED_EDGE('',*,*,#3735,.T.);
#2443=ORIENTED_EDGE('',*,*,#3731,.T.);
#2444=ORIENTED_EDGE('',*,*,#3734,.T.);
#2445=ORIENTED_EDGE('',*,*,#3736,.T.);
#2446=ORIENTED_EDGE('',*,*,#3737,.T.);
#2447=ORIENTED_EDGE('',*,*,#3541,.T.);
#2448=ORIENTED_EDGE('',*,*,#3738,.F.);
#2449=ORIENTED_EDGE('',*,*,#3739,.T.);
#2450=ORIENTED_EDGE('',*,*,#3740,.T.);
#2451=ORIENTED_EDGE('',*,*,#3542,.T.);
#2452=ORIENTED_EDGE('',*,*,#3740,.F.);
#2453=ORIENTED_EDGE('',*,*,#3741,.T.);
#2454=ORIENTED_EDGE('',*,*,#3533,.T.);
#2455=ORIENTED_EDGE('',*,*,#3578,.T.);
#2456=ORIENTED_EDGE('',*,*,#3569,.T.);
#2457=ORIENTED_EDGE('',*,*,#3535,.T.);
#2458=ORIENTED_EDGE('',*,*,#3525,.F.);
#2459=ORIENTED_EDGE('',*,*,#3742,.T.);
#2460=ORIENTED_EDGE('',*,*,#3743,.T.);
#2461=ORIENTED_EDGE('',*,*,#3579,.T.);
#2462=ORIENTED_EDGE('',*,*,#3743,.F.);
#2463=ORIENTED_EDGE('',*,*,#3744,.T.);
#2464=ORIENTED_EDGE('',*,*,#3738,.T.);
#2465=ORIENTED_EDGE('',*,*,#3540,.T.);
#2466=ORIENTED_EDGE('',*,*,#3572,.T.);
#2467=ORIENTED_EDGE('',*,*,#3745,.F.);
#2468=ORIENTED_EDGE('',*,*,#3742,.F.);
#2469=ORIENTED_EDGE('',*,*,#3534,.F.);
#2470=ORIENTED_EDGE('',*,*,#3741,.F.);
#2471=ORIENTED_EDGE('',*,*,#3739,.F.);
#2472=ORIENTED_EDGE('',*,*,#3744,.F.);
#2473=ORIENTED_EDGE('',*,*,#3466,.T.);
#2474=ORIENTED_EDGE('',*,*,#3746,.T.);
#2475=ORIENTED_EDGE('',*,*,#3747,.F.);
#2476=ORIENTED_EDGE('',*,*,#3748,.F.);
#2477=ORIENTED_EDGE('',*,*,#3510,.F.);
#2478=ORIENTED_EDGE('',*,*,#3521,.T.);
#2479=ORIENTED_EDGE('',*,*,#3476,.T.);
#2480=ORIENTED_EDGE('',*,*,#3523,.T.);
#2481=ORIENTED_EDGE('',*,*,#3512,.F.);
#2482=ORIENTED_EDGE('',*,*,#3516,.T.);
#2483=ORIENTED_EDGE('',*,*,#3749,.F.);
#2484=ORIENTED_EDGE('',*,*,#3746,.F.);
#2485=ORIENTED_EDGE('',*,*,#3750,.T.);
#2486=ORIENTED_EDGE('',*,*,#3751,.F.);
#2487=ORIENTED_EDGE('',*,*,#3514,.T.);
#2488=ORIENTED_EDGE('',*,*,#3481,.F.);
#2489=ORIENTED_EDGE('',*,*,#3748,.T.);
#2490=ORIENTED_EDGE('',*,*,#3752,.F.);
#2491=ORIENTED_EDGE('',*,*,#3750,.F.);
#2492=ORIENTED_EDGE('',*,*,#3480,.F.);
#2493=ORIENTED_EDGE('',*,*,#3751,.T.);
#2494=ORIENTED_EDGE('',*,*,#3752,.T.);
#2495=ORIENTED_EDGE('',*,*,#3747,.T.);
#2496=ORIENTED_EDGE('',*,*,#3749,.T.);
#2497=ORIENTED_EDGE('',*,*,#3515,.T.);
#2498=ORIENTED_EDGE('',*,*,#3753,.F.);
#2499=ORIENTED_EDGE('',*,*,#3754,.F.);
#2500=ORIENTED_EDGE('',*,*,#3753,.T.);
#2501=ORIENTED_EDGE('',*,*,#3755,.F.);
#2502=ORIENTED_EDGE('',*,*,#3754,.T.);
#2503=ORIENTED_EDGE('',*,*,#3745,.T.);
#2504=ORIENTED_EDGE('',*,*,#3755,.T.);
#2505=ORIENTED_EDGE('',*,*,#3756,.T.);
#2506=ORIENTED_EDGE('',*,*,#3655,.F.);
#2507=ORIENTED_EDGE('',*,*,#3757,.T.);
#2508=ORIENTED_EDGE('',*,*,#3756,.F.);
#2509=ORIENTED_EDGE('',*,*,#3757,.F.);
#2510=ORIENTED_EDGE('',*,*,#3758,.T.);
#2511=ORIENTED_EDGE('',*,*,#3654,.F.);
#2512=ORIENTED_EDGE('',*,*,#3759,.T.);
#2513=ORIENTED_EDGE('',*,*,#3758,.F.);
#2514=ORIENTED_EDGE('',*,*,#3759,.F.);
#2515=ORIENTED_EDGE('',*,*,#3760,.T.);
#2516=ORIENTED_EDGE('',*,*,#3761,.T.);
#2517=ORIENTED_EDGE('',*,*,#3760,.F.);
#2518=ORIENTED_EDGE('',*,*,#3659,.T.);
#2519=ORIENTED_EDGE('',*,*,#3761,.F.);
#2520=ORIENTED_EDGE('',*,*,#3762,.T.);
#2521=ORIENTED_EDGE('',*,*,#3763,.T.);
#2522=ORIENTED_EDGE('',*,*,#3762,.F.);
#2523=ORIENTED_EDGE('',*,*,#3658,.T.);
#2524=ORIENTED_EDGE('',*,*,#3763,.F.);
#2525=ORIENTED_EDGE('',*,*,#3764,.F.);
#2526=ORIENTED_EDGE('',*,*,#3765,.F.);
#2527=ORIENTED_EDGE('',*,*,#3766,.F.);
#2528=ORIENTED_EDGE('',*,*,#3767,.F.);
#2529=ORIENTED_EDGE('',*,*,#3768,.T.);
#2530=ORIENTED_EDGE('',*,*,#3769,.F.);
#2531=ORIENTED_EDGE('',*,*,#3770,.F.);
#2532=ORIENTED_EDGE('',*,*,#3771,.T.);
#2533=ORIENTED_EDGE('',*,*,#3772,.T.);
#2534=ORIENTED_EDGE('',*,*,#3773,.F.);
#2535=ORIENTED_EDGE('',*,*,#3774,.F.);
#2536=ORIENTED_EDGE('',*,*,#3769,.T.);
#2537=ORIENTED_EDGE('',*,*,#3775,.T.);
#2538=ORIENTED_EDGE('',*,*,#3776,.F.);
#2539=ORIENTED_EDGE('',*,*,#3777,.F.);
#2540=ORIENTED_EDGE('',*,*,#3773,.T.);
#2541=ORIENTED_EDGE('',*,*,#3778,.T.);
#2542=ORIENTED_EDGE('',*,*,#3771,.F.);
#2543=ORIENTED_EDGE('',*,*,#3779,.F.);
#2544=ORIENTED_EDGE('',*,*,#3776,.T.);
#2545=ORIENTED_EDGE('',*,*,#3770,.T.);
#2546=ORIENTED_EDGE('',*,*,#3774,.T.);
#2547=ORIENTED_EDGE('',*,*,#3777,.T.);
#2548=ORIENTED_EDGE('',*,*,#3779,.T.);
#2549=ORIENTED_EDGE('',*,*,#3768,.F.);
#2550=ORIENTED_EDGE('',*,*,#3778,.F.);
#2551=ORIENTED_EDGE('',*,*,#3775,.F.);
#2552=ORIENTED_EDGE('',*,*,#3772,.F.);
#2553=ORIENTED_EDGE('',*,*,#3780,.F.);
#2554=ORIENTED_EDGE('',*,*,#3781,.F.);
#2555=ORIENTED_EDGE('',*,*,#3780,.T.);
#2556=ORIENTED_EDGE('',*,*,#3782,.F.);
#2557=ORIENTED_EDGE('',*,*,#3781,.T.);
#2558=ORIENTED_EDGE('',*,*,#3767,.T.);
#2559=ORIENTED_EDGE('',*,*,#3782,.T.);
#2560=ORIENTED_EDGE('',*,*,#3783,.F.);
#2561=ORIENTED_EDGE('',*,*,#3784,.F.);
#2562=ORIENTED_EDGE('',*,*,#3783,.T.);
#2563=ORIENTED_EDGE('',*,*,#3785,.F.);
#2564=ORIENTED_EDGE('',*,*,#3784,.T.);
#2565=ORIENTED_EDGE('',*,*,#3766,.T.);
#2566=ORIENTED_EDGE('',*,*,#3785,.T.);
#2567=ORIENTED_EDGE('',*,*,#3786,.F.);
#2568=ORIENTED_EDGE('',*,*,#3787,.F.);
#2569=ORIENTED_EDGE('',*,*,#3786,.T.);
#2570=ORIENTED_EDGE('',*,*,#3788,.F.);
#2571=ORIENTED_EDGE('',*,*,#3787,.T.);
#2572=ORIENTED_EDGE('',*,*,#3765,.T.);
#2573=ORIENTED_EDGE('',*,*,#3788,.T.);
#2574=ORIENTED_EDGE('',*,*,#3789,.F.);
#2575=ORIENTED_EDGE('',*,*,#3790,.F.);
#2576=ORIENTED_EDGE('',*,*,#3789,.T.);
#2577=ORIENTED_EDGE('',*,*,#3791,.F.);
#2578=ORIENTED_EDGE('',*,*,#3790,.T.);
#2579=ORIENTED_EDGE('',*,*,#3764,.T.);
#2580=ORIENTED_EDGE('',*,*,#3791,.T.);
#2581=ORIENTED_EDGE('',*,*,#3792,.T.);
#2582=ORIENTED_EDGE('',*,*,#3793,.F.);
#2583=ORIENTED_EDGE('',*,*,#3794,.T.);
#2584=ORIENTED_EDGE('',*,*,#3795,.T.);
#2585=ORIENTED_EDGE('',*,*,#3796,.T.);
#2586=ORIENTED_EDGE('',*,*,#3797,.F.);
#2587=ORIENTED_EDGE('',*,*,#3798,.T.);
#2588=ORIENTED_EDGE('',*,*,#3799,.T.);
#2589=ORIENTED_EDGE('',*,*,#3800,.T.);
#2590=ORIENTED_EDGE('',*,*,#3801,.F.);
#2591=ORIENTED_EDGE('',*,*,#3802,.T.);
#2592=ORIENTED_EDGE('',*,*,#3803,.T.);
#2593=ORIENTED_EDGE('',*,*,#3804,.T.);
#2594=ORIENTED_EDGE('',*,*,#3805,.F.);
#2595=ORIENTED_EDGE('',*,*,#3806,.T.);
#2596=ORIENTED_EDGE('',*,*,#3807,.T.);
#2597=ORIENTED_EDGE('',*,*,#3808,.T.);
#2598=ORIENTED_EDGE('',*,*,#3809,.F.);
#2599=ORIENTED_EDGE('',*,*,#3810,.T.);
#2600=ORIENTED_EDGE('',*,*,#3800,.F.);
#2601=ORIENTED_EDGE('',*,*,#3811,.F.);
#2602=ORIENTED_EDGE('',*,*,#3798,.F.);
#2603=ORIENTED_EDGE('',*,*,#3812,.T.);
#2604=ORIENTED_EDGE('',*,*,#3813,.T.);
#2605=ORIENTED_EDGE('',*,*,#3814,.F.);
#2606=ORIENTED_EDGE('',*,*,#3815,.T.);
#2607=ORIENTED_EDGE('',*,*,#3792,.F.);
#2608=ORIENTED_EDGE('',*,*,#3816,.F.);
#2609=ORIENTED_EDGE('',*,*,#3806,.F.);
#2610=ORIENTED_EDGE('',*,*,#3817,.T.);
#2611=ORIENTED_EDGE('',*,*,#3818,.T.);
#2612=ORIENTED_EDGE('',*,*,#3819,.F.);
#2613=ORIENTED_EDGE('',*,*,#3820,.T.);
#2614=ORIENTED_EDGE('',*,*,#3804,.F.);
#2615=ORIENTED_EDGE('',*,*,#3821,.F.);
#2616=ORIENTED_EDGE('',*,*,#3802,.F.);
#2617=ORIENTED_EDGE('',*,*,#3822,.T.);
#2618=ORIENTED_EDGE('',*,*,#3823,.T.);
#2619=ORIENTED_EDGE('',*,*,#3824,.F.);
#2620=ORIENTED_EDGE('',*,*,#3825,.T.);
#2621=ORIENTED_EDGE('',*,*,#3796,.F.);
#2622=ORIENTED_EDGE('',*,*,#3826,.F.);
#2623=ORIENTED_EDGE('',*,*,#3794,.F.);
#2624=ORIENTED_EDGE('',*,*,#3827,.T.);
#2625=ORIENTED_EDGE('',*,*,#3828,.T.);
#2626=ORIENTED_EDGE('',*,*,#3829,.F.);
#2627=ORIENTED_EDGE('',*,*,#3830,.F.);
#2628=ORIENTED_EDGE('',*,*,#3831,.T.);
#2629=ORIENTED_EDGE('',*,*,#3832,.T.);
#2630=ORIENTED_EDGE('',*,*,#3833,.F.);
#2631=ORIENTED_EDGE('',*,*,#3834,.F.);
#2632=ORIENTED_EDGE('',*,*,#3829,.T.);
#2633=ORIENTED_EDGE('',*,*,#3835,.T.);
#2634=ORIENTED_EDGE('',*,*,#3836,.F.);
#2635=ORIENTED_EDGE('',*,*,#3837,.F.);
#2636=ORIENTED_EDGE('',*,*,#3833,.T.);
#2637=ORIENTED_EDGE('',*,*,#3838,.T.);
#2638=ORIENTED_EDGE('',*,*,#3839,.F.);
#2639=ORIENTED_EDGE('',*,*,#3840,.F.);
#2640=ORIENTED_EDGE('',*,*,#3836,.T.);
#2641=ORIENTED_EDGE('',*,*,#3841,.T.);
#2642=ORIENTED_EDGE('',*,*,#3842,.F.);
#2643=ORIENTED_EDGE('',*,*,#3843,.F.);
#2644=ORIENTED_EDGE('',*,*,#3839,.T.);
#2645=ORIENTED_EDGE('',*,*,#3844,.T.);
#2646=ORIENTED_EDGE('',*,*,#3845,.F.);
#2647=ORIENTED_EDGE('',*,*,#3846,.F.);
#2648=ORIENTED_EDGE('',*,*,#3842,.T.);
#2649=ORIENTED_EDGE('',*,*,#3847,.T.);
#2650=ORIENTED_EDGE('',*,*,#3848,.F.);
#2651=ORIENTED_EDGE('',*,*,#3849,.F.);
#2652=ORIENTED_EDGE('',*,*,#3845,.T.);
#2653=ORIENTED_EDGE('',*,*,#3850,.T.);
#2654=ORIENTED_EDGE('',*,*,#3831,.F.);
#2655=ORIENTED_EDGE('',*,*,#3851,.F.);
#2656=ORIENTED_EDGE('',*,*,#3848,.T.);
#2657=ORIENTED_EDGE('',*,*,#3852,.T.);
#2658=ORIENTED_EDGE('',*,*,#3853,.T.);
#2659=ORIENTED_EDGE('',*,*,#3854,.T.);
#2660=ORIENTED_EDGE('',*,*,#3855,.T.);
#2661=ORIENTED_EDGE('',*,*,#3819,.T.);
#2662=ORIENTED_EDGE('',*,*,#3856,.T.);
#2663=ORIENTED_EDGE('',*,*,#3809,.T.);
#2664=ORIENTED_EDGE('',*,*,#3857,.T.);
#2665=ORIENTED_EDGE('',*,*,#3824,.T.);
#2666=ORIENTED_EDGE('',*,*,#3858,.T.);
#2667=ORIENTED_EDGE('',*,*,#3814,.T.);
#2668=ORIENTED_EDGE('',*,*,#3859,.T.);
#2669=ORIENTED_EDGE('',*,*,#3830,.T.);
#2670=ORIENTED_EDGE('',*,*,#3834,.T.);
#2671=ORIENTED_EDGE('',*,*,#3837,.T.);
#2672=ORIENTED_EDGE('',*,*,#3840,.T.);
#2673=ORIENTED_EDGE('',*,*,#3843,.T.);
#2674=ORIENTED_EDGE('',*,*,#3846,.T.);
#2675=ORIENTED_EDGE('',*,*,#3849,.T.);
#2676=ORIENTED_EDGE('',*,*,#3851,.T.);
#2677=ORIENTED_EDGE('',*,*,#3860,.F.);
#2678=ORIENTED_EDGE('',*,*,#3861,.F.);
#2679=ORIENTED_EDGE('',*,*,#3862,.F.);
#2680=ORIENTED_EDGE('',*,*,#3863,.F.);
#2681=ORIENTED_EDGE('',*,*,#3864,.F.);
#2682=ORIENTED_EDGE('',*,*,#3865,.F.);
#2683=ORIENTED_EDGE('',*,*,#3866,.F.);
#2684=ORIENTED_EDGE('',*,*,#3867,.F.);
#2685=ORIENTED_EDGE('',*,*,#3868,.F.);
#2686=ORIENTED_EDGE('',*,*,#3828,.F.);
#2687=ORIENTED_EDGE('',*,*,#3850,.F.);
#2688=ORIENTED_EDGE('',*,*,#3847,.F.);
#2689=ORIENTED_EDGE('',*,*,#3844,.F.);
#2690=ORIENTED_EDGE('',*,*,#3841,.F.);
#2691=ORIENTED_EDGE('',*,*,#3838,.F.);
#2692=ORIENTED_EDGE('',*,*,#3835,.F.);
#2693=ORIENTED_EDGE('',*,*,#3832,.F.);
#2694=ORIENTED_EDGE('',*,*,#3869,.T.);
#2695=ORIENTED_EDGE('',*,*,#3795,.F.);
#2696=ORIENTED_EDGE('',*,*,#3826,.T.);
#2697=ORIENTED_EDGE('',*,*,#3799,.F.);
#2698=ORIENTED_EDGE('',*,*,#3811,.T.);
#2699=ORIENTED_EDGE('',*,*,#3803,.F.);
#2700=ORIENTED_EDGE('',*,*,#3821,.T.);
#2701=ORIENTED_EDGE('',*,*,#3807,.F.);
#2702=ORIENTED_EDGE('',*,*,#3816,.T.);
#2703=ORIENTED_EDGE('',*,*,#3868,.T.);
#2704=ORIENTED_EDGE('',*,*,#3869,.F.);
#2705=ORIENTED_EDGE('',*,*,#3870,.T.);
#2706=ORIENTED_EDGE('',*,*,#3855,.F.);
#2707=ORIENTED_EDGE('',*,*,#3871,.T.);
#2708=ORIENTED_EDGE('',*,*,#3870,.F.);
#2709=ORIENTED_EDGE('',*,*,#3867,.T.);
#2710=ORIENTED_EDGE('',*,*,#3871,.F.);
#2711=ORIENTED_EDGE('',*,*,#3872,.T.);
#2712=ORIENTED_EDGE('',*,*,#3854,.F.);
#2713=ORIENTED_EDGE('',*,*,#3873,.T.);
#2714=ORIENTED_EDGE('',*,*,#3872,.F.);
#2715=ORIENTED_EDGE('',*,*,#3866,.T.);
#2716=ORIENTED_EDGE('',*,*,#3873,.F.);
#2717=ORIENTED_EDGE('',*,*,#3874,.T.);
#2718=ORIENTED_EDGE('',*,*,#3853,.F.);
#2719=ORIENTED_EDGE('',*,*,#3875,.T.);
#2720=ORIENTED_EDGE('',*,*,#3874,.F.);
#2721=ORIENTED_EDGE('',*,*,#3865,.T.);
#2722=ORIENTED_EDGE('',*,*,#3875,.F.);
#2723=ORIENTED_EDGE('',*,*,#3876,.T.);
#2724=ORIENTED_EDGE('',*,*,#3852,.F.);
#2725=ORIENTED_EDGE('',*,*,#3877,.T.);
#2726=ORIENTED_EDGE('',*,*,#3876,.F.);
#2727=ORIENTED_EDGE('',*,*,#3864,.T.);
#2728=ORIENTED_EDGE('',*,*,#3877,.F.);
#2729=ORIENTED_EDGE('',*,*,#3878,.T.);
#2730=ORIENTED_EDGE('',*,*,#3808,.F.);
#2731=ORIENTED_EDGE('',*,*,#3863,.T.);
#2732=ORIENTED_EDGE('',*,*,#3878,.F.);
#2733=ORIENTED_EDGE('',*,*,#3879,.T.);
#2734=ORIENTED_EDGE('',*,*,#3813,.F.);
#2735=ORIENTED_EDGE('',*,*,#3862,.T.);
#2736=ORIENTED_EDGE('',*,*,#3879,.F.);
#2737=ORIENTED_EDGE('',*,*,#3880,.T.);
#2738=ORIENTED_EDGE('',*,*,#3818,.F.);
#2739=ORIENTED_EDGE('',*,*,#3861,.T.);
#2740=ORIENTED_EDGE('',*,*,#3880,.F.);
#2741=ORIENTED_EDGE('',*,*,#3881,.T.);
#2742=ORIENTED_EDGE('',*,*,#3823,.F.);
#2743=ORIENTED_EDGE('',*,*,#3860,.T.);
#2744=ORIENTED_EDGE('',*,*,#3881,.F.);
#2745=ORIENTED_EDGE('',*,*,#3858,.F.);
#2746=ORIENTED_EDGE('',*,*,#3827,.F.);
#2747=ORIENTED_EDGE('',*,*,#3793,.T.);
#2748=ORIENTED_EDGE('',*,*,#3815,.F.);
#2749=ORIENTED_EDGE('',*,*,#3797,.T.);
#2750=ORIENTED_EDGE('',*,*,#3825,.F.);
#2751=ORIENTED_EDGE('',*,*,#3857,.F.);
#2752=ORIENTED_EDGE('',*,*,#3812,.F.);
#2753=ORIENTED_EDGE('',*,*,#3856,.F.);
#2754=ORIENTED_EDGE('',*,*,#3822,.F.);
#2755=ORIENTED_EDGE('',*,*,#3801,.T.);
#2756=ORIENTED_EDGE('',*,*,#3810,.F.);
#2757=ORIENTED_EDGE('',*,*,#3805,.T.);
#2758=ORIENTED_EDGE('',*,*,#3820,.F.);
#2759=ORIENTED_EDGE('',*,*,#3859,.F.);
#2760=ORIENTED_EDGE('',*,*,#3817,.F.);
#2761=ORIENTED_EDGE('',*,*,#3882,.F.);
#2762=ORIENTED_EDGE('',*,*,#3883,.T.);
#2763=ORIENTED_EDGE('',*,*,#3884,.T.);
#2764=ORIENTED_EDGE('',*,*,#3885,.T.);
#2765=ORIENTED_EDGE('',*,*,#3886,.T.);
#2766=ORIENTED_EDGE('',*,*,#3887,.T.);
#2767=ORIENTED_EDGE('',*,*,#3888,.T.);
#2768=ORIENTED_EDGE('',*,*,#3889,.F.);
#2769=ORIENTED_EDGE('',*,*,#3882,.T.);
#2770=ORIENTED_EDGE('',*,*,#3890,.F.);
#2771=ORIENTED_EDGE('',*,*,#3889,.T.);
#2772=ORIENTED_EDGE('',*,*,#3891,.F.);
#2773=ORIENTED_EDGE('',*,*,#3890,.T.);
#2774=ORIENTED_EDGE('',*,*,#3892,.F.);
#2775=ORIENTED_EDGE('',*,*,#3891,.T.);
#2776=ORIENTED_EDGE('',*,*,#3893,.F.);
#2777=ORIENTED_EDGE('',*,*,#3892,.T.);
#2778=ORIENTED_EDGE('',*,*,#3893,.T.);
#2779=ORIENTED_EDGE('',*,*,#3887,.F.);
#2780=ORIENTED_EDGE('',*,*,#3894,.F.);
#2781=ORIENTED_EDGE('',*,*,#3895,.T.);
#2782=ORIENTED_EDGE('',*,*,#3896,.T.);
#2783=ORIENTED_EDGE('',*,*,#3897,.T.);
#2784=ORIENTED_EDGE('',*,*,#3888,.F.);
#2785=ORIENTED_EDGE('',*,*,#3897,.F.);
#2786=ORIENTED_EDGE('',*,*,#3898,.T.);
#2787=ORIENTED_EDGE('',*,*,#3899,.T.);
#2788=ORIENTED_EDGE('',*,*,#3900,.T.);
#2789=ORIENTED_EDGE('',*,*,#3883,.F.);
#2790=ORIENTED_EDGE('',*,*,#3900,.F.);
#2791=ORIENTED_EDGE('',*,*,#3901,.T.);
#2792=ORIENTED_EDGE('',*,*,#3902,.T.);
#2793=ORIENTED_EDGE('',*,*,#3903,.T.);
#2794=ORIENTED_EDGE('',*,*,#3884,.F.);
#2795=ORIENTED_EDGE('',*,*,#3903,.F.);
#2796=ORIENTED_EDGE('',*,*,#3904,.T.);
#2797=ORIENTED_EDGE('',*,*,#3905,.T.);
#2798=ORIENTED_EDGE('',*,*,#3906,.T.);
#2799=ORIENTED_EDGE('',*,*,#3885,.F.);
#2800=ORIENTED_EDGE('',*,*,#3906,.F.);
#2801=ORIENTED_EDGE('',*,*,#3907,.T.);
#2802=ORIENTED_EDGE('',*,*,#3908,.T.);
#2803=ORIENTED_EDGE('',*,*,#3909,.T.);
#2804=ORIENTED_EDGE('',*,*,#3886,.F.);
#2805=ORIENTED_EDGE('',*,*,#3909,.F.);
#2806=ORIENTED_EDGE('',*,*,#3910,.T.);
#2807=ORIENTED_EDGE('',*,*,#3911,.T.);
#2808=ORIENTED_EDGE('',*,*,#3894,.T.);
#2809=ORIENTED_EDGE('',*,*,#3912,.T.);
#2810=ORIENTED_EDGE('',*,*,#3907,.F.);
#2811=ORIENTED_EDGE('',*,*,#3905,.F.);
#2812=ORIENTED_EDGE('',*,*,#3913,.T.);
#2813=ORIENTED_EDGE('',*,*,#3910,.F.);
#2814=ORIENTED_EDGE('',*,*,#3908,.F.);
#2815=ORIENTED_EDGE('',*,*,#3914,.T.);
#2816=ORIENTED_EDGE('',*,*,#3895,.F.);
#2817=ORIENTED_EDGE('',*,*,#3911,.F.);
#2818=ORIENTED_EDGE('',*,*,#3915,.T.);
#2819=ORIENTED_EDGE('',*,*,#3898,.F.);
#2820=ORIENTED_EDGE('',*,*,#3896,.F.);
#2821=ORIENTED_EDGE('',*,*,#3916,.T.);
#2822=ORIENTED_EDGE('',*,*,#3901,.F.);
#2823=ORIENTED_EDGE('',*,*,#3899,.F.);
#2824=ORIENTED_EDGE('',*,*,#3917,.T.);
#2825=ORIENTED_EDGE('',*,*,#3904,.F.);
#2826=ORIENTED_EDGE('',*,*,#3902,.F.);
#2827=ORIENTED_EDGE('',*,*,#3912,.F.);
#2828=ORIENTED_EDGE('',*,*,#3917,.F.);
#2829=ORIENTED_EDGE('',*,*,#3916,.F.);
#2830=ORIENTED_EDGE('',*,*,#3915,.F.);
#2831=ORIENTED_EDGE('',*,*,#3914,.F.);
#2832=ORIENTED_EDGE('',*,*,#3913,.F.);
#2833=EDGE_CURVE('',#3918,#3919,#4719,.T.);
#2834=EDGE_CURVE('',#3920,#3918,#311,.F.);
#2835=EDGE_CURVE('',#3921,#3920,#4720,.T.);
#2836=EDGE_CURVE('',#3919,#3921,#312,.F.);
#2837=EDGE_CURVE('',#3922,#3922,#313,.F.);
#2838=EDGE_CURVE('',#3923,#3924,#4721,.T.);
#2839=EDGE_CURVE('',#3923,#3925,#4722,.T.);
#2840=EDGE_CURVE('',#3925,#3926,#4723,.T.);
#2841=EDGE_CURVE('',#3924,#3926,#4724,.T.);
#2842=EDGE_CURVE('',#3927,#3928,#4725,.T.);
#2843=EDGE_CURVE('',#3927,#3929,#4726,.T.);
#2844=EDGE_CURVE('',#3929,#3930,#4727,.T.);
#2845=EDGE_CURVE('',#3930,#3931,#4728,.T.);
#2846=EDGE_CURVE('',#3932,#3931,#4729,.T.);
#2847=EDGE_CURVE('',#3933,#3932,#4730,.T.);
#2848=EDGE_CURVE('',#3934,#3933,#4731,.T.);
#2849=EDGE_CURVE('',#3934,#3935,#4732,.T.);
#2850=EDGE_CURVE('',#3936,#3935,#4733,.T.);
#2851=EDGE_CURVE('',#3936,#3937,#4734,.T.);
#2852=EDGE_CURVE('',#3938,#3937,#4735,.T.);
#2853=EDGE_CURVE('',#3938,#3939,#4736,.T.);
#2854=EDGE_CURVE('',#3939,#3940,#4737,.T.);
#2855=EDGE_CURVE('',#3941,#3940,#4738,.T.);
#2856=EDGE_CURVE('',#3941,#3942,#4739,.T.);
#2857=EDGE_CURVE('',#3943,#3942,#4740,.T.);
#2858=EDGE_CURVE('',#3943,#3944,#4741,.T.);
#2859=EDGE_CURVE('',#3945,#3944,#4742,.T.);
#2860=EDGE_CURVE('',#3946,#3945,#4743,.T.);
#2861=EDGE_CURVE('',#3947,#3946,#4744,.T.);
#2862=EDGE_CURVE('',#3947,#3948,#4745,.T.);
#2863=EDGE_CURVE('',#3949,#3948,#4746,.T.);
#2864=EDGE_CURVE('',#3950,#3949,#4747,.T.);
#2865=EDGE_CURVE('',#3951,#3950,#4748,.T.);
#2866=EDGE_CURVE('',#3952,#3951,#4749,.T.);
#2867=EDGE_CURVE('',#3952,#3928,#4750,.T.);
#2868=EDGE_CURVE('',#3953,#3954,#4751,.T.);
#2869=EDGE_CURVE('',#3955,#3953,#4752,.T.);
#2870=EDGE_CURVE('',#3955,#3956,#4753,.T.);
#2871=EDGE_CURVE('',#3956,#3957,#4754,.T.);
#2872=EDGE_CURVE('',#3957,#3958,#4755,.T.);
#2873=EDGE_CURVE('',#3959,#3958,#4756,.T.);
#2874=EDGE_CURVE('',#3960,#3959,#4757,.T.);
#2875=EDGE_CURVE('',#3961,#3960,#4758,.T.);
#2876=EDGE_CURVE('',#3954,#3961,#4759,.T.);
#2877=EDGE_CURVE('',#3959,#3927,#4760,.T.);
#2878=EDGE_CURVE('',#3958,#3929,#4761,.T.);
#2879=EDGE_CURVE('',#3949,#3962,#4762,.T.);
#2880=EDGE_CURVE('',#3948,#3963,#4763,.T.);
#2881=EDGE_CURVE('',#3962,#3963,#4764,.T.);
#2882=EDGE_CURVE('',#3964,#3965,#4765,.T.);
#2883=EDGE_CURVE('',#3966,#3965,#4766,.T.);
#2884=EDGE_CURVE('',#3967,#3966,#4767,.T.);
#2885=EDGE_CURVE('',#3962,#3967,#4768,.T.);
#2886=EDGE_CURVE('',#3963,#3968,#4769,.T.);
#2887=EDGE_CURVE('',#3968,#3969,#4770,.T.);
#2888=EDGE_CURVE('',#3970,#3969,#4771,.T.);
#2889=EDGE_CURVE('',#3964,#3970,#4772,.T.);
#2890=EDGE_CURVE('',#3971,#3971,#314,.T.);
#2891=EDGE_CURVE('',#3951,#3972,#4773,.T.);
#2892=EDGE_CURVE('',#3972,#3964,#4774,.T.);
#2893=EDGE_CURVE('',#3970,#3955,#4775,.T.);
#2894=EDGE_CURVE('',#3953,#3973,#4776,.T.);
#2895=EDGE_CURVE('',#3973,#3952,#4777,.T.);
#2896=EDGE_CURVE('',#3974,#3975,#4778,.T.);
#2897=EDGE_CURVE('',#3976,#3974,#4779,.T.);
#2898=EDGE_CURVE('',#3977,#3976,#301,.F.);
#2899=EDGE_CURVE('',#3978,#3977,#4780,.T.);
#2900=EDGE_CURVE('',#3979,#3978,#302,.F.);
#2901=EDGE_CURVE('',#3980,#3979,#4781,.T.);
#2902=EDGE_CURVE('',#3981,#3980,#303,.F.);
#2903=EDGE_CURVE('',#3982,#3981,#4782,.T.);
#2904=EDGE_CURVE('',#3983,#3982,#4783,.T.);
#2905=EDGE_CURVE('',#3983,#3984,#4784,.T.);
#2906=EDGE_CURVE('',#3984,#3985,#4785,.T.);
#2907=EDGE_CURVE('',#3975,#3985,#4786,.T.);
#2908=EDGE_CURVE('',#3986,#3987,#4787,.T.);
#2909=EDGE_CURVE('',#3988,#3986,#315,.T.);
#2910=EDGE_CURVE('',#3989,#3988,#4788,.T.);
#2911=EDGE_CURVE('',#3987,#3989,#316,.T.);
#2912=EDGE_CURVE('',#3990,#3990,#317,.T.);
#2913=EDGE_CURVE('',#3991,#3974,#4789,.T.);
#2914=EDGE_CURVE('',#3992,#3991,#4790,.T.);
#2915=EDGE_CURVE('',#3993,#3992,#318,.F.);
#2916=EDGE_CURVE('',#3994,#3993,#4791,.T.);
#2917=EDGE_CURVE('',#3995,#3994,#319,.F.);
#2918=EDGE_CURVE('',#3996,#3995,#4792,.T.);
#2919=EDGE_CURVE('',#3997,#3996,#320,.F.);
#2920=EDGE_CURVE('',#3998,#3997,#4793,.T.);
#2921=EDGE_CURVE('',#3982,#3998,#4794,.T.);
#2922=EDGE_CURVE('',#3980,#3981,#321,.F.);
#2923=EDGE_CURVE('',#3978,#3979,#322,.F.);
#2924=EDGE_CURVE('',#3976,#3977,#323,.F.);
#2925=EDGE_CURVE('',#3999,#3991,#4795,.T.);
#2926=EDGE_CURVE('',#3999,#4000,#4796,.T.);
#2927=EDGE_CURVE('',#4000,#4001,#4797,.T.);
#2928=EDGE_CURVE('',#4002,#4001,#4798,.T.);
#2929=EDGE_CURVE('',#3998,#4002,#4799,.T.);
#2930=EDGE_CURVE('',#3996,#3997,#304,.F.);
#2931=EDGE_CURVE('',#3994,#3995,#305,.F.);
#2932=EDGE_CURVE('',#3992,#3993,#306,.F.);
#2933=EDGE_CURVE('',#4003,#4003,#324,.T.);
#2934=EDGE_CURVE('',#4004,#4004,#325,.T.);
#2935=EDGE_CURVE('',#4005,#4005,#326,.T.);
#2936=EDGE_CURVE('',#3947,#4006,#4800,.T.);
#2937=EDGE_CURVE('',#4006,#4007,#4801,.T.);
#2938=EDGE_CURVE('',#4007,#4008,#4802,.T.);
#2939=EDGE_CURVE('',#4008,#4009,#4803,.T.);
#2940=EDGE_CURVE('',#4009,#4010,#4804,.T.);
#2941=EDGE_CURVE('',#4010,#4011,#4805,.T.);
#2942=EDGE_CURVE('',#4011,#3968,#4806,.T.);
#2943=EDGE_CURVE('',#4012,#4000,#4807,.T.);
#2944=EDGE_CURVE('',#4012,#4013,#4808,.T.);
#2945=EDGE_CURVE('',#4013,#3985,#4809,.T.);
#2946=EDGE_CURVE('',#4014,#3984,#4810,.T.);
#2947=EDGE_CURVE('',#4014,#4015,#327,.T.);
#2948=EDGE_CURVE('',#4016,#4015,#4811,.T.);
#2949=EDGE_CURVE('',#4017,#4016,#4812,.T.);
#2950=EDGE_CURVE('',#4018,#4017,#4813,.T.);
#2951=EDGE_CURVE('',#4019,#4018,#4814,.T.);
#2952=EDGE_CURVE('',#4019,#4020,#4815,.T.);
#2953=EDGE_CURVE('',#4021,#4020,#4816,.T.);
#2954=EDGE_CURVE('',#4022,#4021,#4817,.T.);
#2955=EDGE_CURVE('',#4023,#4022,#4818,.T.);
#2956=EDGE_CURVE('',#4024,#4023,#4819,.T.);
#2957=EDGE_CURVE('',#4025,#4024,#4820,.T.);
#2958=EDGE_CURVE('',#4026,#4025,#4821,.T.);
#2959=EDGE_CURVE('',#4026,#4027,#328,.T.);
#2960=EDGE_CURVE('',#4001,#4027,#4822,.T.);
#2961=EDGE_CURVE('',#3945,#4028,#4823,.T.);
#2962=EDGE_CURVE('',#3944,#4028,#4824,.T.);
#2963=EDGE_CURVE('',#4029,#3932,#4825,.T.);
#2964=EDGE_CURVE('',#3933,#4029,#4826,.T.);
#2965=EDGE_CURVE('',#4030,#4030,#329,.T.);
#2966=EDGE_CURVE('',#4031,#4032,#4827,.T.);
#2967=EDGE_CURVE('',#4033,#4032,#330,.T.);
#2968=EDGE_CURVE('',#4033,#4034,#4828,.T.);
#2969=EDGE_CURVE('',#4035,#4034,#331,.T.);
#2970=EDGE_CURVE('',#4035,#4036,#4829,.T.);
#2971=EDGE_CURVE('',#4037,#4036,#332,.T.);
#2972=EDGE_CURVE('',#4037,#4038,#4830,.T.);
#2973=EDGE_CURVE('',#4031,#4038,#333,.T.);
#2974=EDGE_CURVE('',#4031,#4039,#4831,.T.);
#2975=EDGE_CURVE('',#4040,#4038,#4832,.F.);
#2976=EDGE_CURVE('',#4040,#4039,#334,.F.);
#2977=EDGE_CURVE('',#4041,#4032,#4833,.F.);
#2978=EDGE_CURVE('',#4041,#4042,#335,.F.);
#2979=EDGE_CURVE('',#4033,#4042,#4834,.T.);
#2980=EDGE_CURVE('',#4037,#4043,#4835,.T.);
#2981=EDGE_CURVE('',#4044,#4036,#4836,.F.);
#2982=EDGE_CURVE('',#4044,#4043,#336,.F.);
#2983=EDGE_CURVE('',#4035,#4045,#4837,.T.);
#2984=EDGE_CURVE('',#4046,#4034,#4838,.F.);
#2985=EDGE_CURVE('',#4046,#4045,#337,.F.);
#2986=EDGE_CURVE('',#4047,#4047,#338,.T.);
#2987=EDGE_CURVE('',#4048,#4049,#339,.T.);
#2988=EDGE_CURVE('',#4049,#4050,#4839,.T.);
#2989=EDGE_CURVE('',#4050,#4051,#340,.T.);
#2990=EDGE_CURVE('',#4051,#4052,#4840,.F.);
#2991=EDGE_CURVE('',#4052,#4053,#341,.T.);
#2992=EDGE_CURVE('',#4054,#4053,#4841,.F.);
#2993=EDGE_CURVE('',#4054,#4055,#342,.F.);
#2994=EDGE_CURVE('',#4048,#4055,#4842,.T.);
#2995=EDGE_CURVE('',#4056,#4054,#4843,.T.);
#2996=EDGE_CURVE('',#4053,#4057,#4844,.T.);
#2997=EDGE_CURVE('',#4058,#4057,#4845,.T.);
#2998=EDGE_CURVE('',#4059,#4058,#4846,.T.);
#2999=EDGE_CURVE('',#4056,#4059,#4847,.T.);
#3000=EDGE_CURVE('',#4060,#4048,#4848,.T.);
#3001=EDGE_CURVE('',#4055,#4061,#4849,.T.);
#3002=EDGE_CURVE('',#4061,#4062,#4850,.T.);
#3003=EDGE_CURVE('',#4062,#4063,#4851,.T.);
#3004=EDGE_CURVE('',#4063,#4060,#4852,.T.);
#3005=EDGE_CURVE('',#4064,#3940,#4853,.T.);
#3006=EDGE_CURVE('',#4065,#3939,#4854,.T.);
#3007=EDGE_CURVE('',#4066,#4065,#4855,.T.);
#3008=EDGE_CURVE('',#4067,#4066,#343,.T.);
#3009=EDGE_CURVE('',#4068,#4067,#4856,.T.);
#3010=EDGE_CURVE('',#4020,#4068,#4857,.T.);
#3011=EDGE_CURVE('',#4028,#4019,#4858,.T.);
#3012=EDGE_CURVE('',#4069,#3943,#4859,.T.);
#3013=EDGE_CURVE('',#4070,#4069,#4860,.T.);
#3014=EDGE_CURVE('',#4071,#4070,#4861,.T.);
#3015=EDGE_CURVE('',#4071,#4072,#344,.T.);
#3016=EDGE_CURVE('',#4072,#4073,#4862,.T.);
#3017=EDGE_CURVE('',#4073,#4064,#345,.T.);
#3018=EDGE_CURVE('',#4074,#4075,#4863,.T.);
#3019=EDGE_CURVE('',#4076,#4074,#4864,.T.);
#3020=EDGE_CURVE('',#4077,#4076,#346,.F.);
#3021=EDGE_CURVE('',#4077,#4078,#4865,.T.);
#3022=EDGE_CURVE('',#4079,#4078,#4866,.T.);
#3023=EDGE_CURVE('',#4080,#4079,#4867,.T.);
#3024=EDGE_CURVE('',#4081,#4080,#347,.F.);
#3025=EDGE_CURVE('',#4081,#4075,#4868,.T.);
#3026=EDGE_CURVE('',#4039,#4041,#4869,.T.);
#3027=EDGE_CURVE('',#4043,#4040,#4870,.T.);
#3028=EDGE_CURVE('',#4045,#4044,#4871,.T.);
#3029=EDGE_CURVE('',#4042,#4046,#4872,.T.);
#3030=EDGE_CURVE('',#4049,#3923,#4873,.T.);
#3031=EDGE_CURVE('',#4082,#4060,#4874,.T.);
#3032=EDGE_CURVE('',#4082,#4083,#4875,.T.);
#3033=EDGE_CURVE('',#4083,#4084,#4876,.T.);
#3034=EDGE_CURVE('',#4078,#4084,#4877,.T.);
#3035=EDGE_CURVE('',#4085,#4077,#4878,.T.);
#3036=EDGE_CURVE('',#4085,#4057,#4879,.T.);
#3037=EDGE_CURVE('',#3925,#4052,#4880,.T.);
#3038=EDGE_CURVE('',#4086,#4079,#4881,.T.);
#3039=EDGE_CURVE('',#4084,#4086,#4882,.T.);
#3040=EDGE_CURVE('',#4087,#4065,#4883,.T.);
#3041=EDGE_CURVE('',#4088,#4087,#4884,.T.);
#3042=EDGE_CURVE('',#4088,#4066,#4885,.T.);
#3043=EDGE_CURVE('',#4089,#4089,#348,.T.);
#3044=EDGE_CURVE('',#4090,#4090,#349,.T.);
#3045=EDGE_CURVE('',#4091,#4091,#350,.T.);
#3046=EDGE_CURVE('',#4092,#4092,#351,.T.);
#3047=EDGE_CURVE('',#4093,#4093,#352,.T.);
#3048=EDGE_CURVE('',#4094,#4094,#353,.T.);
#3049=EDGE_CURVE('',#4095,#4095,#354,.T.);
#3050=EDGE_CURVE('',#4096,#4096,#355,.T.);
#3051=EDGE_CURVE('',#4097,#4097,#356,.T.);
#3052=EDGE_CURVE('',#4098,#4098,#357,.T.);
#3053=EDGE_CURVE('',#4087,#3938,#4886,.T.);
#3054=EDGE_CURVE('',#4099,#4068,#4887,.T.);
#3055=EDGE_CURVE('',#4021,#4099,#4888,.T.);
#3056=EDGE_CURVE('',#4100,#4067,#4889,.T.);
#3057=EDGE_CURVE('',#4099,#4100,#4890,.T.);
#3058=EDGE_CURVE('',#4100,#4088,#358,.T.);
#3059=EDGE_CURVE('',#4101,#3937,#4891,.T.);
#3060=EDGE_CURVE('',#4102,#4101,#359,.T.);
#3061=EDGE_CURVE('',#4103,#4102,#4892,.T.);
#3062=EDGE_CURVE('',#4104,#4103,#360,.T.);
#3063=EDGE_CURVE('',#4105,#4104,#4893,.T.);
#3064=EDGE_CURVE('',#4106,#4105,#4894,.T.);
#3065=EDGE_CURVE('',#3934,#4106,#4895,.T.);
#3066=EDGE_CURVE('',#4029,#4022,#4896,.T.);
#3067=EDGE_CURVE('',#4107,#4107,#361,.T.);
#3068=EDGE_CURVE('',#4108,#4108,#362,.T.);
#3069=EDGE_CURVE('',#4109,#4109,#363,.T.);
#3070=EDGE_CURVE('',#4110,#4110,#364,.T.);
#3071=EDGE_CURVE('',#4111,#4111,#365,.T.);
#3072=EDGE_CURVE('',#4112,#4112,#366,.T.);
#3073=EDGE_CURVE('',#4056,#3941,#4897,.T.);
#3074=EDGE_CURVE('',#4080,#4064,#4898,.T.);
#3075=EDGE_CURVE('',#4113,#4086,#4899,.T.);
#3076=EDGE_CURVE('',#4113,#4101,#4900,.T.);
#3077=EDGE_CURVE('',#4061,#3936,#4901,.T.);
#3078=EDGE_CURVE('',#4083,#4114,#367,.T.);
#3079=EDGE_CURVE('',#4115,#4114,#4902,.T.);
#3080=EDGE_CURVE('',#4115,#4116,#4903,.T.);
#3081=EDGE_CURVE('',#4116,#4117,#4904,.T.);
#3082=EDGE_CURVE('',#4117,#4113,#368,.T.);
#3083=EDGE_CURVE('',#4105,#4106,#369,.F.);
#3084=EDGE_CURVE('',#4118,#4104,#4905,.T.);
#3085=EDGE_CURVE('',#3935,#4118,#4906,.T.);
#3086=EDGE_CURVE('',#4119,#4102,#4907,.T.);
#3087=EDGE_CURVE('',#4119,#4117,#370,.T.);
#3088=EDGE_CURVE('',#4120,#4103,#4908,.T.);
#3089=EDGE_CURVE('',#4120,#4119,#4909,.T.);
#3090=EDGE_CURVE('',#4118,#4082,#371,.T.);
#3091=EDGE_CURVE('',#4114,#4120,#372,.T.);
#3092=EDGE_CURVE('',#4121,#4063,#4910,.T.);
#3093=EDGE_CURVE('',#4121,#4122,#4911,.T.);
#3094=EDGE_CURVE('',#4122,#4062,#4912,.T.);
#3095=EDGE_CURVE('',#4070,#4069,#373,.T.);
#3096=EDGE_CURVE('',#3942,#4123,#4913,.T.);
#3097=EDGE_CURVE('',#4123,#4071,#4914,.T.);
#3098=EDGE_CURVE('',#4124,#4125,#4915,.T.);
#3099=EDGE_CURVE('',#4125,#4073,#4916,.T.);
#3100=EDGE_CURVE('',#4124,#4072,#4917,.T.);
#3101=EDGE_CURVE('',#4125,#4081,#374,.F.);
#3102=EDGE_CURVE('',#4076,#4124,#375,.F.);
#3103=EDGE_CURVE('',#4123,#4085,#376,.T.);
#3104=EDGE_CURVE('',#4126,#4127,#4918,.T.);
#3105=EDGE_CURVE('',#4126,#4058,#4919,.T.);
#3106=EDGE_CURVE('',#4127,#4059,#4920,.T.);
#3107=EDGE_CURVE('',#4050,#3924,#4921,.T.);
#3108=EDGE_CURVE('',#3926,#4051,#4922,.T.);
#3109=EDGE_CURVE('',#4128,#4129,#377,.T.);
#3110=EDGE_CURVE('',#4130,#4128,#4923,.T.);
#3111=EDGE_CURVE('',#4114,#4130,#4924,.T.);
#3112=EDGE_CURVE('',#4117,#4131,#4925,.T.);
#3113=EDGE_CURVE('',#4129,#4131,#4926,.T.);
#3114=EDGE_CURVE('',#4132,#4133,#378,.T.);
#3115=EDGE_CURVE('',#4133,#4134,#4927,.T.);
#3116=EDGE_CURVE('',#4134,#4081,#4928,.T.);
#3117=EDGE_CURVE('',#4135,#4076,#4929,.T.);
#3118=EDGE_CURVE('',#4135,#4132,#4930,.T.);
#3119=EDGE_CURVE('',#4136,#4116,#379,.T.);
#3120=EDGE_CURVE('',#4137,#4115,#380,.T.);
#3121=EDGE_CURVE('',#4137,#4136,#4931,.T.);
#3122=EDGE_CURVE('',#4131,#4122,#4932,.T.);
#3123=EDGE_CURVE('',#4130,#4121,#4933,.T.);
#3124=EDGE_CURVE('',#4128,#4129,#4934,.T.);
#3125=EDGE_CURVE('',#4062,#4138,#4935,.T.);
#3126=EDGE_CURVE('',#4139,#4138,#4936,.T.);
#3127=EDGE_CURVE('',#4063,#4139,#4937,.T.);
#3128=EDGE_CURVE('',#4140,#4138,#381,.T.);
#3129=EDGE_CURVE('',#4141,#4140,#4938,.T.);
#3130=EDGE_CURVE('',#4141,#4139,#382,.T.);
#3131=EDGE_CURVE('',#4140,#4142,#4939,.T.);
#3132=EDGE_CURVE('',#4143,#4142,#4940,.T.);
#3133=EDGE_CURVE('',#4141,#4143,#4941,.T.);
#3134=EDGE_CURVE('',#4144,#4142,#383,.T.);
#3135=EDGE_CURVE('',#4145,#4144,#4942,.T.);
#3136=EDGE_CURVE('',#4145,#4143,#384,.T.);
#3137=EDGE_CURVE('',#4145,#4058,#4943,.T.);
#3138=EDGE_CURVE('',#4144,#4059,#4944,.T.);
#3139=EDGE_CURVE('',#4127,#4134,#4945,.T.);
#3140=EDGE_CURVE('',#4132,#4133,#4946,.T.);
#3141=EDGE_CURVE('',#4126,#4135,#4947,.T.);
#3142=EDGE_CURVE('',#4075,#4146,#385,.T.);
#3143=EDGE_CURVE('',#4147,#4146,#4948,.T.);
#3144=EDGE_CURVE('',#4074,#4147,#386,.T.);
#3145=EDGE_CURVE('',#4146,#4136,#4949,.T.);
#3146=EDGE_CURVE('',#4147,#4137,#4950,.T.);
#3147=EDGE_CURVE('',#4129,#4128,#387,.T.);
#3148=EDGE_CURVE('',#4148,#4148,#388,.T.);
#3149=EDGE_CURVE('',#4149,#4149,#389,.T.);
#3150=EDGE_CURVE('',#4150,#4150,#390,.T.);
#3151=EDGE_CURVE('',#4133,#4132,#391,.T.);
#3152=EDGE_CURVE('',#4151,#4151,#392,.T.);
#3153=EDGE_CURVE('',#4152,#4152,#393,.T.);
#3154=EDGE_CURVE('',#4153,#4153,#394,.T.);
#3155=EDGE_CURVE('',#4154,#4154,#395,.T.);
#3156=EDGE_CURVE('',#4155,#4155,#396,.T.);
#3157=EDGE_CURVE('',#4157,#4157,#397,.T.);
#3158=EDGE_CURVE('',#4158,#4158,#398,.T.);
#3159=EDGE_CURVE('',#4160,#4160,#399,.T.);
#3160=EDGE_CURVE('',#4161,#4161,#400,.T.);
#3161=EDGE_CURVE('',#4163,#4163,#401,.T.);
#3162=EDGE_CURVE('',#4164,#4164,#402,.T.);
#3163=EDGE_CURVE('',#4166,#4166,#403,.T.);
#3164=EDGE_CURVE('',#4167,#4167,#404,.T.);
#3165=EDGE_CURVE('',#4168,#4168,#405,.T.);
#3166=EDGE_CURVE('',#4169,#4169,#406,.T.);
#3167=EDGE_CURVE('',#4170,#4170,#407,.T.);
#3168=EDGE_CURVE('',#4028,#4171,#4951,.T.);
#3169=EDGE_CURVE('',#4172,#4019,#4952,.T.);
#3170=EDGE_CURVE('',#4173,#4172,#4953,.T.);
#3171=EDGE_CURVE('',#4174,#4173,#4954,.T.);
#3172=EDGE_CURVE('',#4171,#4174,#4955,.T.);
#3173=EDGE_CURVE('',#3932,#4175,#4956,.T.);
#3174=EDGE_CURVE('',#4176,#3931,#4957,.T.);
#3175=EDGE_CURVE('',#4175,#4176,#4958,.T.);
#3176=EDGE_CURVE('',#3946,#4177,#4959,.T.);
#3177=EDGE_CURVE('',#4178,#3945,#4960,.T.);
#3178=EDGE_CURVE('',#4177,#4178,#4961,.T.);
#3179=EDGE_CURVE('',#4179,#4179,#408,.T.);
#3180=EDGE_CURVE('',#4180,#4180,#409,.T.);
#3181=EDGE_CURVE('',#4181,#4181,#410,.T.);
#3182=EDGE_CURVE('',#4182,#4183,#4962,.T.);
#3183=EDGE_CURVE('',#4184,#4183,#4963,.T.);
#3184=EDGE_CURVE('',#4185,#4184,#4964,.T.);
#3185=EDGE_CURVE('',#4185,#4182,#4965,.T.);
#3186=EDGE_CURVE('',#4183,#4029,#4966,.T.);
#3187=EDGE_CURVE('',#4186,#4175,#4967,.T.);
#3188=EDGE_CURVE('',#4184,#4186,#4968,.T.);
#3189=EDGE_CURVE('',#4187,#4187,#411,.T.);
#3190=EDGE_CURVE('',#4188,#4188,#412,.T.);
#3191=EDGE_CURVE('',#4189,#4189,#413,.T.);
#3192=EDGE_CURVE('',#4190,#4176,#4969,.T.);
#3193=EDGE_CURVE('',#4186,#4190,#4970,.T.);
#3194=EDGE_CURVE('',#4190,#3930,#4971,.T.);
#3195=EDGE_CURVE('',#4006,#4177,#4972,.T.);
#3196=EDGE_CURVE('',#4191,#4191,#414,.T.);
#3197=EDGE_CURVE('',#4192,#4192,#415,.T.);
#3198=EDGE_CURVE('',#4193,#4193,#416,.T.);
#3199=EDGE_CURVE('',#4007,#4178,#4973,.T.);
#3200=EDGE_CURVE('',#4008,#4171,#4974,.T.);
#3201=EDGE_CURVE('',#4194,#4194,#417,.T.);
#3202=EDGE_CURVE('',#4195,#4195,#418,.T.);
#3203=EDGE_CURVE('',#4196,#4196,#419,.T.);
#3204=EDGE_CURVE('',#4009,#4174,#4975,.T.);
#3205=EDGE_CURVE('',#4010,#4173,#4976,.T.);
#3206=EDGE_CURVE('',#4011,#4172,#4977,.T.);
#3207=EDGE_CURVE('',#4197,#4018,#4978,.T.);
#3208=EDGE_CURVE('',#3968,#4197,#4979,.T.);
#3209=EDGE_CURVE('',#4198,#4017,#4980,.T.);
#3210=EDGE_CURVE('',#4197,#4198,#4981,.T.);
#3211=EDGE_CURVE('',#4199,#4016,#4982,.T.);
#3212=EDGE_CURVE('',#4198,#4199,#4983,.T.);
#3213=EDGE_CURVE('',#4200,#4015,#4984,.T.);
#3214=EDGE_CURVE('',#4199,#4200,#4985,.T.);
#3215=EDGE_CURVE('',#4201,#4014,#4986,.T.);
#3216=EDGE_CURVE('',#4201,#4200,#420,.T.);
#3217=EDGE_CURVE('',#4201,#3983,#4987,.T.);
#3218=EDGE_CURVE('',#4202,#4027,#4988,.T.);
#3219=EDGE_CURVE('',#4002,#4202,#4989,.T.);
#3220=EDGE_CURVE('',#4203,#4026,#4990,.T.);
#3221=EDGE_CURVE('',#4203,#4202,#421,.T.);
#3222=EDGE_CURVE('',#4204,#4025,#4991,.T.);
#3223=EDGE_CURVE('',#4203,#4204,#4992,.T.);
#3224=EDGE_CURVE('',#4205,#4024,#4993,.T.);
#3225=EDGE_CURVE('',#4204,#4205,#4994,.T.);
#3226=EDGE_CURVE('',#4206,#4023,#4995,.T.);
#3227=EDGE_CURVE('',#4205,#4206,#4996,.T.);
#3228=EDGE_CURVE('',#4022,#4207,#4997,.T.);
#3229=EDGE_CURVE('',#4208,#4207,#4998,.T.);
#3230=EDGE_CURVE('',#3957,#4208,#4999,.T.);
#3231=EDGE_CURVE('',#4206,#3957,#5000,.T.);
#3232=EDGE_CURVE('',#4207,#4209,#5001,.T.);
#3233=EDGE_CURVE('',#4210,#4209,#5002,.T.);
#3234=EDGE_CURVE('',#4208,#4210,#5003,.T.);
#3235=EDGE_CURVE('',#4209,#4182,#5004,.T.);
#3236=EDGE_CURVE('',#4210,#4185,#5005,.T.);
#3237=EDGE_CURVE('',#4211,#4211,#422,.T.);
#3238=EDGE_CURVE('',#4212,#4212,#423,.T.);
#3239=EDGE_CURVE('',#4213,#4213,#424,.T.);
#3240=EDGE_CURVE('',#4214,#4214,#425,.T.);
#3241=EDGE_CURVE('',#4215,#4215,#426,.T.);
#3242=EDGE_CURVE('',#4216,#4216,#427,.T.);
#3243=EDGE_CURVE('',#4217,#4217,#428,.T.);
#3244=EDGE_CURVE('',#4218,#4218,#429,.T.);
#3245=EDGE_CURVE('',#4219,#4219,#430,.T.);
#3246=EDGE_CURVE('',#4220,#4220,#431,.T.);
#3247=EDGE_CURVE('',#4221,#4221,#432,.T.);
#3248=EDGE_CURVE('',#4222,#4222,#433,.T.);
#3249=EDGE_CURVE('',#4223,#4223,#434,.T.);
#3250=EDGE_CURVE('',#4225,#4225,#435,.T.);
#3251=EDGE_CURVE('',#4226,#4226,#436,.T.);
#3252=EDGE_CURVE('',#4228,#4228,#437,.T.);
#3253=EDGE_CURVE('',#4229,#4229,#438,.T.);
#3254=EDGE_CURVE('',#4230,#4230,#439,.T.);
#3255=EDGE_CURVE('',#4232,#4232,#440,.T.);
#3256=EDGE_CURVE('',#4233,#4233,#441,.T.);
#3257=EDGE_CURVE('',#4235,#4235,#442,.T.);
#3258=EDGE_CURVE('',#4237,#4237,#443,.T.);
#3259=EDGE_CURVE('',#4238,#4238,#444,.T.);
#3260=EDGE_CURVE('',#4239,#4239,#445,.T.);
#3261=EDGE_CURVE('',#4241,#4241,#446,.F.);
#3262=EDGE_CURVE('',#3969,#3956,#5006,.T.);
#3263=EDGE_CURVE('',#4242,#4242,#447,.T.);
#3264=EDGE_CURVE('',#4243,#4244,#5007,.T.);
#3265=EDGE_CURVE('',#4244,#4245,#448,.T.);
#3266=EDGE_CURVE('',#4245,#4246,#5008,.F.);
#3267=EDGE_CURVE('',#4243,#4246,#449,.T.);
#3268=EDGE_CURVE('',#4247,#4248,#5009,.T.);
#3269=EDGE_CURVE('',#4248,#4249,#450,.T.);
#3270=EDGE_CURVE('',#4249,#4250,#5010,.F.);
#3271=EDGE_CURVE('',#4247,#4250,#451,.T.);
#3272=EDGE_CURVE('',#4251,#4251,#452,.T.);
#3273=EDGE_CURVE('',#4248,#4249,#5011,.T.);
#3274=EDGE_CURVE('',#4247,#4250,#5012,.T.);
#3275=EDGE_CURVE('',#4243,#4246,#5013,.T.);
#3276=EDGE_CURVE('',#4244,#4245,#5014,.T.);
#3277=EDGE_CURVE('',#3975,#4252,#5015,.T.);
#3278=EDGE_CURVE('',#4252,#4013,#5016,.T.);
#3279=EDGE_CURVE('',#3999,#4253,#5017,.T.);
#3280=EDGE_CURVE('',#4253,#4012,#5018,.T.);
#3281=EDGE_CURVE('',#4254,#4254,#453,.F.);
#3282=EDGE_CURVE('',#4255,#4255,#454,.F.);
#3283=EDGE_CURVE('',#4256,#4256,#455,.F.);
#3284=EDGE_CURVE('',#4257,#4257,#456,.F.);
#3285=EDGE_CURVE('',#4253,#4252,#5019,.T.);
#3286=EDGE_CURVE('',#4258,#4258,#457,.T.);
#3287=EDGE_CURVE('',#4259,#4259,#458,.T.);
#3288=EDGE_CURVE('',#4260,#4261,#5020,.T.);
#3289=EDGE_CURVE('',#4262,#4260,#5021,.T.);
#3290=EDGE_CURVE('',#4263,#4262,#5022,.T.);
#3291=EDGE_CURVE('',#4264,#4263,#5023,.T.);
#3292=EDGE_CURVE('',#4265,#4264,#5024,.T.);
#3293=EDGE_CURVE('',#4261,#4265,#5025,.T.);
#3294=EDGE_CURVE('',#4266,#4266,#459,.T.);
#3295=EDGE_CURVE('',#4267,#4267,#460,.T.);
#3296=EDGE_CURVE('',#4268,#4269,#5026,.T.);
#3297=EDGE_CURVE('',#4270,#4268,#5027,.T.);
#3298=EDGE_CURVE('',#4271,#4270,#5028,.T.);
#3299=EDGE_CURVE('',#4272,#4271,#5029,.T.);
#3300=EDGE_CURVE('',#4273,#4272,#5030,.T.);
#3301=EDGE_CURVE('',#4269,#4273,#5031,.T.);
#3302=EDGE_CURVE('',#4274,#4274,#461,.T.);
#3303=EDGE_CURVE('',#4275,#4275,#462,.T.);
#3304=EDGE_CURVE('',#4276,#4277,#5032,.T.);
#3305=EDGE_CURVE('',#4278,#4276,#5033,.T.);
#3306=EDGE_CURVE('',#4279,#4278,#5034,.T.);
#3307=EDGE_CURVE('',#4280,#4279,#5035,.T.);
#3308=EDGE_CURVE('',#4281,#4280,#5036,.T.);
#3309=EDGE_CURVE('',#4277,#4281,#5037,.T.);
#3310=EDGE_CURVE('',#4282,#4282,#463,.T.);
#3311=EDGE_CURVE('',#4283,#4283,#464,.T.);
#3312=EDGE_CURVE('',#4284,#4285,#5038,.T.);
#3313=EDGE_CURVE('',#4286,#4284,#5039,.T.);
#3314=EDGE_CURVE('',#4287,#4286,#5040,.T.);
#3315=EDGE_CURVE('',#4288,#4287,#5041,.T.);
#3316=EDGE_CURVE('',#4289,#4288,#5042,.T.);
#3317=EDGE_CURVE('',#4285,#4289,#5043,.T.);
#3318=EDGE_CURVE('',#4290,#4260,#5044,.T.);
#3319=EDGE_CURVE('',#4291,#4290,#5045,.T.);
#3320=EDGE_CURVE('',#4291,#4262,#5046,.T.);
#3321=EDGE_CURVE('',#4292,#4261,#5047,.T.);
#3322=EDGE_CURVE('',#4290,#4292,#5048,.T.);
#3323=EDGE_CURVE('',#4293,#4265,#5049,.T.);
#3324=EDGE_CURVE('',#4292,#4293,#5050,.T.);
#3325=EDGE_CURVE('',#4294,#4264,#5051,.T.);
#3326=EDGE_CURVE('',#4293,#4294,#5052,.T.);
#3327=EDGE_CURVE('',#4295,#4263,#5053,.T.);
#3328=EDGE_CURVE('',#4294,#4295,#5054,.T.);
#3329=EDGE_CURVE('',#4295,#4291,#5055,.T.);
#3330=EDGE_CURVE('',#4296,#4268,#5056,.T.);
#3331=EDGE_CURVE('',#4297,#4296,#5057,.T.);
#3332=EDGE_CURVE('',#4297,#4270,#5058,.T.);
#3333=EDGE_CURVE('',#4298,#4269,#5059,.T.);
#3334=EDGE_CURVE('',#4296,#4298,#5060,.T.);
#3335=EDGE_CURVE('',#4299,#4273,#5061,.T.);
#3336=EDGE_CURVE('',#4298,#4299,#5062,.T.);
#3337=EDGE_CURVE('',#4300,#4272,#5063,.T.);
#3338=EDGE_CURVE('',#4299,#4300,#5064,.T.);
#3339=EDGE_CURVE('',#4301,#4271,#5065,.T.);
#3340=EDGE_CURVE('',#4300,#4301,#5066,.T.);
#3341=EDGE_CURVE('',#4301,#4297,#5067,.T.);
#3342=EDGE_CURVE('',#4302,#4276,#5068,.T.);
#3343=EDGE_CURVE('',#4303,#4302,#5069,.T.);
#3344=EDGE_CURVE('',#4303,#4278,#5070,.T.);
#3345=EDGE_CURVE('',#4304,#4277,#5071,.T.);
#3346=EDGE_CURVE('',#4302,#4304,#5072,.T.);
#3347=EDGE_CURVE('',#4305,#4281,#5073,.T.);
#3348=EDGE_CURVE('',#4304,#4305,#5074,.T.);
#3349=EDGE_CURVE('',#4306,#4280,#5075,.T.);
#3350=EDGE_CURVE('',#4305,#4306,#5076,.T.);
#3351=EDGE_CURVE('',#4307,#4279,#5077,.T.);
#3352=EDGE_CURVE('',#4306,#4307,#5078,.T.);
#3353=EDGE_CURVE('',#4307,#4303,#5079,.T.);
#3354=EDGE_CURVE('',#4308,#4284,#5080,.T.);
#3355=EDGE_CURVE('',#4309,#4308,#5081,.T.);
#3356=EDGE_CURVE('',#4309,#4286,#5082,.T.);
#3357=EDGE_CURVE('',#4310,#4285,#5083,.T.);
#3358=EDGE_CURVE('',#4308,#4310,#5084,.T.);
#3359=EDGE_CURVE('',#4311,#4289,#5085,.T.);
#3360=EDGE_CURVE('',#4310,#4311,#5086,.T.);
#3361=EDGE_CURVE('',#4312,#4288,#5087,.T.);
#3362=EDGE_CURVE('',#4311,#4312,#5088,.T.);
#3363=EDGE_CURVE('',#4313,#4287,#5089,.T.);
#3364=EDGE_CURVE('',#4312,#4313,#5090,.T.);
#3365=EDGE_CURVE('',#4313,#4309,#5091,.T.);
#3366=EDGE_CURVE('',#3973,#4314,#5092,.T.);
#3367=EDGE_CURVE('',#3928,#4314,#5093,.T.);
#3368=EDGE_CURVE('',#4314,#3954,#5094,.T.);
#3369=EDGE_CURVE('',#3961,#3960,#465,.F.);
#3370=EDGE_CURVE('',#3966,#3967,#466,.T.);
#3371=EDGE_CURVE('',#3965,#4315,#5095,.T.);
#3372=EDGE_CURVE('',#4315,#3950,#5096,.T.);
#3373=EDGE_CURVE('',#3972,#4315,#5097,.T.);
#3374=EDGE_CURVE('',#4316,#4317,#5098,.T.);
#3375=EDGE_CURVE('',#4318,#4316,#5099,.T.);
#3376=EDGE_CURVE('',#4319,#4318,#5100,.T.);
#3377=EDGE_CURVE('',#4320,#4319,#5101,.T.);
#3378=EDGE_CURVE('',#4321,#4320,#5102,.T.);
#3379=EDGE_CURVE('',#4317,#4321,#5103,.T.);
#3380=EDGE_CURVE('',#4322,#4322,#467,.T.);
#3381=EDGE_CURVE('',#4323,#4323,#468,.T.);
#3382=EDGE_CURVE('',#4324,#4324,#469,.T.);
#3383=EDGE_CURVE('',#4105,#4106,#470,.T.);
#3384=EDGE_CURVE('',#4325,#4316,#5104,.T.);
#3385=EDGE_CURVE('',#4326,#4325,#5105,.T.);
#3386=EDGE_CURVE('',#4326,#4318,#5106,.T.);
#3387=EDGE_CURVE('',#4327,#4317,#5107,.T.);
#3388=EDGE_CURVE('',#4325,#4327,#5108,.T.);
#3389=EDGE_CURVE('',#4328,#4321,#5109,.T.);
#3390=EDGE_CURVE('',#4327,#4328,#5110,.T.);
#3391=EDGE_CURVE('',#4329,#4320,#5111,.T.);
#3392=EDGE_CURVE('',#4328,#4329,#5112,.T.);
#3393=EDGE_CURVE('',#4330,#4319,#5113,.T.);
#3394=EDGE_CURVE('',#4329,#4330,#5114,.T.);
#3395=EDGE_CURVE('',#4330,#4326,#5115,.T.);
#3396=EDGE_CURVE('',#3961,#3960,#471,.T.);
#3397=EDGE_CURVE('',#4331,#4331,#472,.T.);
#3398=EDGE_CURVE('',#4332,#4332,#473,.T.);
#3399=EDGE_CURVE('',#4333,#4333,#474,.T.);
#3400=EDGE_CURVE('',#4334,#4335,#5116,.T.);
#3401=EDGE_CURVE('',#4336,#4334,#5117,.T.);
#3402=EDGE_CURVE('',#4337,#4336,#5118,.T.);
#3403=EDGE_CURVE('',#4338,#4337,#5119,.T.);
#3404=EDGE_CURVE('',#4339,#4338,#5120,.T.);
#3405=EDGE_CURVE('',#4335,#4339,#5121,.T.);
#3406=EDGE_CURVE('',#4340,#4334,#5122,.T.);
#3407=EDGE_CURVE('',#4341,#4340,#5123,.T.);
#3408=EDGE_CURVE('',#4341,#4336,#5124,.T.);
#3409=EDGE_CURVE('',#4342,#4335,#5125,.T.);
#3410=EDGE_CURVE('',#4340,#4342,#5126,.T.);
#3411=EDGE_CURVE('',#4343,#4339,#5127,.T.);
#3412=EDGE_CURVE('',#4342,#4343,#5128,.T.);
#3413=EDGE_CURVE('',#4344,#4338,#5129,.T.);
#3414=EDGE_CURVE('',#4343,#4344,#5130,.T.);
#3415=EDGE_CURVE('',#4345,#4337,#5131,.T.);
#3416=EDGE_CURVE('',#4344,#4345,#5132,.T.);
#3417=EDGE_CURVE('',#4345,#4341,#5133,.T.);
#3418=EDGE_CURVE('',#4069,#4070,#475,.T.);
#3419=EDGE_CURVE('',#4346,#4347,#5134,.T.);
#3420=EDGE_CURVE('',#4348,#4346,#5135,.T.);
#3421=EDGE_CURVE('',#4349,#4348,#5136,.T.);
#3422=EDGE_CURVE('',#4350,#4349,#5137,.T.);
#3423=EDGE_CURVE('',#4351,#4350,#5138,.T.);
#3424=EDGE_CURVE('',#4347,#4351,#5139,.T.);
#3425=EDGE_CURVE('',#4352,#4352,#476,.T.);
#3426=EDGE_CURVE('',#4353,#4353,#477,.T.);
#3427=EDGE_CURVE('',#4354,#4354,#478,.T.);
#3428=EDGE_CURVE('',#4355,#4346,#5140,.T.);
#3429=EDGE_CURVE('',#4356,#4355,#5141,.T.);
#3430=EDGE_CURVE('',#4356,#4348,#5142,.T.);
#3431=EDGE_CURVE('',#4357,#4347,#5143,.T.);
#3432=EDGE_CURVE('',#4355,#4357,#5144,.T.);
#3433=EDGE_CURVE('',#4358,#4351,#5145,.T.);
#3434=EDGE_CURVE('',#4357,#4358,#5146,.T.);
#3435=EDGE_CURVE('',#4359,#4350,#5147,.T.);
#3436=EDGE_CURVE('',#4358,#4359,#5148,.T.);
#3437=EDGE_CURVE('',#4360,#4349,#5149,.T.);
#3438=EDGE_CURVE('',#4359,#4360,#5150,.T.);
#3439=EDGE_CURVE('',#4360,#4356,#5151,.T.);
#3440=EDGE_CURVE('',#3967,#3966,#479,.T.);
#3441=EDGE_CURVE('',#4361,#4361,#480,.T.);
#3442=EDGE_CURVE('',#4362,#4362,#481,.T.);
#3443=EDGE_CURVE('',#4363,#4363,#482,.T.);
#3444=EDGE_CURVE('',#4364,#4365,#5152,.T.);
#3445=EDGE_CURVE('',#4366,#4364,#5153,.T.);
#3446=EDGE_CURVE('',#4367,#4366,#5154,.T.);
#3447=EDGE_CURVE('',#4368,#4367,#5155,.T.);
#3448=EDGE_CURVE('',#4369,#4368,#5156,.T.);
#3449=EDGE_CURVE('',#4365,#4369,#5157,.T.);
#3450=EDGE_CURVE('',#4370,#4364,#5158,.T.);
#3451=EDGE_CURVE('',#4371,#4370,#5159,.T.);
#3452=EDGE_CURVE('',#4371,#4366,#5160,.T.);
#3453=EDGE_CURVE('',#4372,#4365,#5161,.T.);
#3454=EDGE_CURVE('',#4370,#4372,#5162,.T.);
#3455=EDGE_CURVE('',#4373,#4369,#5163,.T.);
#3456=EDGE_CURVE('',#4372,#4373,#5164,.T.);
#3457=EDGE_CURVE('',#4374,#4368,#5165,.T.);
#3458=EDGE_CURVE('',#4373,#4374,#5166,.T.);
#3459=EDGE_CURVE('',#4375,#4367,#5167,.T.);
#3460=EDGE_CURVE('',#4374,#4375,#5168,.T.);
#3461=EDGE_CURVE('',#4375,#4371,#5169,.T.);
#3462=EDGE_CURVE('',#3986,#3919,#5170,.T.);
#3463=EDGE_CURVE('',#3987,#3918,#5171,.T.);
#3464=EDGE_CURVE('',#3989,#3920,#5172,.T.);
#3465=EDGE_CURVE('',#3988,#3921,#5173,.T.);
#3466=EDGE_CURVE('',#4376,#4377,#483,.F.);
#3467=EDGE_CURVE('',#4376,#4378,#484,.F.);
#3468=EDGE_CURVE('',#4378,#4379,#5174,.T.);
#3469=EDGE_CURVE('',#4380,#4379,#5175,.T.);
#3470=EDGE_CURVE('',#4381,#4380,#485,.T.);
#3471=EDGE_CURVE('',#4381,#4382,#5176,.T.);
#3472=EDGE_CURVE('',#4382,#4383,#5177,.T.);
#3473=EDGE_CURVE('',#4383,#4384,#486,.F.);
#3474=EDGE_CURVE('',#4385,#4384,#5178,.T.);
#3475=EDGE_CURVE('',#4385,#4386,#487,.F.);
#3476=EDGE_CURVE('',#4377,#4386,#5179,.T.);
#3477=EDGE_CURVE('',#4387,#4387,#488,.F.);
#3478=EDGE_CURVE('',#4388,#4388,#489,.F.);
#3479=EDGE_CURVE('',#4389,#4389,#490,.T.);
#3480=EDGE_CURVE('',#4390,#4391,#491,.F.);
#3481=EDGE_CURVE('',#4391,#4392,#5180,.T.);
#3482=EDGE_CURVE('',#4392,#4393,#5181,.T.);
#3483=EDGE_CURVE('',#4393,#4394,#5182,.T.);
#3484=EDGE_CURVE('',#4394,#4395,#5183,.T.);
#3485=EDGE_CURVE('',#4395,#4396,#5184,.T.);
#3486=EDGE_CURVE('',#4396,#4397,#492,.T.);
#3487=EDGE_CURVE('',#4397,#4398,#5185,.T.);
#3488=EDGE_CURVE('',#4398,#4399,#5186,.T.);
#3489=EDGE_CURVE('',#4399,#4400,#493,.T.);
#3490=EDGE_CURVE('',#4400,#4401,#5187,.T.);
#3491=EDGE_CURVE('',#4401,#4402,#5188,.T.);
#3492=EDGE_CURVE('',#4402,#4403,#5189,.T.);
#3493=EDGE_CURVE('',#4403,#4404,#5190,.T.);
#3494=EDGE_CURVE('',#4404,#4405,#5191,.T.);
#3495=EDGE_CURVE('',#4405,#4406,#494,.T.);
#3496=EDGE_CURVE('',#4406,#4407,#5192,.T.);
#3497=EDGE_CURVE('',#4407,#4408,#5193,.T.);
#3498=EDGE_CURVE('',#4408,#4409,#495,.T.);
#3499=EDGE_CURVE('',#4409,#4410,#5194,.T.);
#3500=EDGE_CURVE('',#4410,#4411,#5195,.T.);
#3501=EDGE_CURVE('',#4411,#4412,#5196,.T.);
#3502=EDGE_CURVE('',#4412,#4413,#5197,.T.);
#3503=EDGE_CURVE('',#4414,#4413,#496,.T.);
#3504=EDGE_CURVE('',#4415,#4414,#5198,.T.);
#3505=EDGE_CURVE('',#4416,#4415,#5199,.T.);
#3506=EDGE_CURVE('',#4416,#4417,#497,.T.);
#3507=EDGE_CURVE('',#4417,#4418,#5200,.T.);
#3508=EDGE_CURVE('',#4419,#4418,#5201,.T.);
#3509=EDGE_CURVE('',#4420,#4419,#498,.T.);
#3510=EDGE_CURVE('',#4420,#4390,#499,.F.);
#3511=EDGE_CURVE('',#4421,#4422,#5202,.T.);
#3512=EDGE_CURVE('',#4422,#4423,#5203,.T.);
#3513=EDGE_CURVE('',#4421,#4423,#500,.T.);
#3514=EDGE_CURVE('',#4424,#4392,#5204,.T.);
#3515=EDGE_CURVE('',#4425,#4424,#5205,.T.);
#3516=EDGE_CURVE('',#4422,#4425,#5206,.T.);
#3517=EDGE_CURVE('',#4421,#4413,#5207,.T.);
#3518=EDGE_CURVE('',#4412,#4426,#5208,.T.);
#3519=EDGE_CURVE('',#4427,#4426,#5209,.T.);
#3520=EDGE_CURVE('',#4393,#4427,#5210,.T.);
#3521=EDGE_CURVE('',#4420,#4376,#19,.T.);
#3522=EDGE_CURVE('',#4378,#4419,#307,.F.);
#3523=EDGE_CURVE('',#4386,#4423,#20,.T.);
#3524=EDGE_CURVE('',#4421,#4385,#21,.T.);
#3525=EDGE_CURVE('',#4428,#4429,#5211,.T.);
#3526=EDGE_CURVE('',#4429,#4430,#5212,.T.);
#3527=EDGE_CURVE('',#4431,#4430,#5213,.T.);
#3528=EDGE_CURVE('',#4431,#4432,#5214,.T.);
#3529=EDGE_CURVE('',#4433,#4432,#5215,.T.);
#3530=EDGE_CURVE('',#4433,#4434,#5216,.T.);
#3531=EDGE_CURVE('',#4434,#4435,#5217,.T.);
#3532=EDGE_CURVE('',#4435,#4436,#5218,.T.);
#3533=EDGE_CURVE('',#4437,#4436,#5219,.T.);
#3534=EDGE_CURVE('',#4437,#4428,#5220,.T.);
#3535=EDGE_CURVE('',#4438,#4429,#5221,.T.);
#3536=EDGE_CURVE('',#4438,#4430,#501,.T.);
#3537=EDGE_CURVE('',#4439,#4439,#502,.T.);
#3538=EDGE_CURVE('',#4440,#4440,#503,.F.);
#3539=EDGE_CURVE('',#4441,#4441,#504,.F.);
#3540=EDGE_CURVE('',#4442,#4443,#505,.F.);
#3541=EDGE_CURVE('',#4444,#4442,#506,.F.);
#3542=EDGE_CURVE('',#4436,#4444,#5222,.T.);
#3543=EDGE_CURVE('',#4445,#4435,#5223,.T.);
#3544=EDGE_CURVE('',#4446,#4445,#5224,.T.);
#3545=EDGE_CURVE('',#4447,#4446,#5225,.T.);
#3546=EDGE_CURVE('',#4448,#4447,#507,.T.);
#3547=EDGE_CURVE('',#4449,#4448,#5226,.T.);
#3548=EDGE_CURVE('',#4450,#4449,#5227,.T.);
#3549=EDGE_CURVE('',#4451,#4450,#508,.T.);
#3550=EDGE_CURVE('',#4452,#4451,#5228,.T.);
#3551=EDGE_CURVE('',#4453,#4452,#5229,.T.);
#3552=EDGE_CURVE('',#4454,#4453,#5230,.T.);
#3553=EDGE_CURVE('',#4455,#4454,#5231,.T.);
#3554=EDGE_CURVE('',#4456,#4455,#5232,.T.);
#3555=EDGE_CURVE('',#4457,#4456,#509,.T.);
#3556=EDGE_CURVE('',#4458,#4457,#5233,.T.);
#3557=EDGE_CURVE('',#4459,#4458,#5234,.T.);
#3558=EDGE_CURVE('',#4460,#4459,#510,.T.);
#3559=EDGE_CURVE('',#4461,#4460,#5235,.T.);
#3560=EDGE_CURVE('',#4462,#4461,#5236,.T.);
#3561=EDGE_CURVE('',#4432,#4462,#5237,.T.);
#3562=EDGE_CURVE('',#4431,#4463,#511,.T.);
#3563=EDGE_CURVE('',#4463,#4464,#5238,.T.);
#3564=EDGE_CURVE('',#4465,#4464,#5239,.T.);
#3565=EDGE_CURVE('',#4466,#4465,#512,.T.);
#3566=EDGE_CURVE('',#4466,#4467,#5240,.T.);
#3567=EDGE_CURVE('',#4467,#4468,#5241,.T.);
#3568=EDGE_CURVE('',#4468,#4443,#513,.T.);
#3569=EDGE_CURVE('',#4469,#4438,#22,.T.);
#3570=EDGE_CURVE('',#4470,#4469,#514,.F.);
#3571=EDGE_CURVE('',#4430,#4470,#23,.T.);
#3572=EDGE_CURVE('',#4443,#4471,#24,.T.);
#3573=EDGE_CURVE('',#4472,#4468,#308,.F.);
#3574=EDGE_CURVE('',#4471,#4472,#515,.F.);
#3575=EDGE_CURVE('',#4415,#4382,#5242,.T.);
#3576=EDGE_CURVE('',#4414,#4383,#309,.F.);
#3577=EDGE_CURVE('',#4379,#4418,#5243,.T.);
#3578=EDGE_CURVE('',#4473,#4469,#5244,.T.);
#3579=EDGE_CURVE('',#4471,#4473,#516,.F.);
#3580=EDGE_CURVE('',#4474,#4472,#5245,.T.);
#3581=EDGE_CURVE('',#4475,#4474,#5246,.T.);
#3582=EDGE_CURVE('',#4475,#4476,#517,.T.);
#3583=EDGE_CURVE('',#4476,#4477,#5247,.T.);
#3584=EDGE_CURVE('',#4478,#4477,#5248,.T.);
#3585=EDGE_CURVE('',#4478,#4479,#518,.F.);
#3586=EDGE_CURVE('',#4479,#4470,#5249,.T.);
#3587=EDGE_CURVE('',#4464,#4477,#5250,.T.);
#3588=EDGE_CURVE('',#4463,#4478,#310,.F.);
#3589=EDGE_CURVE('',#4474,#4467,#5251,.T.);
#3590=EDGE_CURVE('',#4480,#4480,#519,.T.);
#3591=EDGE_CURVE('',#4481,#4481,#520,.T.);
#3592=EDGE_CURVE('',#4482,#4482,#521,.T.);
#3593=EDGE_CURVE('',#4483,#4483,#522,.T.);
#3594=EDGE_CURVE('',#4484,#4485,#5252,.T.);
#3595=EDGE_CURVE('',#4486,#4484,#5253,.T.);
#3596=EDGE_CURVE('',#4486,#4487,#5254,.T.);
#3597=EDGE_CURVE('',#4487,#4485,#5255,.T.);
#3598=EDGE_CURVE('',#4488,#4488,#523,.T.);
#3599=EDGE_CURVE('',#4489,#4489,#524,.T.);
#3600=EDGE_CURVE('',#4490,#4490,#525,.T.);
#3601=EDGE_CURVE('',#4491,#4491,#526,.T.);
#3602=EDGE_CURVE('',#4492,#4493,#5256,.F.);
#3603=EDGE_CURVE('',#4492,#4494,#5257,.T.);
#3604=EDGE_CURVE('',#4495,#4494,#5258,.T.);
#3605=EDGE_CURVE('',#4493,#4495,#5259,.T.);
#3606=EDGE_CURVE('',#4484,#4496,#527,.F.);
#3607=EDGE_CURVE('',#4496,#4497,#5260,.T.);
#3608=EDGE_CURVE('',#4497,#4498,#5261,.T.);
#3609=EDGE_CURVE('',#4498,#4427,#5262,.T.);
#3610=EDGE_CURVE('',#4426,#4499,#5263,.T.);
#3611=EDGE_CURVE('',#4499,#4500,#5264,.T.);
#3612=EDGE_CURVE('',#4500,#4501,#5265,.T.);
#3613=EDGE_CURVE('',#4501,#4493,#528,.F.);
#3614=EDGE_CURVE('',#4495,#4502,#5266,.T.);
#3615=EDGE_CURVE('',#4502,#4503,#5267,.T.);
#3616=EDGE_CURVE('',#4503,#4504,#5268,.T.);
#3617=EDGE_CURVE('',#4504,#4505,#5269,.T.);
#3618=EDGE_CURVE('',#4505,#4506,#5270,.T.);
#3619=EDGE_CURVE('',#4506,#4507,#5271,.T.);
#3620=EDGE_CURVE('',#4508,#4507,#529,.T.);
#3621=EDGE_CURVE('',#4508,#4509,#5272,.T.);
#3622=EDGE_CURVE('',#4510,#4509,#530,.T.);
#3623=EDGE_CURVE('',#4510,#4511,#5273,.T.);
#3624=EDGE_CURVE('',#4511,#4512,#5274,.T.);
#3625=EDGE_CURVE('',#4512,#4513,#5275,.T.);
#3626=EDGE_CURVE('',#4513,#4514,#5276,.T.);
#3627=EDGE_CURVE('',#4514,#4515,#5277,.T.);
#3628=EDGE_CURVE('',#4515,#4486,#5278,.T.);
#3629=EDGE_CURVE('',#4485,#4516,#531,.F.);
#3630=EDGE_CURVE('',#4517,#4487,#5279,.T.);
#3631=EDGE_CURVE('',#4518,#4517,#5280,.T.);
#3632=EDGE_CURVE('',#4519,#4518,#5281,.T.);
#3633=EDGE_CURVE('',#4520,#4519,#5282,.T.);
#3634=EDGE_CURVE('',#4521,#4520,#5283,.T.);
#3635=EDGE_CURVE('',#4522,#4521,#5284,.T.);
#3636=EDGE_CURVE('',#4522,#4523,#532,.T.);
#3637=EDGE_CURVE('',#4524,#4523,#5285,.T.);
#3638=EDGE_CURVE('',#4524,#4525,#533,.T.);
#3639=EDGE_CURVE('',#4526,#4525,#5286,.T.);
#3640=EDGE_CURVE('',#4527,#4526,#5287,.T.);
#3641=EDGE_CURVE('',#4528,#4527,#5288,.T.);
#3642=EDGE_CURVE('',#4529,#4528,#5289,.T.);
#3643=EDGE_CURVE('',#4530,#4529,#5290,.T.);
#3644=EDGE_CURVE('',#4494,#4530,#5291,.T.);
#3645=EDGE_CURVE('',#4531,#4492,#534,.F.);
#3646=EDGE_CURVE('',#4532,#4531,#5292,.T.);
#3647=EDGE_CURVE('',#4533,#4532,#5293,.T.);
#3648=EDGE_CURVE('',#4434,#4533,#5294,.T.);
#3649=EDGE_CURVE('',#4534,#4433,#5295,.T.);
#3650=EDGE_CURVE('',#4535,#4534,#5296,.T.);
#3651=EDGE_CURVE('',#4516,#4535,#5297,.T.);
#3652=EDGE_CURVE('',#4514,#4518,#5298,.T.);
#3653=EDGE_CURVE('',#4513,#4519,#5299,.T.);
#3654=EDGE_CURVE('',#4536,#4536,#535,.T.);
#3655=EDGE_CURVE('',#4537,#4537,#536,.T.);
#3656=EDGE_CURVE('',#4515,#4517,#5300,.T.);
#3657=EDGE_CURVE('',#4502,#4530,#5301,.T.);
#3658=EDGE_CURVE('',#4538,#4538,#537,.T.);
#3659=EDGE_CURVE('',#4539,#4539,#538,.T.);
#3660=EDGE_CURVE('',#4503,#4529,#5302,.T.);
#3661=EDGE_CURVE('',#4504,#4528,#5303,.T.);
#3662=EDGE_CURVE('',#4540,#4541,#5304,.T.);
#3663=EDGE_CURVE('',#4542,#4540,#539,.T.);
#3664=EDGE_CURVE('',#4543,#4542,#5305,.T.);
#3665=EDGE_CURVE('',#4541,#4543,#540,.T.);
#3666=EDGE_CURVE('',#4544,#4544,#541,.T.);
#3667=EDGE_CURVE('',#4545,#4545,#542,.T.);
#3668=EDGE_CURVE('',#4505,#4527,#5306,.T.);
#3669=EDGE_CURVE('',#4506,#4526,#5307,.T.);
#3670=EDGE_CURVE('',#4507,#4525,#5308,.T.);
#3671=EDGE_CURVE('',#4508,#4524,#5309,.T.);
#3672=EDGE_CURVE('',#4509,#4523,#5310,.T.);
#3673=EDGE_CURVE('',#4510,#4522,#5311,.T.);
#3674=EDGE_CURVE('',#4511,#4521,#5312,.T.);
#3675=EDGE_CURVE('',#4512,#4520,#5313,.T.);
#3676=EDGE_CURVE('',#4546,#4546,#543,.T.);
#3677=EDGE_CURVE('',#4547,#4547,#544,.T.);
#3678=EDGE_CURVE('',#4548,#4548,#545,.T.);
#3679=EDGE_CURVE('',#4516,#4460,#5314,.T.);
#3680=EDGE_CURVE('',#4535,#4461,#5315,.T.);
#3681=EDGE_CURVE('',#4532,#4446,#5316,.T.);
#3682=EDGE_CURVE('',#4531,#4447,#5317,.T.);
#3683=EDGE_CURVE('',#4533,#4445,#5318,.T.);
#3684=EDGE_CURVE('',#4534,#4462,#5319,.T.);
#3685=EDGE_CURVE('',#4396,#4496,#5320,.T.);
#3686=EDGE_CURVE('',#4395,#4497,#5321,.T.);
#3687=EDGE_CURVE('',#4397,#4459,#5322,.T.);
#3688=EDGE_CURVE('',#4398,#4458,#5323,.T.);
#3689=EDGE_CURVE('',#4399,#4457,#5324,.T.);
#3690=EDGE_CURVE('',#4400,#4456,#5325,.T.);
#3691=EDGE_CURVE('',#4401,#4455,#5326,.T.);
#3692=EDGE_CURVE('',#4402,#4454,#5327,.T.);
#3693=EDGE_CURVE('',#4403,#4453,#5328,.T.);
#3694=EDGE_CURVE('',#4404,#4452,#5329,.T.);
#3695=EDGE_CURVE('',#4405,#4451,#5330,.T.);
#3696=EDGE_CURVE('',#4406,#4450,#5331,.T.);
#3697=EDGE_CURVE('',#4407,#4449,#5332,.T.);
#3698=EDGE_CURVE('',#4408,#4448,#5333,.T.);
#3699=EDGE_CURVE('',#4409,#4501,#5334,.T.);
#3700=EDGE_CURVE('',#4410,#4500,#5335,.T.);
#3701=EDGE_CURVE('',#4411,#4499,#5336,.T.);
#3702=EDGE_CURVE('',#4394,#4498,#5337,.T.);
#3703=EDGE_CURVE('',#4479,#4431,#25,.T.);
#3704=EDGE_CURVE('',#4466,#4475,#5338,.T.);
#3705=EDGE_CURVE('',#4476,#4465,#5339,.T.);
#3706=EDGE_CURVE('',#4384,#4413,#26,.T.);
#3707=EDGE_CURVE('',#4417,#4380,#5340,.T.);
#3708=EDGE_CURVE('',#4381,#4416,#5341,.T.);
#3709=EDGE_CURVE('',#4549,#4549,#546,.T.);
#3710=EDGE_CURVE('',#4550,#4550,#547,.T.);
#3711=EDGE_CURVE('',#4551,#4551,#548,.T.);
#3712=EDGE_CURVE('',#4552,#4552,#549,.T.);
#3713=EDGE_CURVE('',#4553,#4553,#550,.T.);
#3714=EDGE_CURVE('',#4554,#4554,#551,.T.);
#3715=EDGE_CURVE('',#4555,#4555,#552,.T.);
#3716=EDGE_CURVE('',#4556,#4556,#553,.T.);
#3717=EDGE_CURVE('',#4557,#4557,#554,.T.);
#3718=EDGE_CURVE('',#4559,#4559,#555,.T.);
#3719=EDGE_CURVE('',#4560,#4560,#556,.T.);
#3720=EDGE_CURVE('',#4562,#4562,#557,.T.);
#3721=EDGE_CURVE('',#4563,#4563,#558,.T.);
#3722=EDGE_CURVE('',#4565,#4565,#559,.T.);
#3723=EDGE_CURVE('',#4566,#4566,#560,.T.);
#3724=EDGE_CURVE('',#4568,#4568,#561,.T.);
#3725=EDGE_CURVE('',#4569,#4569,#562,.T.);
#3726=EDGE_CURVE('',#4570,#4570,#563,.T.);
#3727=EDGE_CURVE('',#4571,#4571,#564,.T.);
#3728=EDGE_CURVE('',#4572,#4572,#565,.T.);
#3729=EDGE_CURVE('',#4573,#4573,#566,.T.);
#3730=EDGE_CURVE('',#4574,#4540,#5342,.T.);
#3731=EDGE_CURVE('',#4575,#4574,#567,.T.);
#3732=EDGE_CURVE('',#4575,#4542,#5343,.T.);
#3733=EDGE_CURVE('',#4576,#4541,#5344,.T.);
#3734=EDGE_CURVE('',#4574,#4576,#5345,.T.);
#3735=EDGE_CURVE('',#4577,#4543,#5346,.T.);
#3736=EDGE_CURVE('',#4576,#4577,#568,.T.);
#3737=EDGE_CURVE('',#4577,#4575,#5347,.T.);
#3738=EDGE_CURVE('',#4578,#4442,#5348,.T.);
#3739=EDGE_CURVE('',#4578,#4579,#569,.T.);
#3740=EDGE_CURVE('',#4579,#4444,#5349,.T.);
#3741=EDGE_CURVE('',#4579,#4437,#5350,.T.);
#3742=EDGE_CURVE('',#4428,#4580,#5351,.T.);
#3743=EDGE_CURVE('',#4580,#4473,#5352,.T.);
#3744=EDGE_CURVE('',#4580,#4578,#570,.T.);
#3745=EDGE_CURVE('',#4581,#4581,#571,.F.);
#3746=EDGE_CURVE('',#4377,#4582,#5353,.T.);
#3747=EDGE_CURVE('',#4583,#4582,#572,.T.);
#3748=EDGE_CURVE('',#4390,#4583,#5354,.T.);
#3749=EDGE_CURVE('',#4582,#4425,#5355,.T.);
#3750=EDGE_CURVE('',#4391,#4584,#5356,.T.);
#3751=EDGE_CURVE('',#4424,#4584,#5357,.T.);
#3752=EDGE_CURVE('',#4584,#4583,#573,.T.);
#3753=EDGE_CURVE('',#4585,#4585,#574,.T.);
#3754=EDGE_CURVE('',#4586,#4586,#575,.T.);
#3755=EDGE_CURVE('',#4587,#4587,#576,.T.);
#3756=EDGE_CURVE('',#4588,#4588,#577,.T.);
#3757=EDGE_CURVE('',#4589,#4589,#578,.T.);
#3758=EDGE_CURVE('',#4591,#4591,#579,.T.);
#3759=EDGE_CURVE('',#4592,#4592,#580,.T.);
#3760=EDGE_CURVE('',#4594,#4594,#581,.T.);
#3761=EDGE_CURVE('',#4596,#4596,#582,.T.);
#3762=EDGE_CURVE('',#4597,#4597,#583,.T.);
#3763=EDGE_CURVE('',#4599,#4599,#584,.T.);
#3764=EDGE_CURVE('',#4600,#4600,#585,.F.);
#3765=EDGE_CURVE('',#4601,#4601,#586,.F.);
#3766=EDGE_CURVE('',#4602,#4602,#587,.F.);
#3767=EDGE_CURVE('',#4603,#4603,#588,.F.);
#3768=EDGE_CURVE('',#4604,#4605,#5358,.T.);
#3769=EDGE_CURVE('',#4606,#4605,#5359,.T.);
#3770=EDGE_CURVE('',#4607,#4606,#5360,.T.);
#3771=EDGE_CURVE('',#4607,#4604,#5361,.T.);
#3772=EDGE_CURVE('',#4605,#4608,#5362,.T.);
#3773=EDGE_CURVE('',#4609,#4608,#5363,.T.);
#3774=EDGE_CURVE('',#4606,#4609,#5364,.T.);
#3775=EDGE_CURVE('',#4608,#4610,#5365,.T.);
#3776=EDGE_CURVE('',#4611,#4610,#5366,.T.);
#3777=EDGE_CURVE('',#4609,#4611,#5367,.T.);
#3778=EDGE_CURVE('',#4610,#4604,#5368,.T.);
#3779=EDGE_CURVE('',#4611,#4607,#5369,.T.);
#3780=EDGE_CURVE('',#4612,#4612,#589,.T.);
#3781=EDGE_CURVE('',#4613,#4613,#590,.T.);
#3782=EDGE_CURVE('',#4614,#4614,#591,.T.);
#3783=EDGE_CURVE('',#4615,#4615,#592,.T.);
#3784=EDGE_CURVE('',#4616,#4616,#593,.T.);
#3785=EDGE_CURVE('',#4617,#4617,#594,.T.);
#3786=EDGE_CURVE('',#4618,#4618,#595,.T.);
#3787=EDGE_CURVE('',#4619,#4619,#596,.T.);
#3788=EDGE_CURVE('',#4620,#4620,#597,.T.);
#3789=EDGE_CURVE('',#4621,#4621,#598,.T.);
#3790=EDGE_CURVE('',#4622,#4622,#599,.T.);
#3791=EDGE_CURVE('',#4623,#4623,#600,.T.);
#3792=EDGE_CURVE('',#4624,#4625,#5370,.F.);
#3793=EDGE_CURVE('',#4626,#4625,#601,.T.);
#3794=EDGE_CURVE('',#4626,#4627,#5371,.T.);
#3795=EDGE_CURVE('',#4627,#4624,#602,.T.);
#3796=EDGE_CURVE('',#4628,#4629,#5372,.F.);
#3797=EDGE_CURVE('',#4630,#4629,#603,.T.);
#3798=EDGE_CURVE('',#4630,#4631,#5373,.T.);
#3799=EDGE_CURVE('',#4631,#4628,#604,.T.);
#3800=EDGE_CURVE('',#4632,#4633,#5374,.F.);
#3801=EDGE_CURVE('',#4634,#4633,#605,.T.);
#3802=EDGE_CURVE('',#4634,#4635,#5375,.T.);
#3803=EDGE_CURVE('',#4635,#4632,#606,.T.);
#3804=EDGE_CURVE('',#4636,#4637,#5376,.F.);
#3805=EDGE_CURVE('',#4638,#4637,#607,.T.);
#3806=EDGE_CURVE('',#4638,#4639,#5377,.T.);
#3807=EDGE_CURVE('',#4639,#4636,#608,.T.);
#3808=EDGE_CURVE('',#4640,#4640,#609,.T.);
#3809=EDGE_CURVE('',#4641,#4642,#610,.T.);
#3810=EDGE_CURVE('',#4641,#4633,#27,.T.);
#3811=EDGE_CURVE('',#4631,#4632,#611,.F.);
#3812=EDGE_CURVE('',#4630,#4642,#28,.T.);
#3813=EDGE_CURVE('',#4643,#4643,#612,.T.);
#3814=EDGE_CURVE('',#4644,#4645,#613,.T.);
#3815=EDGE_CURVE('',#4644,#4625,#29,.T.);
#3816=EDGE_CURVE('',#4639,#4624,#614,.F.);
#3817=EDGE_CURVE('',#4638,#4645,#30,.T.);
#3818=EDGE_CURVE('',#4646,#4646,#615,.T.);
#3819=EDGE_CURVE('',#4647,#4648,#616,.T.);
#3820=EDGE_CURVE('',#4647,#4637,#31,.T.);
#3821=EDGE_CURVE('',#4635,#4636,#617,.F.);
#3822=EDGE_CURVE('',#4634,#4648,#32,.T.);
#3823=EDGE_CURVE('',#4649,#4649,#618,.T.);
#3824=EDGE_CURVE('',#4650,#4651,#619,.T.);
#3825=EDGE_CURVE('',#4650,#4629,#33,.T.);
#3826=EDGE_CURVE('',#4627,#4628,#620,.F.);
#3827=EDGE_CURVE('',#4626,#4651,#34,.T.);
#3828=EDGE_CURVE('',#4652,#4653,#5378,.T.);
#3829=EDGE_CURVE('',#4654,#4653,#5379,.T.);
#3830=EDGE_CURVE('',#4655,#4654,#5380,.T.);
#3831=EDGE_CURVE('',#4655,#4652,#5381,.T.);
#3832=EDGE_CURVE('',#4653,#4656,#5382,.T.);
#3833=EDGE_CURVE('',#4657,#4656,#5383,.T.);
#3834=EDGE_CURVE('',#4654,#4657,#5384,.T.);
#3835=EDGE_CURVE('',#4656,#4658,#5385,.T.);
#3836=EDGE_CURVE('',#4659,#4658,#5386,.T.);
#3837=EDGE_CURVE('',#4657,#4659,#5387,.T.);
#3838=EDGE_CURVE('',#4658,#4660,#5388,.T.);
#3839=EDGE_CURVE('',#4661,#4660,#5389,.T.);
#3840=EDGE_CURVE('',#4659,#4661,#5390,.T.);
#3841=EDGE_CURVE('',#4660,#4662,#5391,.T.);
#3842=EDGE_CURVE('',#4663,#4662,#5392,.T.);
#3843=EDGE_CURVE('',#4661,#4663,#5393,.T.);
#3844=EDGE_CURVE('',#4662,#4664,#5394,.T.);
#3845=EDGE_CURVE('',#4665,#4664,#5395,.T.);
#3846=EDGE_CURVE('',#4663,#4665,#5396,.T.);
#3847=EDGE_CURVE('',#4664,#4666,#5397,.T.);
#3848=EDGE_CURVE('',#4667,#4666,#5398,.T.);
#3849=EDGE_CURVE('',#4665,#4667,#5399,.T.);
#3850=EDGE_CURVE('',#4666,#4652,#5400,.T.);
#3851=EDGE_CURVE('',#4667,#4655,#5401,.T.);
#3852=EDGE_CURVE('',#4668,#4668,#621,.T.);
#3853=EDGE_CURVE('',#4669,#4669,#622,.T.);
#3854=EDGE_CURVE('',#4670,#4670,#623,.T.);
#3855=EDGE_CURVE('',#4671,#4671,#624,.T.);
#3856=EDGE_CURVE('',#4648,#4641,#625,.T.);
#3857=EDGE_CURVE('',#4642,#4650,#626,.T.);
#3858=EDGE_CURVE('',#4651,#4644,#627,.T.);
#3859=EDGE_CURVE('',#4645,#4647,#628,.T.);
#3860=EDGE_CURVE('',#4672,#4672,#629,.T.);
#3861=EDGE_CURVE('',#4673,#4673,#630,.T.);
#3862=EDGE_CURVE('',#4674,#4674,#631,.T.);
#3863=EDGE_CURVE('',#4675,#4675,#632,.T.);
#3864=EDGE_CURVE('',#4676,#4676,#633,.T.);
#3865=EDGE_CURVE('',#4677,#4677,#634,.T.);
#3866=EDGE_CURVE('',#4678,#4678,#635,.T.);
#3867=EDGE_CURVE('',#4679,#4679,#636,.T.);
#3868=EDGE_CURVE('',#4680,#4680,#637,.T.);
#3869=EDGE_CURVE('',#4681,#4681,#638,.T.);
#3870=EDGE_CURVE('',#4682,#4682,#639,.T.);
#3871=EDGE_CURVE('',#4683,#4683,#640,.T.);
#3872=EDGE_CURVE('',#4684,#4684,#641,.T.);
#3873=EDGE_CURVE('',#4685,#4685,#642,.T.);
#3874=EDGE_CURVE('',#4686,#4686,#643,.T.);
#3875=EDGE_CURVE('',#4687,#4687,#644,.T.);
#3876=EDGE_CURVE('',#4688,#4688,#645,.T.);
#3877=EDGE_CURVE('',#4689,#4689,#646,.T.);
#3878=EDGE_CURVE('',#4690,#4690,#647,.T.);
#3879=EDGE_CURVE('',#4691,#4691,#648,.T.);
#3880=EDGE_CURVE('',#4692,#4692,#649,.T.);
#3881=EDGE_CURVE('',#4693,#4693,#650,.T.);
#3882=EDGE_CURVE('',#4694,#4694,#651,.T.);
#3883=EDGE_CURVE('',#4695,#4696,#5402,.T.);
#3884=EDGE_CURVE('',#4696,#4697,#5403,.T.);
#3885=EDGE_CURVE('',#4697,#4698,#5404,.T.);
#3886=EDGE_CURVE('',#4698,#4699,#5405,.T.);
#3887=EDGE_CURVE('',#4699,#4700,#5406,.T.);
#3888=EDGE_CURVE('',#4700,#4695,#5407,.T.);
#3889=EDGE_CURVE('',#4701,#4701,#652,.T.);
#3890=EDGE_CURVE('',#4702,#4702,#653,.T.);
#3891=EDGE_CURVE('',#4703,#4703,#654,.T.);
#3892=EDGE_CURVE('',#4704,#4704,#655,.T.);
#3893=EDGE_CURVE('',#4705,#4705,#656,.T.);
#3894=EDGE_CURVE('',#4706,#4699,#5408,.T.);
#3895=EDGE_CURVE('',#4706,#4707,#5409,.T.);
#3896=EDGE_CURVE('',#4707,#4708,#5410,.T.);
#3897=EDGE_CURVE('',#4708,#4700,#5411,.T.);
#3898=EDGE_CURVE('',#4708,#4709,#5412,.T.);
#3899=EDGE_CURVE('',#4709,#4710,#5413,.T.);
#3900=EDGE_CURVE('',#4710,#4695,#5414,.T.);
#3901=EDGE_CURVE('',#4710,#4711,#5415,.T.);
#3902=EDGE_CURVE('',#4711,#4712,#5416,.T.);
#3903=EDGE_CURVE('',#4712,#4696,#5417,.T.);
#3904=EDGE_CURVE('',#4712,#4713,#5418,.T.);
#3905=EDGE_CURVE('',#4713,#4714,#5419,.T.);
#3906=EDGE_CURVE('',#4714,#4697,#5420,.T.);
#3907=EDGE_CURVE('',#4714,#4715,#5421,.T.);
#3908=EDGE_CURVE('',#4715,#4716,#5422,.T.);
#3909=EDGE_CURVE('',#4716,#4698,#5423,.T.);
#3910=EDGE_CURVE('',#4716,#4717,#5424,.T.);
#3911=EDGE_CURVE('',#4717,#4706,#5425,.T.);
#3912=EDGE_CURVE('',#4713,#4715,#657,.T.);
#3913=EDGE_CURVE('',#4715,#4717,#658,.T.);
#3914=EDGE_CURVE('',#4717,#4707,#659,.T.);
#3915=EDGE_CURVE('',#4707,#4709,#660,.T.);
#3916=EDGE_CURVE('',#4709,#4711,#661,.T.);
#3917=EDGE_CURVE('',#4711,#4713,#662,.T.);
#3918=VERTEX_POINT('',#11854);
#3919=VERTEX_POINT('',#11855);
#3920=VERTEX_POINT('',#11857);
#3921=VERTEX_POINT('',#11859);
#3922=VERTEX_POINT('',#11862);
#3923=VERTEX_POINT('',#11864);
#3924=VERTEX_POINT('',#11865);
#3925=VERTEX_POINT('',#11867);
#3926=VERTEX_POINT('',#11869);
#3927=VERTEX_POINT('',#11872);
#3928=VERTEX_POINT('',#11873);
#3929=VERTEX_POINT('',#11875);
#3930=VERTEX_POINT('',#11877);
#3931=VERTEX_POINT('',#11879);
#3932=VERTEX_POINT('',#11881);
#3933=VERTEX_POINT('',#11883);
#3934=VERTEX_POINT('',#11885);
#3935=VERTEX_POINT('',#11887);
#3936=VERTEX_POINT('',#11889);
#3937=VERTEX_POINT('',#11891);
#3938=VERTEX_POINT('',#11893);
#3939=VERTEX_POINT('',#11895);
#3940=VERTEX_POINT('',#11897);
#3941=VERTEX_POINT('',#11899);
#3942=VERTEX_POINT('',#11901);
#3943=VERTEX_POINT('',#11903);
#3944=VERTEX_POINT('',#11905);
#3945=VERTEX_POINT('',#11907);
#3946=VERTEX_POINT('',#11909);
#3947=VERTEX_POINT('',#11911);
#3948=VERTEX_POINT('',#11913);
#3949=VERTEX_POINT('',#11915);
#3950=VERTEX_POINT('',#11917);
#3951=VERTEX_POINT('',#11919);
#3952=VERTEX_POINT('',#11921);
#3953=VERTEX_POINT('',#11925);
#3954=VERTEX_POINT('',#11926);
#3955=VERTEX_POINT('',#11928);
#3956=VERTEX_POINT('',#11930);
#3957=VERTEX_POINT('',#11932);
#3958=VERTEX_POINT('',#11934);
#3959=VERTEX_POINT('',#11936);
#3960=VERTEX_POINT('',#11938);
#3961=VERTEX_POINT('',#11940);
#3962=VERTEX_POINT('',#11947);
#3963=VERTEX_POINT('',#11949);
#3964=VERTEX_POINT('',#11953);
#3965=VERTEX_POINT('',#11954);
#3966=VERTEX_POINT('',#11956);
#3967=VERTEX_POINT('',#11958);
#3968=VERTEX_POINT('',#11961);
#3969=VERTEX_POINT('',#11963);
#3970=VERTEX_POINT('',#11965);
#3971=VERTEX_POINT('',#11969);
#3972=VERTEX_POINT('',#11971);
#3973=VERTEX_POINT('',#11975);
#3974=VERTEX_POINT('',#11979);
#3975=VERTEX_POINT('',#11980);
#3976=VERTEX_POINT('',#11982);
#3977=VERTEX_POINT('',#11984);
#3978=VERTEX_POINT('',#11986);
#3979=VERTEX_POINT('',#11988);
#3980=VERTEX_POINT('',#11990);
#3981=VERTEX_POINT('',#11992);
#3982=VERTEX_POINT('',#11994);
#3983=VERTEX_POINT('',#11996);
#3984=VERTEX_POINT('',#11998);
#3985=VERTEX_POINT('',#12000);
#3986=VERTEX_POINT('',#12004);
#3987=VERTEX_POINT('',#12005);
#3988=VERTEX_POINT('',#12007);
#3989=VERTEX_POINT('',#12009);
#3990=VERTEX_POINT('',#12012);
#3991=VERTEX_POINT('',#12014);
#3992=VERTEX_POINT('',#12016);
#3993=VERTEX_POINT('',#12018);
#3994=VERTEX_POINT('',#12020);
#3995=VERTEX_POINT('',#12022);
#3996=VERTEX_POINT('',#12024);
#3997=VERTEX_POINT('',#12026);
#3998=VERTEX_POINT('',#12028);
#3999=VERTEX_POINT('',#12035);
#4000=VERTEX_POINT('',#12037);
#4001=VERTEX_POINT('',#12039);
#4002=VERTEX_POINT('',#12041);
#4003=VERTEX_POINT('',#12048);
#4004=VERTEX_POINT('',#12050);
#4005=VERTEX_POINT('',#12053);
#4006=VERTEX_POINT('',#12056);
#4007=VERTEX_POINT('',#12058);
#4008=VERTEX_POINT('',#12060);
#4009=VERTEX_POINT('',#12062);
#4010=VERTEX_POINT('',#12064);
#4011=VERTEX_POINT('',#12066);
#4012=VERTEX_POINT('',#12070);
#4013=VERTEX_POINT('',#12072);
#4014=VERTEX_POINT('',#12075);
#4015=VERTEX_POINT('',#12077);
#4016=VERTEX_POINT('',#12079);
#4017=VERTEX_POINT('',#12081);
#4018=VERTEX_POINT('',#12083);
#4019=VERTEX_POINT('',#12085);
#4020=VERTEX_POINT('',#12087);
#4021=VERTEX_POINT('',#12089);
#4022=VERTEX_POINT('',#12091);
#4023=VERTEX_POINT('',#12093);
#4024=VERTEX_POINT('',#12095);
#4025=VERTEX_POINT('',#12097);
#4026=VERTEX_POINT('',#12099);
#4027=VERTEX_POINT('',#12101);
#4028=VERTEX_POINT('',#12105);
#4029=VERTEX_POINT('',#12109);
#4030=VERTEX_POINT('',#12113);
#4031=VERTEX_POINT('',#12115);
#4032=VERTEX_POINT('',#12116);
#4033=VERTEX_POINT('',#12118);
#4034=VERTEX_POINT('',#12120);
#4035=VERTEX_POINT('',#12122);
#4036=VERTEX_POINT('',#12124);
#4037=VERTEX_POINT('',#12126);
#4038=VERTEX_POINT('',#12128);
#4039=VERTEX_POINT('',#12132);
#4040=VERTEX_POINT('',#12134);
#4041=VERTEX_POINT('',#12138);
#4042=VERTEX_POINT('',#12140);
#4043=VERTEX_POINT('',#12144);
#4044=VERTEX_POINT('',#12146);
#4045=VERTEX_POINT('',#12150);
#4046=VERTEX_POINT('',#12152);
#4047=VERTEX_POINT('',#12156);
#4048=VERTEX_POINT('',#12158);
#4049=VERTEX_POINT('',#12159);
#4050=VERTEX_POINT('',#12161);
#4051=VERTEX_POINT('',#12163);
#4052=VERTEX_POINT('',#12165);
#4053=VERTEX_POINT('',#12167);
#4054=VERTEX_POINT('',#12169);
#4055=VERTEX_POINT('',#12171);
#4056=VERTEX_POINT('',#12175);
#4057=VERTEX_POINT('',#12177);
#4058=VERTEX_POINT('',#12179);
#4059=VERTEX_POINT('',#12181);
#4060=VERTEX_POINT('',#12185);
#4061=VERTEX_POINT('',#12187);
#4062=VERTEX_POINT('',#12189);
#4063=VERTEX_POINT('',#12191);
#4064=VERTEX_POINT('',#12195);
#4065=VERTEX_POINT('',#12197);
#4066=VERTEX_POINT('',#12199);
#4067=VERTEX_POINT('',#12201);
#4068=VERTEX_POINT('',#12203);
#4069=VERTEX_POINT('',#12207);
#4070=VERTEX_POINT('',#12209);
#4071=VERTEX_POINT('',#12211);
#4072=VERTEX_POINT('',#12213);
#4073=VERTEX_POINT('',#12215);
#4074=VERTEX_POINT('',#12219);
#4075=VERTEX_POINT('',#12220);
#4076=VERTEX_POINT('',#12222);
#4077=VERTEX_POINT('',#12224);
#4078=VERTEX_POINT('',#12226);
#4079=VERTEX_POINT('',#12228);
#4080=VERTEX_POINT('',#12230);
#4081=VERTEX_POINT('',#12232);
#4082=VERTEX_POINT('',#12241);
#4083=VERTEX_POINT('',#12243);
#4084=VERTEX_POINT('',#12245);
#4085=VERTEX_POINT('',#12248);
#4086=VERTEX_POINT('',#12253);
#4087=VERTEX_POINT('',#12256);
#4088=VERTEX_POINT('',#12258);
#4089=VERTEX_POINT('',#12262);
#4090=VERTEX_POINT('',#12264);
#4091=VERTEX_POINT('',#12266);
#4092=VERTEX_POINT('',#12268);
#4093=VERTEX_POINT('',#12270);
#4094=VERTEX_POINT('',#12272);
#4095=VERTEX_POINT('',#12274);
#4096=VERTEX_POINT('',#12276);
#4097=VERTEX_POINT('',#12278);
#4098=VERTEX_POINT('',#12280);
#4099=VERTEX_POINT('',#12284);
#4100=VERTEX_POINT('',#12288);
#4101=VERTEX_POINT('',#12294);
#4102=VERTEX_POINT('',#12296);
#4103=VERTEX_POINT('',#12298);
#4104=VERTEX_POINT('',#12300);
#4105=VERTEX_POINT('',#12302);
#4106=VERTEX_POINT('',#12304);
#4107=VERTEX_POINT('',#12309);
#4108=VERTEX_POINT('',#12311);
#4109=VERTEX_POINT('',#12313);
#4110=VERTEX_POINT('',#12315);
#4111=VERTEX_POINT('',#12317);
#4112=VERTEX_POINT('',#12319);
#4113=VERTEX_POINT('',#12323);
#4114=VERTEX_POINT('',#12328);
#4115=VERTEX_POINT('',#12330);
#4116=VERTEX_POINT('',#12332);
#4117=VERTEX_POINT('',#12334);
#4118=VERTEX_POINT('',#12339);
#4119=VERTEX_POINT('',#12343);
#4120=VERTEX_POINT('',#12347);
#4121=VERTEX_POINT('',#12354);
#4122=VERTEX_POINT('',#12356);
#4123=VERTEX_POINT('',#12361);
#4124=VERTEX_POINT('',#12365);
#4125=VERTEX_POINT('',#12366);
#4126=VERTEX_POINT('',#12376);
#4127=VERTEX_POINT('',#12377);
#4128=VERTEX_POINT('',#12387);
#4129=VERTEX_POINT('',#12388);
#4130=VERTEX_POINT('',#12390);
#4131=VERTEX_POINT('',#12393);
#4132=VERTEX_POINT('',#12397);
#4133=VERTEX_POINT('',#12398);
#4134=VERTEX_POINT('',#12400);
#4135=VERTEX_POINT('',#12403);
#4136=VERTEX_POINT('',#12407);
#4137=VERTEX_POINT('',#12409);
#4138=VERTEX_POINT('',#12417);
#4139=VERTEX_POINT('',#12419);
#4140=VERTEX_POINT('',#12423);
#4141=VERTEX_POINT('',#12425);
#4142=VERTEX_POINT('',#12429);
#4143=VERTEX_POINT('',#12431);
#4144=VERTEX_POINT('',#12435);
#4145=VERTEX_POINT('',#12437);
#4146=VERTEX_POINT('',#12448);
#4147=VERTEX_POINT('',#12450);
#4148=VERTEX_POINT('',#12461);
#4149=VERTEX_POINT('',#12464);
#4150=VERTEX_POINT('',#12467);
#4151=VERTEX_POINT('',#12473);
#4152=VERTEX_POINT('',#12476);
#4153=VERTEX_POINT('',#12479);
#4154=VERTEX_POINT('',#12483);
#4155=VERTEX_POINT('',#12486);
#4156=VERTEX_POINT('',#12488);
#4157=VERTEX_POINT('',#12491);
#4158=VERTEX_POINT('',#12494);
#4159=VERTEX_POINT('',#12496);
#4160=VERTEX_POINT('',#12499);
#4161=VERTEX_POINT('',#12502);
#4162=VERTEX_POINT('',#12504);
#4163=VERTEX_POINT('',#12507);
#4164=VERTEX_POINT('',#12510);
#4165=VERTEX_POINT('',#12512);
#4166=VERTEX_POINT('',#12515);
#4167=VERTEX_POINT('',#12518);
#4168=VERTEX_POINT('',#12521);
#4169=VERTEX_POINT('',#12524);
#4170=VERTEX_POINT('',#12527);
#4171=VERTEX_POINT('',#12541);
#4172=VERTEX_POINT('',#12543);
#4173=VERTEX_POINT('',#12545);
#4174=VERTEX_POINT('',#12547);
#4175=VERTEX_POINT('',#12551);
#4176=VERTEX_POINT('',#12553);
#4177=VERTEX_POINT('',#12557);
#4178=VERTEX_POINT('',#12559);
#4179=VERTEX_POINT('',#12563);
#4180=VERTEX_POINT('',#12565);
#4181=VERTEX_POINT('',#12567);
#4182=VERTEX_POINT('',#12569);
#4183=VERTEX_POINT('',#12570);
#4184=VERTEX_POINT('',#12572);
#4185=VERTEX_POINT('',#12574);
#4186=VERTEX_POINT('',#12579);
#4187=VERTEX_POINT('',#12583);
#4188=VERTEX_POINT('',#12585);
#4189=VERTEX_POINT('',#12587);
#4190=VERTEX_POINT('',#12589);
#4191=VERTEX_POINT('',#12597);
#4192=VERTEX_POINT('',#12599);
#4193=VERTEX_POINT('',#12601);
#4194=VERTEX_POINT('',#12607);
#4195=VERTEX_POINT('',#12609);
#4196=VERTEX_POINT('',#12611);
#4197=VERTEX_POINT('',#12619);
#4198=VERTEX_POINT('',#12623);
#4199=VERTEX_POINT('',#12627);
#4200=VERTEX_POINT('',#12631);
#4201=VERTEX_POINT('',#12635);
#4202=VERTEX_POINT('',#12641);
#4203=VERTEX_POINT('',#12645);
#4204=VERTEX_POINT('',#12649);
#4205=VERTEX_POINT('',#12653);
#4206=VERTEX_POINT('',#12657);
#4207=VERTEX_POINT('',#12661);
#4208=VERTEX_POINT('',#12663);
#4209=VERTEX_POINT('',#12668);
#4210=VERTEX_POINT('',#12670);
#4211=VERTEX_POINT('',#12679);
#4212=VERTEX_POINT('',#12682);
#4213=VERTEX_POINT('',#12686);
#4214=VERTEX_POINT('',#12689);
#4215=VERTEX_POINT('',#12693);
#4216=VERTEX_POINT('',#12696);
#4217=VERTEX_POINT('',#12700);
#4218=VERTEX_POINT('',#12703);
#4219=VERTEX_POINT('',#12707);
#4220=VERTEX_POINT('',#12710);
#4221=VERTEX_POINT('',#12714);
#4222=VERTEX_POINT('',#12717);
#4223=VERTEX_POINT('',#12721);
#4224=VERTEX_POINT('',#12722);
#4225=VERTEX_POINT('',#12725);
#4226=VERTEX_POINT('',#12729);
#4227=VERTEX_POINT('',#12730);
#4228=VERTEX_POINT('',#12733);
#4229=VERTEX_POINT('',#12737);
#4230=VERTEX_POINT('',#12740);
#4231=VERTEX_POINT('',#12742);
#4232=VERTEX_POINT('',#12745);
#4233=VERTEX_POINT('',#12748);
#4234=VERTEX_POINT('',#12750);
#4235=VERTEX_POINT('',#12753);
#4236=VERTEX_POINT('',#12754);
#4237=VERTEX_POINT('',#12757);
#4238=VERTEX_POINT('',#12761);
#4239=VERTEX_POINT('',#12764);
#4240=VERTEX_POINT('',#12766);
#4241=VERTEX_POINT('',#12769);
#4242=VERTEX_POINT('',#12774);
#4243=VERTEX_POINT('',#12778);
#4244=VERTEX_POINT('',#12779);
#4245=VERTEX_POINT('',#12781);
#4246=VERTEX_POINT('',#12783);
#4247=VERTEX_POINT('',#12786);
#4248=VERTEX_POINT('',#12787);
#4249=VERTEX_POINT('',#12789);
#4250=VERTEX_POINT('',#12791);
#4251=VERTEX_POINT('',#12794);
#4252=VERTEX_POINT('',#12808);
#4253=VERTEX_POINT('',#12812);
#4254=VERTEX_POINT('',#12816);
#4255=VERTEX_POINT('',#12818);
#4256=VERTEX_POINT('',#12820);
#4257=VERTEX_POINT('',#12822);
#4258=VERTEX_POINT('',#12827);
#4259=VERTEX_POINT('',#12830);
#4260=VERTEX_POINT('',#12833);
#4261=VERTEX_POINT('',#12834);
#4262=VERTEX_POINT('',#12836);
#4263=VERTEX_POINT('',#12838);
#4264=VERTEX_POINT('',#12840);
#4265=VERTEX_POINT('',#12842);
#4266=VERTEX_POINT('',#12846);
#4267=VERTEX_POINT('',#12849);
#4268=VERTEX_POINT('',#12852);
#4269=VERTEX_POINT('',#12853);
#4270=VERTEX_POINT('',#12855);
#4271=VERTEX_POINT('',#12857);
#4272=VERTEX_POINT('',#12859);
#4273=VERTEX_POINT('',#12861);
#4274=VERTEX_POINT('',#12865);
#4275=VERTEX_POINT('',#12868);
#4276=VERTEX_POINT('',#12871);
#4277=VERTEX_POINT('',#12872);
#4278=VERTEX_POINT('',#12874);
#4279=VERTEX_POINT('',#12876);
#4280=VERTEX_POINT('',#12878);
#4281=VERTEX_POINT('',#12880);
#4282=VERTEX_POINT('',#12884);
#4283=VERTEX_POINT('',#12887);
#4284=VERTEX_POINT('',#12890);
#4285=VERTEX_POINT('',#12891);
#4286=VERTEX_POINT('',#12893);
#4287=VERTEX_POINT('',#12895);
#4288=VERTEX_POINT('',#12897);
#4289=VERTEX_POINT('',#12899);
#4290=VERTEX_POINT('',#12903);
#4291=VERTEX_POINT('',#12905);
#4292=VERTEX_POINT('',#12909);
#4293=VERTEX_POINT('',#12913);
#4294=VERTEX_POINT('',#12917);
#4295=VERTEX_POINT('',#12921);
#4296=VERTEX_POINT('',#12928);
#4297=VERTEX_POINT('',#12930);
#4298=VERTEX_POINT('',#12934);
#4299=VERTEX_POINT('',#12938);
#4300=VERTEX_POINT('',#12942);
#4301=VERTEX_POINT('',#12946);
#4302=VERTEX_POINT('',#12953);
#4303=VERTEX_POINT('',#12955);
#4304=VERTEX_POINT('',#12959);
#4305=VERTEX_POINT('',#12963);
#4306=VERTEX_POINT('',#12967);
#4307=VERTEX_POINT('',#12971);
#4308=VERTEX_POINT('',#12978);
#4309=VERTEX_POINT('',#12980);
#4310=VERTEX_POINT('',#12984);
#4311=VERTEX_POINT('',#12988);
#4312=VERTEX_POINT('',#12992);
#4313=VERTEX_POINT('',#12996);
#4314=VERTEX_POINT('',#13003);
#4315=VERTEX_POINT('',#13012);
#4316=VERTEX_POINT('',#13019);
#4317=VERTEX_POINT('',#13020);
#4318=VERTEX_POINT('',#13022);
#4319=VERTEX_POINT('',#13024);
#4320=VERTEX_POINT('',#13026);
#4321=VERTEX_POINT('',#13028);
#4322=VERTEX_POINT('',#13031);
#4323=VERTEX_POINT('',#13034);
#4324=VERTEX_POINT('',#13037);
#4325=VERTEX_POINT('',#13043);
#4326=VERTEX_POINT('',#13045);
#4327=VERTEX_POINT('',#13049);
#4328=VERTEX_POINT('',#13053);
#4329=VERTEX_POINT('',#13057);
#4330=VERTEX_POINT('',#13061);
#4331=VERTEX_POINT('',#13070);
#4332=VERTEX_POINT('',#13073);
#4333=VERTEX_POINT('',#13076);
#4334=VERTEX_POINT('',#13079);
#4335=VERTEX_POINT('',#13080);
#4336=VERTEX_POINT('',#13082);
#4337=VERTEX_POINT('',#13084);
#4338=VERTEX_POINT('',#13086);
#4339=VERTEX_POINT('',#13088);
#4340=VERTEX_POINT('',#13092);
#4341=VERTEX_POINT('',#13094);
#4342=VERTEX_POINT('',#13098);
#4343=VERTEX_POINT('',#13102);
#4344=VERTEX_POINT('',#13106);
#4345=VERTEX_POINT('',#13110);
#4346=VERTEX_POINT('',#13119);
#4347=VERTEX_POINT('',#13120);
#4348=VERTEX_POINT('',#13122);
#4349=VERTEX_POINT('',#13124);
#4350=VERTEX_POINT('',#13126);
#4351=VERTEX_POINT('',#13128);
#4352=VERTEX_POINT('',#13131);
#4353=VERTEX_POINT('',#13134);
#4354=VERTEX_POINT('',#13137);
#4355=VERTEX_POINT('',#13141);
#4356=VERTEX_POINT('',#13143);
#4357=VERTEX_POINT('',#13147);
#4358=VERTEX_POINT('',#13151);
#4359=VERTEX_POINT('',#13155);
#4360=VERTEX_POINT('',#13159);
#4361=VERTEX_POINT('',#13168);
#4362=VERTEX_POINT('',#13171);
#4363=VERTEX_POINT('',#13174);
#4364=VERTEX_POINT('',#13177);
#4365=VERTEX_POINT('',#13178);
#4366=VERTEX_POINT('',#13180);
#4367=VERTEX_POINT('',#13182);
#4368=VERTEX_POINT('',#13184);
#4369=VERTEX_POINT('',#13186);
#4370=VERTEX_POINT('',#13190);
#4371=VERTEX_POINT('',#13192);
#4372=VERTEX_POINT('',#13196);
#4373=VERTEX_POINT('',#13200);
#4374=VERTEX_POINT('',#13204);
#4375=VERTEX_POINT('',#13208);
#4376=VERTEX_POINT('',#13225);
#4377=VERTEX_POINT('',#13226);
#4378=VERTEX_POINT('',#13228);
#4379=VERTEX_POINT('',#13230);
#4380=VERTEX_POINT('',#13232);
#4381=VERTEX_POINT('',#13234);
#4382=VERTEX_POINT('',#13236);
#4383=VERTEX_POINT('',#13238);
#4384=VERTEX_POINT('',#13240);
#4385=VERTEX_POINT('',#13242);
#4386=VERTEX_POINT('',#13244);
#4387=VERTEX_POINT('',#13248);
#4388=VERTEX_POINT('',#13250);
#4389=VERTEX_POINT('',#13252);
#4390=VERTEX_POINT('',#13254);
#4391=VERTEX_POINT('',#13255);
#4392=VERTEX_POINT('',#13257);
#4393=VERTEX_POINT('',#13259);
#4394=VERTEX_POINT('',#13261);
#4395=VERTEX_POINT('',#13263);
#4396=VERTEX_POINT('',#13265);
#4397=VERTEX_POINT('',#13267);
#4398=VERTEX_POINT('',#13269);
#4399=VERTEX_POINT('',#13271);
#4400=VERTEX_POINT('',#13273);
#4401=VERTEX_POINT('',#13275);
#4402=VERTEX_POINT('',#13277);
#4403=VERTEX_POINT('',#13279);
#4404=VERTEX_POINT('',#13281);
#4405=VERTEX_POINT('',#13283);
#4406=VERTEX_POINT('',#13285);
#4407=VERTEX_POINT('',#13287);
#4408=VERTEX_POINT('',#13289);
#4409=VERTEX_POINT('',#13291);
#4410=VERTEX_POINT('',#13293);
#4411=VERTEX_POINT('',#13295);
#4412=VERTEX_POINT('',#13297);
#4413=VERTEX_POINT('',#13299);
#4414=VERTEX_POINT('',#13301);
#4415=VERTEX_POINT('',#13303);
#4416=VERTEX_POINT('',#13305);
#4417=VERTEX_POINT('',#13307);
#4418=VERTEX_POINT('',#13309);
#4419=VERTEX_POINT('',#13311);
#4420=VERTEX_POINT('',#13313);
#4421=VERTEX_POINT('',#13317);
#4422=VERTEX_POINT('',#13318);
#4423=VERTEX_POINT('',#13320);
#4424=VERTEX_POINT('',#13324);
#4425=VERTEX_POINT('',#13326);
#4426=VERTEX_POINT('',#13330);
#4427=VERTEX_POINT('',#13332);
#4428=VERTEX_POINT('',#13351);
#4429=VERTEX_POINT('',#13352);
#4430=VERTEX_POINT('',#13354);
#4431=VERTEX_POINT('',#13356);
#4432=VERTEX_POINT('',#13358);
#4433=VERTEX_POINT('',#13360);
#4434=VERTEX_POINT('',#13362);
#4435=VERTEX_POINT('',#13364);
#4436=VERTEX_POINT('',#13366);
#4437=VERTEX_POINT('',#13368);
#4438=VERTEX_POINT('',#13372);
#4439=VERTEX_POINT('',#13376);
#4440=VERTEX_POINT('',#13378);
#4441=VERTEX_POINT('',#13380);
#4442=VERTEX_POINT('',#13382);
#4443=VERTEX_POINT('',#13383);
#4444=VERTEX_POINT('',#13385);
#4445=VERTEX_POINT('',#13388);
#4446=VERTEX_POINT('',#13390);
#4447=VERTEX_POINT('',#13392);
#4448=VERTEX_POINT('',#13394);
#4449=VERTEX_POINT('',#13396);
#4450=VERTEX_POINT('',#13398);
#4451=VERTEX_POINT('',#13400);
#4452=VERTEX_POINT('',#13402);
#4453=VERTEX_POINT('',#13404);
#4454=VERTEX_POINT('',#13406);
#4455=VERTEX_POINT('',#13408);
#4456=VERTEX_POINT('',#13410);
#4457=VERTEX_POINT('',#13412);
#4458=VERTEX_POINT('',#13414);
#4459=VERTEX_POINT('',#13416);
#4460=VERTEX_POINT('',#13418);
#4461=VERTEX_POINT('',#13420);
#4462=VERTEX_POINT('',#13422);
#4463=VERTEX_POINT('',#13425);
#4464=VERTEX_POINT('',#13427);
#4465=VERTEX_POINT('',#13429);
#4466=VERTEX_POINT('',#13431);
#4467=VERTEX_POINT('',#13433);
#4468=VERTEX_POINT('',#13435);
#4469=VERTEX_POINT('',#13442);
#4470=VERTEX_POINT('',#13444);
#4471=VERTEX_POINT('',#13454);
#4472=VERTEX_POINT('',#13456);
#4473=VERTEX_POINT('',#13465);
#4474=VERTEX_POINT('',#13468);
#4475=VERTEX_POINT('',#13470);
#4476=VERTEX_POINT('',#13472);
#4477=VERTEX_POINT('',#13474);
#4478=VERTEX_POINT('',#13476);
#4479=VERTEX_POINT('',#13478);
#4480=VERTEX_POINT('',#13487);
#4481=VERTEX_POINT('',#13489);
#4482=VERTEX_POINT('',#13491);
#4483=VERTEX_POINT('',#13493);
#4484=VERTEX_POINT('',#13495);
#4485=VERTEX_POINT('',#13496);
#4486=VERTEX_POINT('',#13498);
#4487=VERTEX_POINT('',#13500);
#4488=VERTEX_POINT('',#13504);
#4489=VERTEX_POINT('',#13506);
#4490=VERTEX_POINT('',#13508);
#4491=VERTEX_POINT('',#13510);
#4492=VERTEX_POINT('',#13512);
#4493=VERTEX_POINT('',#13513);
#4494=VERTEX_POINT('',#13515);
#4495=VERTEX_POINT('',#13517);
#4496=VERTEX_POINT('',#13521);
#4497=VERTEX_POINT('',#13523);
#4498=VERTEX_POINT('',#13525);
#4499=VERTEX_POINT('',#13528);
#4500=VERTEX_POINT('',#13530);
#4501=VERTEX_POINT('',#13532);
#4502=VERTEX_POINT('',#13535);
#4503=VERTEX_POINT('',#13537);
#4504=VERTEX_POINT('',#13539);
#4505=VERTEX_POINT('',#13541);
#4506=VERTEX_POINT('',#13543);
#4507=VERTEX_POINT('',#13545);
#4508=VERTEX_POINT('',#13547);
#4509=VERTEX_POINT('',#13549);
#4510=VERTEX_POINT('',#13551);
#4511=VERTEX_POINT('',#13553);
#4512=VERTEX_POINT('',#13555);
#4513=VERTEX_POINT('',#13557);
#4514=VERTEX_POINT('',#13559);
#4515=VERTEX_POINT('',#13561);
#4516=VERTEX_POINT('',#13565);
#4517=VERTEX_POINT('',#13567);
#4518=VERTEX_POINT('',#13569);
#4519=VERTEX_POINT('',#13571);
#4520=VERTEX_POINT('',#13573);
#4521=VERTEX_POINT('',#13575);
#4522=VERTEX_POINT('',#13577);
#4523=VERTEX_POINT('',#13579);
#4524=VERTEX_POINT('',#13581);
#4525=VERTEX_POINT('',#13583);
#4526=VERTEX_POINT('',#13585);
#4527=VERTEX_POINT('',#13587);
#4528=VERTEX_POINT('',#13589);
#4529=VERTEX_POINT('',#13591);
#4530=VERTEX_POINT('',#13593);
#4531=VERTEX_POINT('',#13596);
#4532=VERTEX_POINT('',#13598);
#4533=VERTEX_POINT('',#13600);
#4534=VERTEX_POINT('',#13603);
#4535=VERTEX_POINT('',#13605);
#4536=VERTEX_POINT('',#13612);
#4537=VERTEX_POINT('',#13614);
#4538=VERTEX_POINT('',#13621);
#4539=VERTEX_POINT('',#13623);
#4540=VERTEX_POINT('',#13629);
#4541=VERTEX_POINT('',#13630);
#4542=VERTEX_POINT('',#13632);
#4543=VERTEX_POINT('',#13634);
#4544=VERTEX_POINT('',#13637);
#4545=VERTEX_POINT('',#13639);
#4546=VERTEX_POINT('',#13657);
#4547=VERTEX_POINT('',#13659);
#4548=VERTEX_POINT('',#13661);
#4549=VERTEX_POINT('',#13736);
#4550=VERTEX_POINT('',#13739);
#4551=VERTEX_POINT('',#13743);
#4552=VERTEX_POINT('',#13746);
#4553=VERTEX_POINT('',#13750);
#4554=VERTEX_POINT('',#13753);
#4555=VERTEX_POINT('',#13757);
#4556=VERTEX_POINT('',#13760);
#4557=VERTEX_POINT('',#13764);
#4558=VERTEX_POINT('',#13765);
#4559=VERTEX_POINT('',#13768);
#4560=VERTEX_POINT('',#13772);
#4561=VERTEX_POINT('',#13773);
#4562=VERTEX_POINT('',#13776);
#4563=VERTEX_POINT('',#13780);
#4564=VERTEX_POINT('',#13781);
#4565=VERTEX_POINT('',#13784);
#4566=VERTEX_POINT('',#13788);
#4567=VERTEX_POINT('',#13789);
#4568=VERTEX_POINT('',#13792);
#4569=VERTEX_POINT('',#13796);
#4570=VERTEX_POINT('',#13800);
#4571=VERTEX_POINT('',#13804);
#4572=VERTEX_POINT('',#13808);
#4573=VERTEX_POINT('',#13812);
#4574=VERTEX_POINT('',#13816);
#4575=VERTEX_POINT('',#13818);
#4576=VERTEX_POINT('',#13822);
#4577=VERTEX_POINT('',#13826);
#4578=VERTEX_POINT('',#13833);
#4579=VERTEX_POINT('',#13835);
#4580=VERTEX_POINT('',#13841);
#4581=VERTEX_POINT('',#13847);
#4582=VERTEX_POINT('',#13850);
#4583=VERTEX_POINT('',#13852);
#4584=VERTEX_POINT('',#13858);
#4585=VERTEX_POINT('',#13865);
#4586=VERTEX_POINT('',#13868);
#4587=VERTEX_POINT('',#13871);
#4588=VERTEX_POINT('',#13875);
#4589=VERTEX_POINT('',#13878);
#4590=VERTEX_POINT('',#13880);
#4591=VERTEX_POINT('',#13883);
#4592=VERTEX_POINT('',#13886);
#4593=VERTEX_POINT('',#13888);
#4594=VERTEX_POINT('',#13891);
#4595=VERTEX_POINT('',#13892);
#4596=VERTEX_POINT('',#13895);
#4597=VERTEX_POINT('',#13899);
#4598=VERTEX_POINT('',#13900);
#4599=VERTEX_POINT('',#13903);
#4600=VERTEX_POINT('',#13908);
#4601=VERTEX_POINT('',#13910);
#4602=VERTEX_POINT('',#13912);
#4603=VERTEX_POINT('',#13914);
#4604=VERTEX_POINT('',#13916);
#4605=VERTEX_POINT('',#13917);
#4606=VERTEX_POINT('',#13919);
#4607=VERTEX_POINT('',#13921);
#4608=VERTEX_POINT('',#13925);
#4609=VERTEX_POINT('',#13927);
#4610=VERTEX_POINT('',#13931);
#4611=VERTEX_POINT('',#13933);
#4612=VERTEX_POINT('',#13942);
#4613=VERTEX_POINT('',#13945);
#4614=VERTEX_POINT('',#13948);
#4615=VERTEX_POINT('',#13952);
#4616=VERTEX_POINT('',#13955);
#4617=VERTEX_POINT('',#13958);
#4618=VERTEX_POINT('',#13962);
#4619=VERTEX_POINT('',#13965);
#4620=VERTEX_POINT('',#13968);
#4621=VERTEX_POINT('',#13972);
#4622=VERTEX_POINT('',#13975);
#4623=VERTEX_POINT('',#13978);
#4624=VERTEX_POINT('',#13983);
#4625=VERTEX_POINT('',#13984);
#4626=VERTEX_POINT('',#13986);
#4627=VERTEX_POINT('',#13988);
#4628=VERTEX_POINT('',#13992);
#4629=VERTEX_POINT('',#13993);
#4630=VERTEX_POINT('',#13995);
#4631=VERTEX_POINT('',#13997);
#4632=VERTEX_POINT('',#14001);
#4633=VERTEX_POINT('',#14002);
#4634=VERTEX_POINT('',#14004);
#4635=VERTEX_POINT('',#14006);
#4636=VERTEX_POINT('',#14010);
#4637=VERTEX_POINT('',#14011);
#4638=VERTEX_POINT('',#14013);
#4639=VERTEX_POINT('',#14015);
#4640=VERTEX_POINT('',#14019);
#4641=VERTEX_POINT('',#14021);
#4642=VERTEX_POINT('',#14022);
#4643=VERTEX_POINT('',#14034);
#4644=VERTEX_POINT('',#14036);
#4645=VERTEX_POINT('',#14037);
#4646=VERTEX_POINT('',#14049);
#4647=VERTEX_POINT('',#14051);
#4648=VERTEX_POINT('',#14052);
#4649=VERTEX_POINT('',#14064);
#4650=VERTEX_POINT('',#14066);
#4651=VERTEX_POINT('',#14067);
#4652=VERTEX_POINT('',#14079);
#4653=VERTEX_POINT('',#14080);
#4654=VERTEX_POINT('',#14082);
#4655=VERTEX_POINT('',#14084);
#4656=VERTEX_POINT('',#14088);
#4657=VERTEX_POINT('',#14090);
#4658=VERTEX_POINT('',#14094);
#4659=VERTEX_POINT('',#14096);
#4660=VERTEX_POINT('',#14100);
#4661=VERTEX_POINT('',#14102);
#4662=VERTEX_POINT('',#14106);
#4663=VERTEX_POINT('',#14108);
#4664=VERTEX_POINT('',#14112);
#4665=VERTEX_POINT('',#14114);
#4666=VERTEX_POINT('',#14118);
#4667=VERTEX_POINT('',#14120);
#4668=VERTEX_POINT('',#14127);
#4669=VERTEX_POINT('',#14129);
#4670=VERTEX_POINT('',#14131);
#4671=VERTEX_POINT('',#14133);
#4672=VERTEX_POINT('',#14140);
#4673=VERTEX_POINT('',#14142);
#4674=VERTEX_POINT('',#14144);
#4675=VERTEX_POINT('',#14146);
#4676=VERTEX_POINT('',#14148);
#4677=VERTEX_POINT('',#14150);
#4678=VERTEX_POINT('',#14152);
#4679=VERTEX_POINT('',#14154);
#4680=VERTEX_POINT('',#14156);
#4681=VERTEX_POINT('',#14159);
#4682=VERTEX_POINT('',#14163);
#4683=VERTEX_POINT('',#14166);
#4684=VERTEX_POINT('',#14170);
#4685=VERTEX_POINT('',#14173);
#4686=VERTEX_POINT('',#14177);
#4687=VERTEX_POINT('',#14180);
#4688=VERTEX_POINT('',#14184);
#4689=VERTEX_POINT('',#14187);
#4690=VERTEX_POINT('',#14191);
#4691=VERTEX_POINT('',#14195);
#4692=VERTEX_POINT('',#14199);
#4693=VERTEX_POINT('',#14203);
#4694=VERTEX_POINT('',#14212);
#4695=VERTEX_POINT('',#14214);
#4696=VERTEX_POINT('',#14215);
#4697=VERTEX_POINT('',#14217);
#4698=VERTEX_POINT('',#14219);
#4699=VERTEX_POINT('',#14221);
#4700=VERTEX_POINT('',#14223);
#4701=VERTEX_POINT('',#14227);
#4702=VERTEX_POINT('',#14230);
#4703=VERTEX_POINT('',#14233);
#4704=VERTEX_POINT('',#14236);
#4705=VERTEX_POINT('',#14239);
#4706=VERTEX_POINT('',#14243);
#4707=VERTEX_POINT('',#14245);
#4708=VERTEX_POINT('',#14247);
#4709=VERTEX_POINT('',#14251);
#4710=VERTEX_POINT('',#14253);
#4711=VERTEX_POINT('',#14257);
#4712=VERTEX_POINT('',#14259);
#4713=VERTEX_POINT('',#14263);
#4714=VERTEX_POINT('',#14265);
#4715=VERTEX_POINT('',#14269);
#4716=VERTEX_POINT('',#14271);
#4717=VERTEX_POINT('',#14275);
#4718=VERTEX_POINT('',#14290);
#4719=LINE('',#11853,#5426);
#4720=LINE('',#11858,#5427);
#4721=LINE('',#11863,#5428);
#4722=LINE('',#11866,#5429);
#4723=LINE('',#11868,#5430);
#4724=LINE('',#11870,#5431);
#4725=LINE('',#11871,#5432);
#4726=LINE('',#11874,#5433);
#4727=LINE('',#11876,#5434);
#4728=LINE('',#11878,#5435);
#4729=LINE('',#11880,#5436);
#4730=LINE('',#11882,#5437);
#4731=LINE('',#11884,#5438);
#4732=LINE('',#11886,#5439);
#4733=LINE('',#11888,#5440);
#4734=LINE('',#11890,#5441);
#4735=LINE('',#11892,#5442);
#4736=LINE('',#11894,#5443);
#4737=LINE('',#11896,#5444);
#4738=LINE('',#11898,#5445);
#4739=LINE('',#11900,#5446);
#4740=LINE('',#11902,#5447);
#4741=LINE('',#11904,#5448);
#4742=LINE('',#11906,#5449);
#4743=LINE('',#11908,#5450);
#4744=LINE('',#11910,#5451);
#4745=LINE('',#11912,#5452);
#4746=LINE('',#11914,#5453);
#4747=LINE('',#11916,#5454);
#4748=LINE('',#11918,#5455);
#4749=LINE('',#11920,#5456);
#4750=LINE('',#11922,#5457);
#4751=LINE('',#11924,#5458);
#4752=LINE('',#11927,#5459);
#4753=LINE('',#11929,#5460);
#4754=LINE('',#11931,#5461);
#4755=LINE('',#11933,#5462);
#4756=LINE('',#11935,#5463);
#4757=LINE('',#11937,#5464);
#4758=LINE('',#11939,#5465);
#4759=LINE('',#11941,#5466);
#4760=LINE('',#11943,#5467);
#4761=LINE('',#11944,#5468);
#4762=LINE('',#11946,#5469);
#4763=LINE('',#11948,#5470);
#4764=LINE('',#11950,#5471);
#4765=LINE('',#11952,#5472);
#4766=LINE('',#11955,#5473);
#4767=LINE('',#11957,#5474);
#4768=LINE('',#11959,#5475);
#4769=LINE('',#11960,#5476);
#4770=LINE('',#11962,#5477);
#4771=LINE('',#11964,#5478);
#4772=LINE('',#11966,#5479);
#4773=LINE('',#11970,#5480);
#4774=LINE('',#11972,#5481);
#4775=LINE('',#11973,#5482);
#4776=LINE('',#11974,#5483);
#4777=LINE('',#11976,#5484);
#4778=LINE('',#11978,#5485);
#4779=LINE('',#11981,#5486);
#4780=LINE('',#11985,#5487);
#4781=LINE('',#11989,#5488);
#4782=LINE('',#11993,#5489);
#4783=LINE('',#11995,#5490);
#4784=LINE('',#11997,#5491);
#4785=LINE('',#11999,#5492);
#4786=LINE('',#12001,#5493);
#4787=LINE('',#12003,#5494);
#4788=LINE('',#12008,#5495);
#4789=LINE('',#12013,#5496);
#4790=LINE('',#12015,#5497);
#4791=LINE('',#12019,#5498);
#4792=LINE('',#12023,#5499);
#4793=LINE('',#12027,#5500);
#4794=LINE('',#12029,#5501);
#4795=LINE('',#12034,#5502);
#4796=LINE('',#12036,#5503);
#4797=LINE('',#12038,#5504);
#4798=LINE('',#12040,#5505);
#4799=LINE('',#12042,#5506);
#4800=LINE('',#12055,#5507);
#4801=LINE('',#12057,#5508);
#4802=LINE('',#12059,#5509);
#4803=LINE('',#12061,#5510);
#4804=LINE('',#12063,#5511);
#4805=LINE('',#12065,#5512);
#4806=LINE('',#12067,#5513);
#4807=LINE('',#12069,#5514);
#4808=LINE('',#12071,#5515);
#4809=LINE('',#12073,#5516);
#4810=LINE('',#12074,#5517);
#4811=LINE('',#12078,#5518);
#4812=LINE('',#12080,#5519);
#4813=LINE('',#12082,#5520);
#4814=LINE('',#12084,#5521);
#4815=LINE('',#12086,#5522);
#4816=LINE('',#12088,#5523);
#4817=LINE('',#12090,#5524);
#4818=LINE('',#12092,#5525);
#4819=LINE('',#12094,#5526);
#4820=LINE('',#12096,#5527);
#4821=LINE('',#12098,#5528);
#4822=LINE('',#12102,#5529);
#4823=LINE('',#12104,#5530);
#4824=LINE('',#12106,#5531);
#4825=LINE('',#12108,#5532);
#4826=LINE('',#12110,#5533);
#4827=LINE('',#12114,#5534);
#4828=LINE('',#12119,#5535);
#4829=LINE('',#12123,#5536);
#4830=LINE('',#12127,#5537);
#4831=LINE('',#12131,#5538);
#4832=LINE('',#12133,#5539);
#4833=LINE('',#12137,#5540);
#4834=LINE('',#12141,#5541);
#4835=LINE('',#12143,#5542);
#4836=LINE('',#12145,#5543);
#4837=LINE('',#12149,#5544);
#4838=LINE('',#12151,#5545);
#4839=LINE('',#12160,#5546);
#4840=LINE('',#12164,#5547);
#4841=LINE('',#12168,#5548);
#4842=LINE('',#12172,#5549);
#4843=LINE('',#12174,#5550);
#4844=LINE('',#12176,#5551);
#4845=LINE('',#12178,#5552);
#4846=LINE('',#12180,#5553);
#4847=LINE('',#12182,#5554);
#4848=LINE('',#12184,#5555);
#4849=LINE('',#12186,#5556);
#4850=LINE('',#12188,#5557);
#4851=LINE('',#12190,#5558);
#4852=LINE('',#12192,#5559);
#4853=LINE('',#12194,#5560);
#4854=LINE('',#12196,#5561);
#4855=LINE('',#12198,#5562);
#4856=LINE('',#12202,#5563);
#4857=LINE('',#12204,#5564);
#4858=LINE('',#12205,#5565);
#4859=LINE('',#12206,#5566);
#4860=LINE('',#12208,#5567);
#4861=LINE('',#12210,#5568);
#4862=LINE('',#12214,#5569);
#4863=LINE('',#12218,#5570);
#4864=LINE('',#12221,#5571);
#4865=LINE('',#12225,#5572);
#4866=LINE('',#12227,#5573);
#4867=LINE('',#12229,#5574);
#4868=LINE('',#12233,#5575);
#4869=LINE('',#12235,#5576);
#4870=LINE('',#12236,#5577);
#4871=LINE('',#12237,#5578);
#4872=LINE('',#12238,#5579);
#4873=LINE('',#12239,#5580);
#4874=LINE('',#12240,#5581);
#4875=LINE('',#12242,#5582);
#4876=LINE('',#12244,#5583);
#4877=LINE('',#12246,#5584);
#4878=LINE('',#12247,#5585);
#4879=LINE('',#12249,#5586);
#4880=LINE('',#12250,#5587);
#4881=LINE('',#12252,#5588);
#4882=LINE('',#12254,#5589);
#4883=LINE('',#12255,#5590);
#4884=LINE('',#12257,#5591);
#4885=LINE('',#12259,#5592);
#4886=LINE('',#12281,#5593);
#4887=LINE('',#12283,#5594);
#4888=LINE('',#12285,#5595);
#4889=LINE('',#12287,#5596);
#4890=LINE('',#12289,#5597);
#4891=LINE('',#12293,#5598);
#4892=LINE('',#12297,#5599);
#4893=LINE('',#12301,#5600);
#4894=LINE('',#12303,#5601);
#4895=LINE('',#12305,#5602);
#4896=LINE('',#12306,#5603);
#4897=LINE('',#12320,#5604);
#4898=LINE('',#12321,#5605);
#4899=LINE('',#12322,#5606);
#4900=LINE('',#12324,#5607);
#4901=LINE('',#12325,#5608);
#4902=LINE('',#12329,#5609);
#4903=LINE('',#12331,#5610);
#4904=LINE('',#12333,#5611);
#4905=LINE('',#12338,#5612);
#4906=LINE('',#12340,#5613);
#4907=LINE('',#12342,#5614);
#4908=LINE('',#12346,#5615);
#4909=LINE('',#12348,#5616);
#4910=LINE('',#12353,#5617);
#4911=LINE('',#12355,#5618);
#4912=LINE('',#12357,#5619);
#4913=LINE('',#12360,#5620);
#4914=LINE('',#12362,#5621);
#4915=LINE('',#12364,#5622);
#4916=LINE('',#12367,#5623);
#4917=LINE('',#12368,#5624);
#4918=LINE('',#12375,#5625);
#4919=LINE('',#12378,#5626);
#4920=LINE('',#12379,#5627);
#4921=LINE('',#12381,#5628);
#4922=LINE('',#12383,#5629);
#4923=LINE('',#12389,#5630);
#4924=LINE('',#12391,#5631);
#4925=LINE('',#12392,#5632);
#4926=LINE('',#12394,#5633);
#4927=LINE('',#12399,#5634);
#4928=LINE('',#12401,#5635);
#4929=LINE('',#12402,#5636);
#4930=LINE('',#12404,#5637);
#4931=LINE('',#12410,#5638);
#4932=LINE('',#12412,#5639);
#4933=LINE('',#12413,#5640);
#4934=LINE('',#12414,#5641);
#4935=LINE('',#12416,#5642);
#4936=LINE('',#12418,#5643);
#4937=LINE('',#12420,#5644);
#4938=LINE('',#12424,#5645);
#4939=LINE('',#12428,#5646);
#4940=LINE('',#12430,#5647);
#4941=LINE('',#12432,#5648);
#4942=LINE('',#12436,#5649);
#4943=LINE('',#12440,#5650);
#4944=LINE('',#12441,#5651);
#4945=LINE('',#12443,#5652);
#4946=LINE('',#12444,#5653);
#4947=LINE('',#12445,#5654);
#4948=LINE('',#12449,#5655);
#4949=LINE('',#12453,#5656);
#4950=LINE('',#12454,#5657);
#4951=LINE('',#12540,#5658);
#4952=LINE('',#12542,#5659);
#4953=LINE('',#12544,#5660);
#4954=LINE('',#12546,#5661);
#4955=LINE('',#12548,#5662);
#4956=LINE('',#12550,#5663);
#4957=LINE('',#12552,#5664);
#4958=LINE('',#12554,#5665);
#4959=LINE('',#12556,#5666);
#4960=LINE('',#12558,#5667);
#4961=LINE('',#12560,#5668);
#4962=LINE('',#12568,#5669);
#4963=LINE('',#12571,#5670);
#4964=LINE('',#12573,#5671);
#4965=LINE('',#12575,#5672);
#4966=LINE('',#12577,#5673);
#4967=LINE('',#12578,#5674);
#4968=LINE('',#12580,#5675);
#4969=LINE('',#12588,#5676);
#4970=LINE('',#12590,#5677);
#4971=LINE('',#12592,#5678);
#4972=LINE('',#12594,#5679);
#4973=LINE('',#12602,#5680);
#4974=LINE('',#12604,#5681);
#4975=LINE('',#12612,#5682);
#4976=LINE('',#12614,#5683);
#4977=LINE('',#12616,#5684);
#4978=LINE('',#12618,#5685);
#4979=LINE('',#12620,#5686);
#4980=LINE('',#12622,#5687);
#4981=LINE('',#12624,#5688);
#4982=LINE('',#12626,#5689);
#4983=LINE('',#12628,#5690);
#4984=LINE('',#12630,#5691);
#4985=LINE('',#12632,#5692);
#4986=LINE('',#12634,#5693);
#4987=LINE('',#12638,#5694);
#4988=LINE('',#12640,#5695);
#4989=LINE('',#12642,#5696);
#4990=LINE('',#12644,#5697);
#4991=LINE('',#12648,#5698);
#4992=LINE('',#12650,#5699);
#4993=LINE('',#12652,#5700);
#4994=LINE('',#12654,#5701);
#4995=LINE('',#12656,#5702);
#4996=LINE('',#12658,#5703);
#4997=LINE('',#12660,#5704);
#4998=LINE('',#12662,#5705);
#4999=LINE('',#12664,#5706);
#5000=LINE('',#12665,#5707);
#5001=LINE('',#12667,#5708);
#5002=LINE('',#12669,#5709);
#5003=LINE('',#12671,#5710);
#5004=LINE('',#12673,#5711);
#5005=LINE('',#12674,#5712);
#5006=LINE('',#12770,#5713);
#5007=LINE('',#12777,#5714);
#5008=LINE('',#12782,#5715);
#5009=LINE('',#12785,#5716);
#5010=LINE('',#12790,#5717);
#5011=LINE('',#12797,#5718);
#5012=LINE('',#12799,#5719);
#5013=LINE('',#12802,#5720);
#5014=LINE('',#12803,#5721);
#5015=LINE('',#12807,#5722);
#5016=LINE('',#12809,#5723);
#5017=LINE('',#12811,#5724);
#5018=LINE('',#12813,#5725);
#5019=LINE('',#12823,#5726);
#5020=LINE('',#12832,#5727);
#5021=LINE('',#12835,#5728);
#5022=LINE('',#12837,#5729);
#5023=LINE('',#12839,#5730);
#5024=LINE('',#12841,#5731);
#5025=LINE('',#12843,#5732);
#5026=LINE('',#12851,#5733);
#5027=LINE('',#12854,#5734);
#5028=LINE('',#12856,#5735);
#5029=LINE('',#12858,#5736);
#5030=LINE('',#12860,#5737);
#5031=LINE('',#12862,#5738);
#5032=LINE('',#12870,#5739);
#5033=LINE('',#12873,#5740);
#5034=LINE('',#12875,#5741);
#5035=LINE('',#12877,#5742);
#5036=LINE('',#12879,#5743);
#5037=LINE('',#12881,#5744);
#5038=LINE('',#12889,#5745);
#5039=LINE('',#12892,#5746);
#5040=LINE('',#12894,#5747);
#5041=LINE('',#12896,#5748);
#5042=LINE('',#12898,#5749);
#5043=LINE('',#12900,#5750);
#5044=LINE('',#12902,#5751);
#5045=LINE('',#12904,#5752);
#5046=LINE('',#12906,#5753);
#5047=LINE('',#12908,#5754);
#5048=LINE('',#12910,#5755);
#5049=LINE('',#12912,#5756);
#5050=LINE('',#12914,#5757);
#5051=LINE('',#12916,#5758);
#5052=LINE('',#12918,#5759);
#5053=LINE('',#12920,#5760);
#5054=LINE('',#12922,#5761);
#5055=LINE('',#12924,#5762);
#5056=LINE('',#12927,#5763);
#5057=LINE('',#12929,#5764);
#5058=LINE('',#12931,#5765);
#5059=LINE('',#12933,#5766);
#5060=LINE('',#12935,#5767);
#5061=LINE('',#12937,#5768);
#5062=LINE('',#12939,#5769);
#5063=LINE('',#12941,#5770);
#5064=LINE('',#12943,#5771);
#5065=LINE('',#12945,#5772);
#5066=LINE('',#12947,#5773);
#5067=LINE('',#12949,#5774);
#5068=LINE('',#12952,#5775);
#5069=LINE('',#12954,#5776);
#5070=LINE('',#12956,#5777);
#5071=LINE('',#12958,#5778);
#5072=LINE('',#12960,#5779);
#5073=LINE('',#12962,#5780);
#5074=LINE('',#12964,#5781);
#5075=LINE('',#12966,#5782);
#5076=LINE('',#12968,#5783);
#5077=LINE('',#12970,#5784);
#5078=LINE('',#12972,#5785);
#5079=LINE('',#12974,#5786);
#5080=LINE('',#12977,#5787);
#5081=LINE('',#12979,#5788);
#5082=LINE('',#12981,#5789);
#5083=LINE('',#12983,#5790);
#5084=LINE('',#12985,#5791);
#5085=LINE('',#12987,#5792);
#5086=LINE('',#12989,#5793);
#5087=LINE('',#12991,#5794);
#5088=LINE('',#12993,#5795);
#5089=LINE('',#12995,#5796);
#5090=LINE('',#12997,#5797);
#5091=LINE('',#12999,#5798);
#5092=LINE('',#13002,#5799);
#5093=LINE('',#13004,#5800);
#5094=LINE('',#13006,#5801);
#5095=LINE('',#13011,#5802);
#5096=LINE('',#13013,#5803);
#5097=LINE('',#13015,#5804);
#5098=LINE('',#13018,#5805);
#5099=LINE('',#13021,#5806);
#5100=LINE('',#13023,#5807);
#5101=LINE('',#13025,#5808);
#5102=LINE('',#13027,#5809);
#5103=LINE('',#13029,#5810);
#5104=LINE('',#13042,#5811);
#5105=LINE('',#13044,#5812);
#5106=LINE('',#13046,#5813);
#5107=LINE('',#13048,#5814);
#5108=LINE('',#13050,#5815);
#5109=LINE('',#13052,#5816);
#5110=LINE('',#13054,#5817);
#5111=LINE('',#13056,#5818);
#5112=LINE('',#13058,#5819);
#5113=LINE('',#13060,#5820);
#5114=LINE('',#13062,#5821);
#5115=LINE('',#13064,#5822);
#5116=LINE('',#13078,#5823);
#5117=LINE('',#13081,#5824);
#5118=LINE('',#13083,#5825);
#5119=LINE('',#13085,#5826);
#5120=LINE('',#13087,#5827);
#5121=LINE('',#13089,#5828);
#5122=LINE('',#13091,#5829);
#5123=LINE('',#13093,#5830);
#5124=LINE('',#13095,#5831);
#5125=LINE('',#13097,#5832);
#5126=LINE('',#13099,#5833);
#5127=LINE('',#13101,#5834);
#5128=LINE('',#13103,#5835);
#5129=LINE('',#13105,#5836);
#5130=LINE('',#13107,#5837);
#5131=LINE('',#13109,#5838);
#5132=LINE('',#13111,#5839);
#5133=LINE('',#13113,#5840);
#5134=LINE('',#13118,#5841);
#5135=LINE('',#13121,#5842);
#5136=LINE('',#13123,#5843);
#5137=LINE('',#13125,#5844);
#5138=LINE('',#13127,#5845);
#5139=LINE('',#13129,#5846);
#5140=LINE('',#13140,#5847);
#5141=LINE('',#13142,#5848);
#5142=LINE('',#13144,#5849);
#5143=LINE('',#13146,#5850);
#5144=LINE('',#13148,#5851);
#5145=LINE('',#13150,#5852);
#5146=LINE('',#13152,#5853);
#5147=LINE('',#13154,#5854);
#5148=LINE('',#13156,#5855);
#5149=LINE('',#13158,#5856);
#5150=LINE('',#13160,#5857);
#5151=LINE('',#13162,#5858);
#5152=LINE('',#13176,#5859);
#5153=LINE('',#13179,#5860);
#5154=LINE('',#13181,#5861);
#5155=LINE('',#13183,#5862);
#5156=LINE('',#13185,#5863);
#5157=LINE('',#13187,#5864);
#5158=LINE('',#13189,#5865);
#5159=LINE('',#13191,#5866);
#5160=LINE('',#13193,#5867);
#5161=LINE('',#13195,#5868);
#5162=LINE('',#13197,#5869);
#5163=LINE('',#13199,#5870);
#5164=LINE('',#13201,#5871);
#5165=LINE('',#13203,#5872);
#5166=LINE('',#13205,#5873);
#5167=LINE('',#13207,#5874);
#5168=LINE('',#13209,#5875);
#5169=LINE('',#13211,#5876);
#5170=LINE('',#13215,#5877);
#5171=LINE('',#13216,#5878);
#5172=LINE('',#13218,#5879);
#5173=LINE('',#13220,#5880);
#5174=LINE('',#13229,#5881);
#5175=LINE('',#13231,#5882);
#5176=LINE('',#13235,#5883);
#5177=LINE('',#13237,#5884);
#5178=LINE('',#13241,#5885);
#5179=LINE('',#13245,#5886);
#5180=LINE('',#13256,#5887);
#5181=LINE('',#13258,#5888);
#5182=LINE('',#13260,#5889);
#5183=LINE('',#13262,#5890);
#5184=LINE('',#13264,#5891);
#5185=LINE('',#13268,#5892);
#5186=LINE('',#13270,#5893);
#5187=LINE('',#13274,#5894);
#5188=LINE('',#13276,#5895);
#5189=LINE('',#13278,#5896);
#5190=LINE('',#13280,#5897);
#5191=LINE('',#13282,#5898);
#5192=LINE('',#13286,#5899);
#5193=LINE('',#13288,#5900);
#5194=LINE('',#13292,#5901);
#5195=LINE('',#13294,#5902);
#5196=LINE('',#13296,#5903);
#5197=LINE('',#13298,#5904);
#5198=LINE('',#13302,#5905);
#5199=LINE('',#13304,#5906);
#5200=LINE('',#13308,#5907);
#5201=LINE('',#13310,#5908);
#5202=LINE('',#13316,#5909);
#5203=LINE('',#13319,#5910);
#5204=LINE('',#13323,#5911);
#5205=LINE('',#13325,#5912);
#5206=LINE('',#13327,#5913);
#5207=LINE('',#13328,#5914);
#5208=LINE('',#13329,#5915);
#5209=LINE('',#13331,#5916);
#5210=LINE('',#13333,#5917);
#5211=LINE('',#13350,#5918);
#5212=LINE('',#13353,#5919);
#5213=LINE('',#13355,#5920);
#5214=LINE('',#13357,#5921);
#5215=LINE('',#13359,#5922);
#5216=LINE('',#13361,#5923);
#5217=LINE('',#13363,#5924);
#5218=LINE('',#13365,#5925);
#5219=LINE('',#13367,#5926);
#5220=LINE('',#13369,#5927);
#5221=LINE('',#13371,#5928);
#5222=LINE('',#13386,#5929);
#5223=LINE('',#13387,#5930);
#5224=LINE('',#13389,#5931);
#5225=LINE('',#13391,#5932);
#5226=LINE('',#13395,#5933);
#5227=LINE('',#13397,#5934);
#5228=LINE('',#13401,#5935);
#5229=LINE('',#13403,#5936);
#5230=LINE('',#13405,#5937);
#5231=LINE('',#13407,#5938);
#5232=LINE('',#13409,#5939);
#5233=LINE('',#13413,#5940);
#5234=LINE('',#13415,#5941);
#5235=LINE('',#13419,#5942);
#5236=LINE('',#13421,#5943);
#5237=LINE('',#13423,#5944);
#5238=LINE('',#13426,#5945);
#5239=LINE('',#13428,#5946);
#5240=LINE('',#13432,#5947);
#5241=LINE('',#13434,#5948);
#5242=LINE('',#13459,#5949);
#5243=LINE('',#13462,#5950);
#5244=LINE('',#13464,#5951);
#5245=LINE('',#13467,#5952);
#5246=LINE('',#13469,#5953);
#5247=LINE('',#13473,#5954);
#5248=LINE('',#13475,#5955);
#5249=LINE('',#13479,#5956);
#5250=LINE('',#13481,#5957);
#5251=LINE('',#13484,#5958);
#5252=LINE('',#13494,#5959);
#5253=LINE('',#13497,#5960);
#5254=LINE('',#13499,#5961);
#5255=LINE('',#13501,#5962);
#5256=LINE('',#13511,#5963);
#5257=LINE('',#13514,#5964);
#5258=LINE('',#13516,#5965);
#5259=LINE('',#13518,#5966);
#5260=LINE('',#13522,#5967);
#5261=LINE('',#13524,#5968);
#5262=LINE('',#13526,#5969);
#5263=LINE('',#13527,#5970);
#5264=LINE('',#13529,#5971);
#5265=LINE('',#13531,#5972);
#5266=LINE('',#13534,#5973);
#5267=LINE('',#13536,#5974);
#5268=LINE('',#13538,#5975);
#5269=LINE('',#13540,#5976);
#5270=LINE('',#13542,#5977);
#5271=LINE('',#13544,#5978);
#5272=LINE('',#13548,#5979);
#5273=LINE('',#13552,#5980);
#5274=LINE('',#13554,#5981);
#5275=LINE('',#13556,#5982);
#5276=LINE('',#13558,#5983);
#5277=LINE('',#13560,#5984);
#5278=LINE('',#13562,#5985);
#5279=LINE('',#13566,#5986);
#5280=LINE('',#13568,#5987);
#5281=LINE('',#13570,#5988);
#5282=LINE('',#13572,#5989);
#5283=LINE('',#13574,#5990);
#5284=LINE('',#13576,#5991);
#5285=LINE('',#13580,#5992);
#5286=LINE('',#13584,#5993);
#5287=LINE('',#13586,#5994);
#5288=LINE('',#13588,#5995);
#5289=LINE('',#13590,#5996);
#5290=LINE('',#13592,#5997);
#5291=LINE('',#13594,#5998);
#5292=LINE('',#13597,#5999);
#5293=LINE('',#13599,#6000);
#5294=LINE('',#13601,#6001);
#5295=LINE('',#13602,#6002);
#5296=LINE('',#13604,#6003);
#5297=LINE('',#13606,#6004);
#5298=LINE('',#13608,#6005);
#5299=LINE('',#13609,#6006);
#5300=LINE('',#13615,#6007);
#5301=LINE('',#13618,#6008);
#5302=LINE('',#13624,#6009);
#5303=LINE('',#13626,#6010);
#5304=LINE('',#13628,#6011);
#5305=LINE('',#13633,#6012);
#5306=LINE('',#13640,#6013);
#5307=LINE('',#13642,#6014);
#5308=LINE('',#13644,#6015);
#5309=LINE('',#13646,#6016);
#5310=LINE('',#13648,#6017);
#5311=LINE('',#13650,#6018);
#5312=LINE('',#13652,#6019);
#5313=LINE('',#13654,#6020);
#5314=LINE('',#13663,#6021);
#5315=LINE('',#13664,#6022);
#5316=LINE('',#13666,#6023);
#5317=LINE('',#13667,#6024);
#5318=LINE('',#13669,#6025);
#5319=LINE('',#13672,#6026);
#5320=LINE('',#13675,#6027);
#5321=LINE('',#13676,#6028);
#5322=LINE('',#13678,#6029);
#5323=LINE('',#13680,#6030);
#5324=LINE('',#13682,#6031);
#5325=LINE('',#13684,#6032);
#5326=LINE('',#13686,#6033);
#5327=LINE('',#13688,#6034);
#5328=LINE('',#13690,#6035);
#5329=LINE('',#13692,#6036);
#5330=LINE('',#13694,#6037);
#5331=LINE('',#13696,#6038);
#5332=LINE('',#13698,#6039);
#5333=LINE('',#13700,#6040);
#5334=LINE('',#13702,#6041);
#5335=LINE('',#13704,#6042);
#5336=LINE('',#13706,#6043);
#5337=LINE('',#13709,#6044);
#5338=LINE('',#13719,#6045);
#5339=LINE('',#13720,#6046);
#5340=LINE('',#13728,#6047);
#5341=LINE('',#13729,#6048);
#5342=LINE('',#13815,#6049);
#5343=LINE('',#13819,#6050);
#5344=LINE('',#13821,#6051);
#5345=LINE('',#13823,#6052);
#5346=LINE('',#13825,#6053);
#5347=LINE('',#13829,#6054);
#5348=LINE('',#13832,#6055);
#5349=LINE('',#13836,#6056);
#5350=LINE('',#13838,#6057);
#5351=LINE('',#13840,#6058);
#5352=LINE('',#13842,#6059);
#5353=LINE('',#13849,#6060);
#5354=LINE('',#13853,#6061);
#5355=LINE('',#13855,#6062);
#5356=LINE('',#13857,#6063);
#5357=LINE('',#13859,#6064);
#5358=LINE('',#13915,#6065);
#5359=LINE('',#13918,#6066);
#5360=LINE('',#13920,#6067);
#5361=LINE('',#13922,#6068);
#5362=LINE('',#13924,#6069);
#5363=LINE('',#13926,#6070);
#5364=LINE('',#13928,#6071);
#5365=LINE('',#13930,#6072);
#5366=LINE('',#13932,#6073);
#5367=LINE('',#13934,#6074);
#5368=LINE('',#13936,#6075);
#5369=LINE('',#13937,#6076);
#5370=LINE('',#13982,#6077);
#5371=LINE('',#13987,#6078);
#5372=LINE('',#13991,#6079);
#5373=LINE('',#13996,#6080);
#5374=LINE('',#14000,#6081);
#5375=LINE('',#14005,#6082);
#5376=LINE('',#14009,#6083);
#5377=LINE('',#14014,#6084);
#5378=LINE('',#14078,#6085);
#5379=LINE('',#14081,#6086);
#5380=LINE('',#14083,#6087);
#5381=LINE('',#14085,#6088);
#5382=LINE('',#14087,#6089);
#5383=LINE('',#14089,#6090);
#5384=LINE('',#14091,#6091);
#5385=LINE('',#14093,#6092);
#5386=LINE('',#14095,#6093);
#5387=LINE('',#14097,#6094);
#5388=LINE('',#14099,#6095);
#5389=LINE('',#14101,#6096);
#5390=LINE('',#14103,#6097);
#5391=LINE('',#14105,#6098);
#5392=LINE('',#14107,#6099);
#5393=LINE('',#14109,#6100);
#5394=LINE('',#14111,#6101);
#5395=LINE('',#14113,#6102);
#5396=LINE('',#14115,#6103);
#5397=LINE('',#14117,#6104);
#5398=LINE('',#14119,#6105);
#5399=LINE('',#14121,#6106);
#5400=LINE('',#14123,#6107);
#5401=LINE('',#14124,#6108);
#5402=LINE('',#14213,#6109);
#5403=LINE('',#14216,#6110);
#5404=LINE('',#14218,#6111);
#5405=LINE('',#14220,#6112);
#5406=LINE('',#14222,#6113);
#5407=LINE('',#14224,#6114);
#5408=LINE('',#14242,#6115);
#5409=LINE('',#14244,#6116);
#5410=LINE('',#14246,#6117);
#5411=LINE('',#14248,#6118);
#5412=LINE('',#14250,#6119);
#5413=LINE('',#14252,#6120);
#5414=LINE('',#14254,#6121);
#5415=LINE('',#14256,#6122);
#5416=LINE('',#14258,#6123);
#5417=LINE('',#14260,#6124);
#5418=LINE('',#14262,#6125);
#5419=LINE('',#14264,#6126);
#5420=LINE('',#14266,#6127);
#5421=LINE('',#14268,#6128);
#5422=LINE('',#14270,#6129);
#5423=LINE('',#14272,#6130);
#5424=LINE('',#14274,#6131);
#5425=LINE('',#14276,#6132);
#5426=VECTOR('',#9404,1000.);
#5427=VECTOR('',#9407,1000.);
#5428=VECTOR('',#9412,1000.);
#5429=VECTOR('',#9413,1000.);
#5430=VECTOR('',#9414,1000.);
#5431=VECTOR('',#9415,1000.);
#5432=VECTOR('',#9416,1000.);
#5433=VECTOR('',#9417,1000.);
#5434=VECTOR('',#9418,1000.);
#5435=VECTOR('',#9419,1000.);
#5436=VECTOR('',#9420,1000.);
#5437=VECTOR('',#9421,1000.);
#5438=VECTOR('',#9422,1000.);
#5439=VECTOR('',#9423,1000.);
#5440=VECTOR('',#9424,1000.);
#5441=VECTOR('',#9425,1000.);
#5442=VECTOR('',#9426,1000.);
#5443=VECTOR('',#9427,1000.);
#5444=VECTOR('',#9428,1000.);
#5445=VECTOR('',#9429,1000.);
#5446=VECTOR('',#9430,1000.);
#5447=VECTOR('',#9431,1000.);
#5448=VECTOR('',#9432,1000.);
#5449=VECTOR('',#9433,1000.);
#5450=VECTOR('',#9434,1000.);
#5451=VECTOR('',#9435,1000.);
#5452=VECTOR('',#9436,1000.);
#5453=VECTOR('',#9437,1000.);
#5454=VECTOR('',#9438,1000.);
#5455=VECTOR('',#9439,1000.);
#5456=VECTOR('',#9440,1000.);
#5457=VECTOR('',#9441,1000.);
#5458=VECTOR('',#9444,1000.);
#5459=VECTOR('',#9445,1000.);
#5460=VECTOR('',#9446,1000.);
#5461=VECTOR('',#9447,1000.);
#5462=VECTOR('',#9448,1000.);
#5463=VECTOR('',#9449,1000.);
#5464=VECTOR('',#9450,1000.);
#5465=VECTOR('',#9451,1000.);
#5466=VECTOR('',#9452,1000.);
#5467=VECTOR('',#9455,1000.);
#5468=VECTOR('',#9456,1000.);
#5469=VECTOR('',#9459,1000.);
#5470=VECTOR('',#9460,1000.);
#5471=VECTOR('',#9461,1000.);
#5472=VECTOR('',#9464,1000.);
#5473=VECTOR('',#9465,1000.);
#5474=VECTOR('',#9466,1000.);
#5475=VECTOR('',#9467,1000.);
#5476=VECTOR('',#9468,1000.);
#5477=VECTOR('',#9469,1000.);
#5478=VECTOR('',#9470,1000.);
#5479=VECTOR('',#9471,1000.);
#5480=VECTOR('',#9476,1000.);
#5481=VECTOR('',#9477,1000.);
#5482=VECTOR('',#9478,1000.);
#5483=VECTOR('',#9479,1000.);
#5484=VECTOR('',#9480,1000.);
#5485=VECTOR('',#9483,1000.);
#5486=VECTOR('',#9484,1000.);
#5487=VECTOR('',#9487,1000.);
#5488=VECTOR('',#9490,1000.);
#5489=VECTOR('',#9493,1000.);
#5490=VECTOR('',#9494,1000.);
#5491=VECTOR('',#9495,1000.);
#5492=VECTOR('',#9496,1000.);
#5493=VECTOR('',#9497,1000.);
#5494=VECTOR('',#9500,1000.);
#5495=VECTOR('',#9503,1000.);
#5496=VECTOR('',#9508,1000.);
#5497=VECTOR('',#9509,1000.);
#5498=VECTOR('',#9512,1000.);
#5499=VECTOR('',#9515,1000.);
#5500=VECTOR('',#9518,1000.);
#5501=VECTOR('',#9519,1000.);
#5502=VECTOR('',#9528,1000.);
#5503=VECTOR('',#9529,1000.);
#5504=VECTOR('',#9530,1000.);
#5505=VECTOR('',#9531,1000.);
#5506=VECTOR('',#9532,1000.);
#5507=VECTOR('',#9551,1000.);
#5508=VECTOR('',#9552,1000.);
#5509=VECTOR('',#9553,1000.);
#5510=VECTOR('',#9554,1000.);
#5511=VECTOR('',#9555,1000.);
#5512=VECTOR('',#9556,1000.);
#5513=VECTOR('',#9557,1000.);
#5514=VECTOR('',#9560,1000.);
#5515=VECTOR('',#9561,1000.);
#5516=VECTOR('',#9562,1000.);
#5517=VECTOR('',#9563,1000.);
#5518=VECTOR('',#9566,1000.);
#5519=VECTOR('',#9567,1000.);
#5520=VECTOR('',#9568,1000.);
#5521=VECTOR('',#9569,1000.);
#5522=VECTOR('',#9570,1000.);
#5523=VECTOR('',#9571,1000.);
#5524=VECTOR('',#9572,1000.);
#5525=VECTOR('',#9573,1000.);
#5526=VECTOR('',#9574,1000.);
#5527=VECTOR('',#9575,1000.);
#5528=VECTOR('',#9576,1000.);
#5529=VECTOR('',#9579,1000.);
#5530=VECTOR('',#9582,1000.);
#5531=VECTOR('',#9583,1000.);
#5532=VECTOR('',#9586,1000.);
#5533=VECTOR('',#9587,1000.);
#5534=VECTOR('',#9592,1000.);
#5535=VECTOR('',#9595,1000.);
#5536=VECTOR('',#9598,1000.);
#5537=VECTOR('',#9601,1000.);
#5538=VECTOR('',#9606,1000.);
#5539=VECTOR('',#9607,1000.);
#5540=VECTOR('',#9612,1000.);
#5541=VECTOR('',#9615,1000.);
#5542=VECTOR('',#9618,1000.);
#5543=VECTOR('',#9619,1000.);
#5544=VECTOR('',#9624,1000.);
#5545=VECTOR('',#9625,1000.);
#5546=VECTOR('',#9634,1000.);
#5547=VECTOR('',#9637,1000.);
#5548=VECTOR('',#9640,1000.);
#5549=VECTOR('',#9643,1000.);
#5550=VECTOR('',#9646,1000.);
#5551=VECTOR('',#9647,1000.);
#5552=VECTOR('',#9648,1000.);
#5553=VECTOR('',#9649,1000.);
#5554=VECTOR('',#9650,1000.);
#5555=VECTOR('',#9653,1000.);
#5556=VECTOR('',#9654,1000.);
#5557=VECTOR('',#9655,1000.);
#5558=VECTOR('',#9656,1000.);
#5559=VECTOR('',#9657,1000.);
#5560=VECTOR('',#9660,1000.);
#5561=VECTOR('',#9661,1000.);
#5562=VECTOR('',#9662,1000.);
#5563=VECTOR('',#9665,1000.);
#5564=VECTOR('',#9666,1000.);
#5565=VECTOR('',#9667,1000.);
#5566=VECTOR('',#9668,1000.);
#5567=VECTOR('',#9669,1000.);
#5568=VECTOR('',#9670,1000.);
#5569=VECTOR('',#9673,1000.);
#5570=VECTOR('',#9678,1000.);
#5571=VECTOR('',#9679,1000.);
#5572=VECTOR('',#9682,1000.);
#5573=VECTOR('',#9683,1000.);
#5574=VECTOR('',#9684,1000.);
#5575=VECTOR('',#9687,1000.);
#5576=VECTOR('',#9690,1000.);
#5577=VECTOR('',#9691,1000.);
#5578=VECTOR('',#9692,1000.);
#5579=VECTOR('',#9693,1000.);
#5580=VECTOR('',#9694,1000.);
#5581=VECTOR('',#9695,1000.);
#5582=VECTOR('',#9696,1000.);
#5583=VECTOR('',#9697,1000.);
#5584=VECTOR('',#9698,1000.);
#5585=VECTOR('',#9699,1000.);
#5586=VECTOR('',#9700,1000.);
#5587=VECTOR('',#9701,1000.);
#5588=VECTOR('',#9704,1000.);
#5589=VECTOR('',#9705,1000.);
#5590=VECTOR('',#9706,1000.);
#5591=VECTOR('',#9707,1000.);
#5592=VECTOR('',#9708,1000.);
#5593=VECTOR('',#9731,1000.);
#5594=VECTOR('',#9734,1000.);
#5595=VECTOR('',#9735,1000.);
#5596=VECTOR('',#9738,1000.);
#5597=VECTOR('',#9739,1000.);
#5598=VECTOR('',#9746,1000.);
#5599=VECTOR('',#9749,1000.);
#5600=VECTOR('',#9752,1000.);
#5601=VECTOR('',#9753,1000.);
#5602=VECTOR('',#9754,1000.);
#5603=VECTOR('',#9755,1000.);
#5604=VECTOR('',#9770,1000.);
#5605=VECTOR('',#9771,1000.);
#5606=VECTOR('',#9772,1000.);
#5607=VECTOR('',#9773,1000.);
#5608=VECTOR('',#9774,1000.);
#5609=VECTOR('',#9779,1000.);
#5610=VECTOR('',#9780,1000.);
#5611=VECTOR('',#9781,1000.);
#5612=VECTOR('',#9788,1000.);
#5613=VECTOR('',#9789,1000.);
#5614=VECTOR('',#9792,1000.);
#5615=VECTOR('',#9797,1000.);
#5616=VECTOR('',#9798,1000.);
#5617=VECTOR('',#9807,1000.);
#5618=VECTOR('',#9808,1000.);
#5619=VECTOR('',#9809,1000.);
#5620=VECTOR('',#9814,1000.);
#5621=VECTOR('',#9815,1000.);
#5622=VECTOR('',#9818,1000.);
#5623=VECTOR('',#9819,1000.);
#5624=VECTOR('',#9820,1000.);
#5625=VECTOR('',#9833,1000.);
#5626=VECTOR('',#9834,1000.);
#5627=VECTOR('',#9835,1000.);
#5628=VECTOR('',#9838,1000.);
#5629=VECTOR('',#9841,1000.);
#5630=VECTOR('',#9848,1000.);
#5631=VECTOR('',#9849,1000.);
#5632=VECTOR('',#9850,1000.);
#5633=VECTOR('',#9851,1000.);
#5634=VECTOR('',#9856,1000.);
#5635=VECTOR('',#9857,1000.);
#5636=VECTOR('',#9858,1000.);
#5637=VECTOR('',#9859,1000.);
#5638=VECTOR('',#9866,1000.);
#5639=VECTOR('',#9869,1000.);
#5640=VECTOR('',#9870,1000.);
#5641=VECTOR('',#9871,1000.);
#5642=VECTOR('',#9874,1000.);
#5643=VECTOR('',#9875,1000.);
#5644=VECTOR('',#9876,1000.);
#5645=VECTOR('',#9881,1000.);
#5646=VECTOR('',#9886,1000.);
#5647=VECTOR('',#9887,1000.);
#5648=VECTOR('',#9888,1000.);
#5649=VECTOR('',#9893,1000.);
#5650=VECTOR('',#9898,1000.);
#5651=VECTOR('',#9899,1000.);
#5652=VECTOR('',#9902,1000.);
#5653=VECTOR('',#9903,1000.);
#5654=VECTOR('',#9904,1000.);
#5655=VECTOR('',#9909,1000.);
#5656=VECTOR('',#9914,1000.);
#5657=VECTOR('',#9915,1000.);
#5658=VECTOR('',#10040,1000.);
#5659=VECTOR('',#10041,1000.);
#5660=VECTOR('',#10042,1000.);
#5661=VECTOR('',#10043,1000.);
#5662=VECTOR('',#10044,1000.);
#5663=VECTOR('',#10047,1000.);
#5664=VECTOR('',#10048,1000.);
#5665=VECTOR('',#10049,1000.);
#5666=VECTOR('',#10052,1000.);
#5667=VECTOR('',#10053,1000.);
#5668=VECTOR('',#10054,1000.);
#5669=VECTOR('',#10063,1000.);
#5670=VECTOR('',#10064,1000.);
#5671=VECTOR('',#10065,1000.);
#5672=VECTOR('',#10066,1000.);
#5673=VECTOR('',#10069,1000.);
#5674=VECTOR('',#10070,1000.);
#5675=VECTOR('',#10071,1000.);
#5676=VECTOR('',#10080,1000.);
#5677=VECTOR('',#10081,1000.);
#5678=VECTOR('',#10084,1000.);
#5679=VECTOR('',#10087,1000.);
#5680=VECTOR('',#10096,1000.);
#5681=VECTOR('',#10099,1000.);
#5682=VECTOR('',#10108,1000.);
#5683=VECTOR('',#10111,1000.);
#5684=VECTOR('',#10114,1000.);
#5685=VECTOR('',#10117,1000.);
#5686=VECTOR('',#10118,1000.);
#5687=VECTOR('',#10121,1000.);
#5688=VECTOR('',#10122,1000.);
#5689=VECTOR('',#10125,1000.);
#5690=VECTOR('',#10126,1000.);
#5691=VECTOR('',#10129,1000.);
#5692=VECTOR('',#10130,1000.);
#5693=VECTOR('',#10133,1000.);
#5694=VECTOR('',#10138,1000.);
#5695=VECTOR('',#10141,1000.);
#5696=VECTOR('',#10142,1000.);
#5697=VECTOR('',#10145,1000.);
#5698=VECTOR('',#10150,1000.);
#5699=VECTOR('',#10151,1000.);
#5700=VECTOR('',#10154,1000.);
#5701=VECTOR('',#10155,1000.);
#5702=VECTOR('',#10158,1000.);
#5703=VECTOR('',#10159,1000.);
#5704=VECTOR('',#10162,1000.);
#5705=VECTOR('',#10163,1000.);
#5706=VECTOR('',#10164,1000.);
#5707=VECTOR('',#10165,1000.);
#5708=VECTOR('',#10168,1000.);
#5709=VECTOR('',#10169,1000.);
#5710=VECTOR('',#10170,1000.);
#5711=VECTOR('',#10173,1000.);
#5712=VECTOR('',#10174,1000.);
#5713=VECTOR('',#10303,1000.);
#5714=VECTOR('',#10314,1000.);
#5715=VECTOR('',#10317,1000.);
#5716=VECTOR('',#10320,1000.);
#5717=VECTOR('',#10323,1000.);
#5718=VECTOR('',#10332,1000.);
#5719=VECTOR('',#10335,1000.);
#5720=VECTOR('',#10340,1000.);
#5721=VECTOR('',#10341,1000.);
#5722=VECTOR('',#10348,1000.);
#5723=VECTOR('',#10349,1000.);
#5724=VECTOR('',#10352,1000.);
#5725=VECTOR('',#10353,1000.);
#5726=VECTOR('',#10364,1000.);
#5727=VECTOR('',#10377,1000.);
#5728=VECTOR('',#10378,1000.);
#5729=VECTOR('',#10379,1000.);
#5730=VECTOR('',#10380,1000.);
#5731=VECTOR('',#10381,1000.);
#5732=VECTOR('',#10382,1000.);
#5733=VECTOR('',#10393,1000.);
#5734=VECTOR('',#10394,1000.);
#5735=VECTOR('',#10395,1000.);
#5736=VECTOR('',#10396,1000.);
#5737=VECTOR('',#10397,1000.);
#5738=VECTOR('',#10398,1000.);
#5739=VECTOR('',#10409,1000.);
#5740=VECTOR('',#10410,1000.);
#5741=VECTOR('',#10411,1000.);
#5742=VECTOR('',#10412,1000.);
#5743=VECTOR('',#10413,1000.);
#5744=VECTOR('',#10414,1000.);
#5745=VECTOR('',#10425,1000.);
#5746=VECTOR('',#10426,1000.);
#5747=VECTOR('',#10427,1000.);
#5748=VECTOR('',#10428,1000.);
#5749=VECTOR('',#10429,1000.);
#5750=VECTOR('',#10430,1000.);
#5751=VECTOR('',#10433,1000.);
#5752=VECTOR('',#10434,1000.);
#5753=VECTOR('',#10435,1000.);
#5754=VECTOR('',#10438,1000.);
#5755=VECTOR('',#10439,1000.);
#5756=VECTOR('',#10442,1000.);
#5757=VECTOR('',#10443,1000.);
#5758=VECTOR('',#10446,1000.);
#5759=VECTOR('',#10447,1000.);
#5760=VECTOR('',#10450,1000.);
#5761=VECTOR('',#10451,1000.);
#5762=VECTOR('',#10454,1000.);
#5763=VECTOR('',#10459,1000.);
#5764=VECTOR('',#10460,1000.);
#5765=VECTOR('',#10461,1000.);
#5766=VECTOR('',#10464,1000.);
#5767=VECTOR('',#10465,1000.);
#5768=VECTOR('',#10468,1000.);
#5769=VECTOR('',#10469,1000.);
#5770=VECTOR('',#10472,1000.);
#5771=VECTOR('',#10473,1000.);
#5772=VECTOR('',#10476,1000.);
#5773=VECTOR('',#10477,1000.);
#5774=VECTOR('',#10480,1000.);
#5775=VECTOR('',#10485,1000.);
#5776=VECTOR('',#10486,1000.);
#5777=VECTOR('',#10487,1000.);
#5778=VECTOR('',#10490,1000.);
#5779=VECTOR('',#10491,1000.);
#5780=VECTOR('',#10494,1000.);
#5781=VECTOR('',#10495,1000.);
#5782=VECTOR('',#10498,1000.);
#5783=VECTOR('',#10499,1000.);
#5784=VECTOR('',#10502,1000.);
#5785=VECTOR('',#10503,1000.);
#5786=VECTOR('',#10506,1000.);
#5787=VECTOR('',#10511,1000.);
#5788=VECTOR('',#10512,1000.);
#5789=VECTOR('',#10513,1000.);
#5790=VECTOR('',#10516,1000.);
#5791=VECTOR('',#10517,1000.);
#5792=VECTOR('',#10520,1000.);
#5793=VECTOR('',#10521,1000.);
#5794=VECTOR('',#10524,1000.);
#5795=VECTOR('',#10525,1000.);
#5796=VECTOR('',#10528,1000.);
#5797=VECTOR('',#10529,1000.);
#5798=VECTOR('',#10532,1000.);
#5799=VECTOR('',#10537,1000.);
#5800=VECTOR('',#10538,1000.);
#5801=VECTOR('',#10541,1000.);
#5802=VECTOR('',#10550,1000.);
#5803=VECTOR('',#10551,1000.);
#5804=VECTOR('',#10554,1000.);
#5805=VECTOR('',#10559,1000.);
#5806=VECTOR('',#10560,1000.);
#5807=VECTOR('',#10561,1000.);
#5808=VECTOR('',#10562,1000.);
#5809=VECTOR('',#10563,1000.);
#5810=VECTOR('',#10564,1000.);
#5811=VECTOR('',#10583,1000.);
#5812=VECTOR('',#10584,1000.);
#5813=VECTOR('',#10585,1000.);
#5814=VECTOR('',#10588,1000.);
#5815=VECTOR('',#10589,1000.);
#5816=VECTOR('',#10592,1000.);
#5817=VECTOR('',#10593,1000.);
#5818=VECTOR('',#10596,1000.);
#5819=VECTOR('',#10597,1000.);
#5820=VECTOR('',#10600,1000.);
#5821=VECTOR('',#10601,1000.);
#5822=VECTOR('',#10604,1000.);
#5823=VECTOR('',#10625,1000.);
#5824=VECTOR('',#10626,1000.);
#5825=VECTOR('',#10627,1000.);
#5826=VECTOR('',#10628,1000.);
#5827=VECTOR('',#10629,1000.);
#5828=VECTOR('',#10630,1000.);
#5829=VECTOR('',#10633,1000.);
#5830=VECTOR('',#10634,1000.);
#5831=VECTOR('',#10635,1000.);
#5832=VECTOR('',#10638,1000.);
#5833=VECTOR('',#10639,1000.);
#5834=VECTOR('',#10642,1000.);
#5835=VECTOR('',#10643,1000.);
#5836=VECTOR('',#10646,1000.);
#5837=VECTOR('',#10647,1000.);
#5838=VECTOR('',#10650,1000.);
#5839=VECTOR('',#10651,1000.);
#5840=VECTOR('',#10654,1000.);
#5841=VECTOR('',#10663,1000.);
#5842=VECTOR('',#10664,1000.);
#5843=VECTOR('',#10665,1000.);
#5844=VECTOR('',#10666,1000.);
#5845=VECTOR('',#10667,1000.);
#5846=VECTOR('',#10668,1000.);
#5847=VECTOR('',#10683,1000.);
#5848=VECTOR('',#10684,1000.);
#5849=VECTOR('',#10685,1000.);
#5850=VECTOR('',#10688,1000.);
#5851=VECTOR('',#10689,1000.);
#5852=VECTOR('',#10692,1000.);
#5853=VECTOR('',#10693,1000.);
#5854=VECTOR('',#10696,1000.);
#5855=VECTOR('',#10697,1000.);
#5856=VECTOR('',#10700,1000.);
#5857=VECTOR('',#10701,1000.);
#5858=VECTOR('',#10704,1000.);
#5859=VECTOR('',#10725,1000.);
#5860=VECTOR('',#10726,1000.);
#5861=VECTOR('',#10727,1000.);
#5862=VECTOR('',#10728,1000.);
#5863=VECTOR('',#10729,1000.);
#5864=VECTOR('',#10730,1000.);
#5865=VECTOR('',#10733,1000.);
#5866=VECTOR('',#10734,1000.);
#5867=VECTOR('',#10735,1000.);
#5868=VECTOR('',#10738,1000.);
#5869=VECTOR('',#10739,1000.);
#5870=VECTOR('',#10742,1000.);
#5871=VECTOR('',#10743,1000.);
#5872=VECTOR('',#10746,1000.);
#5873=VECTOR('',#10747,1000.);
#5874=VECTOR('',#10750,1000.);
#5875=VECTOR('',#10751,1000.);
#5876=VECTOR('',#10754,1000.);
#5877=VECTOR('',#10761,1000.);
#5878=VECTOR('',#10762,1000.);
#5879=VECTOR('',#10765,1000.);
#5880=VECTOR('',#10768,1000.);
#5881=VECTOR('',#10779,1000.);
#5882=VECTOR('',#10780,1000.);
#5883=VECTOR('',#10783,1000.);
#5884=VECTOR('',#10784,1000.);
#5885=VECTOR('',#10787,1000.);
#5886=VECTOR('',#10790,1000.);
#5887=VECTOR('',#10801,1000.);
#5888=VECTOR('',#10802,1000.);
#5889=VECTOR('',#10803,1000.);
#5890=VECTOR('',#10804,1000.);
#5891=VECTOR('',#10805,1000.);
#5892=VECTOR('',#10808,1000.);
#5893=VECTOR('',#10809,1000.);
#5894=VECTOR('',#10812,1000.);
#5895=VECTOR('',#10813,1000.);
#5896=VECTOR('',#10814,1000.);
#5897=VECTOR('',#10815,1000.);
#5898=VECTOR('',#10816,1000.);
#5899=VECTOR('',#10819,1000.);
#5900=VECTOR('',#10820,1000.);
#5901=VECTOR('',#10823,1000.);
#5902=VECTOR('',#10824,1000.);
#5903=VECTOR('',#10825,1000.);
#5904=VECTOR('',#10826,1000.);
#5905=VECTOR('',#10829,1000.);
#5906=VECTOR('',#10830,1000.);
#5907=VECTOR('',#10833,1000.);
#5908=VECTOR('',#10834,1000.);
#5909=VECTOR('',#10841,1000.);
#5910=VECTOR('',#10842,1000.);
#5911=VECTOR('',#10847,1000.);
#5912=VECTOR('',#10848,1000.);
#5913=VECTOR('',#10849,1000.);
#5914=VECTOR('',#10850,1000.);
#5915=VECTOR('',#10851,1000.);
#5916=VECTOR('',#10852,1000.);
#5917=VECTOR('',#10853,1000.);
#5918=VECTOR('',#10862,1000.);
#5919=VECTOR('',#10863,1000.);
#5920=VECTOR('',#10864,1000.);
#5921=VECTOR('',#10865,1000.);
#5922=VECTOR('',#10866,1000.);
#5923=VECTOR('',#10867,1000.);
#5924=VECTOR('',#10868,1000.);
#5925=VECTOR('',#10869,1000.);
#5926=VECTOR('',#10870,1000.);
#5927=VECTOR('',#10871,1000.);
#5928=VECTOR('',#10874,1000.);
#5929=VECTOR('',#10889,1000.);
#5930=VECTOR('',#10890,1000.);
#5931=VECTOR('',#10891,1000.);
#5932=VECTOR('',#10892,1000.);
#5933=VECTOR('',#10895,1000.);
#5934=VECTOR('',#10896,1000.);
#5935=VECTOR('',#10899,1000.);
#5936=VECTOR('',#10900,1000.);
#5937=VECTOR('',#10901,1000.);
#5938=VECTOR('',#10902,1000.);
#5939=VECTOR('',#10903,1000.);
#5940=VECTOR('',#10906,1000.);
#5941=VECTOR('',#10907,1000.);
#5942=VECTOR('',#10910,1000.);
#5943=VECTOR('',#10911,1000.);
#5944=VECTOR('',#10912,1000.);
#5945=VECTOR('',#10915,1000.);
#5946=VECTOR('',#10916,1000.);
#5947=VECTOR('',#10919,1000.);
#5948=VECTOR('',#10920,1000.);
#5949=VECTOR('',#10935,1000.);
#5950=VECTOR('',#10940,1000.);
#5951=VECTOR('',#10943,1000.);
#5952=VECTOR('',#10946,1000.);
#5953=VECTOR('',#10947,1000.);
#5954=VECTOR('',#10950,1000.);
#5955=VECTOR('',#10951,1000.);
#5956=VECTOR('',#10954,1000.);
#5957=VECTOR('',#10957,1000.);
#5958=VECTOR('',#10962,1000.);
#5959=VECTOR('',#10973,1000.);
#5960=VECTOR('',#10974,1000.);
#5961=VECTOR('',#10975,1000.);
#5962=VECTOR('',#10976,1000.);
#5963=VECTOR('',#10987,1000.);
#5964=VECTOR('',#10988,1000.);
#5965=VECTOR('',#10989,1000.);
#5966=VECTOR('',#10990,1000.);
#5967=VECTOR('',#10995,1000.);
#5968=VECTOR('',#10996,1000.);
#5969=VECTOR('',#10997,1000.);
#5970=VECTOR('',#10998,1000.);
#5971=VECTOR('',#10999,1000.);
#5972=VECTOR('',#11000,1000.);
#5973=VECTOR('',#11003,1000.);
#5974=VECTOR('',#11004,1000.);
#5975=VECTOR('',#11005,1000.);
#5976=VECTOR('',#11006,1000.);
#5977=VECTOR('',#11007,1000.);
#5978=VECTOR('',#11008,1000.);
#5979=VECTOR('',#11011,1000.);
#5980=VECTOR('',#11014,1000.);
#5981=VECTOR('',#11015,1000.);
#5982=VECTOR('',#11016,1000.);
#5983=VECTOR('',#11017,1000.);
#5984=VECTOR('',#11018,1000.);
#5985=VECTOR('',#11019,1000.);
#5986=VECTOR('',#11024,1000.);
#5987=VECTOR('',#11025,1000.);
#5988=VECTOR('',#11026,1000.);
#5989=VECTOR('',#11027,1000.);
#5990=VECTOR('',#11028,1000.);
#5991=VECTOR('',#11029,1000.);
#5992=VECTOR('',#11032,1000.);
#5993=VECTOR('',#11035,1000.);
#5994=VECTOR('',#11036,1000.);
#5995=VECTOR('',#11037,1000.);
#5996=VECTOR('',#11038,1000.);
#5997=VECTOR('',#11039,1000.);
#5998=VECTOR('',#11040,1000.);
#5999=VECTOR('',#11043,1000.);
#6000=VECTOR('',#11044,1000.);
#6001=VECTOR('',#11045,1000.);
#6002=VECTOR('',#11046,1000.);
#6003=VECTOR('',#11047,1000.);
#6004=VECTOR('',#11048,1000.);
#6005=VECTOR('',#11051,1000.);
#6006=VECTOR('',#11052,1000.);
#6007=VECTOR('',#11059,1000.);
#6008=VECTOR('',#11064,1000.);
#6009=VECTOR('',#11071,1000.);
#6010=VECTOR('',#11074,1000.);
#6011=VECTOR('',#11077,1000.);
#6012=VECTOR('',#11080,1000.);
#6013=VECTOR('',#11087,1000.);
#6014=VECTOR('',#11090,1000.);
#6015=VECTOR('',#11093,1000.);
#6016=VECTOR('',#11096,1000.);
#6017=VECTOR('',#11099,1000.);
#6018=VECTOR('',#11102,1000.);
#6019=VECTOR('',#11105,1000.);
#6020=VECTOR('',#11108,1000.);
#6021=VECTOR('',#11119,1000.);
#6022=VECTOR('',#11120,1000.);
#6023=VECTOR('',#11123,1000.);
#6024=VECTOR('',#11124,1000.);
#6025=VECTOR('',#11127,1000.);
#6026=VECTOR('',#11132,1000.);
#6027=VECTOR('',#11137,1000.);
#6028=VECTOR('',#11138,1000.);
#6029=VECTOR('',#11141,1000.);
#6030=VECTOR('',#11144,1000.);
#6031=VECTOR('',#11147,1000.);
#6032=VECTOR('',#11150,1000.);
#6033=VECTOR('',#11153,1000.);
#6034=VECTOR('',#11156,1000.);
#6035=VECTOR('',#11159,1000.);
#6036=VECTOR('',#11162,1000.);
#6037=VECTOR('',#11165,1000.);
#6038=VECTOR('',#11168,1000.);
#6039=VECTOR('',#11171,1000.);
#6040=VECTOR('',#11174,1000.);
#6041=VECTOR('',#11177,1000.);
#6042=VECTOR('',#11180,1000.);
#6043=VECTOR('',#11183,1000.);
#6044=VECTOR('',#11188,1000.);
#6045=VECTOR('',#11199,1000.);
#6046=VECTOR('',#11200,1000.);
#6047=VECTOR('',#11207,1000.);
#6048=VECTOR('',#11208,1000.);
#6049=VECTOR('',#11329,1000.);
#6050=VECTOR('',#11332,1000.);
#6051=VECTOR('',#11335,1000.);
#6052=VECTOR('',#11336,1000.);
#6053=VECTOR('',#11339,1000.);
#6054=VECTOR('',#11344,1000.);
#6055=VECTOR('',#11349,1000.);
#6056=VECTOR('',#11352,1000.);
#6057=VECTOR('',#11355,1000.);
#6058=VECTOR('',#11358,1000.);
#6059=VECTOR('',#11359,1000.);
#6060=VECTOR('',#11370,1000.);
#6061=VECTOR('',#11373,1000.);
#6062=VECTOR('',#11376,1000.);
#6063=VECTOR('',#11379,1000.);
#6064=VECTOR('',#11380,1000.);
#6065=VECTOR('',#11453,1000.);
#6066=VECTOR('',#11454,1000.);
#6067=VECTOR('',#11455,1000.);
#6068=VECTOR('',#11456,1000.);
#6069=VECTOR('',#11459,1000.);
#6070=VECTOR('',#11460,1000.);
#6071=VECTOR('',#11461,1000.);
#6072=VECTOR('',#11464,1000.);
#6073=VECTOR('',#11465,1000.);
#6074=VECTOR('',#11466,1000.);
#6075=VECTOR('',#11469,1000.);
#6076=VECTOR('',#11470,1000.);
#6077=VECTOR('',#11535,1000.);
#6078=VECTOR('',#11538,1000.);
#6079=VECTOR('',#11543,1000.);
#6080=VECTOR('',#11546,1000.);
#6081=VECTOR('',#11551,1000.);
#6082=VECTOR('',#11554,1000.);
#6083=VECTOR('',#11559,1000.);
#6084=VECTOR('',#11562,1000.);
#6085=VECTOR('',#11599,1000.);
#6086=VECTOR('',#11600,1000.);
#6087=VECTOR('',#11601,1000.);
#6088=VECTOR('',#11602,1000.);
#6089=VECTOR('',#11605,1000.);
#6090=VECTOR('',#11606,1000.);
#6091=VECTOR('',#11607,1000.);
#6092=VECTOR('',#11610,1000.);
#6093=VECTOR('',#11611,1000.);
#6094=VECTOR('',#11612,1000.);
#6095=VECTOR('',#11615,1000.);
#6096=VECTOR('',#11616,1000.);
#6097=VECTOR('',#11617,1000.);
#6098=VECTOR('',#11620,1000.);
#6099=VECTOR('',#11621,1000.);
#6100=VECTOR('',#11622,1000.);
#6101=VECTOR('',#11625,1000.);
#6102=VECTOR('',#11626,1000.);
#6103=VECTOR('',#11627,1000.);
#6104=VECTOR('',#11630,1000.);
#6105=VECTOR('',#11631,1000.);
#6106=VECTOR('',#11632,1000.);
#6107=VECTOR('',#11635,1000.);
#6108=VECTOR('',#11636,1000.);
#6109=VECTOR('',#11759,1000.);
#6110=VECTOR('',#11760,1000.);
#6111=VECTOR('',#11761,1000.);
#6112=VECTOR('',#11762,1000.);
#6113=VECTOR('',#11763,1000.);
#6114=VECTOR('',#11764,1000.);
#6115=VECTOR('',#11789,1000.);
#6116=VECTOR('',#11790,1000.);
#6117=VECTOR('',#11791,1000.);
#6118=VECTOR('',#11792,1000.);
#6119=VECTOR('',#11795,1000.);
#6120=VECTOR('',#11796,1000.);
#6121=VECTOR('',#11797,1000.);
#6122=VECTOR('',#11800,1000.);
#6123=VECTOR('',#11801,1000.);
#6124=VECTOR('',#11802,1000.);
#6125=VECTOR('',#11805,1000.);
#6126=VECTOR('',#11806,1000.);
#6127=VECTOR('',#11807,1000.);
#6128=VECTOR('',#11810,1000.);
#6129=VECTOR('',#11811,1000.);
#6130=VECTOR('',#11812,1000.);
#6131=VECTOR('',#11815,1000.);
#6132=VECTOR('',#11816,1000.);
#6133=EDGE_LOOP('',(#663,#664,#665,#666));
#6134=EDGE_LOOP('',(#667));
#6135=EDGE_LOOP('',(#668,#669,#670,#671));
#6136=EDGE_LOOP('',(#672,#673,#674,#675,#676,#677,#678,#679,#680,#681,#682,
#683,#684,#685,#686,#687,#688,#689,#690,#691,#692,#693,#694,#695,#696,#697));
#6137=EDGE_LOOP('',(#698,#699,#700,#701,#702,#703,#704,#705,#706));
#6138=EDGE_LOOP('',(#707,#708,#709,#710));
#6139=EDGE_LOOP('',(#711,#712,#713,#714));
#6140=EDGE_LOOP('',(#715,#716,#717,#718,#719,#720,#721,#722,#723));
#6141=EDGE_LOOP('',(#724));
#6142=EDGE_LOOP('',(#725,#726,#727,#728,#729,#730,#731,#732));
#6143=EDGE_LOOP('',(#733,#734,#735,#736,#737,#738,#739,#740,#741,#742,#743,
#744));
#6144=EDGE_LOOP('',(#745,#746,#747,#748));
#6145=EDGE_LOOP('',(#749));
#6146=EDGE_LOOP('',(#750,#751,#752,#753,#754,#755,#756,#757,#758,#759,#760,
#761,#762,#763,#764,#765));
#6147=EDGE_LOOP('',(#766,#767,#768,#769,#770,#771,#772,#773,#774,#775,#776,
#777));
#6148=EDGE_LOOP('',(#778));
#6149=EDGE_LOOP('',(#779));
#6150=EDGE_LOOP('',(#780));
#6151=EDGE_LOOP('',(#781));
#6152=EDGE_LOOP('',(#782,#783,#784,#785,#786,#787,#788,#789,#790,#791));
#6153=EDGE_LOOP('',(#792,#793,#794,#795,#796,#797,#798,#799,#800,#801,#802,
#803,#804,#805,#806,#807,#808,#809,#810,#811));
#6154=EDGE_LOOP('',(#812,#813,#814));
#6155=EDGE_LOOP('',(#815,#816,#817));
#6156=EDGE_LOOP('',(#818));
#6157=EDGE_LOOP('',(#819,#820,#821,#822,#823,#824,#825,#826));
#6158=EDGE_LOOP('',(#827,#828,#829,#830));
#6159=EDGE_LOOP('',(#831,#832,#833,#834));
#6160=EDGE_LOOP('',(#835,#836,#837,#838));
#6161=EDGE_LOOP('',(#839,#840,#841,#842));
#6162=EDGE_LOOP('',(#843));
#6163=EDGE_LOOP('',(#844,#845,#846,#847,#848,#849,#850,#851));
#6164=EDGE_LOOP('',(#852,#853,#854,#855,#856,#857));
#6165=EDGE_LOOP('',(#858,#859,#860,#861,#862,#863));
#6166=EDGE_LOOP('',(#864,#865,#866,#867,#868,#869,#870,#871,#872,#873,#874,
#875,#876,#877,#878,#879,#880));
#6167=EDGE_LOOP('',(#881,#882,#883,#884,#885,#886,#887,#888));
#6168=EDGE_LOOP('',(#889,#890,#891,#892,#893,#894,#895,#896));
#6169=EDGE_LOOP('',(#897,#898,#899,#900,#901,#902,#903,#904,#905,#906,#907,
#908,#909,#910));
#6170=EDGE_LOOP('',(#911,#912,#913,#914));
#6171=EDGE_LOOP('',(#915,#916,#917,#918));
#6172=EDGE_LOOP('',(#919));
#6173=EDGE_LOOP('',(#920));
#6174=EDGE_LOOP('',(#921));
#6175=EDGE_LOOP('',(#922));
#6176=EDGE_LOOP('',(#923));
#6177=EDGE_LOOP('',(#924));
#6178=EDGE_LOOP('',(#925));
#6179=EDGE_LOOP('',(#926));
#6180=EDGE_LOOP('',(#927));
#6181=EDGE_LOOP('',(#928));
#6182=EDGE_LOOP('',(#929));
#6183=EDGE_LOOP('',(#930,#931,#932,#933));
#6184=EDGE_LOOP('',(#934,#935,#936,#937));
#6185=EDGE_LOOP('',(#938,#939,#940,#941));
#6186=EDGE_LOOP('',(#942,#943,#944,#945));
#6187=EDGE_LOOP('',(#946,#947,#948,#949,#950,#951,#952,#953,#954,#955,#956,
#957,#958,#959,#960,#961,#962));
#6188=EDGE_LOOP('',(#963));
#6189=EDGE_LOOP('',(#964));
#6190=EDGE_LOOP('',(#965));
#6191=EDGE_LOOP('',(#966));
#6192=EDGE_LOOP('',(#967));
#6193=EDGE_LOOP('',(#968));
#6194=EDGE_LOOP('',(#969,#970,#971,#972,#973,#974,#975,#976,#977,#978,#979,
#980,#981,#982));
#6195=EDGE_LOOP('',(#983,#984,#985,#986,#987,#988,#989,#990));
#6196=EDGE_LOOP('',(#991,#992,#993,#994,#995,#996));
#6197=EDGE_LOOP('',(#997,#998,#999,#1000,#1001));
#6198=EDGE_LOOP('',(#1002,#1003,#1004,#1005));
#6199=EDGE_LOOP('',(#1006,#1007,#1008,#1009,#1010,#1011,#1012));
#6200=EDGE_LOOP('',(#1013,#1014,#1015,#1016,#1017,#1018,#1019,#1020,#1021,
#1022));
#6201=EDGE_LOOP('',(#1023,#1024,#1025,#1026,#1027,#1028));
#6202=EDGE_LOOP('',(#1029,#1030,#1031,#1032));
#6203=EDGE_LOOP('',(#1033,#1034,#1035,#1036,#1037));
#6204=EDGE_LOOP('',(#1038,#1039,#1040,#1041,#1042,#1043,#1044));
#6205=EDGE_LOOP('',(#1045,#1046,#1047,#1048,#1049,#1050,#1051,#1052,#1053,
#1054));
#6206=EDGE_LOOP('',(#1055,#1056,#1057,#1058));
#6207=EDGE_LOOP('',(#1059,#1060,#1061,#1062));
#6208=EDGE_LOOP('',(#1063,#1064,#1065,#1066));
#6209=EDGE_LOOP('',(#1067,#1068,#1069,#1070,#1071,#1072,#1073,#1074));
#6210=EDGE_LOOP('',(#1075,#1076,#1077,#1078,#1079,#1080,#1081,#1082));
#6211=EDGE_LOOP('',(#1083,#1084,#1085,#1086));
#6212=EDGE_LOOP('',(#1087,#1088,#1089,#1090,#1091,#1092));
#6213=EDGE_LOOP('',(#1093,#1094,#1095,#1096));
#6214=EDGE_LOOP('',(#1097,#1098,#1099,#1100));
#6215=EDGE_LOOP('',(#1101,#1102,#1103,#1104));
#6216=EDGE_LOOP('',(#1105,#1106,#1107,#1108));
#6217=EDGE_LOOP('',(#1109,#1110,#1111,#1112));
#6218=EDGE_LOOP('',(#1113,#1114,#1115,#1116,#1117,#1118));
#6219=EDGE_LOOP('',(#1119,#1120,#1121,#1122));
#6220=EDGE_LOOP('',(#1123,#1124,#1125,#1126));
#6221=EDGE_LOOP('',(#1127,#1128,#1129,#1130,#1131,#1132,#1133,#1134,#1135,
#1136,#1137,#1138,#1139,#1140,#1141,#1142));
#6222=EDGE_LOOP('',(#1143,#1144,#1145,#1146,#1147,#1148,#1149,#1150,#1151,
#1152,#1153,#1154,#1155,#1156,#1157,#1158));
#6223=EDGE_LOOP('',(#1159,#1160));
#6224=EDGE_LOOP('',(#1161));
#6225=EDGE_LOOP('',(#1162,#1163));
#6226=EDGE_LOOP('',(#1164));
#6227=EDGE_LOOP('',(#1165));
#6228=EDGE_LOOP('',(#1166));
#6229=EDGE_LOOP('',(#1167));
#6230=EDGE_LOOP('',(#1168));
#6231=EDGE_LOOP('',(#1169,#1170));
#6232=EDGE_LOOP('',(#1171));
#6233=EDGE_LOOP('',(#1172));
#6234=EDGE_LOOP('',(#1173));
#6235=EDGE_LOOP('',(#1174));
#6236=EDGE_LOOP('',(#1175));
#6237=EDGE_LOOP('',(#1176,#1177));
#6238=EDGE_LOOP('',(#1178));
#6239=EDGE_LOOP('',(#1179));
#6240=EDGE_LOOP('',(#1180));
#6241=EDGE_LOOP('',(#1181));
#6242=EDGE_LOOP('',(#1182));
#6243=EDGE_LOOP('',(#1183));
#6244=EDGE_LOOP('',(#1184));
#6245=EDGE_LOOP('',(#1185));
#6246=EDGE_LOOP('',(#1186));
#6247=EDGE_LOOP('',(#1187));
#6248=EDGE_LOOP('',(#1188));
#6249=EDGE_LOOP('',(#1189));
#6250=EDGE_LOOP('',(#1190));
#6251=EDGE_LOOP('',(#1191));
#6252=EDGE_LOOP('',(#1192));
#6253=EDGE_LOOP('',(#1193));
#6254=EDGE_LOOP('',(#1194));
#6255=EDGE_LOOP('',(#1195));
#6256=EDGE_LOOP('',(#1196));
#6257=EDGE_LOOP('',(#1197));
#6258=EDGE_LOOP('',(#1198));
#6259=EDGE_LOOP('',(#1199));
#6260=EDGE_LOOP('',(#1200));
#6261=EDGE_LOOP('',(#1201));
#6262=EDGE_LOOP('',(#1202));
#6263=EDGE_LOOP('',(#1203));
#6264=EDGE_LOOP('',(#1204));
#6265=EDGE_LOOP('',(#1205));
#6266=EDGE_LOOP('',(#1206));
#6267=EDGE_LOOP('',(#1207));
#6268=EDGE_LOOP('',(#1208));
#6269=EDGE_LOOP('',(#1209));
#6270=EDGE_LOOP('',(#1210,#1211,#1212,#1213));
#6271=EDGE_LOOP('',(#1214,#1215,#1216,#1217));
#6272=EDGE_LOOP('',(#1218,#1219,#1220,#1221));
#6273=EDGE_LOOP('',(#1222,#1223,#1224,#1225));
#6274=EDGE_LOOP('',(#1226));
#6275=EDGE_LOOP('',(#1227));
#6276=EDGE_LOOP('',(#1228));
#6277=EDGE_LOOP('',(#1229));
#6278=EDGE_LOOP('',(#1230));
#6279=EDGE_LOOP('',(#1231));
#6280=EDGE_LOOP('',(#1232));
#6281=EDGE_LOOP('',(#1233));
#6282=EDGE_LOOP('',(#1234));
#6283=EDGE_LOOP('',(#1235));
#6284=EDGE_LOOP('',(#1236));
#6285=EDGE_LOOP('',(#1237));
#6286=EDGE_LOOP('',(#1238,#1239,#1240,#1241,#1242,#1243));
#6287=EDGE_LOOP('',(#1244,#1245,#1246,#1247));
#6288=EDGE_LOOP('',(#1248,#1249,#1250,#1251));
#6289=EDGE_LOOP('',(#1252));
#6290=EDGE_LOOP('',(#1253));
#6291=EDGE_LOOP('',(#1254));
#6292=EDGE_LOOP('',(#1255,#1256,#1257,#1258));
#6293=EDGE_LOOP('',(#1259,#1260,#1261,#1262,#1263,#1264));
#6294=EDGE_LOOP('',(#1265));
#6295=EDGE_LOOP('',(#1266));
#6296=EDGE_LOOP('',(#1267));
#6297=EDGE_LOOP('',(#1268,#1269,#1270,#1271));
#6298=EDGE_LOOP('',(#1272,#1273,#1274,#1275));
#6299=EDGE_LOOP('',(#1276,#1277,#1278,#1279));
#6300=EDGE_LOOP('',(#1280));
#6301=EDGE_LOOP('',(#1281));
#6302=EDGE_LOOP('',(#1282));
#6303=EDGE_LOOP('',(#1283,#1284,#1285,#1286));
#6304=EDGE_LOOP('',(#1287,#1288,#1289,#1290,#1291,#1292));
#6305=EDGE_LOOP('',(#1293));
#6306=EDGE_LOOP('',(#1294));
#6307=EDGE_LOOP('',(#1295));
#6308=EDGE_LOOP('',(#1296,#1297,#1298,#1299));
#6309=EDGE_LOOP('',(#1300,#1301,#1302,#1303));
#6310=EDGE_LOOP('',(#1304,#1305,#1306,#1307));
#6311=EDGE_LOOP('',(#1308,#1309,#1310,#1311,#1312,#1313));
#6312=EDGE_LOOP('',(#1314,#1315,#1316,#1317));
#6313=EDGE_LOOP('',(#1318,#1319,#1320,#1321));
#6314=EDGE_LOOP('',(#1322,#1323,#1324,#1325));
#6315=EDGE_LOOP('',(#1326,#1327,#1328,#1329));
#6316=EDGE_LOOP('',(#1330,#1331,#1332,#1333));
#6317=EDGE_LOOP('',(#1334,#1335,#1336,#1337));
#6318=EDGE_LOOP('',(#1338,#1339,#1340,#1341));
#6319=EDGE_LOOP('',(#1342,#1343,#1344,#1345));
#6320=EDGE_LOOP('',(#1346,#1347,#1348,#1349));
#6321=EDGE_LOOP('',(#1350,#1351,#1352,#1353));
#6322=EDGE_LOOP('',(#1354,#1355,#1356,#1357,#1358,#1359));
#6323=EDGE_LOOP('',(#1360,#1361,#1362,#1363));
#6324=EDGE_LOOP('',(#1364,#1365,#1366,#1367));
#6325=EDGE_LOOP('',(#1368,#1369,#1370,#1371,#1372,#1373,#1374,#1375,#1376,
#1377));
#6326=EDGE_LOOP('',(#1378,#1379,#1380,#1381,#1382,#1383));
#6327=EDGE_LOOP('',(#1384));
#6328=EDGE_LOOP('',(#1385,#1386));
#6329=EDGE_LOOP('',(#1387));
#6330=EDGE_LOOP('',(#1388));
#6331=EDGE_LOOP('',(#1389));
#6332=EDGE_LOOP('',(#1390));
#6333=EDGE_LOOP('',(#1391));
#6334=EDGE_LOOP('',(#1392,#1393));
#6335=EDGE_LOOP('',(#1394));
#6336=EDGE_LOOP('',(#1395));
#6337=EDGE_LOOP('',(#1396));
#6338=EDGE_LOOP('',(#1397));
#6339=EDGE_LOOP('',(#1398));
#6340=EDGE_LOOP('',(#1399,#1400));
#6341=EDGE_LOOP('',(#1401));
#6342=EDGE_LOOP('',(#1402));
#6343=EDGE_LOOP('',(#1403));
#6344=EDGE_LOOP('',(#1404));
#6345=EDGE_LOOP('',(#1405));
#6346=EDGE_LOOP('',(#1406,#1407));
#6347=EDGE_LOOP('',(#1408));
#6348=EDGE_LOOP('',(#1409));
#6349=EDGE_LOOP('',(#1410));
#6350=EDGE_LOOP('',(#1411));
#6351=EDGE_LOOP('',(#1412));
#6352=EDGE_LOOP('',(#1413,#1414));
#6353=EDGE_LOOP('',(#1415));
#6354=EDGE_LOOP('',(#1416));
#6355=EDGE_LOOP('',(#1417));
#6356=EDGE_LOOP('',(#1418));
#6357=EDGE_LOOP('',(#1419));
#6358=EDGE_LOOP('',(#1420,#1421));
#6359=EDGE_LOOP('',(#1422));
#6360=EDGE_LOOP('',(#1423));
#6361=EDGE_LOOP('',(#1424));
#6362=EDGE_LOOP('',(#1425));
#6363=EDGE_LOOP('',(#1426));
#6364=EDGE_LOOP('',(#1427));
#6365=EDGE_LOOP('',(#1428));
#6366=EDGE_LOOP('',(#1429));
#6367=EDGE_LOOP('',(#1430));
#6368=EDGE_LOOP('',(#1431));
#6369=EDGE_LOOP('',(#1432));
#6370=EDGE_LOOP('',(#1433));
#6371=EDGE_LOOP('',(#1434));
#6372=EDGE_LOOP('',(#1435));
#6373=EDGE_LOOP('',(#1436));
#6374=EDGE_LOOP('',(#1437));
#6375=EDGE_LOOP('',(#1438));
#6376=EDGE_LOOP('',(#1439));
#6377=EDGE_LOOP('',(#1440));
#6378=EDGE_LOOP('',(#1441));
#6379=EDGE_LOOP('',(#1442));
#6380=EDGE_LOOP('',(#1443));
#6381=EDGE_LOOP('',(#1444));
#6382=EDGE_LOOP('',(#1445));
#6383=EDGE_LOOP('',(#1446));
#6384=EDGE_LOOP('',(#1447));
#6385=EDGE_LOOP('',(#1448));
#6386=EDGE_LOOP('',(#1449));
#6387=EDGE_LOOP('',(#1450));
#6388=EDGE_LOOP('',(#1451));
#6389=EDGE_LOOP('',(#1452));
#6390=EDGE_LOOP('',(#1453));
#6391=EDGE_LOOP('',(#1454));
#6392=EDGE_LOOP('',(#1455));
#6393=EDGE_LOOP('',(#1456));
#6394=EDGE_LOOP('',(#1457,#1458,#1459,#1460,#1461,#1462,#1463,#1464,#1465,
#1466,#1467,#1468,#1469,#1470,#1471,#1472,#1473,#1474));
#6395=EDGE_LOOP('',(#1475,#1476,#1477,#1478));
#6396=EDGE_LOOP('',(#1479));
#6397=EDGE_LOOP('',(#1480));
#6398=EDGE_LOOP('',(#1481));
#6399=EDGE_LOOP('',(#1482,#1483,#1484,#1485));
#6400=EDGE_LOOP('',(#1486,#1487,#1488,#1489));
#6401=EDGE_LOOP('',(#1490));
#6402=EDGE_LOOP('',(#1491));
#6403=EDGE_LOOP('',(#1492));
#6404=EDGE_LOOP('',(#1493));
#6405=EDGE_LOOP('',(#1494,#1495));
#6406=EDGE_LOOP('',(#1496,#1497));
#6407=EDGE_LOOP('',(#1498,#1499,#1500,#1501));
#6408=EDGE_LOOP('',(#1502,#1503,#1504,#1505));
#6409=EDGE_LOOP('',(#1506,#1507));
#6410=EDGE_LOOP('',(#1508,#1509));
#6411=EDGE_LOOP('',(#1510,#1511,#1512,#1513));
#6412=EDGE_LOOP('',(#1514,#1515,#1516,#1517));
#6413=EDGE_LOOP('',(#1518));
#6414=EDGE_LOOP('',(#1519));
#6415=EDGE_LOOP('',(#1520));
#6416=EDGE_LOOP('',(#1521));
#6417=EDGE_LOOP('',(#1522));
#6418=EDGE_LOOP('',(#1523,#1524,#1525,#1526,#1527,#1528));
#6419=EDGE_LOOP('',(#1529,#1530,#1531,#1532));
#6420=EDGE_LOOP('',(#1533));
#6421=EDGE_LOOP('',(#1534));
#6422=EDGE_LOOP('',(#1535));
#6423=EDGE_LOOP('',(#1536));
#6424=EDGE_LOOP('',(#1537,#1538,#1539,#1540,#1541,#1542));
#6425=EDGE_LOOP('',(#1543));
#6426=EDGE_LOOP('',(#1544));
#6427=EDGE_LOOP('',(#1545));
#6428=EDGE_LOOP('',(#1546));
#6429=EDGE_LOOP('',(#1547));
#6430=EDGE_LOOP('',(#1548,#1549,#1550,#1551,#1552,#1553));
#6431=EDGE_LOOP('',(#1554));
#6432=EDGE_LOOP('',(#1555));
#6433=EDGE_LOOP('',(#1556));
#6434=EDGE_LOOP('',(#1557));
#6435=EDGE_LOOP('',(#1558));
#6436=EDGE_LOOP('',(#1559,#1560,#1561,#1562,#1563,#1564));
#6437=EDGE_LOOP('',(#1565));
#6438=EDGE_LOOP('',(#1566));
#6439=EDGE_LOOP('',(#1567));
#6440=EDGE_LOOP('',(#1568));
#6441=EDGE_LOOP('',(#1569));
#6442=EDGE_LOOP('',(#1570,#1571,#1572,#1573,#1574,#1575));
#6443=EDGE_LOOP('',(#1576));
#6444=EDGE_LOOP('',(#1577,#1578,#1579,#1580));
#6445=EDGE_LOOP('',(#1581,#1582,#1583,#1584));
#6446=EDGE_LOOP('',(#1585,#1586,#1587,#1588));
#6447=EDGE_LOOP('',(#1589,#1590,#1591,#1592));
#6448=EDGE_LOOP('',(#1593,#1594,#1595,#1596));
#6449=EDGE_LOOP('',(#1597,#1598,#1599,#1600));
#6450=EDGE_LOOP('',(#1601,#1602,#1603,#1604,#1605,#1606));
#6451=EDGE_LOOP('',(#1607,#1608,#1609,#1610));
#6452=EDGE_LOOP('',(#1611,#1612,#1613,#1614));
#6453=EDGE_LOOP('',(#1615,#1616,#1617,#1618));
#6454=EDGE_LOOP('',(#1619,#1620,#1621,#1622));
#6455=EDGE_LOOP('',(#1623,#1624,#1625,#1626));
#6456=EDGE_LOOP('',(#1627,#1628,#1629,#1630));
#6457=EDGE_LOOP('',(#1631,#1632,#1633,#1634,#1635,#1636));
#6458=EDGE_LOOP('',(#1637,#1638,#1639,#1640));
#6459=EDGE_LOOP('',(#1641,#1642,#1643,#1644));
#6460=EDGE_LOOP('',(#1645,#1646,#1647,#1648));
#6461=EDGE_LOOP('',(#1649,#1650,#1651,#1652));
#6462=EDGE_LOOP('',(#1653,#1654,#1655,#1656));
#6463=EDGE_LOOP('',(#1657,#1658,#1659,#1660));
#6464=EDGE_LOOP('',(#1661,#1662,#1663,#1664,#1665,#1666));
#6465=EDGE_LOOP('',(#1667,#1668,#1669,#1670));
#6466=EDGE_LOOP('',(#1671,#1672,#1673,#1674));
#6467=EDGE_LOOP('',(#1675,#1676,#1677,#1678));
#6468=EDGE_LOOP('',(#1679,#1680,#1681,#1682));
#6469=EDGE_LOOP('',(#1683,#1684,#1685,#1686));
#6470=EDGE_LOOP('',(#1687,#1688,#1689,#1690));
#6471=EDGE_LOOP('',(#1691,#1692,#1693,#1694,#1695,#1696));
#6472=EDGE_LOOP('',(#1697,#1698,#1699,#1700));
#6473=EDGE_LOOP('',(#1701,#1702,#1703,#1704));
#6474=EDGE_LOOP('',(#1705,#1706,#1707,#1708,#1709,#1710,#1711));
#6475=EDGE_LOOP('',(#1712,#1713,#1714,#1715,#1716,#1717,#1718));
#6476=EDGE_LOOP('',(#1719,#1720,#1721,#1722));
#6477=EDGE_LOOP('',(#1723,#1724,#1725,#1726));
#6478=EDGE_LOOP('',(#1727,#1728,#1729,#1730,#1731,#1732));
#6479=EDGE_LOOP('',(#1733));
#6480=EDGE_LOOP('',(#1734));
#6481=EDGE_LOOP('',(#1735));
#6482=EDGE_LOOP('',(#1736));
#6483=EDGE_LOOP('',(#1737));
#6484=EDGE_LOOP('',(#1738,#1739));
#6485=EDGE_LOOP('',(#1740));
#6486=EDGE_LOOP('',(#1741,#1742));
#6487=EDGE_LOOP('',(#1743,#1744,#1745,#1746));
#6488=EDGE_LOOP('',(#1747,#1748,#1749,#1750));
#6489=EDGE_LOOP('',(#1751,#1752,#1753,#1754));
#6490=EDGE_LOOP('',(#1755,#1756,#1757,#1758));
#6491=EDGE_LOOP('',(#1759,#1760,#1761,#1762));
#6492=EDGE_LOOP('',(#1763,#1764,#1765,#1766));
#6493=EDGE_LOOP('',(#1767,#1768,#1769,#1770,#1771,#1772));
#6494=EDGE_LOOP('',(#1773,#1774));
#6495=EDGE_LOOP('',(#1775));
#6496=EDGE_LOOP('',(#1776,#1777));
#6497=EDGE_LOOP('',(#1778));
#6498=EDGE_LOOP('',(#1779));
#6499=EDGE_LOOP('',(#1780));
#6500=EDGE_LOOP('',(#1781));
#6501=EDGE_LOOP('',(#1782,#1783,#1784,#1785,#1786,#1787));
#6502=EDGE_LOOP('',(#1788));
#6503=EDGE_LOOP('',(#1789,#1790,#1791,#1792));
#6504=EDGE_LOOP('',(#1793,#1794,#1795,#1796));
#6505=EDGE_LOOP('',(#1797,#1798,#1799,#1800));
#6506=EDGE_LOOP('',(#1801,#1802,#1803,#1804));
#6507=EDGE_LOOP('',(#1805,#1806,#1807,#1808));
#6508=EDGE_LOOP('',(#1809,#1810,#1811,#1812));
#6509=EDGE_LOOP('',(#1813,#1814,#1815,#1816,#1817,#1818));
#6510=EDGE_LOOP('',(#1819,#1820));
#6511=EDGE_LOOP('',(#1821,#1822,#1823,#1824,#1825,#1826));
#6512=EDGE_LOOP('',(#1827));
#6513=EDGE_LOOP('',(#1828));
#6514=EDGE_LOOP('',(#1829));
#6515=EDGE_LOOP('',(#1830));
#6516=EDGE_LOOP('',(#1831));
#6517=EDGE_LOOP('',(#1832,#1833));
#6518=EDGE_LOOP('',(#1834));
#6519=EDGE_LOOP('',(#1835,#1836,#1837,#1838));
#6520=EDGE_LOOP('',(#1839,#1840,#1841,#1842));
#6521=EDGE_LOOP('',(#1843,#1844,#1845,#1846));
#6522=EDGE_LOOP('',(#1847,#1848,#1849,#1850));
#6523=EDGE_LOOP('',(#1851,#1852,#1853,#1854));
#6524=EDGE_LOOP('',(#1855,#1856,#1857,#1858));
#6525=EDGE_LOOP('',(#1859,#1860,#1861,#1862,#1863,#1864));
#6526=EDGE_LOOP('',(#1865,#1866));
#6527=EDGE_LOOP('',(#1867));
#6528=EDGE_LOOP('',(#1868,#1869));
#6529=EDGE_LOOP('',(#1870));
#6530=EDGE_LOOP('',(#1871));
#6531=EDGE_LOOP('',(#1872));
#6532=EDGE_LOOP('',(#1873));
#6533=EDGE_LOOP('',(#1874,#1875,#1876,#1877,#1878,#1879));
#6534=EDGE_LOOP('',(#1880));
#6535=EDGE_LOOP('',(#1881,#1882,#1883,#1884));
#6536=EDGE_LOOP('',(#1885,#1886,#1887,#1888));
#6537=EDGE_LOOP('',(#1889,#1890,#1891,#1892));
#6538=EDGE_LOOP('',(#1893,#1894,#1895,#1896));
#6539=EDGE_LOOP('',(#1897,#1898,#1899,#1900));
#6540=EDGE_LOOP('',(#1901,#1902,#1903,#1904));
#6541=EDGE_LOOP('',(#1905,#1906,#1907,#1908,#1909,#1910));
#6542=EDGE_LOOP('',(#1911));
#6543=EDGE_LOOP('',(#1912));
#6544=EDGE_LOOP('',(#1913,#1914,#1915,#1916));
#6545=EDGE_LOOP('',(#1917,#1918,#1919,#1920));
#6546=EDGE_LOOP('',(#1921,#1922,#1923,#1924));
#6547=EDGE_LOOP('',(#1925,#1926,#1927,#1928));
#6548=EDGE_LOOP('',(#1929,#1930,#1931,#1932,#1933,#1934,#1935,#1936,#1937,
#1938,#1939));
#6549=EDGE_LOOP('',(#1940));
#6550=EDGE_LOOP('',(#1941));
#6551=EDGE_LOOP('',(#1942));
#6552=EDGE_LOOP('',(#1943,#1944,#1945,#1946,#1947,#1948,#1949,#1950,#1951,
#1952,#1953,#1954,#1955,#1956,#1957,#1958,#1959,#1960,#1961,#1962,#1963,
#1964,#1965,#1966,#1967,#1968,#1969,#1970,#1971,#1972,#1973));
#6553=EDGE_LOOP('',(#1974,#1975,#1976));
#6554=EDGE_LOOP('',(#1977,#1978,#1979,#1980,#1981,#1982,#1983,#1984,#1985,
#1986));
#6555=EDGE_LOOP('',(#1987,#1988,#1989,#1990));
#6556=EDGE_LOOP('',(#1991,#1992,#1993,#1994));
#6557=EDGE_LOOP('',(#1995,#1996,#1997,#1998,#1999,#2000,#2001,#2002,#2003,
#2004));
#6558=EDGE_LOOP('',(#2005,#2006,#2007));
#6559=EDGE_LOOP('',(#2008));
#6560=EDGE_LOOP('',(#2009));
#6561=EDGE_LOOP('',(#2010));
#6562=EDGE_LOOP('',(#2011,#2012,#2013,#2014,#2015,#2016,#2017,#2018,#2019,
#2020,#2021,#2022,#2023,#2024,#2025,#2026,#2027,#2028,#2029,#2030,#2031,
#2032,#2033,#2034,#2035,#2036,#2037,#2038,#2039,#2040,#2041));
#6563=EDGE_LOOP('',(#2042,#2043,#2044,#2045));
#6564=EDGE_LOOP('',(#2046,#2047,#2048,#2049));
#6565=EDGE_LOOP('',(#2050,#2051,#2052,#2053));
#6566=EDGE_LOOP('',(#2054,#2055,#2056,#2057));
#6567=EDGE_LOOP('',(#2058,#2059,#2060,#2061,#2062,#2063,#2064,#2065,#2066,
#2067,#2068));
#6568=EDGE_LOOP('',(#2069,#2070,#2071,#2072));
#6569=EDGE_LOOP('',(#2073,#2074,#2075,#2076));
#6570=EDGE_LOOP('',(#2077));
#6571=EDGE_LOOP('',(#2078));
#6572=EDGE_LOOP('',(#2079));
#6573=EDGE_LOOP('',(#2080));
#6574=EDGE_LOOP('',(#2081,#2082,#2083,#2084));
#6575=EDGE_LOOP('',(#2085));
#6576=EDGE_LOOP('',(#2086));
#6577=EDGE_LOOP('',(#2087));
#6578=EDGE_LOOP('',(#2088));
#6579=EDGE_LOOP('',(#2089,#2090,#2091,#2092));
#6580=EDGE_LOOP('',(#2093,#2094,#2095,#2096,#2097,#2098,#2099,#2100,#2101,
#2102,#2103,#2104,#2105,#2106,#2107,#2108,#2109,#2110,#2111,#2112,#2113,
#2114,#2115,#2116,#2117,#2118));
#6581=EDGE_LOOP('',(#2119,#2120,#2121,#2122,#2123,#2124,#2125,#2126,#2127,
#2128,#2129,#2130,#2131,#2132,#2133,#2134,#2135,#2136,#2137,#2138,#2139,
#2140,#2141,#2142,#2143,#2144));
#6582=EDGE_LOOP('',(#2145,#2146,#2147,#2148));
#6583=EDGE_LOOP('',(#2149));
#6584=EDGE_LOOP('',(#2150));
#6585=EDGE_LOOP('',(#2151,#2152,#2153,#2154));
#6586=EDGE_LOOP('',(#2155,#2156,#2157,#2158));
#6587=EDGE_LOOP('',(#2159,#2160,#2161,#2162));
#6588=EDGE_LOOP('',(#2163));
#6589=EDGE_LOOP('',(#2164));
#6590=EDGE_LOOP('',(#2165,#2166,#2167,#2168));
#6591=EDGE_LOOP('',(#2169,#2170,#2171,#2172));
#6592=EDGE_LOOP('',(#2173,#2174,#2175,#2176));
#6593=EDGE_LOOP('',(#2177));
#6594=EDGE_LOOP('',(#2178));
#6595=EDGE_LOOP('',(#2179,#2180,#2181,#2182));
#6596=EDGE_LOOP('',(#2183,#2184,#2185,#2186));
#6597=EDGE_LOOP('',(#2187,#2188,#2189,#2190));
#6598=EDGE_LOOP('',(#2191,#2192,#2193,#2194));
#6599=EDGE_LOOP('',(#2195,#2196,#2197,#2198));
#6600=EDGE_LOOP('',(#2199,#2200,#2201,#2202));
#6601=EDGE_LOOP('',(#2203,#2204,#2205,#2206));
#6602=EDGE_LOOP('',(#2207,#2208,#2209,#2210));
#6603=EDGE_LOOP('',(#2211));
#6604=EDGE_LOOP('',(#2212));
#6605=EDGE_LOOP('',(#2213));
#6606=EDGE_LOOP('',(#2214,#2215,#2216,#2217));
#6607=EDGE_LOOP('',(#2218,#2219,#2220,#2221));
#6608=EDGE_LOOP('',(#2222,#2223,#2224,#2225));
#6609=EDGE_LOOP('',(#2226,#2227,#2228,#2229));
#6610=EDGE_LOOP('',(#2230,#2231,#2232,#2233));
#6611=EDGE_LOOP('',(#2234,#2235,#2236,#2237));
#6612=EDGE_LOOP('',(#2238,#2239,#2240,#2241));
#6613=EDGE_LOOP('',(#2242,#2243,#2244,#2245));
#6614=EDGE_LOOP('',(#2246,#2247,#2248,#2249,#2250,#2251,#2252,#2253));
#6615=EDGE_LOOP('',(#2254,#2255,#2256,#2257));
#6616=EDGE_LOOP('',(#2258,#2259,#2260,#2261));
#6617=EDGE_LOOP('',(#2262,#2263,#2264,#2265));
#6618=EDGE_LOOP('',(#2266,#2267,#2268,#2269));
#6619=EDGE_LOOP('',(#2270,#2271,#2272,#2273));
#6620=EDGE_LOOP('',(#2274,#2275,#2276,#2277));
#6621=EDGE_LOOP('',(#2278,#2279,#2280,#2281));
#6622=EDGE_LOOP('',(#2282,#2283,#2284,#2285));
#6623=EDGE_LOOP('',(#2286,#2287,#2288,#2289));
#6624=EDGE_LOOP('',(#2290,#2291,#2292,#2293));
#6625=EDGE_LOOP('',(#2294,#2295,#2296,#2297));
#6626=EDGE_LOOP('',(#2298,#2299,#2300,#2301,#2302,#2303,#2304,#2305));
#6627=EDGE_LOOP('',(#2306,#2307,#2308,#2309));
#6628=EDGE_LOOP('',(#2310,#2311,#2312,#2313));
#6629=EDGE_LOOP('',(#2314,#2315,#2316,#2317));
#6630=EDGE_LOOP('',(#2318,#2319,#2320,#2321));
#6631=EDGE_LOOP('',(#2322));
#6632=EDGE_LOOP('',(#2323));
#6633=EDGE_LOOP('',(#2324,#2325,#2326,#2327));
#6634=EDGE_LOOP('',(#2328,#2329,#2330,#2331));
#6635=EDGE_LOOP('',(#2332,#2333,#2334,#2335));
#6636=EDGE_LOOP('',(#2336,#2337,#2338,#2339));
#6637=EDGE_LOOP('',(#2340,#2341,#2342,#2343));
#6638=EDGE_LOOP('',(#2344,#2345,#2346,#2347));
#6639=EDGE_LOOP('',(#2348,#2349,#2350,#2351));
#6640=EDGE_LOOP('',(#2352,#2353,#2354,#2355));
#6641=EDGE_LOOP('',(#2356,#2357,#2358,#2359));
#6642=EDGE_LOOP('',(#2360,#2361,#2362,#2363));
#6643=EDGE_LOOP('',(#2364,#2365,#2366,#2367));
#6644=EDGE_LOOP('',(#2368));
#6645=EDGE_LOOP('',(#2369));
#6646=EDGE_LOOP('',(#2370));
#6647=EDGE_LOOP('',(#2371));
#6648=EDGE_LOOP('',(#2372));
#6649=EDGE_LOOP('',(#2373));
#6650=EDGE_LOOP('',(#2374));
#6651=EDGE_LOOP('',(#2375));
#6652=EDGE_LOOP('',(#2376));
#6653=EDGE_LOOP('',(#2377));
#6654=EDGE_LOOP('',(#2378));
#6655=EDGE_LOOP('',(#2379));
#6656=EDGE_LOOP('',(#2380));
#6657=EDGE_LOOP('',(#2381));
#6658=EDGE_LOOP('',(#2382));
#6659=EDGE_LOOP('',(#2383));
#6660=EDGE_LOOP('',(#2384));
#6661=EDGE_LOOP('',(#2385));
#6662=EDGE_LOOP('',(#2386));
#6663=EDGE_LOOP('',(#2387));
#6664=EDGE_LOOP('',(#2388));
#6665=EDGE_LOOP('',(#2389));
#6666=EDGE_LOOP('',(#2390));
#6667=EDGE_LOOP('',(#2391));
#6668=EDGE_LOOP('',(#2392));
#6669=EDGE_LOOP('',(#2393));
#6670=EDGE_LOOP('',(#2394));
#6671=EDGE_LOOP('',(#2395));
#6672=EDGE_LOOP('',(#2396));
#6673=EDGE_LOOP('',(#2397));
#6674=EDGE_LOOP('',(#2398));
#6675=EDGE_LOOP('',(#2399));
#6676=EDGE_LOOP('',(#2400));
#6677=EDGE_LOOP('',(#2401));
#6678=EDGE_LOOP('',(#2402));
#6679=EDGE_LOOP('',(#2403));
#6680=EDGE_LOOP('',(#2404));
#6681=EDGE_LOOP('',(#2405));
#6682=EDGE_LOOP('',(#2406));
#6683=EDGE_LOOP('',(#2407));
#6684=EDGE_LOOP('',(#2408));
#6685=EDGE_LOOP('',(#2409));
#6686=EDGE_LOOP('',(#2410));
#6687=EDGE_LOOP('',(#2411));
#6688=EDGE_LOOP('',(#2412));
#6689=EDGE_LOOP('',(#2413));
#6690=EDGE_LOOP('',(#2414));
#6691=EDGE_LOOP('',(#2415));
#6692=EDGE_LOOP('',(#2416));
#6693=EDGE_LOOP('',(#2417));
#6694=EDGE_LOOP('',(#2418));
#6695=EDGE_LOOP('',(#2419));
#6696=EDGE_LOOP('',(#2420));
#6697=EDGE_LOOP('',(#2421));
#6698=EDGE_LOOP('',(#2422));
#6699=EDGE_LOOP('',(#2423));
#6700=EDGE_LOOP('',(#2424));
#6701=EDGE_LOOP('',(#2425));
#6702=EDGE_LOOP('',(#2426));
#6703=EDGE_LOOP('',(#2427,#2428,#2429,#2430));
#6704=EDGE_LOOP('',(#2431,#2432,#2433,#2434));
#6705=EDGE_LOOP('',(#2435,#2436,#2437,#2438));
#6706=EDGE_LOOP('',(#2439,#2440,#2441,#2442));
#6707=EDGE_LOOP('',(#2443,#2444,#2445,#2446));
#6708=EDGE_LOOP('',(#2447,#2448,#2449,#2450));
#6709=EDGE_LOOP('',(#2451,#2452,#2453,#2454));
#6710=EDGE_LOOP('',(#2455,#2456,#2457,#2458,#2459,#2460));
#6711=EDGE_LOOP('',(#2461,#2462,#2463,#2464,#2465,#2466));
#6712=EDGE_LOOP('',(#2467));
#6713=EDGE_LOOP('',(#2468,#2469,#2470,#2471,#2472));
#6714=EDGE_LOOP('',(#2473,#2474,#2475,#2476,#2477,#2478));
#6715=EDGE_LOOP('',(#2479,#2480,#2481,#2482,#2483,#2484));
#6716=EDGE_LOOP('',(#2485,#2486,#2487,#2488));
#6717=EDGE_LOOP('',(#2489,#2490,#2491,#2492));
#6718=EDGE_LOOP('',(#2493,#2494,#2495,#2496,#2497));
#6719=EDGE_LOOP('',(#2498));
#6720=EDGE_LOOP('',(#2499));
#6721=EDGE_LOOP('',(#2500));
#6722=EDGE_LOOP('',(#2501));
#6723=EDGE_LOOP('',(#2502));
#6724=EDGE_LOOP('',(#2503));
#6725=EDGE_LOOP('',(#2504));
#6726=EDGE_LOOP('',(#2505));
#6727=EDGE_LOOP('',(#2506));
#6728=EDGE_LOOP('',(#2507));
#6729=EDGE_LOOP('',(#2508));
#6730=EDGE_LOOP('',(#2509));
#6731=EDGE_LOOP('',(#2510));
#6732=EDGE_LOOP('',(#2511));
#6733=EDGE_LOOP('',(#2512));
#6734=EDGE_LOOP('',(#2513));
#6735=EDGE_LOOP('',(#2514));
#6736=EDGE_LOOP('',(#2515));
#6737=EDGE_LOOP('',(#2516));
#6738=EDGE_LOOP('',(#2517));
#6739=EDGE_LOOP('',(#2518));
#6740=EDGE_LOOP('',(#2519));
#6741=EDGE_LOOP('',(#2520));
#6742=EDGE_LOOP('',(#2521));
#6743=EDGE_LOOP('',(#2522));
#6744=EDGE_LOOP('',(#2523));
#6745=EDGE_LOOP('',(#2524));
#6746=EDGE_LOOP('',(#2525));
#6747=EDGE_LOOP('',(#2526));
#6748=EDGE_LOOP('',(#2527));
#6749=EDGE_LOOP('',(#2528));
#6750=EDGE_LOOP('',(#2529,#2530,#2531,#2532));
#6751=EDGE_LOOP('',(#2533,#2534,#2535,#2536));
#6752=EDGE_LOOP('',(#2537,#2538,#2539,#2540));
#6753=EDGE_LOOP('',(#2541,#2542,#2543,#2544));
#6754=EDGE_LOOP('',(#2545,#2546,#2547,#2548));
#6755=EDGE_LOOP('',(#2549,#2550,#2551,#2552));
#6756=EDGE_LOOP('',(#2553));
#6757=EDGE_LOOP('',(#2554));
#6758=EDGE_LOOP('',(#2555));
#6759=EDGE_LOOP('',(#2556));
#6760=EDGE_LOOP('',(#2557));
#6761=EDGE_LOOP('',(#2558));
#6762=EDGE_LOOP('',(#2559));
#6763=EDGE_LOOP('',(#2560));
#6764=EDGE_LOOP('',(#2561));
#6765=EDGE_LOOP('',(#2562));
#6766=EDGE_LOOP('',(#2563));
#6767=EDGE_LOOP('',(#2564));
#6768=EDGE_LOOP('',(#2565));
#6769=EDGE_LOOP('',(#2566));
#6770=EDGE_LOOP('',(#2567));
#6771=EDGE_LOOP('',(#2568));
#6772=EDGE_LOOP('',(#2569));
#6773=EDGE_LOOP('',(#2570));
#6774=EDGE_LOOP('',(#2571));
#6775=EDGE_LOOP('',(#2572));
#6776=EDGE_LOOP('',(#2573));
#6777=EDGE_LOOP('',(#2574));
#6778=EDGE_LOOP('',(#2575));
#6779=EDGE_LOOP('',(#2576));
#6780=EDGE_LOOP('',(#2577));
#6781=EDGE_LOOP('',(#2578));
#6782=EDGE_LOOP('',(#2579));
#6783=EDGE_LOOP('',(#2580));
#6784=EDGE_LOOP('',(#2581,#2582,#2583,#2584));
#6785=EDGE_LOOP('',(#2585,#2586,#2587,#2588));
#6786=EDGE_LOOP('',(#2589,#2590,#2591,#2592));
#6787=EDGE_LOOP('',(#2593,#2594,#2595,#2596));
#6788=EDGE_LOOP('',(#2597));
#6789=EDGE_LOOP('',(#2598,#2599,#2600,#2601,#2602,#2603));
#6790=EDGE_LOOP('',(#2604));
#6791=EDGE_LOOP('',(#2605,#2606,#2607,#2608,#2609,#2610));
#6792=EDGE_LOOP('',(#2611));
#6793=EDGE_LOOP('',(#2612,#2613,#2614,#2615,#2616,#2617));
#6794=EDGE_LOOP('',(#2618));
#6795=EDGE_LOOP('',(#2619,#2620,#2621,#2622,#2623,#2624));
#6796=EDGE_LOOP('',(#2625,#2626,#2627,#2628));
#6797=EDGE_LOOP('',(#2629,#2630,#2631,#2632));
#6798=EDGE_LOOP('',(#2633,#2634,#2635,#2636));
#6799=EDGE_LOOP('',(#2637,#2638,#2639,#2640));
#6800=EDGE_LOOP('',(#2641,#2642,#2643,#2644));
#6801=EDGE_LOOP('',(#2645,#2646,#2647,#2648));
#6802=EDGE_LOOP('',(#2649,#2650,#2651,#2652));
#6803=EDGE_LOOP('',(#2653,#2654,#2655,#2656));
#6804=EDGE_LOOP('',(#2657));
#6805=EDGE_LOOP('',(#2658));
#6806=EDGE_LOOP('',(#2659));
#6807=EDGE_LOOP('',(#2660));
#6808=EDGE_LOOP('',(#2661,#2662,#2663,#2664,#2665,#2666,#2667,#2668));
#6809=EDGE_LOOP('',(#2669,#2670,#2671,#2672,#2673,#2674,#2675,#2676));
#6810=EDGE_LOOP('',(#2677));
#6811=EDGE_LOOP('',(#2678));
#6812=EDGE_LOOP('',(#2679));
#6813=EDGE_LOOP('',(#2680));
#6814=EDGE_LOOP('',(#2681));
#6815=EDGE_LOOP('',(#2682));
#6816=EDGE_LOOP('',(#2683));
#6817=EDGE_LOOP('',(#2684));
#6818=EDGE_LOOP('',(#2685));
#6819=EDGE_LOOP('',(#2686,#2687,#2688,#2689,#2690,#2691,#2692,#2693));
#6820=EDGE_LOOP('',(#2694));
#6821=EDGE_LOOP('',(#2695,#2696,#2697,#2698,#2699,#2700,#2701,#2702));
#6822=EDGE_LOOP('',(#2703));
#6823=EDGE_LOOP('',(#2704));
#6824=EDGE_LOOP('',(#2705));
#6825=EDGE_LOOP('',(#2706));
#6826=EDGE_LOOP('',(#2707));
#6827=EDGE_LOOP('',(#2708));
#6828=EDGE_LOOP('',(#2709));
#6829=EDGE_LOOP('',(#2710));
#6830=EDGE_LOOP('',(#2711));
#6831=EDGE_LOOP('',(#2712));
#6832=EDGE_LOOP('',(#2713));
#6833=EDGE_LOOP('',(#2714));
#6834=EDGE_LOOP('',(#2715));
#6835=EDGE_LOOP('',(#2716));
#6836=EDGE_LOOP('',(#2717));
#6837=EDGE_LOOP('',(#2718));
#6838=EDGE_LOOP('',(#2719));
#6839=EDGE_LOOP('',(#2720));
#6840=EDGE_LOOP('',(#2721));
#6841=EDGE_LOOP('',(#2722));
#6842=EDGE_LOOP('',(#2723));
#6843=EDGE_LOOP('',(#2724));
#6844=EDGE_LOOP('',(#2725));
#6845=EDGE_LOOP('',(#2726));
#6846=EDGE_LOOP('',(#2727));
#6847=EDGE_LOOP('',(#2728));
#6848=EDGE_LOOP('',(#2729));
#6849=EDGE_LOOP('',(#2730));
#6850=EDGE_LOOP('',(#2731));
#6851=EDGE_LOOP('',(#2732));
#6852=EDGE_LOOP('',(#2733));
#6853=EDGE_LOOP('',(#2734));
#6854=EDGE_LOOP('',(#2735));
#6855=EDGE_LOOP('',(#2736));
#6856=EDGE_LOOP('',(#2737));
#6857=EDGE_LOOP('',(#2738));
#6858=EDGE_LOOP('',(#2739));
#6859=EDGE_LOOP('',(#2740));
#6860=EDGE_LOOP('',(#2741));
#6861=EDGE_LOOP('',(#2742));
#6862=EDGE_LOOP('',(#2743));
#6863=EDGE_LOOP('',(#2744));
#6864=EDGE_LOOP('',(#2745,#2746,#2747,#2748));
#6865=EDGE_LOOP('',(#2749,#2750,#2751,#2752));
#6866=EDGE_LOOP('',(#2753,#2754,#2755,#2756));
#6867=EDGE_LOOP('',(#2757,#2758,#2759,#2760));
#6868=EDGE_LOOP('',(#2761));
#6869=EDGE_LOOP('',(#2762,#2763,#2764,#2765,#2766,#2767));
#6870=EDGE_LOOP('',(#2768));
#6871=EDGE_LOOP('',(#2769));
#6872=EDGE_LOOP('',(#2770));
#6873=EDGE_LOOP('',(#2771));
#6874=EDGE_LOOP('',(#2772));
#6875=EDGE_LOOP('',(#2773));
#6876=EDGE_LOOP('',(#2774));
#6877=EDGE_LOOP('',(#2775));
#6878=EDGE_LOOP('',(#2776));
#6879=EDGE_LOOP('',(#2777));
#6880=EDGE_LOOP('',(#2778));
#6881=EDGE_LOOP('',(#2779,#2780,#2781,#2782,#2783));
#6882=EDGE_LOOP('',(#2784,#2785,#2786,#2787,#2788));
#6883=EDGE_LOOP('',(#2789,#2790,#2791,#2792,#2793));
#6884=EDGE_LOOP('',(#2794,#2795,#2796,#2797,#2798));
#6885=EDGE_LOOP('',(#2799,#2800,#2801,#2802,#2803));
#6886=EDGE_LOOP('',(#2804,#2805,#2806,#2807,#2808));
#6887=EDGE_LOOP('',(#2809,#2810,#2811));
#6888=EDGE_LOOP('',(#2812,#2813,#2814));
#6889=EDGE_LOOP('',(#2815,#2816,#2817));
#6890=EDGE_LOOP('',(#2818,#2819,#2820));
#6891=EDGE_LOOP('',(#2821,#2822,#2823));
#6892=EDGE_LOOP('',(#2824,#2825,#2826));
#6893=EDGE_LOOP('',(#2827,#2828,#2829,#2830,#2831,#2832));
#6894=FACE_BOUND('',#6133,.T.);
#6895=FACE_BOUND('',#6134,.T.);
#6896=FACE_BOUND('',#6135,.T.);
#6897=FACE_BOUND('',#6136,.T.);
#6898=FACE_BOUND('',#6137,.T.);
#6899=FACE_BOUND('',#6138,.T.);
#6900=FACE_BOUND('',#6139,.T.);
#6901=FACE_BOUND('',#6140,.T.);
#6902=FACE_BOUND('',#6141,.T.);
#6903=FACE_BOUND('',#6142,.T.);
#6904=FACE_BOUND('',#6143,.T.);
#6905=FACE_BOUND('',#6144,.T.);
#6906=FACE_BOUND('',#6145,.T.);
#6907=FACE_BOUND('',#6146,.T.);
#6908=FACE_BOUND('',#6147,.T.);
#6909=FACE_BOUND('',#6148,.T.);
#6910=FACE_BOUND('',#6149,.T.);
#6911=FACE_BOUND('',#6150,.T.);
#6912=FACE_BOUND('',#6151,.T.);
#6913=FACE_BOUND('',#6152,.T.);
#6914=FACE_BOUND('',#6153,.T.);
#6915=FACE_BOUND('',#6154,.T.);
#6916=FACE_BOUND('',#6155,.T.);
#6917=FACE_BOUND('',#6156,.T.);
#6918=FACE_BOUND('',#6157,.T.);
#6919=FACE_BOUND('',#6158,.T.);
#6920=FACE_BOUND('',#6159,.T.);
#6921=FACE_BOUND('',#6160,.T.);
#6922=FACE_BOUND('',#6161,.T.);
#6923=FACE_BOUND('',#6162,.T.);
#6924=FACE_BOUND('',#6163,.T.);
#6925=FACE_BOUND('',#6164,.T.);
#6926=FACE_BOUND('',#6165,.T.);
#6927=FACE_BOUND('',#6166,.T.);
#6928=FACE_BOUND('',#6167,.T.);
#6929=FACE_BOUND('',#6168,.T.);
#6930=FACE_BOUND('',#6169,.T.);
#6931=FACE_BOUND('',#6170,.T.);
#6932=FACE_BOUND('',#6171,.T.);
#6933=FACE_BOUND('',#6172,.T.);
#6934=FACE_BOUND('',#6173,.T.);
#6935=FACE_BOUND('',#6174,.T.);
#6936=FACE_BOUND('',#6175,.T.);
#6937=FACE_BOUND('',#6176,.T.);
#6938=FACE_BOUND('',#6177,.T.);
#6939=FACE_BOUND('',#6178,.T.);
#6940=FACE_BOUND('',#6179,.T.);
#6941=FACE_BOUND('',#6180,.T.);
#6942=FACE_BOUND('',#6181,.T.);
#6943=FACE_BOUND('',#6182,.T.);
#6944=FACE_BOUND('',#6183,.T.);
#6945=FACE_BOUND('',#6184,.T.);
#6946=FACE_BOUND('',#6185,.T.);
#6947=FACE_BOUND('',#6186,.T.);
#6948=FACE_BOUND('',#6187,.T.);
#6949=FACE_BOUND('',#6188,.T.);
#6950=FACE_BOUND('',#6189,.T.);
#6951=FACE_BOUND('',#6190,.T.);
#6952=FACE_BOUND('',#6191,.T.);
#6953=FACE_BOUND('',#6192,.T.);
#6954=FACE_BOUND('',#6193,.T.);
#6955=FACE_BOUND('',#6194,.T.);
#6956=FACE_BOUND('',#6195,.T.);
#6957=FACE_BOUND('',#6196,.T.);
#6958=FACE_BOUND('',#6197,.T.);
#6959=FACE_BOUND('',#6198,.T.);
#6960=FACE_BOUND('',#6199,.T.);
#6961=FACE_BOUND('',#6200,.T.);
#6962=FACE_BOUND('',#6201,.T.);
#6963=FACE_BOUND('',#6202,.T.);
#6964=FACE_BOUND('',#6203,.T.);
#6965=FACE_BOUND('',#6204,.T.);
#6966=FACE_BOUND('',#6205,.T.);
#6967=FACE_BOUND('',#6206,.T.);
#6968=FACE_BOUND('',#6207,.T.);
#6969=FACE_BOUND('',#6208,.T.);
#6970=FACE_BOUND('',#6209,.T.);
#6971=FACE_BOUND('',#6210,.T.);
#6972=FACE_BOUND('',#6211,.T.);
#6973=FACE_BOUND('',#6212,.T.);
#6974=FACE_BOUND('',#6213,.T.);
#6975=FACE_BOUND('',#6214,.T.);
#6976=FACE_BOUND('',#6215,.T.);
#6977=FACE_BOUND('',#6216,.T.);
#6978=FACE_BOUND('',#6217,.T.);
#6979=FACE_BOUND('',#6218,.T.);
#6980=FACE_BOUND('',#6219,.T.);
#6981=FACE_BOUND('',#6220,.T.);
#6982=FACE_BOUND('',#6221,.T.);
#6983=FACE_BOUND('',#6222,.T.);
#6984=FACE_BOUND('',#6223,.T.);
#6985=FACE_BOUND('',#6224,.T.);
#6986=FACE_BOUND('',#6225,.T.);
#6987=FACE_BOUND('',#6226,.T.);
#6988=FACE_BOUND('',#6227,.T.);
#6989=FACE_BOUND('',#6228,.T.);
#6990=FACE_BOUND('',#6229,.T.);
#6991=FACE_BOUND('',#6230,.T.);
#6992=FACE_BOUND('',#6231,.T.);
#6993=FACE_BOUND('',#6232,.T.);
#6994=FACE_BOUND('',#6233,.T.);
#6995=FACE_BOUND('',#6234,.T.);
#6996=FACE_BOUND('',#6235,.T.);
#6997=FACE_BOUND('',#6236,.T.);
#6998=FACE_BOUND('',#6237,.T.);
#6999=FACE_BOUND('',#6238,.T.);
#7000=FACE_BOUND('',#6239,.T.);
#7001=FACE_BOUND('',#6240,.T.);
#7002=FACE_BOUND('',#6241,.T.);
#7003=FACE_BOUND('',#6242,.T.);
#7004=FACE_BOUND('',#77,.T.);
#7005=FACE_BOUND('',#6243,.T.);
#7006=FACE_BOUND('',#6244,.T.);
#7007=FACE_BOUND('',#6245,.T.);
#7008=FACE_BOUND('',#6246,.T.);
#7009=FACE_BOUND('',#6247,.T.);
#7010=FACE_BOUND('',#78,.T.);
#7011=FACE_BOUND('',#6248,.T.);
#7012=FACE_BOUND('',#6249,.T.);
#7013=FACE_BOUND('',#6250,.T.);
#7014=FACE_BOUND('',#6251,.T.);
#7015=FACE_BOUND('',#6252,.T.);
#7016=FACE_BOUND('',#79,.T.);
#7017=FACE_BOUND('',#6253,.T.);
#7018=FACE_BOUND('',#6254,.T.);
#7019=FACE_BOUND('',#6255,.T.);
#7020=FACE_BOUND('',#6256,.T.);
#7021=FACE_BOUND('',#6257,.T.);
#7022=FACE_BOUND('',#80,.T.);
#7023=FACE_BOUND('',#6258,.T.);
#7024=FACE_BOUND('',#6259,.T.);
#7025=FACE_BOUND('',#6260,.T.);
#7026=FACE_BOUND('',#6261,.T.);
#7027=FACE_BOUND('',#6262,.T.);
#7028=FACE_BOUND('',#6263,.T.);
#7029=FACE_BOUND('',#6264,.T.);
#7030=FACE_BOUND('',#6265,.T.);
#7031=FACE_BOUND('',#6266,.T.);
#7032=FACE_BOUND('',#6267,.T.);
#7033=FACE_BOUND('',#6268,.T.);
#7034=FACE_BOUND('',#6269,.T.);
#7035=FACE_BOUND('',#6270,.T.);
#7036=FACE_BOUND('',#6271,.T.);
#7037=FACE_BOUND('',#6272,.T.);
#7038=FACE_BOUND('',#6273,.T.);
#7039=FACE_BOUND('',#6274,.T.);
#7040=FACE_BOUND('',#6275,.T.);
#7041=FACE_BOUND('',#6276,.T.);
#7042=FACE_BOUND('',#6277,.T.);
#7043=FACE_BOUND('',#6278,.T.);
#7044=FACE_BOUND('',#6279,.T.);
#7045=FACE_BOUND('',#6280,.T.);
#7046=FACE_BOUND('',#6281,.T.);
#7047=FACE_BOUND('',#6282,.T.);
#7048=FACE_BOUND('',#6283,.T.);
#7049=FACE_BOUND('',#6284,.T.);
#7050=FACE_BOUND('',#6285,.T.);
#7051=FACE_BOUND('',#6286,.T.);
#7052=FACE_BOUND('',#6287,.T.);
#7053=FACE_BOUND('',#6288,.T.);
#7054=FACE_BOUND('',#6289,.T.);
#7055=FACE_BOUND('',#6290,.T.);
#7056=FACE_BOUND('',#6291,.T.);
#7057=FACE_BOUND('',#6292,.T.);
#7058=FACE_BOUND('',#6293,.T.);
#7059=FACE_BOUND('',#6294,.T.);
#7060=FACE_BOUND('',#6295,.T.);
#7061=FACE_BOUND('',#6296,.T.);
#7062=FACE_BOUND('',#6297,.T.);
#7063=FACE_BOUND('',#6298,.T.);
#7064=FACE_BOUND('',#6299,.T.);
#7065=FACE_BOUND('',#6300,.T.);
#7066=FACE_BOUND('',#6301,.T.);
#7067=FACE_BOUND('',#6302,.T.);
#7068=FACE_BOUND('',#6303,.T.);
#7069=FACE_BOUND('',#6304,.T.);
#7070=FACE_BOUND('',#6305,.T.);
#7071=FACE_BOUND('',#6306,.T.);
#7072=FACE_BOUND('',#6307,.T.);
#7073=FACE_BOUND('',#6308,.T.);
#7074=FACE_BOUND('',#6309,.T.);
#7075=FACE_BOUND('',#6310,.T.);
#7076=FACE_BOUND('',#6311,.T.);
#7077=FACE_BOUND('',#6312,.T.);
#7078=FACE_BOUND('',#6313,.T.);
#7079=FACE_BOUND('',#6314,.T.);
#7080=FACE_BOUND('',#6315,.T.);
#7081=FACE_BOUND('',#6316,.T.);
#7082=FACE_BOUND('',#6317,.T.);
#7083=FACE_BOUND('',#6318,.T.);
#7084=FACE_BOUND('',#6319,.T.);
#7085=FACE_BOUND('',#6320,.T.);
#7086=FACE_BOUND('',#6321,.T.);
#7087=FACE_BOUND('',#6322,.T.);
#7088=FACE_BOUND('',#6323,.T.);
#7089=FACE_BOUND('',#6324,.T.);
#7090=FACE_BOUND('',#6325,.T.);
#7091=FACE_BOUND('',#6326,.T.);
#7092=FACE_BOUND('',#6327,.T.);
#7093=FACE_BOUND('',#6328,.T.);
#7094=FACE_BOUND('',#6329,.T.);
#7095=FACE_BOUND('',#6330,.T.);
#7096=FACE_BOUND('',#6331,.T.);
#7097=FACE_BOUND('',#6332,.T.);
#7098=FACE_BOUND('',#6333,.T.);
#7099=FACE_BOUND('',#6334,.T.);
#7100=FACE_BOUND('',#6335,.T.);
#7101=FACE_BOUND('',#6336,.T.);
#7102=FACE_BOUND('',#6337,.T.);
#7103=FACE_BOUND('',#6338,.T.);
#7104=FACE_BOUND('',#6339,.T.);
#7105=FACE_BOUND('',#6340,.T.);
#7106=FACE_BOUND('',#6341,.T.);
#7107=FACE_BOUND('',#6342,.T.);
#7108=FACE_BOUND('',#6343,.T.);
#7109=FACE_BOUND('',#6344,.T.);
#7110=FACE_BOUND('',#6345,.T.);
#7111=FACE_BOUND('',#6346,.T.);
#7112=FACE_BOUND('',#6347,.T.);
#7113=FACE_BOUND('',#6348,.T.);
#7114=FACE_BOUND('',#6349,.T.);
#7115=FACE_BOUND('',#6350,.T.);
#7116=FACE_BOUND('',#6351,.T.);
#7117=FACE_BOUND('',#6352,.T.);
#7118=FACE_BOUND('',#6353,.T.);
#7119=FACE_BOUND('',#6354,.T.);
#7120=FACE_BOUND('',#6355,.T.);
#7121=FACE_BOUND('',#6356,.T.);
#7122=FACE_BOUND('',#6357,.T.);
#7123=FACE_BOUND('',#6358,.T.);
#7124=FACE_BOUND('',#6359,.T.);
#7125=FACE_BOUND('',#6360,.T.);
#7126=FACE_BOUND('',#6361,.T.);
#7127=FACE_BOUND('',#6362,.T.);
#7128=FACE_BOUND('',#6363,.T.);
#7129=FACE_BOUND('',#81,.T.);
#7130=FACE_BOUND('',#6364,.T.);
#7131=FACE_BOUND('',#6365,.T.);
#7132=FACE_BOUND('',#6366,.T.);
#7133=FACE_BOUND('',#6367,.T.);
#7134=FACE_BOUND('',#6368,.T.);
#7135=FACE_BOUND('',#82,.T.);
#7136=FACE_BOUND('',#6369,.T.);
#7137=FACE_BOUND('',#6370,.T.);
#7138=FACE_BOUND('',#6371,.T.);
#7139=FACE_BOUND('',#6372,.T.);
#7140=FACE_BOUND('',#6373,.T.);
#7141=FACE_BOUND('',#6374,.T.);
#7142=FACE_BOUND('',#6375,.T.);
#7143=FACE_BOUND('',#6376,.T.);
#7144=FACE_BOUND('',#83,.T.);
#7145=FACE_BOUND('',#6377,.T.);
#7146=FACE_BOUND('',#6378,.T.);
#7147=FACE_BOUND('',#6379,.T.);
#7148=FACE_BOUND('',#6380,.T.);
#7149=FACE_BOUND('',#6381,.T.);
#7150=FACE_BOUND('',#84,.T.);
#7151=FACE_BOUND('',#6382,.T.);
#7152=FACE_BOUND('',#6383,.T.);
#7153=FACE_BOUND('',#85,.T.);
#7154=FACE_BOUND('',#6384,.T.);
#7155=FACE_BOUND('',#6385,.T.);
#7156=FACE_BOUND('',#6386,.T.);
#7157=FACE_BOUND('',#6387,.T.);
#7158=FACE_BOUND('',#6388,.T.);
#7159=FACE_BOUND('',#6389,.T.);
#7160=FACE_BOUND('',#6390,.T.);
#7161=FACE_BOUND('',#6391,.T.);
#7162=FACE_BOUND('',#86,.T.);
#7163=FACE_BOUND('',#6392,.T.);
#7164=FACE_BOUND('',#6393,.T.);
#7165=FACE_BOUND('',#6394,.T.);
#7166=FACE_BOUND('',#6395,.T.);
#7167=FACE_BOUND('',#6396,.T.);
#7168=FACE_BOUND('',#6397,.T.);
#7169=FACE_BOUND('',#6398,.T.);
#7170=FACE_BOUND('',#6399,.T.);
#7171=FACE_BOUND('',#6400,.T.);
#7172=FACE_BOUND('',#6401,.T.);
#7173=FACE_BOUND('',#6402,.T.);
#7174=FACE_BOUND('',#6403,.T.);
#7175=FACE_BOUND('',#6404,.T.);
#7176=FACE_BOUND('',#6405,.T.);
#7177=FACE_BOUND('',#6406,.T.);
#7178=FACE_BOUND('',#6407,.T.);
#7179=FACE_BOUND('',#6408,.T.);
#7180=FACE_BOUND('',#6409,.T.);
#7181=FACE_BOUND('',#6410,.T.);
#7182=FACE_BOUND('',#6411,.T.);
#7183=FACE_BOUND('',#6412,.T.);
#7184=FACE_BOUND('',#6413,.T.);
#7185=FACE_BOUND('',#6414,.T.);
#7186=FACE_BOUND('',#6415,.T.);
#7187=FACE_BOUND('',#6416,.T.);
#7188=FACE_BOUND('',#6417,.T.);
#7189=FACE_BOUND('',#6418,.T.);
#7190=FACE_BOUND('',#6419,.T.);
#7191=FACE_BOUND('',#6420,.T.);
#7192=FACE_BOUND('',#6421,.T.);
#7193=FACE_BOUND('',#6422,.T.);
#7194=FACE_BOUND('',#6423,.T.);
#7195=FACE_BOUND('',#6424,.T.);
#7196=FACE_BOUND('',#6425,.T.);
#7197=FACE_BOUND('',#6426,.T.);
#7198=FACE_BOUND('',#6427,.T.);
#7199=FACE_BOUND('',#6428,.T.);
#7200=FACE_BOUND('',#6429,.T.);
#7201=FACE_BOUND('',#6430,.T.);
#7202=FACE_BOUND('',#6431,.T.);
#7203=FACE_BOUND('',#6432,.T.);
#7204=FACE_BOUND('',#6433,.T.);
#7205=FACE_BOUND('',#6434,.T.);
#7206=FACE_BOUND('',#6435,.T.);
#7207=FACE_BOUND('',#6436,.T.);
#7208=FACE_BOUND('',#6437,.T.);
#7209=FACE_BOUND('',#6438,.T.);
#7210=FACE_BOUND('',#6439,.T.);
#7211=FACE_BOUND('',#6440,.T.);
#7212=FACE_BOUND('',#6441,.T.);
#7213=FACE_BOUND('',#6442,.T.);
#7214=FACE_BOUND('',#6443,.T.);
#7215=FACE_BOUND('',#6444,.T.);
#7216=FACE_BOUND('',#6445,.T.);
#7217=FACE_BOUND('',#6446,.T.);
#7218=FACE_BOUND('',#6447,.T.);
#7219=FACE_BOUND('',#6448,.T.);
#7220=FACE_BOUND('',#6449,.T.);
#7221=FACE_BOUND('',#6450,.T.);
#7222=FACE_BOUND('',#6451,.T.);
#7223=FACE_BOUND('',#6452,.T.);
#7224=FACE_BOUND('',#6453,.T.);
#7225=FACE_BOUND('',#6454,.T.);
#7226=FACE_BOUND('',#6455,.T.);
#7227=FACE_BOUND('',#6456,.T.);
#7228=FACE_BOUND('',#6457,.T.);
#7229=FACE_BOUND('',#6458,.T.);
#7230=FACE_BOUND('',#6459,.T.);
#7231=FACE_BOUND('',#6460,.T.);
#7232=FACE_BOUND('',#6461,.T.);
#7233=FACE_BOUND('',#6462,.T.);
#7234=FACE_BOUND('',#6463,.T.);
#7235=FACE_BOUND('',#6464,.T.);
#7236=FACE_BOUND('',#6465,.T.);
#7237=FACE_BOUND('',#6466,.T.);
#7238=FACE_BOUND('',#6467,.T.);
#7239=FACE_BOUND('',#6468,.T.);
#7240=FACE_BOUND('',#6469,.T.);
#7241=FACE_BOUND('',#6470,.T.);
#7242=FACE_BOUND('',#6471,.T.);
#7243=FACE_BOUND('',#6472,.T.);
#7244=FACE_BOUND('',#6473,.T.);
#7245=FACE_BOUND('',#6474,.T.);
#7246=FACE_BOUND('',#6475,.T.);
#7247=FACE_BOUND('',#6476,.T.);
#7248=FACE_BOUND('',#6477,.T.);
#7249=FACE_BOUND('',#6478,.T.);
#7250=FACE_BOUND('',#6479,.T.);
#7251=FACE_BOUND('',#6480,.T.);
#7252=FACE_BOUND('',#6481,.T.);
#7253=FACE_BOUND('',#6482,.T.);
#7254=FACE_BOUND('',#6483,.T.);
#7255=FACE_BOUND('',#6484,.T.);
#7256=FACE_BOUND('',#6485,.T.);
#7257=FACE_BOUND('',#6486,.T.);
#7258=FACE_BOUND('',#6487,.T.);
#7259=FACE_BOUND('',#6488,.T.);
#7260=FACE_BOUND('',#6489,.T.);
#7261=FACE_BOUND('',#6490,.T.);
#7262=FACE_BOUND('',#6491,.T.);
#7263=FACE_BOUND('',#6492,.T.);
#7264=FACE_BOUND('',#6493,.T.);
#7265=FACE_BOUND('',#6494,.T.);
#7266=FACE_BOUND('',#6495,.T.);
#7267=FACE_BOUND('',#6496,.T.);
#7268=FACE_BOUND('',#6497,.T.);
#7269=FACE_BOUND('',#6498,.T.);
#7270=FACE_BOUND('',#6499,.T.);
#7271=FACE_BOUND('',#6500,.T.);
#7272=FACE_BOUND('',#6501,.T.);
#7273=FACE_BOUND('',#6502,.T.);
#7274=FACE_BOUND('',#6503,.T.);
#7275=FACE_BOUND('',#6504,.T.);
#7276=FACE_BOUND('',#6505,.T.);
#7277=FACE_BOUND('',#6506,.T.);
#7278=FACE_BOUND('',#6507,.T.);
#7279=FACE_BOUND('',#6508,.T.);
#7280=FACE_BOUND('',#6509,.T.);
#7281=FACE_BOUND('',#6510,.T.);
#7282=FACE_BOUND('',#6511,.T.);
#7283=FACE_BOUND('',#6512,.T.);
#7284=FACE_BOUND('',#6513,.T.);
#7285=FACE_BOUND('',#6514,.T.);
#7286=FACE_BOUND('',#6515,.T.);
#7287=FACE_BOUND('',#6516,.T.);
#7288=FACE_BOUND('',#6517,.T.);
#7289=FACE_BOUND('',#6518,.T.);
#7290=FACE_BOUND('',#6519,.T.);
#7291=FACE_BOUND('',#6520,.T.);
#7292=FACE_BOUND('',#6521,.T.);
#7293=FACE_BOUND('',#6522,.T.);
#7294=FACE_BOUND('',#6523,.T.);
#7295=FACE_BOUND('',#6524,.T.);
#7296=FACE_BOUND('',#6525,.T.);
#7297=FACE_BOUND('',#6526,.T.);
#7298=FACE_BOUND('',#6527,.T.);
#7299=FACE_BOUND('',#6528,.T.);
#7300=FACE_BOUND('',#6529,.T.);
#7301=FACE_BOUND('',#6530,.T.);
#7302=FACE_BOUND('',#6531,.T.);
#7303=FACE_BOUND('',#6532,.T.);
#7304=FACE_BOUND('',#6533,.T.);
#7305=FACE_BOUND('',#6534,.T.);
#7306=FACE_BOUND('',#6535,.T.);
#7307=FACE_BOUND('',#6536,.T.);
#7308=FACE_BOUND('',#6537,.T.);
#7309=FACE_BOUND('',#6538,.T.);
#7310=FACE_BOUND('',#6539,.T.);
#7311=FACE_BOUND('',#6540,.T.);
#7312=FACE_BOUND('',#6541,.T.);
#7313=FACE_BOUND('',#6542,.T.);
#7314=FACE_BOUND('',#6543,.T.);
#7315=FACE_BOUND('',#6544,.T.);
#7316=FACE_BOUND('',#6545,.T.);
#7317=FACE_BOUND('',#6546,.T.);
#7318=FACE_BOUND('',#6547,.T.);
#7319=FACE_BOUND('',#6548,.T.);
#7320=FACE_BOUND('',#6549,.T.);
#7321=FACE_BOUND('',#6550,.T.);
#7322=FACE_BOUND('',#6551,.T.);
#7323=FACE_BOUND('',#6552,.T.);
#7324=FACE_BOUND('',#6553,.T.);
#7325=FACE_BOUND('',#6554,.T.);
#7326=FACE_BOUND('',#6555,.T.);
#7327=FACE_BOUND('',#6556,.T.);
#7328=FACE_BOUND('',#6557,.T.);
#7329=FACE_BOUND('',#6558,.T.);
#7330=FACE_BOUND('',#6559,.T.);
#7331=FACE_BOUND('',#6560,.T.);
#7332=FACE_BOUND('',#6561,.T.);
#7333=FACE_BOUND('',#6562,.T.);
#7334=FACE_BOUND('',#6563,.T.);
#7335=FACE_BOUND('',#6564,.T.);
#7336=FACE_BOUND('',#6565,.T.);
#7337=FACE_BOUND('',#6566,.T.);
#7338=FACE_BOUND('',#6567,.T.);
#7339=FACE_BOUND('',#6568,.T.);
#7340=FACE_BOUND('',#6569,.T.);
#7341=FACE_BOUND('',#6570,.T.);
#7342=FACE_BOUND('',#6571,.T.);
#7343=FACE_BOUND('',#6572,.T.);
#7344=FACE_BOUND('',#6573,.T.);
#7345=FACE_BOUND('',#6574,.T.);
#7346=FACE_BOUND('',#6575,.T.);
#7347=FACE_BOUND('',#6576,.T.);
#7348=FACE_BOUND('',#6577,.T.);
#7349=FACE_BOUND('',#6578,.T.);
#7350=FACE_BOUND('',#6579,.T.);
#7351=FACE_BOUND('',#6580,.T.);
#7352=FACE_BOUND('',#6581,.T.);
#7353=FACE_BOUND('',#6582,.T.);
#7354=FACE_BOUND('',#6583,.T.);
#7355=FACE_BOUND('',#6584,.T.);
#7356=FACE_BOUND('',#6585,.T.);
#7357=FACE_BOUND('',#6586,.T.);
#7358=FACE_BOUND('',#6587,.T.);
#7359=FACE_BOUND('',#6588,.T.);
#7360=FACE_BOUND('',#6589,.T.);
#7361=FACE_BOUND('',#6590,.T.);
#7362=FACE_BOUND('',#6591,.T.);
#7363=FACE_BOUND('',#6592,.T.);
#7364=FACE_BOUND('',#6593,.T.);
#7365=FACE_BOUND('',#6594,.T.);
#7366=FACE_BOUND('',#6595,.T.);
#7367=FACE_BOUND('',#6596,.T.);
#7368=FACE_BOUND('',#6597,.T.);
#7369=FACE_BOUND('',#6598,.T.);
#7370=FACE_BOUND('',#6599,.T.);
#7371=FACE_BOUND('',#6600,.T.);
#7372=FACE_BOUND('',#6601,.T.);
#7373=FACE_BOUND('',#6602,.T.);
#7374=FACE_BOUND('',#6603,.T.);
#7375=FACE_BOUND('',#6604,.T.);
#7376=FACE_BOUND('',#6605,.T.);
#7377=FACE_BOUND('',#6606,.T.);
#7378=FACE_BOUND('',#6607,.T.);
#7379=FACE_BOUND('',#6608,.T.);
#7380=FACE_BOUND('',#6609,.T.);
#7381=FACE_BOUND('',#6610,.T.);
#7382=FACE_BOUND('',#6611,.T.);
#7383=FACE_BOUND('',#6612,.T.);
#7384=FACE_BOUND('',#6613,.T.);
#7385=FACE_BOUND('',#6614,.T.);
#7386=FACE_BOUND('',#6615,.T.);
#7387=FACE_BOUND('',#6616,.T.);
#7388=FACE_BOUND('',#6617,.T.);
#7389=FACE_BOUND('',#6618,.T.);
#7390=FACE_BOUND('',#6619,.T.);
#7391=FACE_BOUND('',#6620,.T.);
#7392=FACE_BOUND('',#6621,.T.);
#7393=FACE_BOUND('',#6622,.T.);
#7394=FACE_BOUND('',#6623,.T.);
#7395=FACE_BOUND('',#6624,.T.);
#7396=FACE_BOUND('',#6625,.T.);
#7397=FACE_BOUND('',#6626,.T.);
#7398=FACE_BOUND('',#6627,.T.);
#7399=FACE_BOUND('',#6628,.T.);
#7400=FACE_BOUND('',#6629,.T.);
#7401=FACE_BOUND('',#6630,.T.);
#7402=FACE_BOUND('',#6631,.T.);
#7403=FACE_BOUND('',#6632,.T.);
#7404=FACE_BOUND('',#6633,.T.);
#7405=FACE_BOUND('',#6634,.T.);
#7406=FACE_BOUND('',#6635,.T.);
#7407=FACE_BOUND('',#6636,.T.);
#7408=FACE_BOUND('',#6637,.T.);
#7409=FACE_BOUND('',#6638,.T.);
#7410=FACE_BOUND('',#6639,.T.);
#7411=FACE_BOUND('',#6640,.T.);
#7412=FACE_BOUND('',#6641,.T.);
#7413=FACE_BOUND('',#6642,.T.);
#7414=FACE_BOUND('',#6643,.T.);
#7415=FACE_BOUND('',#6644,.T.);
#7416=FACE_BOUND('',#6645,.T.);
#7417=FACE_BOUND('',#6646,.T.);
#7418=FACE_BOUND('',#6647,.T.);
#7419=FACE_BOUND('',#6648,.T.);
#7420=FACE_BOUND('',#6649,.T.);
#7421=FACE_BOUND('',#6650,.T.);
#7422=FACE_BOUND('',#6651,.T.);
#7423=FACE_BOUND('',#6652,.T.);
#7424=FACE_BOUND('',#6653,.T.);
#7425=FACE_BOUND('',#6654,.T.);
#7426=FACE_BOUND('',#6655,.T.);
#7427=FACE_BOUND('',#6656,.T.);
#7428=FACE_BOUND('',#6657,.T.);
#7429=FACE_BOUND('',#6658,.T.);
#7430=FACE_BOUND('',#6659,.T.);
#7431=FACE_BOUND('',#6660,.T.);
#7432=FACE_BOUND('',#6661,.T.);
#7433=FACE_BOUND('',#6662,.T.);
#7434=FACE_BOUND('',#6663,.T.);
#7435=FACE_BOUND('',#6664,.T.);
#7436=FACE_BOUND('',#6665,.T.);
#7437=FACE_BOUND('',#6666,.T.);
#7438=FACE_BOUND('',#6667,.T.);
#7439=FACE_BOUND('',#6668,.T.);
#7440=FACE_BOUND('',#87,.T.);
#7441=FACE_BOUND('',#6669,.T.);
#7442=FACE_BOUND('',#6670,.T.);
#7443=FACE_BOUND('',#6671,.T.);
#7444=FACE_BOUND('',#6672,.T.);
#7445=FACE_BOUND('',#6673,.T.);
#7446=FACE_BOUND('',#88,.T.);
#7447=FACE_BOUND('',#6674,.T.);
#7448=FACE_BOUND('',#6675,.T.);
#7449=FACE_BOUND('',#6676,.T.);
#7450=FACE_BOUND('',#6677,.T.);
#7451=FACE_BOUND('',#6678,.T.);
#7452=FACE_BOUND('',#89,.T.);
#7453=FACE_BOUND('',#6679,.T.);
#7454=FACE_BOUND('',#6680,.T.);
#7455=FACE_BOUND('',#6681,.T.);
#7456=FACE_BOUND('',#6682,.T.);
#7457=FACE_BOUND('',#6683,.T.);
#7458=FACE_BOUND('',#90,.T.);
#7459=FACE_BOUND('',#6684,.T.);
#7460=FACE_BOUND('',#6685,.T.);
#7461=FACE_BOUND('',#6686,.T.);
#7462=FACE_BOUND('',#6687,.T.);
#7463=FACE_BOUND('',#6688,.T.);
#7464=FACE_BOUND('',#6689,.T.);
#7465=FACE_BOUND('',#6690,.T.);
#7466=FACE_BOUND('',#6691,.T.);
#7467=FACE_BOUND('',#6692,.T.);
#7468=FACE_BOUND('',#6693,.T.);
#7469=FACE_BOUND('',#6694,.T.);
#7470=FACE_BOUND('',#6695,.T.);
#7471=FACE_BOUND('',#6696,.T.);
#7472=FACE_BOUND('',#6697,.T.);
#7473=FACE_BOUND('',#6698,.T.);
#7474=FACE_BOUND('',#6699,.T.);
#7475=FACE_BOUND('',#6700,.T.);
#7476=FACE_BOUND('',#6701,.T.);
#7477=FACE_BOUND('',#6702,.T.);
#7478=FACE_BOUND('',#6703,.T.);
#7479=FACE_BOUND('',#6704,.T.);
#7480=FACE_BOUND('',#6705,.T.);
#7481=FACE_BOUND('',#6706,.T.);
#7482=FACE_BOUND('',#6707,.T.);
#7483=FACE_BOUND('',#6708,.T.);
#7484=FACE_BOUND('',#6709,.T.);
#7485=FACE_BOUND('',#6710,.T.);
#7486=FACE_BOUND('',#6711,.T.);
#7487=FACE_BOUND('',#6712,.T.);
#7488=FACE_BOUND('',#6713,.T.);
#7489=FACE_BOUND('',#6714,.T.);
#7490=FACE_BOUND('',#6715,.T.);
#7491=FACE_BOUND('',#6716,.T.);
#7492=FACE_BOUND('',#6717,.T.);
#7493=FACE_BOUND('',#6718,.T.);
#7494=FACE_BOUND('',#6719,.T.);
#7495=FACE_BOUND('',#6720,.T.);
#7496=FACE_BOUND('',#6721,.T.);
#7497=FACE_BOUND('',#6722,.T.);
#7498=FACE_BOUND('',#6723,.T.);
#7499=FACE_BOUND('',#6724,.T.);
#7500=FACE_BOUND('',#6725,.T.);
#7501=FACE_BOUND('',#6726,.T.);
#7502=FACE_BOUND('',#6727,.T.);
#7503=FACE_BOUND('',#6728,.T.);
#7504=FACE_BOUND('',#6729,.T.);
#7505=FACE_BOUND('',#91,.T.);
#7506=FACE_BOUND('',#6730,.T.);
#7507=FACE_BOUND('',#6731,.T.);
#7508=FACE_BOUND('',#6732,.T.);
#7509=FACE_BOUND('',#6733,.T.);
#7510=FACE_BOUND('',#6734,.T.);
#7511=FACE_BOUND('',#92,.T.);
#7512=FACE_BOUND('',#6735,.T.);
#7513=FACE_BOUND('',#6736,.T.);
#7514=FACE_BOUND('',#93,.T.);
#7515=FACE_BOUND('',#6737,.T.);
#7516=FACE_BOUND('',#6738,.T.);
#7517=FACE_BOUND('',#6739,.T.);
#7518=FACE_BOUND('',#6740,.T.);
#7519=FACE_BOUND('',#6741,.T.);
#7520=FACE_BOUND('',#94,.T.);
#7521=FACE_BOUND('',#6742,.T.);
#7522=FACE_BOUND('',#6743,.T.);
#7523=FACE_BOUND('',#6744,.T.);
#7524=FACE_BOUND('',#6745,.T.);
#7525=FACE_BOUND('',#6746,.T.);
#7526=FACE_BOUND('',#6747,.T.);
#7527=FACE_BOUND('',#6748,.T.);
#7528=FACE_BOUND('',#6749,.T.);
#7529=FACE_BOUND('',#6750,.T.);
#7530=FACE_BOUND('',#6751,.T.);
#7531=FACE_BOUND('',#6752,.T.);
#7532=FACE_BOUND('',#6753,.T.);
#7533=FACE_BOUND('',#6754,.T.);
#7534=FACE_BOUND('',#6755,.T.);
#7535=FACE_BOUND('',#6756,.T.);
#7536=FACE_BOUND('',#6757,.T.);
#7537=FACE_BOUND('',#6758,.T.);
#7538=FACE_BOUND('',#6759,.T.);
#7539=FACE_BOUND('',#6760,.T.);
#7540=FACE_BOUND('',#6761,.T.);
#7541=FACE_BOUND('',#6762,.T.);
#7542=FACE_BOUND('',#6763,.T.);
#7543=FACE_BOUND('',#6764,.T.);
#7544=FACE_BOUND('',#6765,.T.);
#7545=FACE_BOUND('',#6766,.T.);
#7546=FACE_BOUND('',#6767,.T.);
#7547=FACE_BOUND('',#6768,.T.);
#7548=FACE_BOUND('',#6769,.T.);
#7549=FACE_BOUND('',#6770,.T.);
#7550=FACE_BOUND('',#6771,.T.);
#7551=FACE_BOUND('',#6772,.T.);
#7552=FACE_BOUND('',#6773,.T.);
#7553=FACE_BOUND('',#6774,.T.);
#7554=FACE_BOUND('',#6775,.T.);
#7555=FACE_BOUND('',#6776,.T.);
#7556=FACE_BOUND('',#6777,.T.);
#7557=FACE_BOUND('',#6778,.T.);
#7558=FACE_BOUND('',#6779,.T.);
#7559=FACE_BOUND('',#6780,.T.);
#7560=FACE_BOUND('',#6781,.T.);
#7561=FACE_BOUND('',#6782,.T.);
#7562=FACE_BOUND('',#6783,.T.);
#7563=FACE_BOUND('',#6784,.T.);
#7564=FACE_BOUND('',#6785,.T.);
#7565=FACE_BOUND('',#6786,.T.);
#7566=FACE_BOUND('',#6787,.T.);
#7567=FACE_BOUND('',#6788,.T.);
#7568=FACE_BOUND('',#6789,.T.);
#7569=FACE_BOUND('',#6790,.T.);
#7570=FACE_BOUND('',#6791,.T.);
#7571=FACE_BOUND('',#6792,.T.);
#7572=FACE_BOUND('',#6793,.T.);
#7573=FACE_BOUND('',#6794,.T.);
#7574=FACE_BOUND('',#6795,.T.);
#7575=FACE_BOUND('',#6796,.T.);
#7576=FACE_BOUND('',#6797,.T.);
#7577=FACE_BOUND('',#6798,.T.);
#7578=FACE_BOUND('',#6799,.T.);
#7579=FACE_BOUND('',#6800,.T.);
#7580=FACE_BOUND('',#6801,.T.);
#7581=FACE_BOUND('',#6802,.T.);
#7582=FACE_BOUND('',#6803,.T.);
#7583=FACE_BOUND('',#6804,.T.);
#7584=FACE_BOUND('',#6805,.T.);
#7585=FACE_BOUND('',#6806,.T.);
#7586=FACE_BOUND('',#6807,.T.);
#7587=FACE_BOUND('',#6808,.T.);
#7588=FACE_BOUND('',#6809,.T.);
#7589=FACE_BOUND('',#6810,.T.);
#7590=FACE_BOUND('',#6811,.T.);
#7591=FACE_BOUND('',#6812,.T.);
#7592=FACE_BOUND('',#6813,.T.);
#7593=FACE_BOUND('',#6814,.T.);
#7594=FACE_BOUND('',#6815,.T.);
#7595=FACE_BOUND('',#6816,.T.);
#7596=FACE_BOUND('',#6817,.T.);
#7597=FACE_BOUND('',#6818,.T.);
#7598=FACE_BOUND('',#6819,.T.);
#7599=FACE_BOUND('',#6820,.T.);
#7600=FACE_BOUND('',#6821,.T.);
#7601=FACE_BOUND('',#6822,.T.);
#7602=FACE_BOUND('',#6823,.T.);
#7603=FACE_BOUND('',#6824,.T.);
#7604=FACE_BOUND('',#6825,.T.);
#7605=FACE_BOUND('',#6826,.T.);
#7606=FACE_BOUND('',#6827,.T.);
#7607=FACE_BOUND('',#6828,.T.);
#7608=FACE_BOUND('',#6829,.T.);
#7609=FACE_BOUND('',#6830,.T.);
#7610=FACE_BOUND('',#6831,.T.);
#7611=FACE_BOUND('',#6832,.T.);
#7612=FACE_BOUND('',#6833,.T.);
#7613=FACE_BOUND('',#6834,.T.);
#7614=FACE_BOUND('',#6835,.T.);
#7615=FACE_BOUND('',#6836,.T.);
#7616=FACE_BOUND('',#6837,.T.);
#7617=FACE_BOUND('',#6838,.T.);
#7618=FACE_BOUND('',#6839,.T.);
#7619=FACE_BOUND('',#6840,.T.);
#7620=FACE_BOUND('',#6841,.T.);
#7621=FACE_BOUND('',#6842,.T.);
#7622=FACE_BOUND('',#6843,.T.);
#7623=FACE_BOUND('',#6844,.T.);
#7624=FACE_BOUND('',#6845,.T.);
#7625=FACE_BOUND('',#6846,.T.);
#7626=FACE_BOUND('',#6847,.T.);
#7627=FACE_BOUND('',#6848,.T.);
#7628=FACE_BOUND('',#6849,.T.);
#7629=FACE_BOUND('',#6850,.T.);
#7630=FACE_BOUND('',#6851,.T.);
#7631=FACE_BOUND('',#6852,.T.);
#7632=FACE_BOUND('',#6853,.T.);
#7633=FACE_BOUND('',#6854,.T.);
#7634=FACE_BOUND('',#6855,.T.);
#7635=FACE_BOUND('',#6856,.T.);
#7636=FACE_BOUND('',#6857,.T.);
#7637=FACE_BOUND('',#6858,.T.);
#7638=FACE_BOUND('',#6859,.T.);
#7639=FACE_BOUND('',#6860,.T.);
#7640=FACE_BOUND('',#6861,.T.);
#7641=FACE_BOUND('',#6862,.T.);
#7642=FACE_BOUND('',#6863,.T.);
#7643=FACE_BOUND('',#6864,.T.);
#7644=FACE_BOUND('',#6865,.T.);
#7645=FACE_BOUND('',#6866,.T.);
#7646=FACE_BOUND('',#6867,.T.);
#7647=FACE_BOUND('',#6868,.T.);
#7648=FACE_BOUND('',#6869,.T.);
#7649=FACE_BOUND('',#6870,.T.);
#7650=FACE_BOUND('',#6871,.T.);
#7651=FACE_BOUND('',#6872,.T.);
#7652=FACE_BOUND('',#6873,.T.);
#7653=FACE_BOUND('',#6874,.T.);
#7654=FACE_BOUND('',#6875,.T.);
#7655=FACE_BOUND('',#6876,.T.);
#7656=FACE_BOUND('',#6877,.T.);
#7657=FACE_BOUND('',#6878,.T.);
#7658=FACE_BOUND('',#6879,.T.);
#7659=FACE_BOUND('',#6880,.T.);
#7660=FACE_BOUND('',#6881,.T.);
#7661=FACE_BOUND('',#6882,.T.);
#7662=FACE_BOUND('',#6883,.T.);
#7663=FACE_BOUND('',#6884,.T.);
#7664=FACE_BOUND('',#6885,.T.);
#7665=FACE_BOUND('',#6886,.T.);
#7666=FACE_BOUND('',#6887,.T.);
#7667=FACE_BOUND('',#6888,.T.);
#7668=FACE_BOUND('',#6889,.T.);
#7669=FACE_BOUND('',#6890,.T.);
#7670=FACE_BOUND('',#6891,.T.);
#7671=FACE_BOUND('',#6892,.T.);
#7672=FACE_BOUND('',#95,.T.);
#7673=FACE_BOUND('',#6893,.T.);
#7674=PLANE('',#8529);
#7675=PLANE('',#8533);
#7676=PLANE('',#8534);
#7677=PLANE('',#8535);
#7678=PLANE('',#8536);
#7679=PLANE('',#8537);
#7680=PLANE('',#8539);
#7681=PLANE('',#8543);
#7682=PLANE('',#8553);
#7683=PLANE('',#8562);
#7684=PLANE('',#8563);
#7685=PLANE('',#8566);
#7686=PLANE('',#8567);
#7687=PLANE('',#8568);
#7688=PLANE('',#8588);
#7689=PLANE('',#8589);
#7690=PLANE('',#8590);
#7691=PLANE('',#8594);
#7692=PLANE('',#8597);
#7693=PLANE('',#8598);
#7694=PLANE('',#8599);
#7695=PLANE('',#8610);
#7696=PLANE('',#8611);
#7697=PLANE('',#8614);
#7698=PLANE('',#8617);
#7699=PLANE('',#8624);
#7700=PLANE('',#8627);
#7701=PLANE('',#8631);
#7702=PLANE('',#8635);
#7703=PLANE('',#8636);
#7704=PLANE('',#8638);
#7705=PLANE('',#8644);
#7706=PLANE('',#8645);
#7707=PLANE('',#8646);
#7708=PLANE('',#8647);
#7709=PLANE('',#8648);
#7710=PLANE('',#8650);
#7711=PLANE('',#8655);
#7712=PLANE('',#8656);
#7713=PLANE('',#8660);
#7714=PLANE('',#8664);
#7715=PLANE('',#8665);
#7716=PLANE('',#8669);
#7717=PLANE('',#8670);
#7718=PLANE('',#8671);
#7719=PLANE('',#8672);
#7720=PLANE('',#8676);
#7721=PLANE('',#8680);
#7722=PLANE('',#8681);
#7723=PLANE('',#8683);
#7724=PLANE('',#8687);
#7725=PLANE('',#8710);
#7726=PLANE('',#8716);
#7727=PLANE('',#8721);
#7728=PLANE('',#8722);
#7729=PLANE('',#8723);
#7730=PLANE('',#8724);
#7731=PLANE('',#8731);
#7732=PLANE('',#8732);
#7733=PLANE('',#8733);
#7734=PLANE('',#8734);
#7735=PLANE('',#8738);
#7736=PLANE('',#8739);
#7737=PLANE('',#8743);
#7738=PLANE('',#8744);
#7739=PLANE('',#8745);
#7740=PLANE('',#8749);
#7741=PLANE('',#8750);
#7742=PLANE('',#8754);
#7743=PLANE('',#8755);
#7744=PLANE('',#8756);
#7745=PLANE('',#8757);
#7746=PLANE('',#8758);
#7747=PLANE('',#8759);
#7748=PLANE('',#8762);
#7749=PLANE('',#8763);
#7750=PLANE('',#8766);
#7751=PLANE('',#8767);
#7752=PLANE('',#8768);
#7753=PLANE('',#8769);
#7754=PLANE('',#8770);
#7755=PLANE('',#8771);
#7756=PLANE('',#8772);
#7757=PLANE('',#8773);
#7758=PLANE('',#8776);
#7759=PLANE('',#8781);
#7760=PLANE('',#8786);
#7761=PLANE('',#8791);
#7762=PLANE('',#8796);
#7763=PLANE('',#8801);
#7764=PLANE('',#8834);
#7765=PLANE('',#8836);
#7766=PLANE('',#8837);
#7767=PLANE('',#8846);
#7768=PLANE('',#8847);
#7769=PLANE('',#8848);
#7770=PLANE('',#8849);
#7771=PLANE('',#8850);
#7772=PLANE('',#8851);
#7773=PLANE('',#8852);
#7774=PLANE('',#8853);
#7775=PLANE('',#8854);
#7776=PLANE('',#8855);
#7777=PLANE('',#8860);
#7778=PLANE('',#8865);
#7779=PLANE('',#8870);
#7780=PLANE('',#8875);
#7781=PLANE('',#8880);
#7782=PLANE('',#8881);
#7783=PLANE('',#8882);
#7784=PLANE('',#8883);
#7785=PLANE('',#8884);
#7786=PLANE('',#8885);
#7787=PLANE('',#8886);
#7788=PLANE('',#8887);
#7789=PLANE('',#8888);
#7790=PLANE('',#8889);
#7791=PLANE('',#8890);
#7792=PLANE('',#8891);
#7793=PLANE('',#8892);
#7794=PLANE('',#8893);
#7795=PLANE('',#8894);
#7796=PLANE('',#8895);
#7797=PLANE('',#8896);
#7798=PLANE('',#8897);
#7799=PLANE('',#8898);
#7800=PLANE('',#8899);
#7801=PLANE('',#8900);
#7802=PLANE('',#8901);
#7803=PLANE('',#8902);
#7804=PLANE('',#8903);
#7805=PLANE('',#8904);
#7806=PLANE('',#8905);
#7807=PLANE('',#8906);
#7808=PLANE('',#8907);
#7809=PLANE('',#8908);
#7810=PLANE('',#8909);
#7811=PLANE('',#8910);
#7812=PLANE('',#8911);
#7813=PLANE('',#8913);
#7814=PLANE('',#8915);
#7815=PLANE('',#8916);
#7816=PLANE('',#8917);
#7817=PLANE('',#8921);
#7818=PLANE('',#8925);
#7819=PLANE('',#8926);
#7820=PLANE('',#8927);
#7821=PLANE('',#8928);
#7822=PLANE('',#8929);
#7823=PLANE('',#8930);
#7824=PLANE('',#8931);
#7825=PLANE('',#8932);
#7826=PLANE('',#8933);
#7827=PLANE('',#8937);
#7828=PLANE('',#8941);
#7829=PLANE('',#8942);
#7830=PLANE('',#8943);
#7831=PLANE('',#8944);
#7832=PLANE('',#8945);
#7833=PLANE('',#8946);
#7834=PLANE('',#8947);
#7835=PLANE('',#8948);
#7836=PLANE('',#8949);
#7837=PLANE('',#8951);
#7838=PLANE('',#8955);
#7839=PLANE('',#8958);
#7840=PLANE('',#8959);
#7841=PLANE('',#8960);
#7842=PLANE('',#8961);
#7843=PLANE('',#8962);
#7844=PLANE('',#8963);
#7845=PLANE('',#8964);
#7846=PLANE('',#8965);
#7847=PLANE('',#8969);
#7848=PLANE('',#8973);
#7849=PLANE('',#8974);
#7850=PLANE('',#8975);
#7851=PLANE('',#8976);
#7852=PLANE('',#8977);
#7853=PLANE('',#8978);
#7854=PLANE('',#8979);
#7855=PLANE('',#8980);
#7856=PLANE('',#8982);
#7857=PLANE('',#8984);
#7858=PLANE('',#8987);
#7859=PLANE('',#8993);
#7860=PLANE('',#9006);
#7861=PLANE('',#9008);
#7862=PLANE('',#9012);
#7863=PLANE('',#9013);
#7864=PLANE('',#9015);
#7865=PLANE('',#9033);
#7866=PLANE('',#9035);
#7867=PLANE('',#9036);
#7868=PLANE('',#9040);
#7869=PLANE('',#9042);
#7870=PLANE('',#9043);
#7871=PLANE('',#9048);
#7872=PLANE('',#9053);
#7873=PLANE('',#9058);
#7874=PLANE('',#9063);
#7875=PLANE('',#9064);
#7876=PLANE('',#9067);
#7877=PLANE('',#9068);
#7878=PLANE('',#9069);
#7879=PLANE('',#9072);
#7880=PLANE('',#9073);
#7881=PLANE('',#9078);
#7882=PLANE('',#9079);
#7883=PLANE('',#9081);
#7884=PLANE('',#9083);
#7885=PLANE('',#9084);
#7886=PLANE('',#9085);
#7887=PLANE('',#9089);
#7888=PLANE('',#9090);
#7889=PLANE('',#9091);
#7890=PLANE('',#9092);
#7891=PLANE('',#9093);
#7892=PLANE('',#9094);
#7893=PLANE('',#9095);
#7894=PLANE('',#9097);
#7895=PLANE('',#9098);
#7896=PLANE('',#9100);
#7897=PLANE('',#9101);
#7898=PLANE('',#9102);
#7899=PLANE('',#9103);
#7900=PLANE('',#9104);
#7901=PLANE('',#9106);
#7902=PLANE('',#9107);
#7903=PLANE('',#9109);
#7904=PLANE('',#9110);
#7905=PLANE('',#9111);
#7906=PLANE('',#9112);
#7907=PLANE('',#9114);
#7908=PLANE('',#9115);
#7909=PLANE('',#9118);
#7910=PLANE('',#9121);
#7911=PLANE('',#9122);
#7912=PLANE('',#9123);
#7913=PLANE('',#9124);
#7914=PLANE('',#9165);
#7915=PLANE('',#9170);
#7916=PLANE('',#9171);
#7917=PLANE('',#9176);
#7918=PLANE('',#9179);
#7919=PLANE('',#9182);
#7920=PLANE('',#9185);
#7921=PLANE('',#9186);
#7922=PLANE('',#9189);
#7923=PLANE('',#9190);
#7924=PLANE('',#9193);
#7925=PLANE('',#9197);
#7926=PLANE('',#9198);
#7927=PLANE('',#9201);
#7928=PLANE('',#9206);
#7929=PLANE('',#9230);
#7930=PLANE('',#9235);
#7931=PLANE('',#9236);
#7932=PLANE('',#9237);
#7933=PLANE('',#9238);
#7934=PLANE('',#9239);
#7935=PLANE('',#9240);
#7936=PLANE('',#9247);
#7937=PLANE('',#9254);
#7938=PLANE('',#9261);
#7939=PLANE('',#9297);
#7940=PLANE('',#9298);
#7941=PLANE('',#9299);
#7942=PLANE('',#9300);
#7943=PLANE('',#9301);
#7944=PLANE('',#9302);
#7945=PLANE('',#9303);
#7946=PLANE('',#9304);
#7947=PLANE('',#9305);
#7948=PLANE('',#9314);
#7949=PLANE('',#9324);
#7950=PLANE('',#9347);
#7951=PLANE('',#9350);
#7952=PLANE('',#9353);
#7953=PLANE('',#9356);
#7954=PLANE('',#9364);
#7955=PLANE('',#9370);
#7956=PLANE('',#9376);
#7957=PLANE('',#9377);
#7958=PLANE('',#9378);
#7959=PLANE('',#9379);
#7960=PLANE('',#9380);
#7961=PLANE('',#9381);
#7962=PLANE('',#9382);
#7963=PLANE('',#9383);
#7964=PLANE('',#9385);
#7965=PLANE('',#9387);
#7966=PLANE('',#9389);
#7967=PLANE('',#9391);
#7968=PLANE('',#9393);
#7969=ADVANCED_FACE('',(#6894,#6895,#6896,#6897),#7674,.F.);
#7970=ADVANCED_FACE('',(#6898),#7675,.F.);
#7971=ADVANCED_FACE('',(#6899),#7676,.F.);
#7972=ADVANCED_FACE('',(#6900),#7677,.F.);
#7973=ADVANCED_FACE('',(#6901),#7678,.F.);
#7974=ADVANCED_FACE('',(#6902,#6903),#7679,.T.);
#7975=ADVANCED_FACE('',(#6904),#7680,.F.);
#7976=ADVANCED_FACE('',(#6905,#6906,#6907),#7681,.F.);
#7977=ADVANCED_FACE('',(#6908),#7682,.F.);
#7978=ADVANCED_FACE('',(#6909,#6910),#174,.T.);
#7979=ADVANCED_FACE('',(#6911,#6912),#175,.F.);
#7980=ADVANCED_FACE('',(#6913),#7683,.T.);
#7981=ADVANCED_FACE('',(#6914),#7684,.F.);
#7982=ADVANCED_FACE('',(#6915),#7685,.F.);
#7983=ADVANCED_FACE('',(#6916),#7686,.F.);
#7984=ADVANCED_FACE('',(#6917,#6918),#7687,.F.);
#7985=ADVANCED_FACE('',(#6919),#176,.T.);
#7986=ADVANCED_FACE('',(#6920),#177,.T.);
#7987=ADVANCED_FACE('',(#6921),#178,.T.);
#7988=ADVANCED_FACE('',(#6922),#179,.T.);
#7989=ADVANCED_FACE('',(#6923,#6924),#180,.F.);
#7990=ADVANCED_FACE('',(#6925),#7688,.T.);
#7991=ADVANCED_FACE('',(#6926),#7689,.T.);
#7992=ADVANCED_FACE('',(#6927),#7690,.F.);
#7993=ADVANCED_FACE('',(#6928),#7691,.F.);
#7994=ADVANCED_FACE('',(#6929,#6930),#7692,.F.);
#7995=ADVANCED_FACE('',(#6931,#6932),#7693,.F.);
#7996=ADVANCED_FACE('',(#6933,#6934,#6935,#6936,#6937,#6938,#6939,#6940,
#6941,#6942,#6943,#6944),#7694,.F.);
#7997=ADVANCED_FACE('',(#6945),#7695,.F.);
#7998=ADVANCED_FACE('',(#6946),#7696,.F.);
#7999=ADVANCED_FACE('',(#6947),#181,.T.);
#8000=ADVANCED_FACE('',(#6948),#7697,.T.);
#8001=ADVANCED_FACE('',(#6949,#6950,#6951,#6952,#6953,#6954,#6955),#7698,
 .F.);
#8002=ADVANCED_FACE('',(#6956),#7699,.F.);
#8003=ADVANCED_FACE('',(#6957),#7700,.F.);
#8004=ADVANCED_FACE('',(#6958),#182,.F.);
#8005=ADVANCED_FACE('',(#6959),#7701,.F.);
#8006=ADVANCED_FACE('',(#6960),#183,.F.);
#8007=ADVANCED_FACE('',(#6961),#7702,.T.);
#8008=ADVANCED_FACE('',(#6962),#7703,.T.);
#8009=ADVANCED_FACE('',(#6963),#7704,.T.);
#8010=ADVANCED_FACE('',(#6964),#184,.F.);
#8011=ADVANCED_FACE('',(#6965),#185,.F.);
#8012=ADVANCED_FACE('',(#6966),#7705,.F.);
#8013=ADVANCED_FACE('',(#6967),#7706,.T.);
#8014=ADVANCED_FACE('',(#6968),#7707,.T.);
#8015=ADVANCED_FACE('',(#6969),#7708,.T.);
#8016=ADVANCED_FACE('',(#6970),#7709,.F.);
#8017=ADVANCED_FACE('',(#6971),#7710,.F.);
#8018=ADVANCED_FACE('',(#6972),#186,.T.);
#8019=ADVANCED_FACE('',(#6973),#7711,.F.);
#8020=ADVANCED_FACE('',(#6974),#7712,.F.);
#8021=ADVANCED_FACE('',(#6975),#187,.F.);
#8022=ADVANCED_FACE('',(#6976),#7713,.F.);
#8023=ADVANCED_FACE('',(#6977),#188,.F.);
#8024=ADVANCED_FACE('',(#6978),#7714,.F.);
#8025=ADVANCED_FACE('',(#6979),#7715,.F.);
#8026=ADVANCED_FACE('',(#6980),#189,.T.);
#8027=ADVANCED_FACE('',(#6981),#7716,.F.);
#8028=ADVANCED_FACE('',(#6982),#7717,.T.);
#8029=ADVANCED_FACE('',(#6983),#7718,.F.);
#8030=ADVANCED_FACE('',(#6984),#7719,.F.);
#8031=ADVANCED_FACE('',(#6985,#6986),#190,.T.);
#8032=ADVANCED_FACE('',(#6987,#6988),#7720,.F.);
#8033=ADVANCED_FACE('',(#6989,#6990),#191,.T.);
#8034=ADVANCED_FACE('',(#6991),#7721,.F.);
#8035=ADVANCED_FACE('',(#6992),#7722,.F.);
#8036=ADVANCED_FACE('',(#6993),#7723,.F.);
#8037=ADVANCED_FACE('',(#6994,#6995),#192,.T.);
#8038=ADVANCED_FACE('',(#6996,#6997),#7724,.F.);
#8039=ADVANCED_FACE('',(#6998,#6999),#193,.T.);
#8040=ADVANCED_FACE('',(#7000,#7001),#96,.F.);
#8041=ADVANCED_FACE('',(#7002,#7003),#194,.F.);
#8042=ADVANCED_FACE('',(#7004,#7005),#97,.F.);
#8043=ADVANCED_FACE('',(#7006,#7007),#98,.F.);
#8044=ADVANCED_FACE('',(#7008,#7009),#195,.F.);
#8045=ADVANCED_FACE('',(#7010,#7011),#99,.F.);
#8046=ADVANCED_FACE('',(#7012,#7013),#100,.F.);
#8047=ADVANCED_FACE('',(#7014,#7015),#196,.F.);
#8048=ADVANCED_FACE('',(#7016,#7017),#101,.F.);
#8049=ADVANCED_FACE('',(#7018,#7019),#102,.F.);
#8050=ADVANCED_FACE('',(#7020,#7021),#197,.F.);
#8051=ADVANCED_FACE('',(#7022,#7023),#103,.F.);
#8052=ADVANCED_FACE('',(#7024),#7725,.F.);
#8053=ADVANCED_FACE('',(#7025,#7026),#104,.T.);
#8054=ADVANCED_FACE('',(#7027,#7028),#198,.T.);
#8055=ADVANCED_FACE('',(#7029,#7030),#7726,.F.);
#8056=ADVANCED_FACE('',(#7031,#7032),#105,.T.);
#8057=ADVANCED_FACE('',(#7033,#7034),#199,.T.);
#8058=ADVANCED_FACE('',(#7035),#7727,.T.);
#8059=ADVANCED_FACE('',(#7036),#7728,.T.);
#8060=ADVANCED_FACE('',(#7037),#7729,.T.);
#8061=ADVANCED_FACE('',(#7038),#7730,.T.);
#8062=ADVANCED_FACE('',(#7039,#7040),#200,.F.);
#8063=ADVANCED_FACE('',(#7041,#7042),#201,.F.);
#8064=ADVANCED_FACE('',(#7043,#7044),#202,.F.);
#8065=ADVANCED_FACE('',(#7045,#7046),#203,.F.);
#8066=ADVANCED_FACE('',(#7047,#7048),#204,.F.);
#8067=ADVANCED_FACE('',(#7049,#7050),#205,.F.);
#8068=ADVANCED_FACE('',(#7051),#7731,.F.);
#8069=ADVANCED_FACE('',(#7052),#7732,.F.);
#8070=ADVANCED_FACE('',(#7053),#7733,.F.);
#8071=ADVANCED_FACE('',(#7054,#7055,#7056,#7057),#7734,.F.);
#8072=ADVANCED_FACE('',(#7058),#7735,.F.);
#8073=ADVANCED_FACE('',(#7059,#7060,#7061,#7062),#7736,.F.);
#8074=ADVANCED_FACE('',(#7063),#7737,.F.);
#8075=ADVANCED_FACE('',(#7064),#7738,.F.);
#8076=ADVANCED_FACE('',(#7065,#7066,#7067,#7068),#7739,.F.);
#8077=ADVANCED_FACE('',(#7069),#7740,.F.);
#8078=ADVANCED_FACE('',(#7070,#7071,#7072,#7073),#7741,.F.);
#8079=ADVANCED_FACE('',(#7074),#7742,.F.);
#8080=ADVANCED_FACE('',(#7075),#7743,.F.);
#8081=ADVANCED_FACE('',(#7076),#7744,.F.);
#8082=ADVANCED_FACE('',(#7077),#7745,.F.);
#8083=ADVANCED_FACE('',(#7078),#7746,.F.);
#8084=ADVANCED_FACE('',(#7079),#7747,.F.);
#8085=ADVANCED_FACE('',(#7080),#206,.F.);
#8086=ADVANCED_FACE('',(#7081),#7748,.F.);
#8087=ADVANCED_FACE('',(#7082),#7749,.F.);
#8088=ADVANCED_FACE('',(#7083),#207,.F.);
#8089=ADVANCED_FACE('',(#7084),#7750,.F.);
#8090=ADVANCED_FACE('',(#7085),#7751,.F.);
#8091=ADVANCED_FACE('',(#7086),#7752,.F.);
#8092=ADVANCED_FACE('',(#7087),#7753,.F.);
#8093=ADVANCED_FACE('',(#7088),#7754,.F.);
#8094=ADVANCED_FACE('',(#7089),#7755,.F.);
#8095=ADVANCED_FACE('',(#7090),#7756,.T.);
#8096=ADVANCED_FACE('',(#7091),#7757,.F.);
#8097=ADVANCED_FACE('',(#7092,#7093),#208,.F.);
#8098=ADVANCED_FACE('',(#7094,#7095),#7758,.T.);
#8099=ADVANCED_FACE('',(#7096,#7097),#209,.F.);
#8100=ADVANCED_FACE('',(#7098,#7099),#210,.F.);
#8101=ADVANCED_FACE('',(#7100,#7101),#7759,.T.);
#8102=ADVANCED_FACE('',(#7102,#7103),#211,.F.);
#8103=ADVANCED_FACE('',(#7104,#7105),#212,.F.);
#8104=ADVANCED_FACE('',(#7106,#7107),#7760,.T.);
#8105=ADVANCED_FACE('',(#7108,#7109),#213,.F.);
#8106=ADVANCED_FACE('',(#7110,#7111),#214,.F.);
#8107=ADVANCED_FACE('',(#7112,#7113),#7761,.T.);
#8108=ADVANCED_FACE('',(#7114,#7115),#215,.F.);
#8109=ADVANCED_FACE('',(#7116,#7117),#216,.F.);
#8110=ADVANCED_FACE('',(#7118,#7119),#7762,.T.);
#8111=ADVANCED_FACE('',(#7120,#7121),#217,.F.);
#8112=ADVANCED_FACE('',(#7122,#7123),#218,.F.);
#8113=ADVANCED_FACE('',(#7124,#7125),#7763,.T.);
#8114=ADVANCED_FACE('',(#7126,#7127),#219,.F.);
#8115=ADVANCED_FACE('',(#7128,#7129),#106,.F.);
#8116=ADVANCED_FACE('',(#7130,#7131),#220,.F.);
#8117=ADVANCED_FACE('',(#7132,#7133),#107,.F.);
#8118=ADVANCED_FACE('',(#7134,#7135),#108,.F.);
#8119=ADVANCED_FACE('',(#7136,#7137),#221,.F.);
#8120=ADVANCED_FACE('',(#7138,#7139),#109,.F.);
#8121=ADVANCED_FACE('',(#7140,#7141),#110,.F.);
#8122=ADVANCED_FACE('',(#7142,#7143),#222,.F.);
#8123=ADVANCED_FACE('',(#7144,#7145),#111,.F.);
#8124=ADVANCED_FACE('',(#7146,#7147),#112,.F.);
#8125=ADVANCED_FACE('',(#7148,#7149),#223,.F.);
#8126=ADVANCED_FACE('',(#7150,#7151),#113,.F.);
#8127=ADVANCED_FACE('',(#7152,#7153),#114,.F.);
#8128=ADVANCED_FACE('',(#7154,#7155),#224,.F.);
#8129=ADVANCED_FACE('',(#7156,#7157),#115,.F.);
#8130=ADVANCED_FACE('',(#7158,#7159),#116,.F.);
#8131=ADVANCED_FACE('',(#7160,#7161),#225,.F.);
#8132=ADVANCED_FACE('',(#7162,#7163),#117,.F.);
#8133=ADVANCED_FACE('',(#7164,#7165),#7764,.F.);
#8134=ADVANCED_FACE('',(#7166),#7765,.F.);
#8135=ADVANCED_FACE('',(#7167),#7766,.F.);
#8136=ADVANCED_FACE('',(#7168,#7169),#118,.T.);
#8137=ADVANCED_FACE('',(#7170,#7171,#7172,#7173),#226,.T.);
#8138=ADVANCED_FACE('',(#7174,#7175),#7767,.F.);
#8139=ADVANCED_FACE('',(#7176),#7768,.F.);
#8140=ADVANCED_FACE('',(#7177),#7769,.T.);
#8141=ADVANCED_FACE('',(#7178),#7770,.F.);
#8142=ADVANCED_FACE('',(#7179),#7771,.F.);
#8143=ADVANCED_FACE('',(#7180),#7772,.F.);
#8144=ADVANCED_FACE('',(#7181),#7773,.T.);
#8145=ADVANCED_FACE('',(#7182),#7774,.F.);
#8146=ADVANCED_FACE('',(#7183),#7775,.T.);
#8147=ADVANCED_FACE('',(#7184,#7185,#7186,#7187,#7188,#7189),#7776,.F.);
#8148=ADVANCED_FACE('',(#7190),#7777,.F.);
#8149=ADVANCED_FACE('',(#7191,#7192),#227,.T.);
#8150=ADVANCED_FACE('',(#7193,#7194),#119,.T.);
#8151=ADVANCED_FACE('',(#7195,#7196),#7778,.F.);
#8152=ADVANCED_FACE('',(#7197,#7198),#228,.T.);
#8153=ADVANCED_FACE('',(#7199,#7200),#120,.T.);
#8154=ADVANCED_FACE('',(#7201,#7202),#7779,.F.);
#8155=ADVANCED_FACE('',(#7203,#7204),#229,.T.);
#8156=ADVANCED_FACE('',(#7205,#7206),#121,.T.);
#8157=ADVANCED_FACE('',(#7207,#7208),#7780,.F.);
#8158=ADVANCED_FACE('',(#7209,#7210),#230,.T.);
#8159=ADVANCED_FACE('',(#7211,#7212),#122,.T.);
#8160=ADVANCED_FACE('',(#7213,#7214),#7781,.F.);
#8161=ADVANCED_FACE('',(#7215),#7782,.F.);
#8162=ADVANCED_FACE('',(#7216),#7783,.F.);
#8163=ADVANCED_FACE('',(#7217),#7784,.F.);
#8164=ADVANCED_FACE('',(#7218),#7785,.F.);
#8165=ADVANCED_FACE('',(#7219),#7786,.F.);
#8166=ADVANCED_FACE('',(#7220),#7787,.F.);
#8167=ADVANCED_FACE('',(#7221),#7788,.T.);
#8168=ADVANCED_FACE('',(#7222),#7789,.F.);
#8169=ADVANCED_FACE('',(#7223),#7790,.F.);
#8170=ADVANCED_FACE('',(#7224),#7791,.F.);
#8171=ADVANCED_FACE('',(#7225),#7792,.F.);
#8172=ADVANCED_FACE('',(#7226),#7793,.F.);
#8173=ADVANCED_FACE('',(#7227),#7794,.F.);
#8174=ADVANCED_FACE('',(#7228),#7795,.T.);
#8175=ADVANCED_FACE('',(#7229),#7796,.F.);
#8176=ADVANCED_FACE('',(#7230),#7797,.F.);
#8177=ADVANCED_FACE('',(#7231),#7798,.F.);
#8178=ADVANCED_FACE('',(#7232),#7799,.F.);
#8179=ADVANCED_FACE('',(#7233),#7800,.F.);
#8180=ADVANCED_FACE('',(#7234),#7801,.F.);
#8181=ADVANCED_FACE('',(#7235),#7802,.T.);
#8182=ADVANCED_FACE('',(#7236),#7803,.F.);
#8183=ADVANCED_FACE('',(#7237),#7804,.F.);
#8184=ADVANCED_FACE('',(#7238),#7805,.F.);
#8185=ADVANCED_FACE('',(#7239),#7806,.F.);
#8186=ADVANCED_FACE('',(#7240),#7807,.F.);
#8187=ADVANCED_FACE('',(#7241),#7808,.F.);
#8188=ADVANCED_FACE('',(#7242),#7809,.T.);
#8189=ADVANCED_FACE('',(#7243),#7810,.T.);
#8190=ADVANCED_FACE('',(#7244),#7811,.T.);
#8191=ADVANCED_FACE('',(#7245),#7812,.T.);
#8192=ADVANCED_FACE('',(#7246),#7813,.T.);
#8193=ADVANCED_FACE('',(#7247),#7814,.T.);
#8194=ADVANCED_FACE('',(#7248),#7815,.T.);
#8195=ADVANCED_FACE('',(#7249,#7250),#7816,.F.);
#8196=ADVANCED_FACE('',(#7251,#7252),#231,.T.);
#8197=ADVANCED_FACE('',(#7253,#7254),#7817,.F.);
#8198=ADVANCED_FACE('',(#7255,#7256),#232,.T.);
#8199=ADVANCED_FACE('',(#7257),#7818,.F.);
#8200=ADVANCED_FACE('',(#7258),#7819,.F.);
#8201=ADVANCED_FACE('',(#7259),#7820,.F.);
#8202=ADVANCED_FACE('',(#7260),#7821,.F.);
#8203=ADVANCED_FACE('',(#7261),#7822,.F.);
#8204=ADVANCED_FACE('',(#7262),#7823,.F.);
#8205=ADVANCED_FACE('',(#7263),#7824,.F.);
#8206=ADVANCED_FACE('',(#7264),#7825,.T.);
#8207=ADVANCED_FACE('',(#7265),#7826,.F.);
#8208=ADVANCED_FACE('',(#7266,#7267),#233,.T.);
#8209=ADVANCED_FACE('',(#7268,#7269),#7827,.F.);
#8210=ADVANCED_FACE('',(#7270,#7271),#234,.T.);
#8211=ADVANCED_FACE('',(#7272,#7273),#7828,.F.);
#8212=ADVANCED_FACE('',(#7274),#7829,.F.);
#8213=ADVANCED_FACE('',(#7275),#7830,.F.);
#8214=ADVANCED_FACE('',(#7276),#7831,.F.);
#8215=ADVANCED_FACE('',(#7277),#7832,.F.);
#8216=ADVANCED_FACE('',(#7278),#7833,.F.);
#8217=ADVANCED_FACE('',(#7279),#7834,.F.);
#8218=ADVANCED_FACE('',(#7280),#7835,.T.);
#8219=ADVANCED_FACE('',(#7281),#7836,.F.);
#8220=ADVANCED_FACE('',(#7282,#7283),#7837,.F.);
#8221=ADVANCED_FACE('',(#7284,#7285),#235,.T.);
#8222=ADVANCED_FACE('',(#7286,#7287),#7838,.F.);
#8223=ADVANCED_FACE('',(#7288,#7289),#236,.T.);
#8224=ADVANCED_FACE('',(#7290),#7839,.F.);
#8225=ADVANCED_FACE('',(#7291),#7840,.F.);
#8226=ADVANCED_FACE('',(#7292),#7841,.F.);
#8227=ADVANCED_FACE('',(#7293),#7842,.F.);
#8228=ADVANCED_FACE('',(#7294),#7843,.F.);
#8229=ADVANCED_FACE('',(#7295),#7844,.F.);
#8230=ADVANCED_FACE('',(#7296),#7845,.T.);
#8231=ADVANCED_FACE('',(#7297),#7846,.F.);
#8232=ADVANCED_FACE('',(#7298,#7299),#237,.T.);
#8233=ADVANCED_FACE('',(#7300,#7301),#7847,.F.);
#8234=ADVANCED_FACE('',(#7302,#7303),#238,.T.);
#8235=ADVANCED_FACE('',(#7304,#7305),#7848,.F.);
#8236=ADVANCED_FACE('',(#7306),#7849,.F.);
#8237=ADVANCED_FACE('',(#7307),#7850,.F.);
#8238=ADVANCED_FACE('',(#7308),#7851,.F.);
#8239=ADVANCED_FACE('',(#7309),#7852,.F.);
#8240=ADVANCED_FACE('',(#7310),#7853,.F.);
#8241=ADVANCED_FACE('',(#7311),#7854,.F.);
#8242=ADVANCED_FACE('',(#7312),#7855,.T.);
#8243=ADVANCED_FACE('',(#7313,#7314),#239,.F.);
#8244=ADVANCED_FACE('',(#7315),#7856,.T.);
#8245=ADVANCED_FACE('',(#7316),#240,.F.);
#8246=ADVANCED_FACE('',(#7317),#7857,.T.);
#8247=ADVANCED_FACE('',(#7318),#241,.F.);
#8248=ADVANCED_FACE('',(#7319),#7858,.F.);
#8249=ADVANCED_FACE('',(#7320,#7321,#7322,#7323),#7859,.T.);
#8250=ADVANCED_FACE('',(#7324),#7860,.T.);
#8251=ADVANCED_FACE('',(#7325),#7861,.F.);
#8252=ADVANCED_FACE('',(#7326),#123,.T.);
#8253=ADVANCED_FACE('',(#7327),#124,.T.);
#8254=ADVANCED_FACE('',(#7328),#7862,.F.);
#8255=ADVANCED_FACE('',(#7329),#7863,.F.);
#8256=ADVANCED_FACE('',(#7330,#7331,#7332,#7333),#7864,.F.);
#8257=ADVANCED_FACE('',(#7334),#125,.T.);
#8258=ADVANCED_FACE('',(#7335),#126,.T.);
#8259=ADVANCED_FACE('',(#7336),#7865,.F.);
#8260=ADVANCED_FACE('',(#7337),#7866,.F.);
#8261=ADVANCED_FACE('',(#7338),#7867,.F.);
#8262=ADVANCED_FACE('',(#7339),#7868,.F.);
#8263=ADVANCED_FACE('',(#7340),#7869,.F.);
#8264=ADVANCED_FACE('',(#7341,#7342,#7343,#7344,#7345),#7870,.F.);
#8265=ADVANCED_FACE('',(#7346,#7347,#7348,#7349,#7350),#7871,.F.);
#8266=ADVANCED_FACE('',(#7351),#7872,.T.);
#8267=ADVANCED_FACE('',(#7352),#7873,.F.);
#8268=ADVANCED_FACE('',(#7353),#7874,.F.);
#8269=ADVANCED_FACE('',(#7354,#7355,#7356),#7875,.F.);
#8270=ADVANCED_FACE('',(#7357),#7876,.F.);
#8271=ADVANCED_FACE('',(#7358),#7877,.F.);
#8272=ADVANCED_FACE('',(#7359,#7360,#7361),#7878,.F.);
#8273=ADVANCED_FACE('',(#7362),#7879,.F.);
#8274=ADVANCED_FACE('',(#7363,#7364,#7365,#7366),#7880,.F.);
#8275=ADVANCED_FACE('',(#7367),#7881,.F.);
#8276=ADVANCED_FACE('',(#7368),#7882,.F.);
#8277=ADVANCED_FACE('',(#7369),#242,.F.);
#8278=ADVANCED_FACE('',(#7370),#7883,.F.);
#8279=ADVANCED_FACE('',(#7371),#243,.F.);
#8280=ADVANCED_FACE('',(#7372),#7884,.F.);
#8281=ADVANCED_FACE('',(#7373),#7885,.F.);
#8282=ADVANCED_FACE('',(#7374,#7375,#7376,#7377),#7886,.F.);
#8283=ADVANCED_FACE('',(#7378),#7887,.F.);
#8284=ADVANCED_FACE('',(#7379),#7888,.F.);
#8285=ADVANCED_FACE('',(#7380),#7889,.F.);
#8286=ADVANCED_FACE('',(#7381),#7890,.F.);
#8287=ADVANCED_FACE('',(#7382),#7891,.F.);
#8288=ADVANCED_FACE('',(#7383),#7892,.F.);
#8289=ADVANCED_FACE('',(#7384),#7893,.F.);
#8290=ADVANCED_FACE('',(#7385),#244,.T.);
#8291=ADVANCED_FACE('',(#7386),#7894,.F.);
#8292=ADVANCED_FACE('',(#7387),#7895,.F.);
#8293=ADVANCED_FACE('',(#7388),#245,.T.);
#8294=ADVANCED_FACE('',(#7389),#7896,.F.);
#8295=ADVANCED_FACE('',(#7390),#7897,.F.);
#8296=ADVANCED_FACE('',(#7391),#7898,.F.);
#8297=ADVANCED_FACE('',(#7392),#7899,.F.);
#8298=ADVANCED_FACE('',(#7393),#7900,.F.);
#8299=ADVANCED_FACE('',(#7394),#246,.T.);
#8300=ADVANCED_FACE('',(#7395),#7901,.F.);
#8301=ADVANCED_FACE('',(#7396),#7902,.F.);
#8302=ADVANCED_FACE('',(#7397),#247,.T.);
#8303=ADVANCED_FACE('',(#7398),#7903,.F.);
#8304=ADVANCED_FACE('',(#7399),#7904,.F.);
#8305=ADVANCED_FACE('',(#7400),#7905,.F.);
#8306=ADVANCED_FACE('',(#7401),#7906,.F.);
#8307=ADVANCED_FACE('',(#7402,#7403),#248,.F.);
#8308=ADVANCED_FACE('',(#7404),#7907,.F.);
#8309=ADVANCED_FACE('',(#7405),#7908,.F.);
#8310=ADVANCED_FACE('',(#7406),#127,.T.);
#8311=ADVANCED_FACE('',(#7407),#128,.F.);
#8312=ADVANCED_FACE('',(#7408),#7909,.F.);
#8313=ADVANCED_FACE('',(#7409),#129,.T.);
#8314=ADVANCED_FACE('',(#7410),#130,.F.);
#8315=ADVANCED_FACE('',(#7411),#7910,.T.);
#8316=ADVANCED_FACE('',(#7412),#7911,.T.);
#8317=ADVANCED_FACE('',(#7413),#7912,.T.);
#8318=ADVANCED_FACE('',(#7414),#7913,.T.);
#8319=ADVANCED_FACE('',(#7415,#7416),#131,.F.);
#8320=ADVANCED_FACE('',(#7417,#7418),#249,.F.);
#8321=ADVANCED_FACE('',(#7419,#7420),#132,.F.);
#8322=ADVANCED_FACE('',(#7421,#7422),#133,.F.);
#8323=ADVANCED_FACE('',(#7423,#7424),#250,.F.);
#8324=ADVANCED_FACE('',(#7425,#7426),#134,.F.);
#8325=ADVANCED_FACE('',(#7427,#7428),#135,.F.);
#8326=ADVANCED_FACE('',(#7429,#7430),#251,.F.);
#8327=ADVANCED_FACE('',(#7431,#7432),#136,.F.);
#8328=ADVANCED_FACE('',(#7433,#7434),#137,.F.);
#8329=ADVANCED_FACE('',(#7435,#7436),#252,.F.);
#8330=ADVANCED_FACE('',(#7437,#7438),#138,.F.);
#8331=ADVANCED_FACE('',(#7439,#7440),#139,.F.);
#8332=ADVANCED_FACE('',(#7441,#7442),#253,.F.);
#8333=ADVANCED_FACE('',(#7443,#7444),#140,.F.);
#8334=ADVANCED_FACE('',(#7445,#7446),#141,.F.);
#8335=ADVANCED_FACE('',(#7447,#7448),#254,.F.);
#8336=ADVANCED_FACE('',(#7449,#7450),#142,.F.);
#8337=ADVANCED_FACE('',(#7451,#7452),#143,.F.);
#8338=ADVANCED_FACE('',(#7453,#7454),#255,.F.);
#8339=ADVANCED_FACE('',(#7455,#7456),#144,.F.);
#8340=ADVANCED_FACE('',(#7457,#7458),#145,.F.);
#8341=ADVANCED_FACE('',(#7459,#7460),#256,.F.);
#8342=ADVANCED_FACE('',(#7461,#7462),#146,.F.);
#8343=ADVANCED_FACE('',(#7463),#7914,.F.);
#8344=ADVANCED_FACE('',(#7464,#7465),#257,.T.);
#8345=ADVANCED_FACE('',(#7466,#7467),#258,.T.);
#8346=ADVANCED_FACE('',(#7468),#7915,.T.);
#8347=ADVANCED_FACE('',(#7469),#7916,.F.);
#8348=ADVANCED_FACE('',(#7470,#7471),#259,.T.);
#8349=ADVANCED_FACE('',(#7472,#7473),#260,.T.);
#8350=ADVANCED_FACE('',(#7474),#7917,.T.);
#8351=ADVANCED_FACE('',(#7475,#7476),#261,.F.);
#8352=ADVANCED_FACE('',(#7477),#7918,.T.);
#8353=ADVANCED_FACE('',(#7478),#262,.F.);
#8354=ADVANCED_FACE('',(#7479),#7919,.F.);
#8355=ADVANCED_FACE('',(#7480),#263,.F.);
#8356=ADVANCED_FACE('',(#7481),#7920,.F.);
#8357=ADVANCED_FACE('',(#7482),#7921,.T.);
#8358=ADVANCED_FACE('',(#7483),#264,.F.);
#8359=ADVANCED_FACE('',(#7484),#7922,.T.);
#8360=ADVANCED_FACE('',(#7485),#7923,.T.);
#8361=ADVANCED_FACE('',(#7486),#265,.F.);
#8362=ADVANCED_FACE('',(#7487,#7488),#7924,.F.);
#8363=ADVANCED_FACE('',(#7489),#266,.F.);
#8364=ADVANCED_FACE('',(#7490),#7925,.T.);
#8365=ADVANCED_FACE('',(#7491),#7926,.T.);
#8366=ADVANCED_FACE('',(#7492),#267,.F.);
#8367=ADVANCED_FACE('',(#7493),#7927,.T.);
#8368=ADVANCED_FACE('',(#7494),#18,.T.);
#8369=ADVANCED_FACE('',(#7495,#7496),#268,.T.);
#8370=ADVANCED_FACE('',(#7497,#7498),#7928,.F.);
#8371=ADVANCED_FACE('',(#7499,#7500),#269,.T.);
#8372=ADVANCED_FACE('',(#7501,#7502),#147,.F.);
#8373=ADVANCED_FACE('',(#7503,#7504),#270,.F.);
#8374=ADVANCED_FACE('',(#7505,#7506),#148,.F.);
#8375=ADVANCED_FACE('',(#7507,#7508),#149,.F.);
#8376=ADVANCED_FACE('',(#7509,#7510),#271,.F.);
#8377=ADVANCED_FACE('',(#7511,#7512),#150,.F.);
#8378=ADVANCED_FACE('',(#7513,#7514),#151,.F.);
#8379=ADVANCED_FACE('',(#7515,#7516),#272,.F.);
#8380=ADVANCED_FACE('',(#7517,#7518),#152,.F.);
#8381=ADVANCED_FACE('',(#7519,#7520),#153,.F.);
#8382=ADVANCED_FACE('',(#7521,#7522),#273,.F.);
#8383=ADVANCED_FACE('',(#7523,#7524),#154,.F.);
#8384=ADVANCED_FACE('',(#7525,#7526,#7527,#7528,#7529),#7929,.F.);
#8385=ADVANCED_FACE('',(#7530),#7930,.F.);
#8386=ADVANCED_FACE('',(#7531),#7931,.F.);
#8387=ADVANCED_FACE('',(#7532),#7932,.F.);
#8388=ADVANCED_FACE('',(#7533),#7933,.T.);
#8389=ADVANCED_FACE('',(#7534),#7934,.F.);
#8390=ADVANCED_FACE('',(#7535),#7935,.F.);
#8391=ADVANCED_FACE('',(#7536,#7537),#274,.T.);
#8392=ADVANCED_FACE('',(#7538,#7539),#155,.T.);
#8393=ADVANCED_FACE('',(#7540,#7541),#275,.T.);
#8394=ADVANCED_FACE('',(#7542),#7936,.F.);
#8395=ADVANCED_FACE('',(#7543,#7544),#276,.T.);
#8396=ADVANCED_FACE('',(#7545,#7546),#156,.T.);
#8397=ADVANCED_FACE('',(#7547,#7548),#277,.T.);
#8398=ADVANCED_FACE('',(#7549),#7937,.F.);
#8399=ADVANCED_FACE('',(#7550,#7551),#278,.T.);
#8400=ADVANCED_FACE('',(#7552,#7553),#157,.T.);
#8401=ADVANCED_FACE('',(#7554,#7555),#279,.T.);
#8402=ADVANCED_FACE('',(#7556),#7938,.F.);
#8403=ADVANCED_FACE('',(#7557,#7558),#280,.T.);
#8404=ADVANCED_FACE('',(#7559,#7560),#158,.T.);
#8405=ADVANCED_FACE('',(#7561,#7562),#281,.T.);
#8406=ADVANCED_FACE('',(#7563),#282,.F.);
#8407=ADVANCED_FACE('',(#7564),#283,.F.);
#8408=ADVANCED_FACE('',(#7565),#284,.F.);
#8409=ADVANCED_FACE('',(#7566),#285,.F.);
#8410=ADVANCED_FACE('',(#7567,#7568),#286,.F.);
#8411=ADVANCED_FACE('',(#7569,#7570),#287,.F.);
#8412=ADVANCED_FACE('',(#7571,#7572),#288,.F.);
#8413=ADVANCED_FACE('',(#7573,#7574),#289,.F.);
#8414=ADVANCED_FACE('',(#7575),#7939,.F.);
#8415=ADVANCED_FACE('',(#7576),#7940,.F.);
#8416=ADVANCED_FACE('',(#7577),#7941,.F.);
#8417=ADVANCED_FACE('',(#7578),#7942,.F.);
#8418=ADVANCED_FACE('',(#7579),#7943,.F.);
#8419=ADVANCED_FACE('',(#7580),#7944,.F.);
#8420=ADVANCED_FACE('',(#7581),#7945,.F.);
#8421=ADVANCED_FACE('',(#7582),#7946,.F.);
#8422=ADVANCED_FACE('',(#7583,#7584,#7585,#7586,#7587,#7588),#7947,.T.);
#8423=ADVANCED_FACE('',(#7589,#7590,#7591,#7592,#7593,#7594,#7595,#7596,
#7597,#7598),#7948,.F.);
#8424=ADVANCED_FACE('',(#7599,#7600),#7949,.T.);
#8425=ADVANCED_FACE('',(#7601,#7602),#290,.F.);
#8426=ADVANCED_FACE('',(#7603,#7604),#159,.F.);
#8427=ADVANCED_FACE('',(#7605,#7606),#291,.F.);
#8428=ADVANCED_FACE('',(#7607,#7608),#160,.F.);
#8429=ADVANCED_FACE('',(#7609,#7610),#161,.F.);
#8430=ADVANCED_FACE('',(#7611,#7612),#292,.F.);
#8431=ADVANCED_FACE('',(#7613,#7614),#162,.F.);
#8432=ADVANCED_FACE('',(#7615,#7616),#163,.F.);
#8433=ADVANCED_FACE('',(#7617,#7618),#293,.F.);
#8434=ADVANCED_FACE('',(#7619,#7620),#164,.F.);
#8435=ADVANCED_FACE('',(#7621,#7622),#165,.F.);
#8436=ADVANCED_FACE('',(#7623,#7624),#294,.F.);
#8437=ADVANCED_FACE('',(#7625,#7626),#166,.F.);
#8438=ADVANCED_FACE('',(#7627,#7628),#7950,.T.);
#8439=ADVANCED_FACE('',(#7629,#7630),#295,.F.);
#8440=ADVANCED_FACE('',(#7631,#7632),#7951,.T.);
#8441=ADVANCED_FACE('',(#7633,#7634),#296,.F.);
#8442=ADVANCED_FACE('',(#7635,#7636),#7952,.T.);
#8443=ADVANCED_FACE('',(#7637,#7638),#297,.F.);
#8444=ADVANCED_FACE('',(#7639,#7640),#7953,.T.);
#8445=ADVANCED_FACE('',(#7641,#7642),#298,.F.);
#8446=ADVANCED_FACE('',(#7643),#167,.F.);
#8447=ADVANCED_FACE('',(#7644),#168,.F.);
#8448=ADVANCED_FACE('',(#7645),#169,.F.);
#8449=ADVANCED_FACE('',(#7646),#170,.F.);
#8450=ADVANCED_FACE('',(#7647,#7648),#7954,.F.);
#8451=ADVANCED_FACE('',(#7649,#7650),#171,.T.);
#8452=ADVANCED_FACE('',(#7651,#7652),#299,.T.);
#8453=ADVANCED_FACE('',(#7653,#7654),#7955,.F.);
#8454=ADVANCED_FACE('',(#7655,#7656),#300,.T.);
#8455=ADVANCED_FACE('',(#7657,#7658),#172,.T.);
#8456=ADVANCED_FACE('',(#7659),#7956,.F.);
#8457=ADVANCED_FACE('',(#7660),#7957,.T.);
#8458=ADVANCED_FACE('',(#7661),#7958,.T.);
#8459=ADVANCED_FACE('',(#7662),#7959,.T.);
#8460=ADVANCED_FACE('',(#7663),#7960,.T.);
#8461=ADVANCED_FACE('',(#7664),#7961,.T.);
#8462=ADVANCED_FACE('',(#7665),#7962,.T.);
#8463=ADVANCED_FACE('',(#7666),#7963,.F.);
#8464=ADVANCED_FACE('',(#7667),#7964,.F.);
#8465=ADVANCED_FACE('',(#7668),#7965,.F.);
#8466=ADVANCED_FACE('',(#7669),#7966,.F.);
#8467=ADVANCED_FACE('',(#7670),#7967,.F.);
#8468=ADVANCED_FACE('',(#7671),#7968,.F.);
#8469=ADVANCED_FACE('',(#7672,#7673),#173,.F.);
#8470=CLOSED_SHELL('',(#7969,#7970,#7971,#7972,#7973,#7974,#7975,#7976,
#7977,#7978,#7979,#7980,#7981,#7982,#7983,#7984,#7985,#7986,#7987,#7988,
#7989,#7990,#7991,#7992,#7993,#7994,#7995,#7996,#7997,#7998,#7999,#8000,
#8001,#8002,#8003,#8004,#8005,#8006,#8007,#8008,#8009,#8010,#8011,#8012,
#8013,#8014,#8015,#8016,#8017,#8018,#8019,#8020,#8021,#8022,#8023,#8024,
#8025,#8026,#8027,#8028,#8029,#8030,#8031,#8032,#8033,#8034,#8035,#8036,
#8037,#8038,#8039,#8040,#8041,#8042,#8043,#8044,#8045,#8046,#8047,#8048,
#8049,#8050,#8051,#8052,#8053,#8054,#8055,#8056,#8057,#8058,#8059,#8060,
#8061,#8062,#8063,#8064,#8065,#8066,#8067,#8068,#8069,#8070,#8071,#8072,
#8073,#8074,#8075,#8076,#8077,#8078,#8079,#8080,#8081,#8082,#8083,#8084,
#8085,#8086,#8087,#8088,#8089,#8090,#8091,#8092,#8093,#8094,#8095,#8096,
#8097,#8098,#8099,#8100,#8101,#8102,#8103,#8104,#8105,#8106,#8107,#8108,
#8109,#8110,#8111,#8112,#8113,#8114,#8115,#8116,#8117,#8118,#8119,#8120,
#8121,#8122,#8123,#8124,#8125,#8126,#8127,#8128,#8129,#8130,#8131,#8132,
#8133,#8134,#8135,#8136,#8137,#8138,#8139,#8140,#8141,#8142,#8143,#8144,
#8145,#8146,#8147,#8148,#8149,#8150,#8151,#8152,#8153,#8154,#8155,#8156,
#8157,#8158,#8159,#8160,#8161,#8162,#8163,#8164,#8165,#8166,#8167,#8168,
#8169,#8170,#8171,#8172,#8173,#8174,#8175,#8176,#8177,#8178,#8179,#8180,
#8181,#8182,#8183,#8184,#8185,#8186,#8187,#8188,#8189,#8190,#8191,#8192,
#8193,#8194,#8195,#8196,#8197,#8198,#8199,#8200,#8201,#8202,#8203,#8204,
#8205,#8206,#8207,#8208,#8209,#8210,#8211,#8212,#8213,#8214,#8215,#8216,
#8217,#8218,#8219,#8220,#8221,#8222,#8223,#8224,#8225,#8226,#8227,#8228,
#8229,#8230,#8231,#8232,#8233,#8234,#8235,#8236,#8237,#8238,#8239,#8240,
#8241,#8242,#8243,#8244,#8245,#8246,#8247));
#8471=CLOSED_SHELL('',(#8248,#8249,#8250,#8251,#8252,#8253,#8254,#8255,
#8256,#8257,#8258,#8259,#8260,#8261,#8262,#8263,#8264,#8265,#8266,#8267,
#8268,#8269,#8270,#8271,#8272,#8273,#8274,#8275,#8276,#8277,#8278,#8279,
#8280,#8281,#8282,#8283,#8284,#8285,#8286,#8287,#8288,#8289,#8290,#8291,
#8292,#8293,#8294,#8295,#8296,#8297,#8298,#8299,#8300,#8301,#8302,#8303,
#8304,#8305,#8306,#8307,#8308,#8309,#8310,#8311,#8312,#8313,#8314,#8315,
#8316,#8317,#8318,#8319,#8320,#8321,#8322,#8323,#8324,#8325,#8326,#8327,
#8328,#8329,#8330,#8331,#8332,#8333,#8334,#8335,#8336,#8337,#8338,#8339,
#8340,#8341,#8342,#8343,#8344,#8345,#8346,#8347,#8348,#8349,#8350,#8351,
#8352,#8353,#8354,#8355,#8356,#8357,#8358,#8359,#8360,#8361,#8362,#8363,
#8364,#8365,#8366,#8367,#8368,#8369,#8370,#8371,#8372,#8373,#8374,#8375,
#8376,#8377,#8378,#8379,#8380,#8381,#8382,#8383));
#8472=CLOSED_SHELL('',(#8384,#8385,#8386,#8387,#8388,#8389,#8390,#8391,
#8392,#8393,#8394,#8395,#8396,#8397,#8398,#8399,#8400,#8401,#8402,#8403,
#8404,#8405));
#8473=CLOSED_SHELL('',(#8406,#8407,#8408,#8409,#8410,#8411,#8412,#8413,
#8414,#8415,#8416,#8417,#8418,#8419,#8420,#8421,#8422,#8423,#8424,#8425,
#8426,#8427,#8428,#8429,#8430,#8431,#8432,#8433,#8434,#8435,#8436,#8437,
#8438,#8439,#8440,#8441,#8442,#8443,#8444,#8445,#8446,#8447,#8448,#8449));
#8474=CLOSED_SHELL('',(#8450,#8451,#8452,#8453,#8454,#8455,#8456,#8457,
#8458,#8459,#8460,#8461,#8462,#8463,#8464,#8465,#8466,#8467,#8468,#8469));
#8475=STYLED_ITEM('',(#8480),#8511);
#8476=STYLED_ITEM('',(#8481),#8512);
#8477=STYLED_ITEM('',(#8482),#8513);
#8478=STYLED_ITEM('',(#8483),#8514);
#8479=STYLED_ITEM('',(#8484),#8515);
#8480=PRESENTATION_STYLE_ASSIGNMENT((#8485));
#8481=PRESENTATION_STYLE_ASSIGNMENT((#8486));
#8482=PRESENTATION_STYLE_ASSIGNMENT((#8487));
#8483=PRESENTATION_STYLE_ASSIGNMENT((#8488));
#8484=PRESENTATION_STYLE_ASSIGNMENT((#8489));
#8485=SURFACE_STYLE_USAGE(.BOTH.,#8490);
#8486=SURFACE_STYLE_USAGE(.BOTH.,#8491);
#8487=SURFACE_STYLE_USAGE(.BOTH.,#8492);
#8488=SURFACE_STYLE_USAGE(.BOTH.,#8493);
#8489=SURFACE_STYLE_USAGE(.BOTH.,#8494);
#8490=SURFACE_SIDE_STYLE('',(#8495));
#8491=SURFACE_SIDE_STYLE('',(#8496));
#8492=SURFACE_SIDE_STYLE('',(#8497));
#8493=SURFACE_SIDE_STYLE('',(#8498));
#8494=SURFACE_SIDE_STYLE('',(#8499));
#8495=SURFACE_STYLE_FILL_AREA(#8500);
#8496=SURFACE_STYLE_FILL_AREA(#8501);
#8497=SURFACE_STYLE_FILL_AREA(#8502);
#8498=SURFACE_STYLE_FILL_AREA(#8503);
#8499=SURFACE_STYLE_FILL_AREA(#8504);
#8500=FILL_AREA_STYLE('',(#8505));
#8501=FILL_AREA_STYLE('',(#8506));
#8502=FILL_AREA_STYLE('',(#8507));
#8503=FILL_AREA_STYLE('',(#8508));
#8504=FILL_AREA_STYLE('',(#8509));
#8505=FILL_AREA_STYLE_COLOUR('',#8510);
#8506=FILL_AREA_STYLE_COLOUR('',#8510);
#8507=FILL_AREA_STYLE_COLOUR('',#8510);
#8508=FILL_AREA_STYLE_COLOUR('',#8510);
#8509=FILL_AREA_STYLE_COLOUR('',#8510);
#8510=COLOUR_RGB('',0.689999997615814,0.689999997615814,0.689999997615814);
#8511=MANIFOLD_SOLID_BREP('LX2005CG-B1-A2040-200_b',#8470);
#8512=MANIFOLD_SOLID_BREP('LX2005CG-B1-200_bl',#8471);
#8513=MANIFOLD_SOLID_BREP('LX2005C-B1-200_c',#8472);
#8514=MANIFOLD_SOLID_BREP('A2040_lx2001',#8473);
#8515=MANIFOLD_SOLID_BREP('BOLT3-12',#8474);
#8516=SHAPE_DEFINITION_REPRESENTATION(#14311,#8522);
#8517=SHAPE_DEFINITION_REPRESENTATION(#14312,#8523);
#8518=SHAPE_DEFINITION_REPRESENTATION(#14314,#8524);
#8519=SHAPE_DEFINITION_REPRESENTATION(#14316,#8525);
#8520=SHAPE_DEFINITION_REPRESENTATION(#14318,#8526);
#8521=SHAPE_DEFINITION_REPRESENTATION(#14320,#8527);
#8522=SHAPE_REPRESENTATION('LX2005CG-B1-A2040-200',(#8528,#8986,#9229,#9268,
#9363,#9396,#9397,#9398,#9399),#14296);
#8523=SHAPE_REPRESENTATION('LX2005CG-B1-A2040-200_b',(#8528),#14297);
#8524=SHAPE_REPRESENTATION('LX2005CG-B1-200_bl',(#8528),#14298);
#8525=SHAPE_REPRESENTATION('LX2005C-B1-200_c',(#8528),#14299);
#8526=SHAPE_REPRESENTATION('A2040_lx2001',(#8528),#14300);
#8527=SHAPE_REPRESENTATION('BOLT3-12',(#8528),#14301);
#8528=AXIS2_PLACEMENT_3D('',#11851,#9400,#9401);
#8529=AXIS2_PLACEMENT_3D('',#11852,#9402,#9403);
#8530=AXIS2_PLACEMENT_3D('',#11856,#9405,#9406);
#8531=AXIS2_PLACEMENT_3D('',#11860,#9408,#9409);
#8532=AXIS2_PLACEMENT_3D('',#11861,#9410,#9411);
#8533=AXIS2_PLACEMENT_3D('',#11923,#9442,#9443);
#8534=AXIS2_PLACEMENT_3D('',#11942,#9453,#9454);
#8535=AXIS2_PLACEMENT_3D('',#11945,#9457,#9458);
#8536=AXIS2_PLACEMENT_3D('',#11951,#9462,#9463);
#8537=AXIS2_PLACEMENT_3D('',#11967,#9472,#9473);
#8538=AXIS2_PLACEMENT_3D('',#11968,#9474,#9475);
#8539=AXIS2_PLACEMENT_3D('',#11977,#9481,#9482);
#8540=AXIS2_PLACEMENT_3D('',#11983,#9485,#9486);
#8541=AXIS2_PLACEMENT_3D('',#11987,#9488,#9489);
#8542=AXIS2_PLACEMENT_3D('',#11991,#9491,#9492);
#8543=AXIS2_PLACEMENT_3D('',#12002,#9498,#9499);
#8544=AXIS2_PLACEMENT_3D('',#12006,#9501,#9502);
#8545=AXIS2_PLACEMENT_3D('',#12010,#9504,#9505);
#8546=AXIS2_PLACEMENT_3D('',#12011,#9506,#9507);
#8547=AXIS2_PLACEMENT_3D('',#12017,#9510,#9511);
#8548=AXIS2_PLACEMENT_3D('',#12021,#9513,#9514);
#8549=AXIS2_PLACEMENT_3D('',#12025,#9516,#9517);
#8550=AXIS2_PLACEMENT_3D('',#12030,#9520,#9521);
#8551=AXIS2_PLACEMENT_3D('',#12031,#9522,#9523);
#8552=AXIS2_PLACEMENT_3D('',#12032,#9524,#9525);
#8553=AXIS2_PLACEMENT_3D('',#12033,#9526,#9527);
#8554=AXIS2_PLACEMENT_3D('',#12043,#9533,#9534);
#8555=AXIS2_PLACEMENT_3D('',#12044,#9535,#9536);
#8556=AXIS2_PLACEMENT_3D('',#12045,#9537,#9538);
#8557=AXIS2_PLACEMENT_3D('',#12046,#9539,#9540);
#8558=AXIS2_PLACEMENT_3D('',#12047,#9541,#9542);
#8559=AXIS2_PLACEMENT_3D('',#12049,#9543,#9544);
#8560=AXIS2_PLACEMENT_3D('',#12051,#9545,#9546);
#8561=AXIS2_PLACEMENT_3D('',#12052,#9547,#9548);
#8562=AXIS2_PLACEMENT_3D('',#12054,#9549,#9550);
#8563=AXIS2_PLACEMENT_3D('',#12068,#9558,#9559);
#8564=AXIS2_PLACEMENT_3D('',#12076,#9564,#9565);
#8565=AXIS2_PLACEMENT_3D('',#12100,#9577,#9578);
#8566=AXIS2_PLACEMENT_3D('',#12103,#9580,#9581);
#8567=AXIS2_PLACEMENT_3D('',#12107,#9584,#9585);
#8568=AXIS2_PLACEMENT_3D('',#12111,#9588,#9589);
#8569=AXIS2_PLACEMENT_3D('',#12112,#9590,#9591);
#8570=AXIS2_PLACEMENT_3D('',#12117,#9593,#9594);
#8571=AXIS2_PLACEMENT_3D('',#12121,#9596,#9597);
#8572=AXIS2_PLACEMENT_3D('',#12125,#9599,#9600);
#8573=AXIS2_PLACEMENT_3D('',#12129,#9602,#9603);
#8574=AXIS2_PLACEMENT_3D('',#12130,#9604,#9605);
#8575=AXIS2_PLACEMENT_3D('',#12135,#9608,#9609);
#8576=AXIS2_PLACEMENT_3D('',#12136,#9610,#9611);
#8577=AXIS2_PLACEMENT_3D('',#12139,#9613,#9614);
#8578=AXIS2_PLACEMENT_3D('',#12142,#9616,#9617);
#8579=AXIS2_PLACEMENT_3D('',#12147,#9620,#9621);
#8580=AXIS2_PLACEMENT_3D('',#12148,#9622,#9623);
#8581=AXIS2_PLACEMENT_3D('',#12153,#9626,#9627);
#8582=AXIS2_PLACEMENT_3D('',#12154,#9628,#9629);
#8583=AXIS2_PLACEMENT_3D('',#12155,#9630,#9631);
#8584=AXIS2_PLACEMENT_3D('',#12157,#9632,#9633);
#8585=AXIS2_PLACEMENT_3D('',#12162,#9635,#9636);
#8586=AXIS2_PLACEMENT_3D('',#12166,#9638,#9639);
#8587=AXIS2_PLACEMENT_3D('',#12170,#9641,#9642);
#8588=AXIS2_PLACEMENT_3D('',#12173,#9644,#9645);
#8589=AXIS2_PLACEMENT_3D('',#12183,#9651,#9652);
#8590=AXIS2_PLACEMENT_3D('',#12193,#9658,#9659);
#8591=AXIS2_PLACEMENT_3D('',#12200,#9663,#9664);
#8592=AXIS2_PLACEMENT_3D('',#12212,#9671,#9672);
#8593=AXIS2_PLACEMENT_3D('',#12216,#9674,#9675);
#8594=AXIS2_PLACEMENT_3D('',#12217,#9676,#9677);
#8595=AXIS2_PLACEMENT_3D('',#12223,#9680,#9681);
#8596=AXIS2_PLACEMENT_3D('',#12231,#9685,#9686);
#8597=AXIS2_PLACEMENT_3D('',#12234,#9688,#9689);
#8598=AXIS2_PLACEMENT_3D('',#12251,#9702,#9703);
#8599=AXIS2_PLACEMENT_3D('',#12260,#9709,#9710);
#8600=AXIS2_PLACEMENT_3D('',#12261,#9711,#9712);
#8601=AXIS2_PLACEMENT_3D('',#12263,#9713,#9714);
#8602=AXIS2_PLACEMENT_3D('',#12265,#9715,#9716);
#8603=AXIS2_PLACEMENT_3D('',#12267,#9717,#9718);
#8604=AXIS2_PLACEMENT_3D('',#12269,#9719,#9720);
#8605=AXIS2_PLACEMENT_3D('',#12271,#9721,#9722);
#8606=AXIS2_PLACEMENT_3D('',#12273,#9723,#9724);
#8607=AXIS2_PLACEMENT_3D('',#12275,#9725,#9726);
#8608=AXIS2_PLACEMENT_3D('',#12277,#9727,#9728);
#8609=AXIS2_PLACEMENT_3D('',#12279,#9729,#9730);
#8610=AXIS2_PLACEMENT_3D('',#12282,#9732,#9733);
#8611=AXIS2_PLACEMENT_3D('',#12286,#9736,#9737);
#8612=AXIS2_PLACEMENT_3D('',#12290,#9740,#9741);
#8613=AXIS2_PLACEMENT_3D('',#12291,#9742,#9743);
#8614=AXIS2_PLACEMENT_3D('',#12292,#9744,#9745);
#8615=AXIS2_PLACEMENT_3D('',#12295,#9747,#9748);
#8616=AXIS2_PLACEMENT_3D('',#12299,#9750,#9751);
#8617=AXIS2_PLACEMENT_3D('',#12307,#9756,#9757);
#8618=AXIS2_PLACEMENT_3D('',#12308,#9758,#9759);
#8619=AXIS2_PLACEMENT_3D('',#12310,#9760,#9761);
#8620=AXIS2_PLACEMENT_3D('',#12312,#9762,#9763);
#8621=AXIS2_PLACEMENT_3D('',#12314,#9764,#9765);
#8622=AXIS2_PLACEMENT_3D('',#12316,#9766,#9767);
#8623=AXIS2_PLACEMENT_3D('',#12318,#9768,#9769);
#8624=AXIS2_PLACEMENT_3D('',#12326,#9775,#9776);
#8625=AXIS2_PLACEMENT_3D('',#12327,#9777,#9778);
#8626=AXIS2_PLACEMENT_3D('',#12335,#9782,#9783);
#8627=AXIS2_PLACEMENT_3D('',#12336,#9784,#9785);
#8628=AXIS2_PLACEMENT_3D('',#12337,#9786,#9787);
#8629=AXIS2_PLACEMENT_3D('',#12341,#9790,#9791);
#8630=AXIS2_PLACEMENT_3D('',#12344,#9793,#9794);
#8631=AXIS2_PLACEMENT_3D('',#12345,#9795,#9796);
#8632=AXIS2_PLACEMENT_3D('',#12349,#9799,#9800);
#8633=AXIS2_PLACEMENT_3D('',#12350,#9801,#9802);
#8634=AXIS2_PLACEMENT_3D('',#12351,#9803,#9804);
#8635=AXIS2_PLACEMENT_3D('',#12352,#9805,#9806);
#8636=AXIS2_PLACEMENT_3D('',#12358,#9810,#9811);
#8637=AXIS2_PLACEMENT_3D('',#12359,#9812,#9813);
#8638=AXIS2_PLACEMENT_3D('',#12363,#9816,#9817);
#8639=AXIS2_PLACEMENT_3D('',#12369,#9821,#9822);
#8640=AXIS2_PLACEMENT_3D('',#12370,#9823,#9824);
#8641=AXIS2_PLACEMENT_3D('',#12371,#9825,#9826);
#8642=AXIS2_PLACEMENT_3D('',#12372,#9827,#9828);
#8643=AXIS2_PLACEMENT_3D('',#12373,#9829,#9830);
#8644=AXIS2_PLACEMENT_3D('',#12374,#9831,#9832);
#8645=AXIS2_PLACEMENT_3D('',#12380,#9836,#9837);
#8646=AXIS2_PLACEMENT_3D('',#12382,#9839,#9840);
#8647=AXIS2_PLACEMENT_3D('',#12384,#9842,#9843);
#8648=AXIS2_PLACEMENT_3D('',#12385,#9844,#9845);
#8649=AXIS2_PLACEMENT_3D('',#12386,#9846,#9847);
#8650=AXIS2_PLACEMENT_3D('',#12395,#9852,#9853);
#8651=AXIS2_PLACEMENT_3D('',#12396,#9854,#9855);
#8652=AXIS2_PLACEMENT_3D('',#12405,#9860,#9861);
#8653=AXIS2_PLACEMENT_3D('',#12406,#9862,#9863);
#8654=AXIS2_PLACEMENT_3D('',#12408,#9864,#9865);
#8655=AXIS2_PLACEMENT_3D('',#12411,#9867,#9868);
#8656=AXIS2_PLACEMENT_3D('',#12415,#9872,#9873);
#8657=AXIS2_PLACEMENT_3D('',#12421,#9877,#9878);
#8658=AXIS2_PLACEMENT_3D('',#12422,#9879,#9880);
#8659=AXIS2_PLACEMENT_3D('',#12426,#9882,#9883);
#8660=AXIS2_PLACEMENT_3D('',#12427,#9884,#9885);
#8661=AXIS2_PLACEMENT_3D('',#12433,#9889,#9890);
#8662=AXIS2_PLACEMENT_3D('',#12434,#9891,#9892);
#8663=AXIS2_PLACEMENT_3D('',#12438,#9894,#9895);
#8664=AXIS2_PLACEMENT_3D('',#12439,#9896,#9897);
#8665=AXIS2_PLACEMENT_3D('',#12442,#9900,#9901);
#8666=AXIS2_PLACEMENT_3D('',#12446,#9905,#9906);
#8667=AXIS2_PLACEMENT_3D('',#12447,#9907,#9908);
#8668=AXIS2_PLACEMENT_3D('',#12451,#9910,#9911);
#8669=AXIS2_PLACEMENT_3D('',#12452,#9912,#9913);
#8670=AXIS2_PLACEMENT_3D('',#12455,#9916,#9917);
#8671=AXIS2_PLACEMENT_3D('',#12456,#9918,#9919);
#8672=AXIS2_PLACEMENT_3D('',#12457,#9920,#9921);
#8673=AXIS2_PLACEMENT_3D('',#12458,#9922,#9923);
#8674=AXIS2_PLACEMENT_3D('',#12459,#9924,#9925);
#8675=AXIS2_PLACEMENT_3D('',#12460,#9926,#9927);
#8676=AXIS2_PLACEMENT_3D('',#12462,#9928,#9929);
#8677=AXIS2_PLACEMENT_3D('',#12463,#9930,#9931);
#8678=AXIS2_PLACEMENT_3D('',#12465,#9932,#9933);
#8679=AXIS2_PLACEMENT_3D('',#12466,#9934,#9935);
#8680=AXIS2_PLACEMENT_3D('',#12468,#9936,#9937);
#8681=AXIS2_PLACEMENT_3D('',#12469,#9938,#9939);
#8682=AXIS2_PLACEMENT_3D('',#12470,#9940,#9941);
#8683=AXIS2_PLACEMENT_3D('',#12471,#9942,#9943);
#8684=AXIS2_PLACEMENT_3D('',#12472,#9944,#9945);
#8685=AXIS2_PLACEMENT_3D('',#12474,#9946,#9947);
#8686=AXIS2_PLACEMENT_3D('',#12475,#9948,#9949);
#8687=AXIS2_PLACEMENT_3D('',#12477,#9950,#9951);
#8688=AXIS2_PLACEMENT_3D('',#12478,#9952,#9953);
#8689=AXIS2_PLACEMENT_3D('',#12480,#9954,#9955);
#8690=AXIS2_PLACEMENT_3D('',#12481,#9956,#9957);
#8691=AXIS2_PLACEMENT_3D('',#12482,#9958,#9959);
#8692=AXIS2_PLACEMENT_3D('',#12484,#9960,#9961);
#8693=AXIS2_PLACEMENT_3D('',#12485,#9962,#9963);
#8694=AXIS2_PLACEMENT_3D('',#12487,#9964,#9965);
#8695=AXIS2_PLACEMENT_3D('',#12489,#9966,#9967);
#8696=AXIS2_PLACEMENT_3D('',#12490,#9968,#9969);
#8697=AXIS2_PLACEMENT_3D('',#12492,#9970,#9971);
#8698=AXIS2_PLACEMENT_3D('',#12493,#9972,#9973);
#8699=AXIS2_PLACEMENT_3D('',#12495,#9974,#9975);
#8700=AXIS2_PLACEMENT_3D('',#12497,#9976,#9977);
#8701=AXIS2_PLACEMENT_3D('',#12498,#9978,#9979);
#8702=AXIS2_PLACEMENT_3D('',#12500,#9980,#9981);
#8703=AXIS2_PLACEMENT_3D('',#12501,#9982,#9983);
#8704=AXIS2_PLACEMENT_3D('',#12503,#9984,#9985);
#8705=AXIS2_PLACEMENT_3D('',#12505,#9986,#9987);
#8706=AXIS2_PLACEMENT_3D('',#12506,#9988,#9989);
#8707=AXIS2_PLACEMENT_3D('',#12508,#9990,#9991);
#8708=AXIS2_PLACEMENT_3D('',#12509,#9992,#9993);
#8709=AXIS2_PLACEMENT_3D('',#12511,#9994,#9995);
#8710=AXIS2_PLACEMENT_3D('',#12513,#9996,#9997);
#8711=AXIS2_PLACEMENT_3D('',#12514,#9998,#9999);
#8712=AXIS2_PLACEMENT_3D('',#12516,#10000,#10001);
#8713=AXIS2_PLACEMENT_3D('',#12517,#10002,#10003);
#8714=AXIS2_PLACEMENT_3D('',#12519,#10004,#10005);
#8715=AXIS2_PLACEMENT_3D('',#12520,#10006,#10007);
#8716=AXIS2_PLACEMENT_3D('',#12522,#10008,#10009);
#8717=AXIS2_PLACEMENT_3D('',#12523,#10010,#10011);
#8718=AXIS2_PLACEMENT_3D('',#12525,#10012,#10013);
#8719=AXIS2_PLACEMENT_3D('',#12526,#10014,#10015);
#8720=AXIS2_PLACEMENT_3D('',#12528,#10016,#10017);
#8721=AXIS2_PLACEMENT_3D('',#12529,#10018,#10019);
#8722=AXIS2_PLACEMENT_3D('',#12530,#10020,#10021);
#8723=AXIS2_PLACEMENT_3D('',#12531,#10022,#10023);
#8724=AXIS2_PLACEMENT_3D('',#12532,#10024,#10025);
#8725=AXIS2_PLACEMENT_3D('',#12533,#10026,#10027);
#8726=AXIS2_PLACEMENT_3D('',#12534,#10028,#10029);
#8727=AXIS2_PLACEMENT_3D('',#12535,#10030,#10031);
#8728=AXIS2_PLACEMENT_3D('',#12536,#10032,#10033);
#8729=AXIS2_PLACEMENT_3D('',#12537,#10034,#10035);
#8730=AXIS2_PLACEMENT_3D('',#12538,#10036,#10037);
#8731=AXIS2_PLACEMENT_3D('',#12539,#10038,#10039);
#8732=AXIS2_PLACEMENT_3D('',#12549,#10045,#10046);
#8733=AXIS2_PLACEMENT_3D('',#12555,#10050,#10051);
#8734=AXIS2_PLACEMENT_3D('',#12561,#10055,#10056);
#8735=AXIS2_PLACEMENT_3D('',#12562,#10057,#10058);
#8736=AXIS2_PLACEMENT_3D('',#12564,#10059,#10060);
#8737=AXIS2_PLACEMENT_3D('',#12566,#10061,#10062);
#8738=AXIS2_PLACEMENT_3D('',#12576,#10067,#10068);
#8739=AXIS2_PLACEMENT_3D('',#12581,#10072,#10073);
#8740=AXIS2_PLACEMENT_3D('',#12582,#10074,#10075);
#8741=AXIS2_PLACEMENT_3D('',#12584,#10076,#10077);
#8742=AXIS2_PLACEMENT_3D('',#12586,#10078,#10079);
#8743=AXIS2_PLACEMENT_3D('',#12591,#10082,#10083);
#8744=AXIS2_PLACEMENT_3D('',#12593,#10085,#10086);
#8745=AXIS2_PLACEMENT_3D('',#12595,#10088,#10089);
#8746=AXIS2_PLACEMENT_3D('',#12596,#10090,#10091);
#8747=AXIS2_PLACEMENT_3D('',#12598,#10092,#10093);
#8748=AXIS2_PLACEMENT_3D('',#12600,#10094,#10095);
#8749=AXIS2_PLACEMENT_3D('',#12603,#10097,#10098);
#8750=AXIS2_PLACEMENT_3D('',#12605,#10100,#10101);
#8751=AXIS2_PLACEMENT_3D('',#12606,#10102,#10103);
#8752=AXIS2_PLACEMENT_3D('',#12608,#10104,#10105);
#8753=AXIS2_PLACEMENT_3D('',#12610,#10106,#10107);
#8754=AXIS2_PLACEMENT_3D('',#12613,#10109,#10110);
#8755=AXIS2_PLACEMENT_3D('',#12615,#10112,#10113);
#8756=AXIS2_PLACEMENT_3D('',#12617,#10115,#10116);
#8757=AXIS2_PLACEMENT_3D('',#12621,#10119,#10120);
#8758=AXIS2_PLACEMENT_3D('',#12625,#10123,#10124);
#8759=AXIS2_PLACEMENT_3D('',#12629,#10127,#10128);
#8760=AXIS2_PLACEMENT_3D('',#12633,#10131,#10132);
#8761=AXIS2_PLACEMENT_3D('',#12636,#10134,#10135);
#8762=AXIS2_PLACEMENT_3D('',#12637,#10136,#10137);
#8763=AXIS2_PLACEMENT_3D('',#12639,#10139,#10140);
#8764=AXIS2_PLACEMENT_3D('',#12643,#10143,#10144);
#8765=AXIS2_PLACEMENT_3D('',#12646,#10146,#10147);
#8766=AXIS2_PLACEMENT_3D('',#12647,#10148,#10149);
#8767=AXIS2_PLACEMENT_3D('',#12651,#10152,#10153);
#8768=AXIS2_PLACEMENT_3D('',#12655,#10156,#10157);
#8769=AXIS2_PLACEMENT_3D('',#12659,#10160,#10161);
#8770=AXIS2_PLACEMENT_3D('',#12666,#10166,#10167);
#8771=AXIS2_PLACEMENT_3D('',#12672,#10171,#10172);
#8772=AXIS2_PLACEMENT_3D('',#12675,#10175,#10176);
#8773=AXIS2_PLACEMENT_3D('',#12676,#10177,#10178);
#8774=AXIS2_PLACEMENT_3D('',#12677,#10179,#10180);
#8775=AXIS2_PLACEMENT_3D('',#12678,#10181,#10182);
#8776=AXIS2_PLACEMENT_3D('',#12680,#10183,#10184);
#8777=AXIS2_PLACEMENT_3D('',#12681,#10185,#10186);
#8778=AXIS2_PLACEMENT_3D('',#12683,#10187,#10188);
#8779=AXIS2_PLACEMENT_3D('',#12684,#10189,#10190);
#8780=AXIS2_PLACEMENT_3D('',#12685,#10191,#10192);
#8781=AXIS2_PLACEMENT_3D('',#12687,#10193,#10194);
#8782=AXIS2_PLACEMENT_3D('',#12688,#10195,#10196);
#8783=AXIS2_PLACEMENT_3D('',#12690,#10197,#10198);
#8784=AXIS2_PLACEMENT_3D('',#12691,#10199,#10200);
#8785=AXIS2_PLACEMENT_3D('',#12692,#10201,#10202);
#8786=AXIS2_PLACEMENT_3D('',#12694,#10203,#10204);
#8787=AXIS2_PLACEMENT_3D('',#12695,#10205,#10206);
#8788=AXIS2_PLACEMENT_3D('',#12697,#10207,#10208);
#8789=AXIS2_PLACEMENT_3D('',#12698,#10209,#10210);
#8790=AXIS2_PLACEMENT_3D('',#12699,#10211,#10212);
#8791=AXIS2_PLACEMENT_3D('',#12701,#10213,#10214);
#8792=AXIS2_PLACEMENT_3D('',#12702,#10215,#10216);
#8793=AXIS2_PLACEMENT_3D('',#12704,#10217,#10218);
#8794=AXIS2_PLACEMENT_3D('',#12705,#10219,#10220);
#8795=AXIS2_PLACEMENT_3D('',#12706,#10221,#10222);
#8796=AXIS2_PLACEMENT_3D('',#12708,#10223,#10224);
#8797=AXIS2_PLACEMENT_3D('',#12709,#10225,#10226);
#8798=AXIS2_PLACEMENT_3D('',#12711,#10227,#10228);
#8799=AXIS2_PLACEMENT_3D('',#12712,#10229,#10230);
#8800=AXIS2_PLACEMENT_3D('',#12713,#10231,#10232);
#8801=AXIS2_PLACEMENT_3D('',#12715,#10233,#10234);
#8802=AXIS2_PLACEMENT_3D('',#12716,#10235,#10236);
#8803=AXIS2_PLACEMENT_3D('',#12718,#10237,#10238);
#8804=AXIS2_PLACEMENT_3D('',#12719,#10239,#10240);
#8805=AXIS2_PLACEMENT_3D('',#12720,#10241,#10242);
#8806=AXIS2_PLACEMENT_3D('',#12723,#10243,#10244);
#8807=AXIS2_PLACEMENT_3D('',#12724,#10245,#10246);
#8808=AXIS2_PLACEMENT_3D('',#12726,#10247,#10248);
#8809=AXIS2_PLACEMENT_3D('',#12727,#10249,#10250);
#8810=AXIS2_PLACEMENT_3D('',#12728,#10251,#10252);
#8811=AXIS2_PLACEMENT_3D('',#12731,#10253,#10254);
#8812=AXIS2_PLACEMENT_3D('',#12732,#10255,#10256);
#8813=AXIS2_PLACEMENT_3D('',#12734,#10257,#10258);
#8814=AXIS2_PLACEMENT_3D('',#12735,#10259,#10260);
#8815=AXIS2_PLACEMENT_3D('',#12736,#10261,#10262);
#8816=AXIS2_PLACEMENT_3D('',#12738,#10263,#10264);
#8817=AXIS2_PLACEMENT_3D('',#12739,#10265,#10266);
#8818=AXIS2_PLACEMENT_3D('',#12741,#10267,#10268);
#8819=AXIS2_PLACEMENT_3D('',#12743,#10269,#10270);
#8820=AXIS2_PLACEMENT_3D('',#12744,#10271,#10272);
#8821=AXIS2_PLACEMENT_3D('',#12746,#10273,#10274);
#8822=AXIS2_PLACEMENT_3D('',#12747,#10275,#10276);
#8823=AXIS2_PLACEMENT_3D('',#12749,#10277,#10278);
#8824=AXIS2_PLACEMENT_3D('',#12751,#10279,#10280);
#8825=AXIS2_PLACEMENT_3D('',#12752,#10281,#10282);
#8826=AXIS2_PLACEMENT_3D('',#12755,#10283,#10284);
#8827=AXIS2_PLACEMENT_3D('',#12756,#10285,#10286);
#8828=AXIS2_PLACEMENT_3D('',#12758,#10287,#10288);
#8829=AXIS2_PLACEMENT_3D('',#12759,#10289,#10290);
#8830=AXIS2_PLACEMENT_3D('',#12760,#10291,#10292);
#8831=AXIS2_PLACEMENT_3D('',#12762,#10293,#10294);
#8832=AXIS2_PLACEMENT_3D('',#12763,#10295,#10296);
#8833=AXIS2_PLACEMENT_3D('',#12765,#10297,#10298);
#8834=AXIS2_PLACEMENT_3D('',#12767,#10299,#10300);
#8835=AXIS2_PLACEMENT_3D('',#12768,#10301,#10302);
#8836=AXIS2_PLACEMENT_3D('',#12771,#10304,#10305);
#8837=AXIS2_PLACEMENT_3D('',#12772,#10306,#10307);
#8838=AXIS2_PLACEMENT_3D('',#12773,#10308,#10309);
#8839=AXIS2_PLACEMENT_3D('',#12775,#10310,#10311);
#8840=AXIS2_PLACEMENT_3D('',#12776,#10312,#10313);
#8841=AXIS2_PLACEMENT_3D('',#12780,#10315,#10316);
#8842=AXIS2_PLACEMENT_3D('',#12784,#10318,#10319);
#8843=AXIS2_PLACEMENT_3D('',#12788,#10321,#10322);
#8844=AXIS2_PLACEMENT_3D('',#12792,#10324,#10325);
#8845=AXIS2_PLACEMENT_3D('',#12793,#10326,#10327);
#8846=AXIS2_PLACEMENT_3D('',#12795,#10328,#10329);
#8847=AXIS2_PLACEMENT_3D('',#12796,#10330,#10331);
#8848=AXIS2_PLACEMENT_3D('',#12798,#10333,#10334);
#8849=AXIS2_PLACEMENT_3D('',#12800,#10336,#10337);
#8850=AXIS2_PLACEMENT_3D('',#12801,#10338,#10339);
#8851=AXIS2_PLACEMENT_3D('',#12804,#10342,#10343);
#8852=AXIS2_PLACEMENT_3D('',#12805,#10344,#10345);
#8853=AXIS2_PLACEMENT_3D('',#12806,#10346,#10347);
#8854=AXIS2_PLACEMENT_3D('',#12810,#10350,#10351);
#8855=AXIS2_PLACEMENT_3D('',#12814,#10354,#10355);
#8856=AXIS2_PLACEMENT_3D('',#12815,#10356,#10357);
#8857=AXIS2_PLACEMENT_3D('',#12817,#10358,#10359);
#8858=AXIS2_PLACEMENT_3D('',#12819,#10360,#10361);
#8859=AXIS2_PLACEMENT_3D('',#12821,#10362,#10363);
#8860=AXIS2_PLACEMENT_3D('',#12824,#10365,#10366);
#8861=AXIS2_PLACEMENT_3D('',#12825,#10367,#10368);
#8862=AXIS2_PLACEMENT_3D('',#12826,#10369,#10370);
#8863=AXIS2_PLACEMENT_3D('',#12828,#10371,#10372);
#8864=AXIS2_PLACEMENT_3D('',#12829,#10373,#10374);
#8865=AXIS2_PLACEMENT_3D('',#12831,#10375,#10376);
#8866=AXIS2_PLACEMENT_3D('',#12844,#10383,#10384);
#8867=AXIS2_PLACEMENT_3D('',#12845,#10385,#10386);
#8868=AXIS2_PLACEMENT_3D('',#12847,#10387,#10388);
#8869=AXIS2_PLACEMENT_3D('',#12848,#10389,#10390);
#8870=AXIS2_PLACEMENT_3D('',#12850,#10391,#10392);
#8871=AXIS2_PLACEMENT_3D('',#12863,#10399,#10400);
#8872=AXIS2_PLACEMENT_3D('',#12864,#10401,#10402);
#8873=AXIS2_PLACEMENT_3D('',#12866,#10403,#10404);
#8874=AXIS2_PLACEMENT_3D('',#12867,#10405,#10406);
#8875=AXIS2_PLACEMENT_3D('',#12869,#10407,#10408);
#8876=AXIS2_PLACEMENT_3D('',#12882,#10415,#10416);
#8877=AXIS2_PLACEMENT_3D('',#12883,#10417,#10418);
#8878=AXIS2_PLACEMENT_3D('',#12885,#10419,#10420);
#8879=AXIS2_PLACEMENT_3D('',#12886,#10421,#10422);
#8880=AXIS2_PLACEMENT_3D('',#12888,#10423,#10424);
#8881=AXIS2_PLACEMENT_3D('',#12901,#10431,#10432);
#8882=AXIS2_PLACEMENT_3D('',#12907,#10436,#10437);
#8883=AXIS2_PLACEMENT_3D('',#12911,#10440,#10441);
#8884=AXIS2_PLACEMENT_3D('',#12915,#10444,#10445);
#8885=AXIS2_PLACEMENT_3D('',#12919,#10448,#10449);
#8886=AXIS2_PLACEMENT_3D('',#12923,#10452,#10453);
#8887=AXIS2_PLACEMENT_3D('',#12925,#10455,#10456);
#8888=AXIS2_PLACEMENT_3D('',#12926,#10457,#10458);
#8889=AXIS2_PLACEMENT_3D('',#12932,#10462,#10463);
#8890=AXIS2_PLACEMENT_3D('',#12936,#10466,#10467);
#8891=AXIS2_PLACEMENT_3D('',#12940,#10470,#10471);
#8892=AXIS2_PLACEMENT_3D('',#12944,#10474,#10475);
#8893=AXIS2_PLACEMENT_3D('',#12948,#10478,#10479);
#8894=AXIS2_PLACEMENT_3D('',#12950,#10481,#10482);
#8895=AXIS2_PLACEMENT_3D('',#12951,#10483,#10484);
#8896=AXIS2_PLACEMENT_3D('',#12957,#10488,#10489);
#8897=AXIS2_PLACEMENT_3D('',#12961,#10492,#10493);
#8898=AXIS2_PLACEMENT_3D('',#12965,#10496,#10497);
#8899=AXIS2_PLACEMENT_3D('',#12969,#10500,#10501);
#8900=AXIS2_PLACEMENT_3D('',#12973,#10504,#10505);
#8901=AXIS2_PLACEMENT_3D('',#12975,#10507,#10508);
#8902=AXIS2_PLACEMENT_3D('',#12976,#10509,#10510);
#8903=AXIS2_PLACEMENT_3D('',#12982,#10514,#10515);
#8904=AXIS2_PLACEMENT_3D('',#12986,#10518,#10519);
#8905=AXIS2_PLACEMENT_3D('',#12990,#10522,#10523);
#8906=AXIS2_PLACEMENT_3D('',#12994,#10526,#10527);
#8907=AXIS2_PLACEMENT_3D('',#12998,#10530,#10531);
#8908=AXIS2_PLACEMENT_3D('',#13000,#10533,#10534);
#8909=AXIS2_PLACEMENT_3D('',#13001,#10535,#10536);
#8910=AXIS2_PLACEMENT_3D('',#13005,#10539,#10540);
#8911=AXIS2_PLACEMENT_3D('',#13007,#10542,#10543);
#8912=AXIS2_PLACEMENT_3D('',#13008,#10544,#10545);
#8913=AXIS2_PLACEMENT_3D('',#13009,#10546,#10547);
#8914=AXIS2_PLACEMENT_3D('',#13010,#10548,#10549);
#8915=AXIS2_PLACEMENT_3D('',#13014,#10552,#10553);
#8916=AXIS2_PLACEMENT_3D('',#13016,#10555,#10556);
#8917=AXIS2_PLACEMENT_3D('',#13017,#10557,#10558);
#8918=AXIS2_PLACEMENT_3D('',#13030,#10565,#10566);
#8919=AXIS2_PLACEMENT_3D('',#13032,#10567,#10568);
#8920=AXIS2_PLACEMENT_3D('',#13033,#10569,#10570);
#8921=AXIS2_PLACEMENT_3D('',#13035,#10571,#10572);
#8922=AXIS2_PLACEMENT_3D('',#13036,#10573,#10574);
#8923=AXIS2_PLACEMENT_3D('',#13038,#10575,#10576);
#8924=AXIS2_PLACEMENT_3D('',#13039,#10577,#10578);
#8925=AXIS2_PLACEMENT_3D('',#13040,#10579,#10580);
#8926=AXIS2_PLACEMENT_3D('',#13041,#10581,#10582);
#8927=AXIS2_PLACEMENT_3D('',#13047,#10586,#10587);
#8928=AXIS2_PLACEMENT_3D('',#13051,#10590,#10591);
#8929=AXIS2_PLACEMENT_3D('',#13055,#10594,#10595);
#8930=AXIS2_PLACEMENT_3D('',#13059,#10598,#10599);
#8931=AXIS2_PLACEMENT_3D('',#13063,#10602,#10603);
#8932=AXIS2_PLACEMENT_3D('',#13065,#10605,#10606);
#8933=AXIS2_PLACEMENT_3D('',#13066,#10607,#10608);
#8934=AXIS2_PLACEMENT_3D('',#13067,#10609,#10610);
#8935=AXIS2_PLACEMENT_3D('',#13068,#10611,#10612);
#8936=AXIS2_PLACEMENT_3D('',#13069,#10613,#10614);
#8937=AXIS2_PLACEMENT_3D('',#13071,#10615,#10616);
#8938=AXIS2_PLACEMENT_3D('',#13072,#10617,#10618);
#8939=AXIS2_PLACEMENT_3D('',#13074,#10619,#10620);
#8940=AXIS2_PLACEMENT_3D('',#13075,#10621,#10622);
#8941=AXIS2_PLACEMENT_3D('',#13077,#10623,#10624);
#8942=AXIS2_PLACEMENT_3D('',#13090,#10631,#10632);
#8943=AXIS2_PLACEMENT_3D('',#13096,#10636,#10637);
#8944=AXIS2_PLACEMENT_3D('',#13100,#10640,#10641);
#8945=AXIS2_PLACEMENT_3D('',#13104,#10644,#10645);
#8946=AXIS2_PLACEMENT_3D('',#13108,#10648,#10649);
#8947=AXIS2_PLACEMENT_3D('',#13112,#10652,#10653);
#8948=AXIS2_PLACEMENT_3D('',#13114,#10655,#10656);
#8949=AXIS2_PLACEMENT_3D('',#13115,#10657,#10658);
#8950=AXIS2_PLACEMENT_3D('',#13116,#10659,#10660);
#8951=AXIS2_PLACEMENT_3D('',#13117,#10661,#10662);
#8952=AXIS2_PLACEMENT_3D('',#13130,#10669,#10670);
#8953=AXIS2_PLACEMENT_3D('',#13132,#10671,#10672);
#8954=AXIS2_PLACEMENT_3D('',#13133,#10673,#10674);
#8955=AXIS2_PLACEMENT_3D('',#13135,#10675,#10676);
#8956=AXIS2_PLACEMENT_3D('',#13136,#10677,#10678);
#8957=AXIS2_PLACEMENT_3D('',#13138,#10679,#10680);
#8958=AXIS2_PLACEMENT_3D('',#13139,#10681,#10682);
#8959=AXIS2_PLACEMENT_3D('',#13145,#10686,#10687);
#8960=AXIS2_PLACEMENT_3D('',#13149,#10690,#10691);
#8961=AXIS2_PLACEMENT_3D('',#13153,#10694,#10695);
#8962=AXIS2_PLACEMENT_3D('',#13157,#10698,#10699);
#8963=AXIS2_PLACEMENT_3D('',#13161,#10702,#10703);
#8964=AXIS2_PLACEMENT_3D('',#13163,#10705,#10706);
#8965=AXIS2_PLACEMENT_3D('',#13164,#10707,#10708);
#8966=AXIS2_PLACEMENT_3D('',#13165,#10709,#10710);
#8967=AXIS2_PLACEMENT_3D('',#13166,#10711,#10712);
#8968=AXIS2_PLACEMENT_3D('',#13167,#10713,#10714);
#8969=AXIS2_PLACEMENT_3D('',#13169,#10715,#10716);
#8970=AXIS2_PLACEMENT_3D('',#13170,#10717,#10718);
#8971=AXIS2_PLACEMENT_3D('',#13172,#10719,#10720);
#8972=AXIS2_PLACEMENT_3D('',#13173,#10721,#10722);
#8973=AXIS2_PLACEMENT_3D('',#13175,#10723,#10724);
#8974=AXIS2_PLACEMENT_3D('',#13188,#10731,#10732);
#8975=AXIS2_PLACEMENT_3D('',#13194,#10736,#10737);
#8976=AXIS2_PLACEMENT_3D('',#13198,#10740,#10741);
#8977=AXIS2_PLACEMENT_3D('',#13202,#10744,#10745);
#8978=AXIS2_PLACEMENT_3D('',#13206,#10748,#10749);
#8979=AXIS2_PLACEMENT_3D('',#13210,#10752,#10753);
#8980=AXIS2_PLACEMENT_3D('',#13212,#10755,#10756);
#8981=AXIS2_PLACEMENT_3D('',#13213,#10757,#10758);
#8982=AXIS2_PLACEMENT_3D('',#13214,#10759,#10760);
#8983=AXIS2_PLACEMENT_3D('',#13217,#10763,#10764);
#8984=AXIS2_PLACEMENT_3D('',#13219,#10766,#10767);
#8985=AXIS2_PLACEMENT_3D('',#13221,#10769,#10770);
#8986=AXIS2_PLACEMENT_3D('',#13222,#10771,#10772);
#8987=AXIS2_PLACEMENT_3D('',#13223,#10773,#10774);
#8988=AXIS2_PLACEMENT_3D('',#13224,#10775,#10776);
#8989=AXIS2_PLACEMENT_3D('',#13227,#10777,#10778);
#8990=AXIS2_PLACEMENT_3D('',#13233,#10781,#10782);
#8991=AXIS2_PLACEMENT_3D('',#13239,#10785,#10786);
#8992=AXIS2_PLACEMENT_3D('',#13243,#10788,#10789);
#8993=AXIS2_PLACEMENT_3D('',#13246,#10791,#10792);
#8994=AXIS2_PLACEMENT_3D('',#13247,#10793,#10794);
#8995=AXIS2_PLACEMENT_3D('',#13249,#10795,#10796);
#8996=AXIS2_PLACEMENT_3D('',#13251,#10797,#10798);
#8997=AXIS2_PLACEMENT_3D('',#13253,#10799,#10800);
#8998=AXIS2_PLACEMENT_3D('',#13266,#10806,#10807);
#8999=AXIS2_PLACEMENT_3D('',#13272,#10810,#10811);
#9000=AXIS2_PLACEMENT_3D('',#13284,#10817,#10818);
#9001=AXIS2_PLACEMENT_3D('',#13290,#10821,#10822);
#9002=AXIS2_PLACEMENT_3D('',#13300,#10827,#10828);
#9003=AXIS2_PLACEMENT_3D('',#13306,#10831,#10832);
#9004=AXIS2_PLACEMENT_3D('',#13312,#10835,#10836);
#9005=AXIS2_PLACEMENT_3D('',#13314,#10837,#10838);
#9006=AXIS2_PLACEMENT_3D('',#13315,#10839,#10840);
#9007=AXIS2_PLACEMENT_3D('',#13321,#10843,#10844);
#9008=AXIS2_PLACEMENT_3D('',#13322,#10845,#10846);
#9009=AXIS2_PLACEMENT_3D('',#13334,#10854,#10855);
#9010=AXIS2_PLACEMENT_3D('',#13339,#10856,#10857);
#9011=AXIS2_PLACEMENT_3D('',#13340,#10858,#10859);
#9012=AXIS2_PLACEMENT_3D('',#13349,#10860,#10861);
#9013=AXIS2_PLACEMENT_3D('',#13370,#10872,#10873);
#9014=AXIS2_PLACEMENT_3D('',#13373,#10875,#10876);
#9015=AXIS2_PLACEMENT_3D('',#13374,#10877,#10878);
#9016=AXIS2_PLACEMENT_3D('',#13375,#10879,#10880);
#9017=AXIS2_PLACEMENT_3D('',#13377,#10881,#10882);
#9018=AXIS2_PLACEMENT_3D('',#13379,#10883,#10884);
#9019=AXIS2_PLACEMENT_3D('',#13381,#10885,#10886);
#9020=AXIS2_PLACEMENT_3D('',#13384,#10887,#10888);
#9021=AXIS2_PLACEMENT_3D('',#13393,#10893,#10894);
#9022=AXIS2_PLACEMENT_3D('',#13399,#10897,#10898);
#9023=AXIS2_PLACEMENT_3D('',#13411,#10904,#10905);
#9024=AXIS2_PLACEMENT_3D('',#13417,#10908,#10909);
#9025=AXIS2_PLACEMENT_3D('',#13424,#10913,#10914);
#9026=AXIS2_PLACEMENT_3D('',#13430,#10917,#10918);
#9027=AXIS2_PLACEMENT_3D('',#13436,#10921,#10922);
#9028=AXIS2_PLACEMENT_3D('',#13437,#10923,#10924);
#9029=AXIS2_PLACEMENT_3D('',#13443,#10925,#10926);
#9030=AXIS2_PLACEMENT_3D('',#13449,#10927,#10928);
#9031=AXIS2_PLACEMENT_3D('',#13455,#10929,#10930);
#9032=AXIS2_PLACEMENT_3D('',#13457,#10931,#10932);
#9033=AXIS2_PLACEMENT_3D('',#13458,#10933,#10934);
#9034=AXIS2_PLACEMENT_3D('',#13460,#10936,#10937);
#9035=AXIS2_PLACEMENT_3D('',#13461,#10938,#10939);
#9036=AXIS2_PLACEMENT_3D('',#13463,#10941,#10942);
#9037=AXIS2_PLACEMENT_3D('',#13466,#10944,#10945);
#9038=AXIS2_PLACEMENT_3D('',#13471,#10948,#10949);
#9039=AXIS2_PLACEMENT_3D('',#13477,#10952,#10953);
#9040=AXIS2_PLACEMENT_3D('',#13480,#10955,#10956);
#9041=AXIS2_PLACEMENT_3D('',#13482,#10958,#10959);
#9042=AXIS2_PLACEMENT_3D('',#13483,#10960,#10961);
#9043=AXIS2_PLACEMENT_3D('',#13485,#10963,#10964);
#9044=AXIS2_PLACEMENT_3D('',#13486,#10965,#10966);
#9045=AXIS2_PLACEMENT_3D('',#13488,#10967,#10968);
#9046=AXIS2_PLACEMENT_3D('',#13490,#10969,#10970);
#9047=AXIS2_PLACEMENT_3D('',#13492,#10971,#10972);
#9048=AXIS2_PLACEMENT_3D('',#13502,#10977,#10978);
#9049=AXIS2_PLACEMENT_3D('',#13503,#10979,#10980);
#9050=AXIS2_PLACEMENT_3D('',#13505,#10981,#10982);
#9051=AXIS2_PLACEMENT_3D('',#13507,#10983,#10984);
#9052=AXIS2_PLACEMENT_3D('',#13509,#10985,#10986);
#9053=AXIS2_PLACEMENT_3D('',#13519,#10991,#10992);
#9054=AXIS2_PLACEMENT_3D('',#13520,#10993,#10994);
#9055=AXIS2_PLACEMENT_3D('',#13533,#11001,#11002);
#9056=AXIS2_PLACEMENT_3D('',#13546,#11009,#11010);
#9057=AXIS2_PLACEMENT_3D('',#13550,#11012,#11013);
#9058=AXIS2_PLACEMENT_3D('',#13563,#11020,#11021);
#9059=AXIS2_PLACEMENT_3D('',#13564,#11022,#11023);
#9060=AXIS2_PLACEMENT_3D('',#13578,#11030,#11031);
#9061=AXIS2_PLACEMENT_3D('',#13582,#11033,#11034);
#9062=AXIS2_PLACEMENT_3D('',#13595,#11041,#11042);
#9063=AXIS2_PLACEMENT_3D('',#13607,#11049,#11050);
#9064=AXIS2_PLACEMENT_3D('',#13610,#11053,#11054);
#9065=AXIS2_PLACEMENT_3D('',#13611,#11055,#11056);
#9066=AXIS2_PLACEMENT_3D('',#13613,#11057,#11058);
#9067=AXIS2_PLACEMENT_3D('',#13616,#11060,#11061);
#9068=AXIS2_PLACEMENT_3D('',#13617,#11062,#11063);
#9069=AXIS2_PLACEMENT_3D('',#13619,#11065,#11066);
#9070=AXIS2_PLACEMENT_3D('',#13620,#11067,#11068);
#9071=AXIS2_PLACEMENT_3D('',#13622,#11069,#11070);
#9072=AXIS2_PLACEMENT_3D('',#13625,#11072,#11073);
#9073=AXIS2_PLACEMENT_3D('',#13627,#11075,#11076);
#9074=AXIS2_PLACEMENT_3D('',#13631,#11078,#11079);
#9075=AXIS2_PLACEMENT_3D('',#13635,#11081,#11082);
#9076=AXIS2_PLACEMENT_3D('',#13636,#11083,#11084);
#9077=AXIS2_PLACEMENT_3D('',#13638,#11085,#11086);
#9078=AXIS2_PLACEMENT_3D('',#13641,#11088,#11089);
#9079=AXIS2_PLACEMENT_3D('',#13643,#11091,#11092);
#9080=AXIS2_PLACEMENT_3D('',#13645,#11094,#11095);
#9081=AXIS2_PLACEMENT_3D('',#13647,#11097,#11098);
#9082=AXIS2_PLACEMENT_3D('',#13649,#11100,#11101);
#9083=AXIS2_PLACEMENT_3D('',#13651,#11103,#11104);
#9084=AXIS2_PLACEMENT_3D('',#13653,#11106,#11107);
#9085=AXIS2_PLACEMENT_3D('',#13655,#11109,#11110);
#9086=AXIS2_PLACEMENT_3D('',#13656,#11111,#11112);
#9087=AXIS2_PLACEMENT_3D('',#13658,#11113,#11114);
#9088=AXIS2_PLACEMENT_3D('',#13660,#11115,#11116);
#9089=AXIS2_PLACEMENT_3D('',#13662,#11117,#11118);
#9090=AXIS2_PLACEMENT_3D('',#13665,#11121,#11122);
#9091=AXIS2_PLACEMENT_3D('',#13668,#11125,#11126);
#9092=AXIS2_PLACEMENT_3D('',#13670,#11128,#11129);
#9093=AXIS2_PLACEMENT_3D('',#13671,#11130,#11131);
#9094=AXIS2_PLACEMENT_3D('',#13673,#11133,#11134);
#9095=AXIS2_PLACEMENT_3D('',#13674,#11135,#11136);
#9096=AXIS2_PLACEMENT_3D('',#13677,#11139,#11140);
#9097=AXIS2_PLACEMENT_3D('',#13679,#11142,#11143);
#9098=AXIS2_PLACEMENT_3D('',#13681,#11145,#11146);
#9099=AXIS2_PLACEMENT_3D('',#13683,#11148,#11149);
#9100=AXIS2_PLACEMENT_3D('',#13685,#11151,#11152);
#9101=AXIS2_PLACEMENT_3D('',#13687,#11154,#11155);
#9102=AXIS2_PLACEMENT_3D('',#13689,#11157,#11158);
#9103=AXIS2_PLACEMENT_3D('',#13691,#11160,#11161);
#9104=AXIS2_PLACEMENT_3D('',#13693,#11163,#11164);
#9105=AXIS2_PLACEMENT_3D('',#13695,#11166,#11167);
#9106=AXIS2_PLACEMENT_3D('',#13697,#11169,#11170);
#9107=AXIS2_PLACEMENT_3D('',#13699,#11172,#11173);
#9108=AXIS2_PLACEMENT_3D('',#13701,#11175,#11176);
#9109=AXIS2_PLACEMENT_3D('',#13703,#11178,#11179);
#9110=AXIS2_PLACEMENT_3D('',#13705,#11181,#11182);
#9111=AXIS2_PLACEMENT_3D('',#13707,#11184,#11185);
#9112=AXIS2_PLACEMENT_3D('',#13708,#11186,#11187);
#9113=AXIS2_PLACEMENT_3D('',#13710,#11189,#11190);
#9114=AXIS2_PLACEMENT_3D('',#13711,#11191,#11192);
#9115=AXIS2_PLACEMENT_3D('',#13712,#11193,#11194);
#9116=AXIS2_PLACEMENT_3D('',#13717,#11195,#11196);
#9117=AXIS2_PLACEMENT_3D('',#13718,#11197,#11198);
#9118=AXIS2_PLACEMENT_3D('',#13721,#11201,#11202);
#9119=AXIS2_PLACEMENT_3D('',#13726,#11203,#11204);
#9120=AXIS2_PLACEMENT_3D('',#13727,#11205,#11206);
#9121=AXIS2_PLACEMENT_3D('',#13730,#11209,#11210);
#9122=AXIS2_PLACEMENT_3D('',#13731,#11211,#11212);
#9123=AXIS2_PLACEMENT_3D('',#13732,#11213,#11214);
#9124=AXIS2_PLACEMENT_3D('',#13733,#11215,#11216);
#9125=AXIS2_PLACEMENT_3D('',#13734,#11217,#11218);
#9126=AXIS2_PLACEMENT_3D('',#13735,#11219,#11220);
#9127=AXIS2_PLACEMENT_3D('',#13737,#11221,#11222);
#9128=AXIS2_PLACEMENT_3D('',#13738,#11223,#11224);
#9129=AXIS2_PLACEMENT_3D('',#13740,#11225,#11226);
#9130=AXIS2_PLACEMENT_3D('',#13741,#11227,#11228);
#9131=AXIS2_PLACEMENT_3D('',#13742,#11229,#11230);
#9132=AXIS2_PLACEMENT_3D('',#13744,#11231,#11232);
#9133=AXIS2_PLACEMENT_3D('',#13745,#11233,#11234);
#9134=AXIS2_PLACEMENT_3D('',#13747,#11235,#11236);
#9135=AXIS2_PLACEMENT_3D('',#13748,#11237,#11238);
#9136=AXIS2_PLACEMENT_3D('',#13749,#11239,#11240);
#9137=AXIS2_PLACEMENT_3D('',#13751,#11241,#11242);
#9138=AXIS2_PLACEMENT_3D('',#13752,#11243,#11244);
#9139=AXIS2_PLACEMENT_3D('',#13754,#11245,#11246);
#9140=AXIS2_PLACEMENT_3D('',#13755,#11247,#11248);
#9141=AXIS2_PLACEMENT_3D('',#13756,#11249,#11250);
#9142=AXIS2_PLACEMENT_3D('',#13758,#11251,#11252);
#9143=AXIS2_PLACEMENT_3D('',#13759,#11253,#11254);
#9144=AXIS2_PLACEMENT_3D('',#13761,#11255,#11256);
#9145=AXIS2_PLACEMENT_3D('',#13762,#11257,#11258);
#9146=AXIS2_PLACEMENT_3D('',#13763,#11259,#11260);
#9147=AXIS2_PLACEMENT_3D('',#13766,#11261,#11262);
#9148=AXIS2_PLACEMENT_3D('',#13767,#11263,#11264);
#9149=AXIS2_PLACEMENT_3D('',#13769,#11265,#11266);
#9150=AXIS2_PLACEMENT_3D('',#13770,#11267,#11268);
#9151=AXIS2_PLACEMENT_3D('',#13771,#11269,#11270);
#9152=AXIS2_PLACEMENT_3D('',#13774,#11271,#11272);
#9153=AXIS2_PLACEMENT_3D('',#13775,#11273,#11274);
#9154=AXIS2_PLACEMENT_3D('',#13777,#11275,#11276);
#9155=AXIS2_PLACEMENT_3D('',#13778,#11277,#11278);
#9156=AXIS2_PLACEMENT_3D('',#13779,#11279,#11280);
#9157=AXIS2_PLACEMENT_3D('',#13782,#11281,#11282);
#9158=AXIS2_PLACEMENT_3D('',#13783,#11283,#11284);
#9159=AXIS2_PLACEMENT_3D('',#13785,#11285,#11286);
#9160=AXIS2_PLACEMENT_3D('',#13786,#11287,#11288);
#9161=AXIS2_PLACEMENT_3D('',#13787,#11289,#11290);
#9162=AXIS2_PLACEMENT_3D('',#13790,#11291,#11292);
#9163=AXIS2_PLACEMENT_3D('',#13791,#11293,#11294);
#9164=AXIS2_PLACEMENT_3D('',#13793,#11295,#11296);
#9165=AXIS2_PLACEMENT_3D('',#13794,#11297,#11298);
#9166=AXIS2_PLACEMENT_3D('',#13795,#11299,#11300);
#9167=AXIS2_PLACEMENT_3D('',#13797,#11301,#11302);
#9168=AXIS2_PLACEMENT_3D('',#13798,#11303,#11304);
#9169=AXIS2_PLACEMENT_3D('',#13799,#11305,#11306);
#9170=AXIS2_PLACEMENT_3D('',#13801,#11307,#11308);
#9171=AXIS2_PLACEMENT_3D('',#13802,#11309,#11310);
#9172=AXIS2_PLACEMENT_3D('',#13803,#11311,#11312);
#9173=AXIS2_PLACEMENT_3D('',#13805,#11313,#11314);
#9174=AXIS2_PLACEMENT_3D('',#13806,#11315,#11316);
#9175=AXIS2_PLACEMENT_3D('',#13807,#11317,#11318);
#9176=AXIS2_PLACEMENT_3D('',#13809,#11319,#11320);
#9177=AXIS2_PLACEMENT_3D('',#13810,#11321,#11322);
#9178=AXIS2_PLACEMENT_3D('',#13811,#11323,#11324);
#9179=AXIS2_PLACEMENT_3D('',#13813,#11325,#11326);
#9180=AXIS2_PLACEMENT_3D('',#13814,#11327,#11328);
#9181=AXIS2_PLACEMENT_3D('',#13817,#11330,#11331);
#9182=AXIS2_PLACEMENT_3D('',#13820,#11333,#11334);
#9183=AXIS2_PLACEMENT_3D('',#13824,#11337,#11338);
#9184=AXIS2_PLACEMENT_3D('',#13827,#11340,#11341);
#9185=AXIS2_PLACEMENT_3D('',#13828,#11342,#11343);
#9186=AXIS2_PLACEMENT_3D('',#13830,#11345,#11346);
#9187=AXIS2_PLACEMENT_3D('',#13831,#11347,#11348);
#9188=AXIS2_PLACEMENT_3D('',#13834,#11350,#11351);
#9189=AXIS2_PLACEMENT_3D('',#13837,#11353,#11354);
#9190=AXIS2_PLACEMENT_3D('',#13839,#11356,#11357);
#9191=AXIS2_PLACEMENT_3D('',#13843,#11360,#11361);
#9192=AXIS2_PLACEMENT_3D('',#13844,#11362,#11363);
#9193=AXIS2_PLACEMENT_3D('',#13845,#11364,#11365);
#9194=AXIS2_PLACEMENT_3D('',#13846,#11366,#11367);
#9195=AXIS2_PLACEMENT_3D('',#13848,#11368,#11369);
#9196=AXIS2_PLACEMENT_3D('',#13851,#11371,#11372);
#9197=AXIS2_PLACEMENT_3D('',#13854,#11374,#11375);
#9198=AXIS2_PLACEMENT_3D('',#13856,#11377,#11378);
#9199=AXIS2_PLACEMENT_3D('',#13860,#11381,#11382);
#9200=AXIS2_PLACEMENT_3D('',#13861,#11383,#11384);
#9201=AXIS2_PLACEMENT_3D('',#13862,#11385,#11386);
#9202=AXIS2_PLACEMENT_3D('',#13863,#11387,#11388);
#9203=AXIS2_PLACEMENT_3D('',#13864,#11389,#11390);
#9204=AXIS2_PLACEMENT_3D('',#13866,#11391,#11392);
#9205=AXIS2_PLACEMENT_3D('',#13867,#11393,#11394);
#9206=AXIS2_PLACEMENT_3D('',#13869,#11395,#11396);
#9207=AXIS2_PLACEMENT_3D('',#13870,#11397,#11398);
#9208=AXIS2_PLACEMENT_3D('',#13872,#11399,#11400);
#9209=AXIS2_PLACEMENT_3D('',#13873,#11401,#11402);
#9210=AXIS2_PLACEMENT_3D('',#13874,#11403,#11404);
#9211=AXIS2_PLACEMENT_3D('',#13876,#11405,#11406);
#9212=AXIS2_PLACEMENT_3D('',#13877,#11407,#11408);
#9213=AXIS2_PLACEMENT_3D('',#13879,#11409,#11410);
#9214=AXIS2_PLACEMENT_3D('',#13881,#11411,#11412);
#9215=AXIS2_PLACEMENT_3D('',#13882,#11413,#11414);
#9216=AXIS2_PLACEMENT_3D('',#13884,#11415,#11416);
#9217=AXIS2_PLACEMENT_3D('',#13885,#11417,#11418);
#9218=AXIS2_PLACEMENT_3D('',#13887,#11419,#11420);
#9219=AXIS2_PLACEMENT_3D('',#13889,#11421,#11422);
#9220=AXIS2_PLACEMENT_3D('',#13890,#11423,#11424);
#9221=AXIS2_PLACEMENT_3D('',#13893,#11425,#11426);
#9222=AXIS2_PLACEMENT_3D('',#13894,#11427,#11428);
#9223=AXIS2_PLACEMENT_3D('',#13896,#11429,#11430);
#9224=AXIS2_PLACEMENT_3D('',#13897,#11431,#11432);
#9225=AXIS2_PLACEMENT_3D('',#13898,#11433,#11434);
#9226=AXIS2_PLACEMENT_3D('',#13901,#11435,#11436);
#9227=AXIS2_PLACEMENT_3D('',#13902,#11437,#11438);
#9228=AXIS2_PLACEMENT_3D('',#13904,#11439,#11440);
#9229=AXIS2_PLACEMENT_3D('',#13905,#11441,#11442);
#9230=AXIS2_PLACEMENT_3D('',#13906,#11443,#11444);
#9231=AXIS2_PLACEMENT_3D('',#13907,#11445,#11446);
#9232=AXIS2_PLACEMENT_3D('',#13909,#11447,#11448);
#9233=AXIS2_PLACEMENT_3D('',#13911,#11449,#11450);
#9234=AXIS2_PLACEMENT_3D('',#13913,#11451,#11452);
#9235=AXIS2_PLACEMENT_3D('',#13923,#11457,#11458);
#9236=AXIS2_PLACEMENT_3D('',#13929,#11462,#11463);
#9237=AXIS2_PLACEMENT_3D('',#13935,#11467,#11468);
#9238=AXIS2_PLACEMENT_3D('',#13938,#11471,#11472);
#9239=AXIS2_PLACEMENT_3D('',#13939,#11473,#11474);
#9240=AXIS2_PLACEMENT_3D('',#13940,#11475,#11476);
#9241=AXIS2_PLACEMENT_3D('',#13941,#11477,#11478);
#9242=AXIS2_PLACEMENT_3D('',#13943,#11479,#11480);
#9243=AXIS2_PLACEMENT_3D('',#13944,#11481,#11482);
#9244=AXIS2_PLACEMENT_3D('',#13946,#11483,#11484);
#9245=AXIS2_PLACEMENT_3D('',#13947,#11485,#11486);
#9246=AXIS2_PLACEMENT_3D('',#13949,#11487,#11488);
#9247=AXIS2_PLACEMENT_3D('',#13950,#11489,#11490);
#9248=AXIS2_PLACEMENT_3D('',#13951,#11491,#11492);
#9249=AXIS2_PLACEMENT_3D('',#13953,#11493,#11494);
#9250=AXIS2_PLACEMENT_3D('',#13954,#11495,#11496);
#9251=AXIS2_PLACEMENT_3D('',#13956,#11497,#11498);
#9252=AXIS2_PLACEMENT_3D('',#13957,#11499,#11500);
#9253=AXIS2_PLACEMENT_3D('',#13959,#11501,#11502);
#9254=AXIS2_PLACEMENT_3D('',#13960,#11503,#11504);
#9255=AXIS2_PLACEMENT_3D('',#13961,#11505,#11506);
#9256=AXIS2_PLACEMENT_3D('',#13963,#11507,#11508);
#9257=AXIS2_PLACEMENT_3D('',#13964,#11509,#11510);
#9258=AXIS2_PLACEMENT_3D('',#13966,#11511,#11512);
#9259=AXIS2_PLACEMENT_3D('',#13967,#11513,#11514);
#9260=AXIS2_PLACEMENT_3D('',#13969,#11515,#11516);
#9261=AXIS2_PLACEMENT_3D('',#13970,#11517,#11518);
#9262=AXIS2_PLACEMENT_3D('',#13971,#11519,#11520);
#9263=AXIS2_PLACEMENT_3D('',#13973,#11521,#11522);
#9264=AXIS2_PLACEMENT_3D('',#13974,#11523,#11524);
#9265=AXIS2_PLACEMENT_3D('',#13976,#11525,#11526);
#9266=AXIS2_PLACEMENT_3D('',#13977,#11527,#11528);
#9267=AXIS2_PLACEMENT_3D('',#13979,#11529,#11530);
#9268=AXIS2_PLACEMENT_3D('',#13980,#11531,#11532);
#9269=AXIS2_PLACEMENT_3D('',#13981,#11533,#11534);
#9270=AXIS2_PLACEMENT_3D('',#13985,#11536,#11537);
#9271=AXIS2_PLACEMENT_3D('',#13989,#11539,#11540);
#9272=AXIS2_PLACEMENT_3D('',#13990,#11541,#11542);
#9273=AXIS2_PLACEMENT_3D('',#13994,#11544,#11545);
#9274=AXIS2_PLACEMENT_3D('',#13998,#11547,#11548);
#9275=AXIS2_PLACEMENT_3D('',#13999,#11549,#11550);
#9276=AXIS2_PLACEMENT_3D('',#14003,#11552,#11553);
#9277=AXIS2_PLACEMENT_3D('',#14007,#11555,#11556);
#9278=AXIS2_PLACEMENT_3D('',#14008,#11557,#11558);
#9279=AXIS2_PLACEMENT_3D('',#14012,#11560,#11561);
#9280=AXIS2_PLACEMENT_3D('',#14016,#11563,#11564);
#9281=AXIS2_PLACEMENT_3D('',#14017,#11565,#11566);
#9282=AXIS2_PLACEMENT_3D('',#14018,#11567,#11568);
#9283=AXIS2_PLACEMENT_3D('',#14020,#11569,#11570);
#9284=AXIS2_PLACEMENT_3D('',#14027,#11571,#11572);
#9285=AXIS2_PLACEMENT_3D('',#14032,#11573,#11574);
#9286=AXIS2_PLACEMENT_3D('',#14033,#11575,#11576);
#9287=AXIS2_PLACEMENT_3D('',#14035,#11577,#11578);
#9288=AXIS2_PLACEMENT_3D('',#14042,#11579,#11580);
#9289=AXIS2_PLACEMENT_3D('',#14047,#11581,#11582);
#9290=AXIS2_PLACEMENT_3D('',#14048,#11583,#11584);
#9291=AXIS2_PLACEMENT_3D('',#14050,#11585,#11586);
#9292=AXIS2_PLACEMENT_3D('',#14057,#11587,#11588);
#9293=AXIS2_PLACEMENT_3D('',#14062,#11589,#11590);
#9294=AXIS2_PLACEMENT_3D('',#14063,#11591,#11592);
#9295=AXIS2_PLACEMENT_3D('',#14065,#11593,#11594);
#9296=AXIS2_PLACEMENT_3D('',#14072,#11595,#11596);
#9297=AXIS2_PLACEMENT_3D('',#14077,#11597,#11598);
#9298=AXIS2_PLACEMENT_3D('',#14086,#11603,#11604);
#9299=AXIS2_PLACEMENT_3D('',#14092,#11608,#11609);
#9300=AXIS2_PLACEMENT_3D('',#14098,#11613,#11614);
#9301=AXIS2_PLACEMENT_3D('',#14104,#11618,#11619);
#9302=AXIS2_PLACEMENT_3D('',#14110,#11623,#11624);
#9303=AXIS2_PLACEMENT_3D('',#14116,#11628,#11629);
#9304=AXIS2_PLACEMENT_3D('',#14122,#11633,#11634);
#9305=AXIS2_PLACEMENT_3D('',#14125,#11637,#11638);
#9306=AXIS2_PLACEMENT_3D('',#14126,#11639,#11640);
#9307=AXIS2_PLACEMENT_3D('',#14128,#11641,#11642);
#9308=AXIS2_PLACEMENT_3D('',#14130,#11643,#11644);
#9309=AXIS2_PLACEMENT_3D('',#14132,#11645,#11646);
#9310=AXIS2_PLACEMENT_3D('',#14134,#11647,#11648);
#9311=AXIS2_PLACEMENT_3D('',#14135,#11649,#11650);
#9312=AXIS2_PLACEMENT_3D('',#14136,#11651,#11652);
#9313=AXIS2_PLACEMENT_3D('',#14137,#11653,#11654);
#9314=AXIS2_PLACEMENT_3D('',#14138,#11655,#11656);
#9315=AXIS2_PLACEMENT_3D('',#14139,#11657,#11658);
#9316=AXIS2_PLACEMENT_3D('',#14141,#11659,#11660);
#9317=AXIS2_PLACEMENT_3D('',#14143,#11661,#11662);
#9318=AXIS2_PLACEMENT_3D('',#14145,#11663,#11664);
#9319=AXIS2_PLACEMENT_3D('',#14147,#11665,#11666);
#9320=AXIS2_PLACEMENT_3D('',#14149,#11667,#11668);
#9321=AXIS2_PLACEMENT_3D('',#14151,#11669,#11670);
#9322=AXIS2_PLACEMENT_3D('',#14153,#11671,#11672);
#9323=AXIS2_PLACEMENT_3D('',#14155,#11673,#11674);
#9324=AXIS2_PLACEMENT_3D('',#14157,#11675,#11676);
#9325=AXIS2_PLACEMENT_3D('',#14158,#11677,#11678);
#9326=AXIS2_PLACEMENT_3D('',#14160,#11679,#11680);
#9327=AXIS2_PLACEMENT_3D('',#14161,#11681,#11682);
#9328=AXIS2_PLACEMENT_3D('',#14162,#11683,#11684);
#9329=AXIS2_PLACEMENT_3D('',#14164,#11685,#11686);
#9330=AXIS2_PLACEMENT_3D('',#14165,#11687,#11688);
#9331=AXIS2_PLACEMENT_3D('',#14167,#11689,#11690);
#9332=AXIS2_PLACEMENT_3D('',#14168,#11691,#11692);
#9333=AXIS2_PLACEMENT_3D('',#14169,#11693,#11694);
#9334=AXIS2_PLACEMENT_3D('',#14171,#11695,#11696);
#9335=AXIS2_PLACEMENT_3D('',#14172,#11697,#11698);
#9336=AXIS2_PLACEMENT_3D('',#14174,#11699,#11700);
#9337=AXIS2_PLACEMENT_3D('',#14175,#11701,#11702);
#9338=AXIS2_PLACEMENT_3D('',#14176,#11703,#11704);
#9339=AXIS2_PLACEMENT_3D('',#14178,#11705,#11706);
#9340=AXIS2_PLACEMENT_3D('',#14179,#11707,#11708);
#9341=AXIS2_PLACEMENT_3D('',#14181,#11709,#11710);
#9342=AXIS2_PLACEMENT_3D('',#14182,#11711,#11712);
#9343=AXIS2_PLACEMENT_3D('',#14183,#11713,#11714);
#9344=AXIS2_PLACEMENT_3D('',#14185,#11715,#11716);
#9345=AXIS2_PLACEMENT_3D('',#14186,#11717,#11718);
#9346=AXIS2_PLACEMENT_3D('',#14188,#11719,#11720);
#9347=AXIS2_PLACEMENT_3D('',#14189,#11721,#11722);
#9348=AXIS2_PLACEMENT_3D('',#14190,#11723,#11724);
#9349=AXIS2_PLACEMENT_3D('',#14192,#11725,#11726);
#9350=AXIS2_PLACEMENT_3D('',#14193,#11727,#11728);
#9351=AXIS2_PLACEMENT_3D('',#14194,#11729,#11730);
#9352=AXIS2_PLACEMENT_3D('',#14196,#11731,#11732);
#9353=AXIS2_PLACEMENT_3D('',#14197,#11733,#11734);
#9354=AXIS2_PLACEMENT_3D('',#14198,#11735,#11736);
#9355=AXIS2_PLACEMENT_3D('',#14200,#11737,#11738);
#9356=AXIS2_PLACEMENT_3D('',#14201,#11739,#11740);
#9357=AXIS2_PLACEMENT_3D('',#14202,#11741,#11742);
#9358=AXIS2_PLACEMENT_3D('',#14204,#11743,#11744);
#9359=AXIS2_PLACEMENT_3D('',#14205,#11745,#11746);
#9360=AXIS2_PLACEMENT_3D('',#14206,#11747,#11748);
#9361=AXIS2_PLACEMENT_3D('',#14207,#11749,#11750);
#9362=AXIS2_PLACEMENT_3D('',#14208,#11751,#11752);
#9363=AXIS2_PLACEMENT_3D('',#14209,#11753,#11754);
#9364=AXIS2_PLACEMENT_3D('',#14210,#11755,#11756);
#9365=AXIS2_PLACEMENT_3D('',#14211,#11757,#11758);
#9366=AXIS2_PLACEMENT_3D('',#14225,#11765,#11766);
#9367=AXIS2_PLACEMENT_3D('',#14226,#11767,#11768);
#9368=AXIS2_PLACEMENT_3D('',#14228,#11769,#11770);
#9369=AXIS2_PLACEMENT_3D('',#14229,#11771,#11772);
#9370=AXIS2_PLACEMENT_3D('',#14231,#11773,#11774);
#9371=AXIS2_PLACEMENT_3D('',#14232,#11775,#11776);
#9372=AXIS2_PLACEMENT_3D('',#14234,#11777,#11778);
#9373=AXIS2_PLACEMENT_3D('',#14235,#11779,#11780);
#9374=AXIS2_PLACEMENT_3D('',#14237,#11781,#11782);
#9375=AXIS2_PLACEMENT_3D('',#14238,#11783,#11784);
#9376=AXIS2_PLACEMENT_3D('',#14240,#11785,#11786);
#9377=AXIS2_PLACEMENT_3D('',#14241,#11787,#11788);
#9378=AXIS2_PLACEMENT_3D('',#14249,#11793,#11794);
#9379=AXIS2_PLACEMENT_3D('',#14255,#11798,#11799);
#9380=AXIS2_PLACEMENT_3D('',#14261,#11803,#11804);
#9381=AXIS2_PLACEMENT_3D('',#14267,#11808,#11809);
#9382=AXIS2_PLACEMENT_3D('',#14273,#11813,#11814);
#9383=AXIS2_PLACEMENT_3D('',#14277,#11817,#11818);
#9384=AXIS2_PLACEMENT_3D('',#14278,#11819,#11820);
#9385=AXIS2_PLACEMENT_3D('',#14279,#11821,#11822);
#9386=AXIS2_PLACEMENT_3D('',#14280,#11823,#11824);
#9387=AXIS2_PLACEMENT_3D('',#14281,#11825,#11826);
#9388=AXIS2_PLACEMENT_3D('',#14282,#11827,#11828);
#9389=AXIS2_PLACEMENT_3D('',#14283,#11829,#11830);
#9390=AXIS2_PLACEMENT_3D('',#14284,#11831,#11832);
#9391=AXIS2_PLACEMENT_3D('',#14285,#11833,#11834);
#9392=AXIS2_PLACEMENT_3D('',#14286,#11835,#11836);
#9393=AXIS2_PLACEMENT_3D('',#14287,#11837,#11838);
#9394=AXIS2_PLACEMENT_3D('',#14288,#11839,#11840);
#9395=AXIS2_PLACEMENT_3D('',#14289,#11841,#11842);
#9396=AXIS2_PLACEMENT_3D('',#14291,#11843,#11844);
#9397=AXIS2_PLACEMENT_3D('',#14292,#11845,#11846);
#9398=AXIS2_PLACEMENT_3D('',#14293,#11847,#11848);
#9399=AXIS2_PLACEMENT_3D('',#14294,#11849,#11850);
#9400=DIRECTION('',(0.,0.,1.));
#9401=DIRECTION('',(1.,0.,0.));
#9402=DIRECTION('',(1.64987287117359E-17,1.,0.));
#9403=DIRECTION('',(-1.,1.64987287117359E-17,0.));
#9404=DIRECTION('',(1.,-1.64987287117359E-17,0.));
#9405=DIRECTION('',(1.64987287117359E-17,1.,0.));
#9406=DIRECTION('',(-1.,1.64987287117359E-17,0.));
#9407=DIRECTION('',(-1.,1.64987287117359E-17,0.));
#9408=DIRECTION('',(1.64987287117359E-17,1.,0.));
#9409=DIRECTION('',(-1.,1.64987287117359E-17,0.));
#9410=DIRECTION('',(1.64987287117359E-17,1.,0.));
#9411=DIRECTION('',(-1.,1.64987287117359E-17,0.));
#9412=DIRECTION('',(-1.,0.,0.));
#9413=DIRECTION('',(0.,1.80700362080917E-17,-1.));
#9414=DIRECTION('',(-1.,0.,0.));
#9415=DIRECTION('',(0.,1.80700362080917E-17,-1.));
#9416=DIRECTION('',(0.,0.,-1.));
#9417=DIRECTION('',(-1.,0.,0.));
#9418=DIRECTION('',(0.,-1.4494681450341E-18,-1.));
#9419=DIRECTION('',(-1.,0.,0.));
#9420=DIRECTION('',(0.,0.,-1.));
#9421=DIRECTION('',(0.,0.,-1.));
#9422=DIRECTION('',(1.,-1.64987287117359E-17,0.));
#9423=DIRECTION('',(0.,0.,-1.));
#9424=DIRECTION('',(1.,-1.64987287117359E-17,0.));
#9425=DIRECTION('',(0.,0.,1.));
#9426=DIRECTION('',(1.,-1.64987287117359E-17,0.));
#9427=DIRECTION('',(0.,0.,-1.));
#9428=DIRECTION('',(1.,-1.64987287117359E-17,0.));
#9429=DIRECTION('',(0.,0.,-1.));
#9430=DIRECTION('',(1.,-1.64987287117359E-17,0.));
#9431=DIRECTION('',(0.,0.,1.));
#9432=DIRECTION('',(1.,-1.64987287117359E-17,0.));
#9433=DIRECTION('',(0.,0.,-1.));
#9434=DIRECTION('',(0.,0.,-1.));
#9435=DIRECTION('',(-1.,0.,0.));
#9436=DIRECTION('',(0.,-1.4494681450341E-18,-1.));
#9437=DIRECTION('',(-1.,0.,0.));
#9438=DIRECTION('',(0.,0.,-1.));
#9439=DIRECTION('',(-1.,0.,0.));
#9440=DIRECTION('',(0.,-1.4494681450341E-18,-1.));
#9441=DIRECTION('',(-1.,0.,0.));
#9442=DIRECTION('',(0.,0.,-1.));
#9443=DIRECTION('',(-1.,0.,0.));
#9444=DIRECTION('',(-1.,0.,0.));
#9445=DIRECTION('',(0.,-1.,0.));
#9446=DIRECTION('',(-1.,0.,0.));
#9447=DIRECTION('',(0.,-1.,0.));
#9448=DIRECTION('',(0.,-1.,0.));
#9449=DIRECTION('',(-1.,0.,0.));
#9450=DIRECTION('',(0.,-1.,0.));
#9451=DIRECTION('',(0.,-1.,0.));
#9452=DIRECTION('',(0.,-1.,0.));
#9453=DIRECTION('',(0.,0.707106781186546,-0.707106781186549));
#9454=DIRECTION('',(0.,0.707106781186549,0.707106781186546));
#9455=DIRECTION('',(0.,-0.707106781186549,-0.707106781186546));
#9456=DIRECTION('',(0.,-0.707106781186549,-0.707106781186546));
#9457=DIRECTION('',(0.,0.707106781186547,0.707106781186549));
#9458=DIRECTION('',(0.,-0.707106781186549,0.707106781186547));
#9459=DIRECTION('',(0.,0.707106781186549,-0.707106781186547));
#9460=DIRECTION('',(0.,0.707106781186549,-0.707106781186547));
#9461=DIRECTION('',(-1.,0.,0.));
#9462=DIRECTION('',(0.,0.,1.));
#9463=DIRECTION('',(1.,0.,0.));
#9464=DIRECTION('',(-1.,0.,0.));
#9465=DIRECTION('',(0.,1.,0.));
#9466=DIRECTION('',(0.,1.,0.));
#9467=DIRECTION('',(0.,1.,0.));
#9468=DIRECTION('',(0.,1.,0.));
#9469=DIRECTION('',(0.,1.,0.));
#9470=DIRECTION('',(-1.,0.,0.));
#9471=DIRECTION('',(0.,1.,0.));
#9472=DIRECTION('',(1.,0.,0.));
#9473=DIRECTION('',(0.,0.,-1.));
#9474=DIRECTION('',(1.,0.,0.));
#9475=DIRECTION('',(0.,0.,-1.));
#9476=DIRECTION('',(0.,1.,0.));
#9477=DIRECTION('',(0.,0.,-1.));
#9478=DIRECTION('',(0.,0.,1.));
#9479=DIRECTION('',(0.,2.34422091348217E-16,-1.));
#9480=DIRECTION('',(0.,-1.,0.));
#9481=DIRECTION('',(0.,-0.866025403784439,-0.5));
#9482=DIRECTION('',(0.,0.5,-0.866025403784439));
#9483=DIRECTION('',(0.,0.5,-0.866025403784439));
#9484=DIRECTION('',(-1.,0.,0.));
#9485=DIRECTION('',(0.,-0.866025403784439,-0.5));
#9486=DIRECTION('',(0.,-0.5,0.866025403784439));
#9487=DIRECTION('',(-1.,0.,0.));
#9488=DIRECTION('',(0.,-0.866025403784439,-0.5));
#9489=DIRECTION('',(0.,-0.5,0.866025403784439));
#9490=DIRECTION('',(-1.,0.,0.));
#9491=DIRECTION('',(0.,-0.866025403784439,-0.5));
#9492=DIRECTION('',(0.,-0.5,0.866025403784439));
#9493=DIRECTION('',(-1.,0.,0.));
#9494=DIRECTION('',(0.,-0.5,0.866025403784439));
#9495=DIRECTION('',(-1.,0.,0.));
#9496=DIRECTION('',(0.,-0.5,0.866025403784439));
#9497=DIRECTION('',(-1.,0.,0.));
#9498=DIRECTION('',(0.,-1.,0.));
#9499=DIRECTION('',(0.,0.,-1.));
#9500=DIRECTION('',(-1.,0.,0.));
#9501=DIRECTION('',(0.,1.,0.));
#9502=DIRECTION('',(1.,0.,0.));
#9503=DIRECTION('',(1.,0.,0.));
#9504=DIRECTION('',(0.,1.,0.));
#9505=DIRECTION('',(1.,0.,0.));
#9506=DIRECTION('',(0.,1.,0.));
#9507=DIRECTION('',(1.,0.,0.));
#9508=DIRECTION('',(0.,0.,-1.));
#9509=DIRECTION('',(-1.,0.,0.));
#9510=DIRECTION('',(0.,-1.,0.));
#9511=DIRECTION('',(0.,0.,-1.));
#9512=DIRECTION('',(-1.,0.,0.));
#9513=DIRECTION('',(0.,-1.,0.));
#9514=DIRECTION('',(0.,0.,-1.));
#9515=DIRECTION('',(-1.,0.,0.));
#9516=DIRECTION('',(0.,-1.,0.));
#9517=DIRECTION('',(0.,0.,-1.));
#9518=DIRECTION('',(-1.,0.,0.));
#9519=DIRECTION('',(0.,0.,1.));
#9520=DIRECTION('',(0.,-1.,0.));
#9521=DIRECTION('',(0.,0.,-1.));
#9522=DIRECTION('',(0.,-1.,0.));
#9523=DIRECTION('',(0.,0.,-1.));
#9524=DIRECTION('',(0.,-1.,0.));
#9525=DIRECTION('',(0.,0.,-1.));
#9526=DIRECTION('',(0.,-0.866025403784439,0.5));
#9527=DIRECTION('',(0.,-0.5,-0.866025403784439));
#9528=DIRECTION('',(0.,-0.5,-0.866025403784439));
#9529=DIRECTION('',(-1.,0.,0.));
#9530=DIRECTION('',(0.,0.5,0.866025403784439));
#9531=DIRECTION('',(-1.,0.,0.));
#9532=DIRECTION('',(0.,0.5,0.866025403784439));
#9533=DIRECTION('',(0.,-0.866025403784439,0.5));
#9534=DIRECTION('',(0.,-0.5,-0.866025403784439));
#9535=DIRECTION('',(0.,-0.866025403784439,0.5));
#9536=DIRECTION('',(0.,-0.5,-0.866025403784439));
#9537=DIRECTION('',(0.,-0.866025403784439,0.5));
#9538=DIRECTION('',(0.,-0.5,-0.866025403784439));
#9539=DIRECTION('',(1.,0.,0.));
#9540=DIRECTION('',(0.,0.,-1.));
#9541=DIRECTION('',(1.,0.,0.));
#9542=DIRECTION('',(0.,0.,-1.));
#9543=DIRECTION('',(-1.,0.,0.));
#9544=DIRECTION('',(0.,0.,1.));
#9545=DIRECTION('',(-1.,0.,0.));
#9546=DIRECTION('',(0.,0.,1.));
#9547=DIRECTION('',(1.,0.,0.));
#9548=DIRECTION('',(0.,0.,-1.));
#9549=DIRECTION('',(1.,0.,0.));
#9550=DIRECTION('',(0.,0.,-1.));
#9551=DIRECTION('',(0.,-0.707106781186539,-0.707106781186556));
#9552=DIRECTION('',(0.,0.,-1.));
#9553=DIRECTION('',(0.,0.707106781186547,-0.707106781186548));
#9554=DIRECTION('',(0.,1.,0.));
#9555=DIRECTION('',(0.,0.707106781186548,0.707106781186548));
#9556=DIRECTION('',(0.,1.,0.));
#9557=DIRECTION('',(0.,0.707106781186546,0.707106781186549));
#9558=DIRECTION('',(-1.,0.,0.));
#9559=DIRECTION('',(0.,0.,1.));
#9560=DIRECTION('',(0.,-1.,0.));
#9561=DIRECTION('',(0.,0.,-1.));
#9562=DIRECTION('',(0.,-1.,0.));
#9563=DIRECTION('',(0.,-1.,0.));
#9564=DIRECTION('',(1.,0.,0.));
#9565=DIRECTION('',(0.,0.,-1.));
#9566=DIRECTION('',(0.,-1.,0.));
#9567=DIRECTION('',(0.,-0.707106781186547,0.707106781186547));
#9568=DIRECTION('',(0.,0.,1.));
#9569=DIRECTION('',(0.,0.707106781186546,0.707106781186549));
#9570=DIRECTION('',(0.,1.,0.));
#9571=DIRECTION('',(0.,0.,-1.));
#9572=DIRECTION('',(0.,1.,0.));
#9573=DIRECTION('',(0.,-0.707106781186546,0.707106781186549));
#9574=DIRECTION('',(0.,0.,1.));
#9575=DIRECTION('',(0.,0.707106781186547,0.707106781186547));
#9576=DIRECTION('',(0.,1.,0.));
#9577=DIRECTION('',(1.,0.,0.));
#9578=DIRECTION('',(0.,0.,-1.));
#9579=DIRECTION('',(0.,1.,0.));
#9580=DIRECTION('',(-1.,0.,0.));
#9581=DIRECTION('',(0.,0.,1.));
#9582=DIRECTION('',(0.,0.707106781186547,-0.707106781186548));
#9583=DIRECTION('',(0.,1.,0.));
#9584=DIRECTION('',(-1.,0.,0.));
#9585=DIRECTION('',(0.,0.,1.));
#9586=DIRECTION('',(0.,-0.707106781186547,-0.707106781186548));
#9587=DIRECTION('',(0.,1.,0.));
#9588=DIRECTION('',(1.,0.,0.));
#9589=DIRECTION('',(0.,0.,-1.));
#9590=DIRECTION('',(1.,0.,0.));
#9591=DIRECTION('',(0.,0.,-1.));
#9592=DIRECTION('',(0.,0.707106781186548,0.707106781186548));
#9593=DIRECTION('',(1.,0.,0.));
#9594=DIRECTION('',(0.,0.,-1.));
#9595=DIRECTION('',(0.,0.707106781186548,-0.707106781186548));
#9596=DIRECTION('',(1.,0.,0.));
#9597=DIRECTION('',(0.,0.,-1.));
#9598=DIRECTION('',(0.,-0.707106781186548,-0.707106781186548));
#9599=DIRECTION('',(1.,0.,0.));
#9600=DIRECTION('',(0.,0.,-1.));
#9601=DIRECTION('',(0.,-0.707106781186548,0.707106781186548));
#9602=DIRECTION('',(1.,0.,0.));
#9603=DIRECTION('',(0.,0.,-1.));
#9604=DIRECTION('',(1.,0.,0.));
#9605=DIRECTION('',(0.,0.,-1.));
#9606=DIRECTION('',(1.,0.,0.));
#9607=DIRECTION('',(1.,0.,0.));
#9608=DIRECTION('',(1.,0.,0.));
#9609=DIRECTION('',(0.,0.,-1.));
#9610=DIRECTION('',(1.,0.,0.));
#9611=DIRECTION('',(0.,0.,-1.));
#9612=DIRECTION('',(1.,0.,0.));
#9613=DIRECTION('',(1.,0.,0.));
#9614=DIRECTION('',(0.,0.,-1.));
#9615=DIRECTION('',(1.,0.,0.));
#9616=DIRECTION('',(1.,0.,0.));
#9617=DIRECTION('',(0.,0.,-1.));
#9618=DIRECTION('',(1.,0.,0.));
#9619=DIRECTION('',(1.,0.,0.));
#9620=DIRECTION('',(1.,0.,0.));
#9621=DIRECTION('',(0.,0.,-1.));
#9622=DIRECTION('',(1.,0.,0.));
#9623=DIRECTION('',(0.,0.,-1.));
#9624=DIRECTION('',(1.,0.,0.));
#9625=DIRECTION('',(1.,0.,0.));
#9626=DIRECTION('',(1.,0.,0.));
#9627=DIRECTION('',(0.,0.,-1.));
#9628=DIRECTION('',(-1.,0.,0.));
#9629=DIRECTION('',(0.,0.,1.));
#9630=DIRECTION('',(1.,0.,0.));
#9631=DIRECTION('',(0.,0.,-1.));
#9632=DIRECTION('',(1.,0.,0.));
#9633=DIRECTION('',(0.,0.,-1.));
#9634=DIRECTION('',(-1.,0.,0.));
#9635=DIRECTION('',(1.,0.,0.));
#9636=DIRECTION('',(0.,0.,-1.));
#9637=DIRECTION('',(-1.,0.,0.));
#9638=DIRECTION('',(1.,0.,0.));
#9639=DIRECTION('',(0.,0.,-1.));
#9640=DIRECTION('',(-1.,0.,0.));
#9641=DIRECTION('',(-1.,0.,0.));
#9642=DIRECTION('',(0.,0.,1.));
#9643=DIRECTION('',(-1.,0.,0.));
#9644=DIRECTION('',(0.,1.,0.));
#9645=DIRECTION('',(0.,0.,1.));
#9646=DIRECTION('',(0.,0.,1.));
#9647=DIRECTION('',(0.,0.,-1.));
#9648=DIRECTION('',(1.,0.,0.));
#9649=DIRECTION('',(1.,0.,0.));
#9650=DIRECTION('',(1.,0.,0.));
#9651=DIRECTION('',(0.,1.,0.));
#9652=DIRECTION('',(0.,0.,1.));
#9653=DIRECTION('',(0.,0.,-1.));
#9654=DIRECTION('',(0.,0.,1.));
#9655=DIRECTION('',(1.,0.,0.));
#9656=DIRECTION('',(1.,0.,0.));
#9657=DIRECTION('',(1.,0.,0.));
#9658=DIRECTION('',(0.,0.,1.));
#9659=DIRECTION('',(1.,0.,0.));
#9660=DIRECTION('',(0.,-1.,0.));
#9661=DIRECTION('',(0.,-1.,0.));
#9662=DIRECTION('',(-1.,0.,0.));
#9663=DIRECTION('',(0.,0.,1.));
#9664=DIRECTION('',(1.,0.,0.));
#9665=DIRECTION('',(0.,1.,0.));
#9666=DIRECTION('',(-1.,0.,0.));
#9667=DIRECTION('',(0.,1.,0.));
#9668=DIRECTION('',(0.,-1.,0.));
#9669=DIRECTION('',(0.,-1.,0.));
#9670=DIRECTION('',(0.,-1.,0.));
#9671=DIRECTION('',(0.,0.,1.));
#9672=DIRECTION('',(1.,0.,0.));
#9673=DIRECTION('',(-1.,0.,0.));
#9674=DIRECTION('',(0.,0.,1.));
#9675=DIRECTION('',(1.,0.,0.));
#9676=DIRECTION('',(0.,0.,-1.));
#9677=DIRECTION('',(-1.,0.,0.));
#9678=DIRECTION('',(-1.,0.,0.));
#9679=DIRECTION('',(0.,1.,0.));
#9680=DIRECTION('',(0.,0.,-1.));
#9681=DIRECTION('',(-1.,0.,0.));
#9682=DIRECTION('',(0.,1.,0.));
#9683=DIRECTION('',(1.,0.,0.));
#9684=DIRECTION('',(0.,1.,0.));
#9685=DIRECTION('',(0.,0.,-1.));
#9686=DIRECTION('',(-1.,0.,0.));
#9687=DIRECTION('',(0.,1.,0.));
#9688=DIRECTION('',(1.,0.,0.));
#9689=DIRECTION('',(0.,0.,-1.));
#9690=DIRECTION('',(0.,0.707106781186548,0.707106781186548));
#9691=DIRECTION('',(0.,-0.707106781186548,0.707106781186548));
#9692=DIRECTION('',(0.,-0.707106781186548,-0.707106781186548));
#9693=DIRECTION('',(0.,0.707106781186548,-0.707106781186548));
#9694=DIRECTION('',(0.,-1.,0.));
#9695=DIRECTION('',(0.,-1.,0.));
#9696=DIRECTION('',(0.,0.,1.));
#9697=DIRECTION('',(0.,1.,0.));
#9698=DIRECTION('',(0.,0.,1.));
#9699=DIRECTION('',(0.,0.,-1.));
#9700=DIRECTION('',(0.,-1.,0.));
#9701=DIRECTION('',(0.,1.,0.));
#9702=DIRECTION('',(0.,-1.,0.));
#9703=DIRECTION('',(0.,0.,-1.));
#9704=DIRECTION('',(0.,0.,-1.));
#9705=DIRECTION('',(-1.,0.,0.));
#9706=DIRECTION('',(0.,0.,-1.));
#9707=DIRECTION('',(-1.,0.,0.));
#9708=DIRECTION('',(0.,0.,-1.));
#9709=DIRECTION('',(1.,0.,0.));
#9710=DIRECTION('',(0.,0.,-1.));
#9711=DIRECTION('',(1.,0.,0.));
#9712=DIRECTION('',(0.,0.,-1.));
#9713=DIRECTION('',(1.,0.,0.));
#9714=DIRECTION('',(0.,0.,-1.));
#9715=DIRECTION('',(1.,0.,0.));
#9716=DIRECTION('',(0.,0.,-1.));
#9717=DIRECTION('',(1.,0.,0.));
#9718=DIRECTION('',(0.,0.,-1.));
#9719=DIRECTION('',(1.,0.,0.));
#9720=DIRECTION('',(0.,0.,-1.));
#9721=DIRECTION('',(1.,0.,0.));
#9722=DIRECTION('',(0.,0.,-1.));
#9723=DIRECTION('',(1.,0.,0.));
#9724=DIRECTION('',(0.,0.,-1.));
#9725=DIRECTION('',(1.,0.,0.));
#9726=DIRECTION('',(0.,0.,-1.));
#9727=DIRECTION('',(1.,0.,0.));
#9728=DIRECTION('',(0.,0.,-1.));
#9729=DIRECTION('',(1.,0.,0.));
#9730=DIRECTION('',(0.,0.,-1.));
#9731=DIRECTION('',(0.,-1.,0.));
#9732=DIRECTION('',(0.,-1.,0.));
#9733=DIRECTION('',(0.,0.,-1.));
#9734=DIRECTION('',(0.,0.,-1.));
#9735=DIRECTION('',(-1.,0.,0.));
#9736=DIRECTION('',(-1.,0.,0.));
#9737=DIRECTION('',(0.,0.,1.));
#9738=DIRECTION('',(0.,0.,-1.));
#9739=DIRECTION('',(0.,1.,0.));
#9740=DIRECTION('',(0.,0.,-1.));
#9741=DIRECTION('',(-1.,0.,0.));
#9742=DIRECTION('',(0.,0.,1.));
#9743=DIRECTION('',(1.,0.,0.));
#9744=DIRECTION('',(0.,0.,1.));
#9745=DIRECTION('',(1.,0.,0.));
#9746=DIRECTION('',(0.,-1.,0.));
#9747=DIRECTION('',(0.,0.,1.));
#9748=DIRECTION('',(1.,0.,0.));
#9749=DIRECTION('',(-1.,0.,0.));
#9750=DIRECTION('',(0.,0.,1.));
#9751=DIRECTION('',(1.,0.,0.));
#9752=DIRECTION('',(0.,1.,0.));
#9753=DIRECTION('',(0.,1.,0.));
#9754=DIRECTION('',(0.,1.,0.));
#9755=DIRECTION('',(0.,1.,0.));
#9756=DIRECTION('',(-1.,0.,0.));
#9757=DIRECTION('',(0.,0.,1.));
#9758=DIRECTION('',(1.,0.,0.));
#9759=DIRECTION('',(0.,0.,-1.));
#9760=DIRECTION('',(1.,0.,0.));
#9761=DIRECTION('',(0.,0.,-1.));
#9762=DIRECTION('',(1.,0.,0.));
#9763=DIRECTION('',(0.,0.,-1.));
#9764=DIRECTION('',(1.,0.,0.));
#9765=DIRECTION('',(0.,0.,-1.));
#9766=DIRECTION('',(1.,0.,0.));
#9767=DIRECTION('',(0.,0.,-1.));
#9768=DIRECTION('',(1.,0.,0.));
#9769=DIRECTION('',(0.,0.,-1.));
#9770=DIRECTION('',(0.,-1.,0.));
#9771=DIRECTION('',(0.,0.,-1.));
#9772=DIRECTION('',(0.,1.,0.));
#9773=DIRECTION('',(0.,0.,1.));
#9774=DIRECTION('',(0.,-1.,0.));
#9775=DIRECTION('',(0.,0.,1.));
#9776=DIRECTION('',(1.,0.,0.));
#9777=DIRECTION('',(0.,0.,1.));
#9778=DIRECTION('',(1.,0.,0.));
#9779=DIRECTION('',(0.,-1.,0.));
#9780=DIRECTION('',(-1.,0.,0.));
#9781=DIRECTION('',(0.,-1.,0.));
#9782=DIRECTION('',(0.,0.,1.));
#9783=DIRECTION('',(1.,0.,0.));
#9784=DIRECTION('',(1.,0.,0.));
#9785=DIRECTION('',(0.,0.,-1.));
#9786=DIRECTION('',(1.,0.,0.));
#9787=DIRECTION('',(0.,0.,-1.));
#9788=DIRECTION('',(0.,0.,1.));
#9789=DIRECTION('',(0.,1.,0.));
#9790=DIRECTION('',(0.,0.,1.));
#9791=DIRECTION('',(1.,0.,0.));
#9792=DIRECTION('',(0.,0.,1.));
#9793=DIRECTION('',(0.,0.,1.));
#9794=DIRECTION('',(1.,0.,0.));
#9795=DIRECTION('',(0.,1.,0.));
#9796=DIRECTION('',(0.,0.,1.));
#9797=DIRECTION('',(0.,0.,1.));
#9798=DIRECTION('',(-1.,0.,0.));
#9799=DIRECTION('',(0.,0.,1.));
#9800=DIRECTION('',(1.,0.,0.));
#9801=DIRECTION('',(0.,0.,1.));
#9802=DIRECTION('',(1.,0.,0.));
#9803=DIRECTION('',(0.,0.,1.));
#9804=DIRECTION('',(1.,0.,0.));
#9805=DIRECTION('',(0.,0.,1.));
#9806=DIRECTION('',(1.,0.,0.));
#9807=DIRECTION('',(0.,1.,7.28875410074289E-17));
#9808=DIRECTION('',(-1.,0.,0.));
#9809=DIRECTION('',(0.,1.,7.28875410074289E-17));
#9810=DIRECTION('',(-1.,0.,0.));
#9811=DIRECTION('',(0.,0.,1.));
#9812=DIRECTION('',(1.,0.,0.));
#9813=DIRECTION('',(0.,0.,-1.));
#9814=DIRECTION('',(0.,1.,0.));
#9815=DIRECTION('',(0.,0.,-1.));
#9816=DIRECTION('',(0.,-1.,0.));
#9817=DIRECTION('',(0.,0.,-1.));
#9818=DIRECTION('',(-1.,0.,0.));
#9819=DIRECTION('',(0.,0.,-1.));
#9820=DIRECTION('',(0.,0.,-1.));
#9821=DIRECTION('',(0.,0.,-1.));
#9822=DIRECTION('',(-1.,0.,0.));
#9823=DIRECTION('',(0.,0.,-1.));
#9824=DIRECTION('',(-1.,0.,0.));
#9825=DIRECTION('',(0.,0.,-1.));
#9826=DIRECTION('',(-1.,0.,0.));
#9827=DIRECTION('',(0.,0.,-1.));
#9828=DIRECTION('',(-1.,0.,0.));
#9829=DIRECTION('',(0.,0.,1.));
#9830=DIRECTION('',(1.,0.,0.));
#9831=DIRECTION('',(0.,0.,1.));
#9832=DIRECTION('',(1.,0.,0.));
#9833=DIRECTION('',(-1.,0.,0.));
#9834=DIRECTION('',(0.,1.,0.));
#9835=DIRECTION('',(0.,1.,0.));
#9836=DIRECTION('',(0.,0.,-1.));
#9837=DIRECTION('',(-1.,0.,0.));
#9838=DIRECTION('',(0.,-1.,0.));
#9839=DIRECTION('',(0.,0.,1.));
#9840=DIRECTION('',(1.,0.,0.));
#9841=DIRECTION('',(0.,1.,0.));
#9842=DIRECTION('',(1.,0.,0.));
#9843=DIRECTION('',(0.,0.,-1.));
#9844=DIRECTION('',(0.,0.,-1.));
#9845=DIRECTION('',(-1.,0.,0.));
#9846=DIRECTION('',(0.,0.,1.));
#9847=DIRECTION('',(1.,0.,0.));
#9848=DIRECTION('',(-1.,0.,0.));
#9849=DIRECTION('',(0.,-1.,0.));
#9850=DIRECTION('',(0.,-1.,0.));
#9851=DIRECTION('',(-1.,0.,0.));
#9852=DIRECTION('',(0.,0.,1.));
#9853=DIRECTION('',(1.,0.,0.));
#9854=DIRECTION('',(0.,0.,1.));
#9855=DIRECTION('',(1.,0.,0.));
#9856=DIRECTION('',(-1.,0.,0.));
#9857=DIRECTION('',(0.,1.,0.));
#9858=DIRECTION('',(0.,1.,0.));
#9859=DIRECTION('',(-1.,0.,0.));
#9860=DIRECTION('',(-1.,0.,0.));
#9861=DIRECTION('',(0.,0.,1.));
#9862=DIRECTION('',(1.,0.,0.));
#9863=DIRECTION('',(0.,0.,-1.));
#9864=DIRECTION('',(1.,0.,0.));
#9865=DIRECTION('',(0.,0.,-1.));
#9866=DIRECTION('',(-1.,0.,0.));
#9867=DIRECTION('',(0.,1.,0.));
#9868=DIRECTION('',(0.,0.,1.));
#9869=DIRECTION('',(0.,0.,-1.));
#9870=DIRECTION('',(0.,0.,-1.));
#9871=DIRECTION('',(-1.,0.,0.));
#9872=DIRECTION('',(0.,-7.28875410074289E-17,1.));
#9873=DIRECTION('',(0.,-1.,-7.28875410074289E-17));
#9874=DIRECTION('',(0.,1.,7.28875410074289E-17));
#9875=DIRECTION('',(-1.,0.,0.));
#9876=DIRECTION('',(0.,1.,7.28875410074289E-17));
#9877=DIRECTION('',(-1.,0.,0.));
#9878=DIRECTION('',(0.,0.,1.));
#9879=DIRECTION('',(1.,0.,0.));
#9880=DIRECTION('',(0.,0.,-1.));
#9881=DIRECTION('',(-1.,0.,0.));
#9882=DIRECTION('',(1.,0.,0.));
#9883=DIRECTION('',(0.,0.,-1.));
#9884=DIRECTION('',(0.,1.,0.));
#9885=DIRECTION('',(0.,0.,1.));
#9886=DIRECTION('',(0.,0.,-1.));
#9887=DIRECTION('',(-1.,0.,0.));
#9888=DIRECTION('',(0.,0.,-1.));
#9889=DIRECTION('',(-1.,0.,0.));
#9890=DIRECTION('',(0.,0.,1.));
#9891=DIRECTION('',(1.,0.,0.));
#9892=DIRECTION('',(0.,0.,-1.));
#9893=DIRECTION('',(-1.,0.,0.));
#9894=DIRECTION('',(1.,0.,0.));
#9895=DIRECTION('',(0.,0.,-1.));
#9896=DIRECTION('',(0.,0.,-1.));
#9897=DIRECTION('',(-1.,0.,0.));
#9898=DIRECTION('',(0.,-1.,0.));
#9899=DIRECTION('',(0.,-1.,0.));
#9900=DIRECTION('',(0.,1.,0.));
#9901=DIRECTION('',(0.,0.,1.));
#9902=DIRECTION('',(0.,0.,-1.));
#9903=DIRECTION('',(-1.,0.,0.));
#9904=DIRECTION('',(0.,0.,-1.));
#9905=DIRECTION('',(-1.,0.,0.));
#9906=DIRECTION('',(0.,0.,1.));
#9907=DIRECTION('',(1.,0.,0.));
#9908=DIRECTION('',(0.,0.,-1.));
#9909=DIRECTION('',(-1.,0.,0.));
#9910=DIRECTION('',(1.,0.,0.));
#9911=DIRECTION('',(0.,0.,-1.));
#9912=DIRECTION('',(0.,-1.,0.));
#9913=DIRECTION('',(0.,0.,-1.));
#9914=DIRECTION('',(0.,0.,1.));
#9915=DIRECTION('',(0.,0.,1.));
#9916=DIRECTION('',(1.,0.,0.));
#9917=DIRECTION('',(0.,0.,-1.));
#9918=DIRECTION('',(1.,0.,0.));
#9919=DIRECTION('',(0.,0.,-1.));
#9920=DIRECTION('',(0.,0.,1.));
#9921=DIRECTION('',(1.,0.,0.));
#9922=DIRECTION('',(0.,0.,1.));
#9923=DIRECTION('',(1.,0.,0.));
#9924=DIRECTION('',(0.,0.,1.));
#9925=DIRECTION('',(1.,0.,0.));
#9926=DIRECTION('',(0.,0.,1.));
#9927=DIRECTION('',(1.,0.,0.));
#9928=DIRECTION('',(0.,0.,-1.));
#9929=DIRECTION('',(-1.,0.,0.));
#9930=DIRECTION('',(0.,0.,1.));
#9931=DIRECTION('',(1.,0.,0.));
#9932=DIRECTION('',(0.,0.,1.));
#9933=DIRECTION('',(1.,0.,0.));
#9934=DIRECTION('',(0.,0.,1.));
#9935=DIRECTION('',(1.,0.,0.));
#9936=DIRECTION('',(0.,0.,-1.));
#9937=DIRECTION('',(-1.,0.,0.));
#9938=DIRECTION('',(0.,0.,-1.));
#9939=DIRECTION('',(-1.,0.,0.));
#9940=DIRECTION('',(0.,0.,1.));
#9941=DIRECTION('',(1.,0.,0.));
#9942=DIRECTION('',(0.,0.,1.));
#9943=DIRECTION('',(1.,0.,0.));
#9944=DIRECTION('',(0.,0.,1.));
#9945=DIRECTION('',(1.,0.,0.));
#9946=DIRECTION('',(0.,0.,1.));
#9947=DIRECTION('',(1.,0.,0.));
#9948=DIRECTION('',(0.,0.,1.));
#9949=DIRECTION('',(1.,0.,0.));
#9950=DIRECTION('',(0.,0.,1.));
#9951=DIRECTION('',(1.,0.,0.));
#9952=DIRECTION('',(0.,0.,1.));
#9953=DIRECTION('',(1.,0.,0.));
#9954=DIRECTION('',(0.,0.,1.));
#9955=DIRECTION('',(1.,0.,0.));
#9956=DIRECTION('',(-1.,0.,0.));
#9957=DIRECTION('',(0.,0.,1.));
#9958=DIRECTION('',(1.,0.,0.));
#9959=DIRECTION('',(0.,0.,-1.));
#9960=DIRECTION('',(1.,0.,0.));
#9961=DIRECTION('',(0.,0.,-1.));
#9962=DIRECTION('',(1.,0.,0.));
#9963=DIRECTION('',(0.,0.,-1.));
#9964=DIRECTION('',(-1.,0.,0.));
#9965=DIRECTION('',(0.,0.,1.));
#9966=DIRECTION('',(-1.,0.,0.));
#9967=DIRECTION('',(0.,0.,1.));
#9968=DIRECTION('',(1.,0.,0.));
#9969=DIRECTION('',(0.,0.,-1.));
#9970=DIRECTION('',(1.,0.,0.));
#9971=DIRECTION('',(0.,0.,-1.));
#9972=DIRECTION('',(1.,0.,0.));
#9973=DIRECTION('',(0.,0.,-1.));
#9974=DIRECTION('',(-1.,0.,0.));
#9975=DIRECTION('',(0.,0.,1.));
#9976=DIRECTION('',(-1.,0.,0.));
#9977=DIRECTION('',(0.,0.,1.));
#9978=DIRECTION('',(1.,0.,0.));
#9979=DIRECTION('',(0.,0.,-1.));
#9980=DIRECTION('',(1.,0.,0.));
#9981=DIRECTION('',(0.,0.,-1.));
#9982=DIRECTION('',(1.,0.,0.));
#9983=DIRECTION('',(0.,0.,-1.));
#9984=DIRECTION('',(-1.,0.,0.));
#9985=DIRECTION('',(0.,0.,1.));
#9986=DIRECTION('',(-1.,0.,0.));
#9987=DIRECTION('',(0.,0.,1.));
#9988=DIRECTION('',(1.,0.,0.));
#9989=DIRECTION('',(0.,0.,-1.));
#9990=DIRECTION('',(1.,0.,0.));
#9991=DIRECTION('',(0.,0.,-1.));
#9992=DIRECTION('',(1.,0.,0.));
#9993=DIRECTION('',(0.,0.,-1.));
#9994=DIRECTION('',(-1.,0.,0.));
#9995=DIRECTION('',(0.,0.,1.));
#9996=DIRECTION('',(1.,0.,0.));
#9997=DIRECTION('',(0.,0.,-1.));
#9998=DIRECTION('',(1.,0.,0.));
#9999=DIRECTION('',(0.,0.,-1.));
#10000=DIRECTION('',(1.,0.,0.));
#10001=DIRECTION('',(0.,0.,-1.));
#10002=DIRECTION('',(1.,0.,0.));
#10003=DIRECTION('',(0.,0.,-1.));
#10004=DIRECTION('',(1.,0.,0.));
#10005=DIRECTION('',(0.,0.,-1.));
#10006=DIRECTION('',(1.,0.,0.));
#10007=DIRECTION('',(0.,0.,-1.));
#10008=DIRECTION('',(1.,0.,0.));
#10009=DIRECTION('',(0.,0.,-1.));
#10010=DIRECTION('',(1.,0.,0.));
#10011=DIRECTION('',(0.,0.,-1.));
#10012=DIRECTION('',(1.,0.,0.));
#10013=DIRECTION('',(0.,0.,-1.));
#10014=DIRECTION('',(1.,0.,0.));
#10015=DIRECTION('',(0.,0.,-1.));
#10016=DIRECTION('',(1.,0.,0.));
#10017=DIRECTION('',(0.,0.,-1.));
#10018=DIRECTION('',(0.,-0.707106781186548,0.707106781186548));
#10019=DIRECTION('',(0.,-0.707106781186548,-0.707106781186548));
#10020=DIRECTION('',(0.,-0.707106781186548,-0.707106781186548));
#10021=DIRECTION('',(0.,0.707106781186548,-0.707106781186548));
#10022=DIRECTION('',(0.,0.707106781186548,-0.707106781186548));
#10023=DIRECTION('',(0.,0.707106781186548,0.707106781186548));
#10024=DIRECTION('',(0.,0.707106781186548,0.707106781186548));
#10025=DIRECTION('',(0.,-0.707106781186548,0.707106781186548));
#10026=DIRECTION('',(-1.,0.,0.));
#10027=DIRECTION('',(0.,0.,1.));
#10028=DIRECTION('',(-1.,0.,0.));
#10029=DIRECTION('',(0.,0.,1.));
#10030=DIRECTION('',(-1.,0.,0.));
#10031=DIRECTION('',(0.,0.,1.));
#10032=DIRECTION('',(-1.,0.,0.));
#10033=DIRECTION('',(0.,0.,1.));
#10034=DIRECTION('',(-1.,0.,0.));
#10035=DIRECTION('',(0.,0.,1.));
#10036=DIRECTION('',(-1.,0.,0.));
#10037=DIRECTION('',(0.,0.,1.));
#10038=DIRECTION('',(1.,0.,0.));
#10039=DIRECTION('',(0.,0.,-1.));
#10040=DIRECTION('',(0.,0.707106781186547,-0.707106781186548));
#10041=DIRECTION('',(0.,0.707106781186546,0.707106781186549));
#10042=DIRECTION('',(0.,1.,0.));
#10043=DIRECTION('',(0.,0.707106781186548,0.707106781186548));
#10044=DIRECTION('',(0.,1.,0.));
#10045=DIRECTION('',(1.,0.,0.));
#10046=DIRECTION('',(0.,0.,-1.));
#10047=DIRECTION('',(0.,-0.707106781186547,-0.707106781186548));
#10048=DIRECTION('',(0.,0.707106781186539,-0.707106781186556));
#10049=DIRECTION('',(0.,0.,-1.));
#10050=DIRECTION('',(1.,0.,0.));
#10051=DIRECTION('',(0.,0.,-1.));
#10052=DIRECTION('',(0.,-0.707106781186539,-0.707106781186556));
#10053=DIRECTION('',(0.,0.707106781186547,-0.707106781186548));
#10054=DIRECTION('',(0.,0.,-1.));
#10055=DIRECTION('',(0.,0.,-1.));
#10056=DIRECTION('',(-1.,0.,0.));
#10057=DIRECTION('',(0.,0.,1.));
#10058=DIRECTION('',(1.,0.,0.));
#10059=DIRECTION('',(0.,0.,1.));
#10060=DIRECTION('',(1.,0.,0.));
#10061=DIRECTION('',(0.,0.,1.));
#10062=DIRECTION('',(1.,0.,0.));
#10063=DIRECTION('',(0.,-1.,0.));
#10064=DIRECTION('',(-1.,0.,0.));
#10065=DIRECTION('',(0.,-1.,0.));
#10066=DIRECTION('',(-1.,0.,0.));
#10067=DIRECTION('',(0.,0.707106781186548,-0.707106781186547));
#10068=DIRECTION('',(0.,0.707106781186547,0.707106781186548));
#10069=DIRECTION('',(0.,-0.707106781186547,-0.707106781186548));
#10070=DIRECTION('',(-1.,0.,0.));
#10071=DIRECTION('',(0.,-0.707106781186547,-0.707106781186548));
#10072=DIRECTION('',(0.,1.,0.));
#10073=DIRECTION('',(0.,0.,1.));
#10074=DIRECTION('',(0.,-1.,0.));
#10075=DIRECTION('',(0.,0.,-1.));
#10076=DIRECTION('',(0.,-1.,0.));
#10077=DIRECTION('',(0.,0.,-1.));
#10078=DIRECTION('',(0.,-1.,0.));
#10079=DIRECTION('',(0.,0.,-1.));
#10080=DIRECTION('',(-1.,0.,0.));
#10081=DIRECTION('',(0.,0.,-1.));
#10082=DIRECTION('',(0.,0.707106781186556,0.707106781186539));
#10083=DIRECTION('',(0.,-0.707106781186539,0.707106781186556));
#10084=DIRECTION('',(0.,0.707106781186539,-0.707106781186556));
#10085=DIRECTION('',(0.,0.707106781186556,-0.707106781186539));
#10086=DIRECTION('',(0.,0.707106781186539,0.707106781186556));
#10087=DIRECTION('',(-1.,0.,0.));
#10088=DIRECTION('',(0.,1.,0.));
#10089=DIRECTION('',(0.,0.,1.));
#10090=DIRECTION('',(0.,-1.,0.));
#10091=DIRECTION('',(0.,0.,-1.));
#10092=DIRECTION('',(0.,-1.,0.));
#10093=DIRECTION('',(0.,0.,-1.));
#10094=DIRECTION('',(0.,-1.,0.));
#10095=DIRECTION('',(0.,0.,-1.));
#10096=DIRECTION('',(-1.,0.,0.));
#10097=DIRECTION('',(0.,0.707106781186548,0.707106781186547));
#10098=DIRECTION('',(0.,-0.707106781186547,0.707106781186548));
#10099=DIRECTION('',(-1.,0.,0.));
#10100=DIRECTION('',(0.,0.,1.));
#10101=DIRECTION('',(1.,0.,0.));
#10102=DIRECTION('',(0.,0.,1.));
#10103=DIRECTION('',(1.,0.,0.));
#10104=DIRECTION('',(0.,0.,1.));
#10105=DIRECTION('',(1.,0.,0.));
#10106=DIRECTION('',(0.,0.,1.));
#10107=DIRECTION('',(1.,0.,0.));
#10108=DIRECTION('',(-1.,0.,0.));
#10109=DIRECTION('',(0.,-0.707106781186548,0.707106781186548));
#10110=DIRECTION('',(0.,-0.707106781186548,-0.707106781186548));
#10111=DIRECTION('',(-1.,0.,0.));
#10112=DIRECTION('',(0.,0.,1.));
#10113=DIRECTION('',(1.,0.,0.));
#10114=DIRECTION('',(-1.,0.,0.));
#10115=DIRECTION('',(0.,-0.707106781186549,0.707106781186546));
#10116=DIRECTION('',(0.,-0.707106781186546,-0.707106781186549));
#10117=DIRECTION('',(-1.,0.,0.));
#10118=DIRECTION('',(0.,0.707106781186546,0.707106781186549));
#10119=DIRECTION('',(0.,-1.,0.));
#10120=DIRECTION('',(0.,0.,-1.));
#10121=DIRECTION('',(-1.,0.,0.));
#10122=DIRECTION('',(0.,0.,1.));
#10123=DIRECTION('',(0.,-0.707106781186547,-0.707106781186547));
#10124=DIRECTION('',(0.,0.707106781186548,-0.707106781186548));
#10125=DIRECTION('',(-1.,0.,0.));
#10126=DIRECTION('',(0.,-0.707106781186547,0.707106781186547));
#10127=DIRECTION('',(0.,0.,-1.));
#10128=DIRECTION('',(-1.,0.,0.));
#10129=DIRECTION('',(-1.,0.,0.));
#10130=DIRECTION('',(0.,-1.,0.));
#10131=DIRECTION('',(-1.,0.,0.));
#10132=DIRECTION('',(0.,0.,1.));
#10133=DIRECTION('',(-1.,0.,0.));
#10134=DIRECTION('',(1.,0.,0.));
#10135=DIRECTION('',(0.,0.,-1.));
#10136=DIRECTION('',(0.,0.,-1.));
#10137=DIRECTION('',(-1.,0.,0.));
#10138=DIRECTION('',(0.,-1.,0.));
#10139=DIRECTION('',(0.,0.,1.));
#10140=DIRECTION('',(1.,0.,0.));
#10141=DIRECTION('',(-1.,0.,0.));
#10142=DIRECTION('',(0.,1.,0.));
#10143=DIRECTION('',(-1.,0.,0.));
#10144=DIRECTION('',(0.,0.,1.));
#10145=DIRECTION('',(-1.,0.,0.));
#10146=DIRECTION('',(1.,0.,0.));
#10147=DIRECTION('',(0.,0.,-1.));
#10148=DIRECTION('',(0.,0.,1.));
#10149=DIRECTION('',(1.,0.,0.));
#10150=DIRECTION('',(-1.,0.,0.));
#10151=DIRECTION('',(0.,1.,0.));
#10152=DIRECTION('',(0.,-0.707106781186547,0.707106781186547));
#10153=DIRECTION('',(0.,-0.707106781186548,-0.707106781186548));
#10154=DIRECTION('',(-1.,0.,0.));
#10155=DIRECTION('',(0.,0.707106781186547,0.707106781186547));
#10156=DIRECTION('',(0.,-1.,0.));
#10157=DIRECTION('',(0.,0.,-1.));
#10158=DIRECTION('',(-1.,0.,0.));
#10159=DIRECTION('',(0.,0.,1.));
#10160=DIRECTION('',(0.,-0.707106781186549,-0.707106781186546));
#10161=DIRECTION('',(0.,0.707106781186546,-0.707106781186549));
#10162=DIRECTION('',(0.,-0.707106781186546,0.707106781186549));
#10163=DIRECTION('',(-1.,0.,0.));
#10164=DIRECTION('',(0.,-0.707106781186546,0.707106781186549));
#10165=DIRECTION('',(0.,-0.707106781186546,0.707106781186549));
#10166=DIRECTION('',(0.,0.,-1.));
#10167=DIRECTION('',(-1.,0.,0.));
#10168=DIRECTION('',(0.,-1.,0.));
#10169=DIRECTION('',(-1.,0.,0.));
#10170=DIRECTION('',(0.,-1.,0.));
#10171=DIRECTION('',(0.,-0.707106781186548,-0.707106781186548));
#10172=DIRECTION('',(0.,0.707106781186548,-0.707106781186548));
#10173=DIRECTION('',(0.,-0.707106781186548,0.707106781186548));
#10174=DIRECTION('',(0.,-0.707106781186548,0.707106781186548));
#10175=DIRECTION('',(1.,0.,0.));
#10176=DIRECTION('',(0.,0.,-1.));
#10177=DIRECTION('',(1.,0.,0.));
#10178=DIRECTION('',(0.,0.,-1.));
#10179=DIRECTION('',(0.,-1.,0.));
#10180=DIRECTION('',(0.,0.,-1.));
#10181=DIRECTION('',(0.,-1.,0.));
#10182=DIRECTION('',(0.,0.,-1.));
#10183=DIRECTION('',(0.,1.,0.));
#10184=DIRECTION('',(0.,0.,1.));
#10185=DIRECTION('',(0.,-1.,0.));
#10186=DIRECTION('',(0.,0.,-1.));
#10187=DIRECTION('',(0.,-1.,0.));
#10188=DIRECTION('',(0.,0.,-1.));
#10189=DIRECTION('',(0.,-1.,0.));
#10190=DIRECTION('',(0.,0.,-1.));
#10191=DIRECTION('',(0.,-1.,0.));
#10192=DIRECTION('',(0.,0.,-1.));
#10193=DIRECTION('',(0.,1.,0.));
#10194=DIRECTION('',(0.,0.,1.));
#10195=DIRECTION('',(0.,-1.,0.));
#10196=DIRECTION('',(0.,0.,-1.));
#10197=DIRECTION('',(0.,-1.,0.));
#10198=DIRECTION('',(0.,0.,-1.));
#10199=DIRECTION('',(0.,-1.,0.));
#10200=DIRECTION('',(0.,0.,-1.));
#10201=DIRECTION('',(0.,-1.,0.));
#10202=DIRECTION('',(0.,0.,-1.));
#10203=DIRECTION('',(0.,1.,0.));
#10204=DIRECTION('',(0.,0.,1.));
#10205=DIRECTION('',(0.,-1.,0.));
#10206=DIRECTION('',(0.,0.,-1.));
#10207=DIRECTION('',(0.,-1.,0.));
#10208=DIRECTION('',(0.,0.,-1.));
#10209=DIRECTION('',(0.,-1.,0.));
#10210=DIRECTION('',(0.,0.,-1.));
#10211=DIRECTION('',(0.,-1.,0.));
#10212=DIRECTION('',(0.,0.,-1.));
#10213=DIRECTION('',(0.,1.,0.));
#10214=DIRECTION('',(0.,0.,1.));
#10215=DIRECTION('',(0.,-1.,0.));
#10216=DIRECTION('',(0.,0.,-1.));
#10217=DIRECTION('',(0.,-1.,0.));
#10218=DIRECTION('',(0.,0.,-1.));
#10219=DIRECTION('',(0.,-1.,0.));
#10220=DIRECTION('',(0.,0.,-1.));
#10221=DIRECTION('',(0.,-1.,0.));
#10222=DIRECTION('',(0.,0.,-1.));
#10223=DIRECTION('',(0.,1.,0.));
#10224=DIRECTION('',(0.,0.,1.));
#10225=DIRECTION('',(0.,-1.,0.));
#10226=DIRECTION('',(0.,0.,-1.));
#10227=DIRECTION('',(0.,-1.,0.));
#10228=DIRECTION('',(0.,0.,-1.));
#10229=DIRECTION('',(0.,-1.,0.));
#10230=DIRECTION('',(0.,0.,-1.));
#10231=DIRECTION('',(0.,-1.,0.));
#10232=DIRECTION('',(0.,0.,-1.));
#10233=DIRECTION('',(0.,1.,0.));
#10234=DIRECTION('',(0.,0.,1.));
#10235=DIRECTION('',(0.,-1.,0.));
#10236=DIRECTION('',(0.,0.,-1.));
#10237=DIRECTION('',(0.,-1.,0.));
#10238=DIRECTION('',(0.,0.,-1.));
#10239=DIRECTION('',(0.,0.,1.));
#10240=DIRECTION('',(1.,0.,0.));
#10241=DIRECTION('',(0.,0.,1.));
#10242=DIRECTION('',(1.,0.,0.));
#10243=DIRECTION('',(0.,0.,1.));
#10244=DIRECTION('',(1.,0.,0.));
#10245=DIRECTION('',(0.,0.,1.));
#10246=DIRECTION('',(1.,0.,0.));
#10247=DIRECTION('',(0.,0.,1.));
#10248=DIRECTION('',(1.,0.,0.));
#10249=DIRECTION('',(0.,0.,1.));
#10250=DIRECTION('',(1.,0.,0.));
#10251=DIRECTION('',(0.,0.,1.));
#10252=DIRECTION('',(1.,0.,0.));
#10253=DIRECTION('',(0.,0.,1.));
#10254=DIRECTION('',(1.,0.,0.));
#10255=DIRECTION('',(0.,0.,1.));
#10256=DIRECTION('',(1.,0.,0.));
#10257=DIRECTION('',(0.,0.,1.));
#10258=DIRECTION('',(1.,0.,0.));
#10259=DIRECTION('',(0.,0.,-1.));
#10260=DIRECTION('',(-1.,0.,0.));
#10261=DIRECTION('',(0.,0.,1.));
#10262=DIRECTION('',(1.,0.,0.));
#10263=DIRECTION('',(0.,0.,1.));
#10264=DIRECTION('',(1.,0.,0.));
#10265=DIRECTION('',(0.,0.,1.));
#10266=DIRECTION('',(1.,0.,0.));
#10267=DIRECTION('',(0.,0.,-1.));
#10268=DIRECTION('',(-1.,0.,0.));
#10269=DIRECTION('',(0.,0.,-1.));
#10270=DIRECTION('',(-1.,0.,0.));
#10271=DIRECTION('',(0.,0.,1.));
#10272=DIRECTION('',(1.,0.,0.));
#10273=DIRECTION('',(0.,0.,1.));
#10274=DIRECTION('',(1.,0.,0.));
#10275=DIRECTION('',(0.,0.,1.));
#10276=DIRECTION('',(1.,0.,0.));
#10277=DIRECTION('',(0.,0.,-1.));
#10278=DIRECTION('',(-1.,0.,0.));
#10279=DIRECTION('',(0.,0.,1.));
#10280=DIRECTION('',(1.,0.,0.));
#10281=DIRECTION('',(0.,0.,1.));
#10282=DIRECTION('',(1.,0.,0.));
#10283=DIRECTION('',(0.,0.,1.));
#10284=DIRECTION('',(1.,0.,0.));
#10285=DIRECTION('',(0.,0.,1.));
#10286=DIRECTION('',(1.,0.,0.));
#10287=DIRECTION('',(0.,0.,1.));
#10288=DIRECTION('',(1.,0.,0.));
#10289=DIRECTION('',(0.,0.,-1.));
#10290=DIRECTION('',(-1.,0.,0.));
#10291=DIRECTION('',(0.,0.,1.));
#10292=DIRECTION('',(1.,0.,0.));
#10293=DIRECTION('',(0.,0.,1.));
#10294=DIRECTION('',(1.,0.,0.));
#10295=DIRECTION('',(0.,0.,1.));
#10296=DIRECTION('',(1.,0.,0.));
#10297=DIRECTION('',(0.,0.,-1.));
#10298=DIRECTION('',(-1.,0.,0.));
#10299=DIRECTION('',(1.,0.,0.));
#10300=DIRECTION('',(0.,0.,-1.));
#10301=DIRECTION('',(1.,0.,0.));
#10302=DIRECTION('',(0.,0.,-1.));
#10303=DIRECTION('',(0.,0.,1.));
#10304=DIRECTION('',(0.,-1.,0.));
#10305=DIRECTION('',(0.,0.,-1.));
#10306=DIRECTION('',(-1.,0.,0.));
#10307=DIRECTION('',(0.,0.,1.));
#10308=DIRECTION('',(1.,0.,0.));
#10309=DIRECTION('',(0.,0.,-1.));
#10310=DIRECTION('',(-1.,0.,0.));
#10311=DIRECTION('',(0.,0.,1.));
#10312=DIRECTION('',(1.,0.,0.));
#10313=DIRECTION('',(0.,0.,-1.));
#10314=DIRECTION('',(1.,0.,0.));
#10315=DIRECTION('',(1.,0.,0.));
#10316=DIRECTION('',(0.,0.,-1.));
#10317=DIRECTION('',(1.,0.,0.));
#10318=DIRECTION('',(1.,0.,0.));
#10319=DIRECTION('',(0.,0.,-1.));
#10320=DIRECTION('',(1.,0.,0.));
#10321=DIRECTION('',(1.,0.,0.));
#10322=DIRECTION('',(0.,0.,-1.));
#10323=DIRECTION('',(1.,0.,0.));
#10324=DIRECTION('',(1.,0.,0.));
#10325=DIRECTION('',(0.,0.,-1.));
#10326=DIRECTION('',(1.,0.,0.));
#10327=DIRECTION('',(0.,0.,-1.));
#10328=DIRECTION('',(-1.,0.,0.));
#10329=DIRECTION('',(0.,0.,1.));
#10330=DIRECTION('',(1.,0.,0.));
#10331=DIRECTION('',(0.,0.,-1.));
#10332=DIRECTION('',(0.,1.,0.));
#10333=DIRECTION('',(1.,0.,0.));
#10334=DIRECTION('',(0.,0.,-1.));
#10335=DIRECTION('',(0.,1.,0.));
#10336=DIRECTION('',(0.,0.,1.));
#10337=DIRECTION('',(1.,0.,0.));
#10338=DIRECTION('',(0.,0.,-1.));
#10339=DIRECTION('',(-1.,0.,0.));
#10340=DIRECTION('',(0.,-1.,0.));
#10341=DIRECTION('',(0.,-1.,0.));
#10342=DIRECTION('',(1.,0.,0.));
#10343=DIRECTION('',(0.,0.,-1.));
#10344=DIRECTION('',(1.,0.,0.));
#10345=DIRECTION('',(0.,0.,-1.));
#10346=DIRECTION('',(0.,0.,1.));
#10347=DIRECTION('',(1.,0.,0.));
#10348=DIRECTION('',(0.,1.,0.));
#10349=DIRECTION('',(-1.,0.,0.));
#10350=DIRECTION('',(0.,0.,1.));
#10351=DIRECTION('',(1.,0.,0.));
#10352=DIRECTION('',(0.,1.,0.));
#10353=DIRECTION('',(-1.,0.,0.));
#10354=DIRECTION('',(-1.,0.,0.));
#10355=DIRECTION('',(0.,0.,1.));
#10356=DIRECTION('',(-1.,0.,0.));
#10357=DIRECTION('',(0.,0.,1.));
#10358=DIRECTION('',(-1.,0.,0.));
#10359=DIRECTION('',(0.,0.,1.));
#10360=DIRECTION('',(-1.,0.,0.));
#10361=DIRECTION('',(0.,0.,1.));
#10362=DIRECTION('',(-1.,0.,0.));
#10363=DIRECTION('',(0.,0.,1.));
#10364=DIRECTION('',(0.,0.,-1.));
#10365=DIRECTION('',(0.,-1.,0.));
#10366=DIRECTION('',(0.,0.,-1.));
#10367=DIRECTION('',(1.,0.,0.));
#10368=DIRECTION('',(0.,0.,-1.));
#10369=DIRECTION('',(1.,0.,0.));
#10370=DIRECTION('',(0.,0.,-1.));
#10371=DIRECTION('',(-1.,0.,0.));
#10372=DIRECTION('',(0.,0.,1.));
#10373=DIRECTION('',(1.,0.,0.));
#10374=DIRECTION('',(0.,0.,-1.));
#10375=DIRECTION('',(-1.,0.,0.));
#10376=DIRECTION('',(0.,0.,1.));
#10377=DIRECTION('',(0.,-0.5,-0.866025403784439));
#10378=DIRECTION('',(0.,-1.,0.));
#10379=DIRECTION('',(0.,-0.5,0.866025403784439));
#10380=DIRECTION('',(0.,0.5,0.866025403784439));
#10381=DIRECTION('',(0.,1.,0.));
#10382=DIRECTION('',(0.,0.5,-0.866025403784439));
#10383=DIRECTION('',(1.,0.,0.));
#10384=DIRECTION('',(0.,0.,-1.));
#10385=DIRECTION('',(1.,0.,0.));
#10386=DIRECTION('',(0.,0.,-1.));
#10387=DIRECTION('',(-1.,0.,0.));
#10388=DIRECTION('',(0.,0.,1.));
#10389=DIRECTION('',(1.,0.,0.));
#10390=DIRECTION('',(0.,0.,-1.));
#10391=DIRECTION('',(-1.,0.,0.));
#10392=DIRECTION('',(0.,0.,1.));
#10393=DIRECTION('',(0.,-0.5,-0.866025403784439));
#10394=DIRECTION('',(0.,-1.,0.));
#10395=DIRECTION('',(0.,-0.5,0.866025403784439));
#10396=DIRECTION('',(0.,0.5,0.866025403784439));
#10397=DIRECTION('',(0.,1.,0.));
#10398=DIRECTION('',(0.,0.5,-0.866025403784439));
#10399=DIRECTION('',(1.,0.,0.));
#10400=DIRECTION('',(0.,0.,-1.));
#10401=DIRECTION('',(1.,0.,0.));
#10402=DIRECTION('',(0.,0.,-1.));
#10403=DIRECTION('',(-1.,0.,0.));
#10404=DIRECTION('',(0.,0.,1.));
#10405=DIRECTION('',(1.,0.,0.));
#10406=DIRECTION('',(0.,0.,-1.));
#10407=DIRECTION('',(-1.,0.,0.));
#10408=DIRECTION('',(0.,0.,1.));
#10409=DIRECTION('',(0.,-0.499999999999999,-0.866025403784439));
#10410=DIRECTION('',(0.,-1.,0.));
#10411=DIRECTION('',(0.,-0.5,0.866025403784439));
#10412=DIRECTION('',(0.,0.5,0.866025403784439));
#10413=DIRECTION('',(0.,1.,0.));
#10414=DIRECTION('',(0.,0.499999999999999,-0.866025403784439));
#10415=DIRECTION('',(1.,0.,0.));
#10416=DIRECTION('',(0.,0.,-1.));
#10417=DIRECTION('',(1.,0.,0.));
#10418=DIRECTION('',(0.,0.,-1.));
#10419=DIRECTION('',(-1.,0.,0.));
#10420=DIRECTION('',(0.,0.,1.));
#10421=DIRECTION('',(1.,0.,0.));
#10422=DIRECTION('',(0.,0.,-1.));
#10423=DIRECTION('',(-1.,0.,0.));
#10424=DIRECTION('',(0.,0.,1.));
#10425=DIRECTION('',(0.,-0.499999999999999,-0.866025403784439));
#10426=DIRECTION('',(0.,-1.,0.));
#10427=DIRECTION('',(0.,-0.5,0.866025403784439));
#10428=DIRECTION('',(0.,0.5,0.866025403784439));
#10429=DIRECTION('',(0.,1.,0.));
#10430=DIRECTION('',(0.,0.499999999999999,-0.866025403784439));
#10431=DIRECTION('',(0.,0.,1.));
#10432=DIRECTION('',(1.,0.,0.));
#10433=DIRECTION('',(1.,0.,0.));
#10434=DIRECTION('',(0.,-1.,0.));
#10435=DIRECTION('',(1.,0.,0.));
#10436=DIRECTION('',(0.,-0.866025403784439,0.5));
#10437=DIRECTION('',(0.,-0.5,-0.866025403784439));
#10438=DIRECTION('',(1.,0.,0.));
#10439=DIRECTION('',(0.,-0.5,-0.866025403784439));
#10440=DIRECTION('',(0.,-0.866025403784439,-0.5));
#10441=DIRECTION('',(0.,0.5,-0.866025403784439));
#10442=DIRECTION('',(1.,0.,0.));
#10443=DIRECTION('',(0.,0.5,-0.866025403784439));
#10444=DIRECTION('',(0.,0.,-1.));
#10445=DIRECTION('',(-1.,0.,0.));
#10446=DIRECTION('',(1.,0.,0.));
#10447=DIRECTION('',(0.,1.,0.));
#10448=DIRECTION('',(0.,0.866025403784439,-0.5));
#10449=DIRECTION('',(0.,0.5,0.866025403784439));
#10450=DIRECTION('',(1.,0.,0.));
#10451=DIRECTION('',(0.,0.5,0.866025403784439));
#10452=DIRECTION('',(0.,0.866025403784439,0.5));
#10453=DIRECTION('',(0.,-0.5,0.866025403784439));
#10454=DIRECTION('',(0.,-0.5,0.866025403784439));
#10455=DIRECTION('',(1.,0.,0.));
#10456=DIRECTION('',(0.,0.,-1.));
#10457=DIRECTION('',(0.,0.,1.));
#10458=DIRECTION('',(1.,0.,0.));
#10459=DIRECTION('',(1.,0.,0.));
#10460=DIRECTION('',(0.,-1.,0.));
#10461=DIRECTION('',(1.,0.,0.));
#10462=DIRECTION('',(0.,-0.866025403784439,0.5));
#10463=DIRECTION('',(0.,-0.5,-0.866025403784439));
#10464=DIRECTION('',(1.,0.,0.));
#10465=DIRECTION('',(0.,-0.5,-0.866025403784439));
#10466=DIRECTION('',(0.,-0.866025403784439,-0.5));
#10467=DIRECTION('',(0.,0.5,-0.866025403784439));
#10468=DIRECTION('',(1.,0.,0.));
#10469=DIRECTION('',(0.,0.5,-0.866025403784439));
#10470=DIRECTION('',(0.,0.,-1.));
#10471=DIRECTION('',(-1.,0.,0.));
#10472=DIRECTION('',(1.,0.,0.));
#10473=DIRECTION('',(0.,1.,0.));
#10474=DIRECTION('',(0.,0.866025403784439,-0.5));
#10475=DIRECTION('',(0.,0.5,0.866025403784439));
#10476=DIRECTION('',(1.,0.,0.));
#10477=DIRECTION('',(0.,0.5,0.866025403784439));
#10478=DIRECTION('',(0.,0.866025403784439,0.5));
#10479=DIRECTION('',(0.,-0.5,0.866025403784439));
#10480=DIRECTION('',(0.,-0.5,0.866025403784439));
#10481=DIRECTION('',(1.,0.,0.));
#10482=DIRECTION('',(0.,0.,-1.));
#10483=DIRECTION('',(0.,0.,1.));
#10484=DIRECTION('',(1.,0.,0.));
#10485=DIRECTION('',(1.,0.,0.));
#10486=DIRECTION('',(0.,-1.,0.));
#10487=DIRECTION('',(1.,0.,0.));
#10488=DIRECTION('',(0.,-0.866025403784439,0.499999999999999));
#10489=DIRECTION('',(0.,-0.499999999999999,-0.866025403784439));
#10490=DIRECTION('',(1.,0.,0.));
#10491=DIRECTION('',(0.,-0.499999999999999,-0.866025403784439));
#10492=DIRECTION('',(0.,-0.866025403784439,-0.499999999999999));
#10493=DIRECTION('',(0.,0.499999999999999,-0.866025403784439));
#10494=DIRECTION('',(1.,0.,0.));
#10495=DIRECTION('',(0.,0.499999999999999,-0.866025403784439));
#10496=DIRECTION('',(0.,0.,-1.));
#10497=DIRECTION('',(-1.,0.,0.));
#10498=DIRECTION('',(1.,0.,0.));
#10499=DIRECTION('',(0.,1.,0.));
#10500=DIRECTION('',(0.,0.866025403784439,-0.5));
#10501=DIRECTION('',(0.,0.5,0.866025403784439));
#10502=DIRECTION('',(1.,0.,0.));
#10503=DIRECTION('',(0.,0.5,0.866025403784439));
#10504=DIRECTION('',(0.,0.866025403784439,0.5));
#10505=DIRECTION('',(0.,-0.5,0.866025403784439));
#10506=DIRECTION('',(0.,-0.5,0.866025403784439));
#10507=DIRECTION('',(1.,0.,0.));
#10508=DIRECTION('',(0.,0.,-1.));
#10509=DIRECTION('',(0.,0.,1.));
#10510=DIRECTION('',(1.,0.,0.));
#10511=DIRECTION('',(1.,0.,0.));
#10512=DIRECTION('',(0.,-1.,0.));
#10513=DIRECTION('',(1.,0.,0.));
#10514=DIRECTION('',(0.,-0.866025403784439,0.499999999999999));
#10515=DIRECTION('',(0.,-0.499999999999999,-0.866025403784439));
#10516=DIRECTION('',(1.,0.,0.));
#10517=DIRECTION('',(0.,-0.499999999999999,-0.866025403784439));
#10518=DIRECTION('',(0.,-0.866025403784439,-0.499999999999999));
#10519=DIRECTION('',(0.,0.499999999999999,-0.866025403784439));
#10520=DIRECTION('',(1.,0.,0.));
#10521=DIRECTION('',(0.,0.499999999999999,-0.866025403784439));
#10522=DIRECTION('',(0.,0.,-1.));
#10523=DIRECTION('',(-1.,0.,0.));
#10524=DIRECTION('',(1.,0.,0.));
#10525=DIRECTION('',(0.,1.,0.));
#10526=DIRECTION('',(0.,0.866025403784439,-0.5));
#10527=DIRECTION('',(0.,0.5,0.866025403784439));
#10528=DIRECTION('',(1.,0.,0.));
#10529=DIRECTION('',(0.,0.5,0.866025403784439));
#10530=DIRECTION('',(0.,0.866025403784439,0.5));
#10531=DIRECTION('',(0.,-0.5,0.866025403784439));
#10532=DIRECTION('',(0.,-0.5,0.866025403784439));
#10533=DIRECTION('',(1.,0.,0.));
#10534=DIRECTION('',(0.,0.,-1.));
#10535=DIRECTION('',(0.,0.,1.));
#10536=DIRECTION('',(1.,0.,0.));
#10537=DIRECTION('',(-1.,0.,0.));
#10538=DIRECTION('',(0.,1.,0.));
#10539=DIRECTION('',(0.,-1.,-2.34422091348217E-16));
#10540=DIRECTION('',(0.,2.34422091348217E-16,-1.));
#10541=DIRECTION('',(0.,-2.34422091348217E-16,1.));
#10542=DIRECTION('',(1.,0.,0.));
#10543=DIRECTION('',(0.,0.,-1.));
#10544=DIRECTION('',(1.,0.,0.));
#10545=DIRECTION('',(0.,0.,-1.));
#10546=DIRECTION('',(1.,0.,0.));
#10547=DIRECTION('',(0.,0.,-1.));
#10548=DIRECTION('',(1.,0.,0.));
#10549=DIRECTION('',(0.,0.,-1.));
#10550=DIRECTION('',(0.,0.,1.));
#10551=DIRECTION('',(0.,-1.,0.));
#10552=DIRECTION('',(0.,-1.,0.));
#10553=DIRECTION('',(0.,0.,-1.));
#10554=DIRECTION('',(-1.,0.,0.));
#10555=DIRECTION('',(0.,0.,-1.));
#10556=DIRECTION('',(-1.,0.,0.));
#10557=DIRECTION('',(1.,0.,0.));
#10558=DIRECTION('',(0.,0.,-1.));
#10559=DIRECTION('',(0.,0.5,0.866025403784439));
#10560=DIRECTION('',(0.,-0.5,0.866025403784439));
#10561=DIRECTION('',(0.,-1.,0.));
#10562=DIRECTION('',(0.,-0.5,-0.866025403784439));
#10563=DIRECTION('',(0.,0.5,-0.866025403784439));
#10564=DIRECTION('',(0.,1.,0.));
#10565=DIRECTION('',(1.,0.,0.));
#10566=DIRECTION('',(0.,0.,-1.));
#10567=DIRECTION('',(1.,0.,0.));
#10568=DIRECTION('',(0.,0.,-1.));
#10569=DIRECTION('',(1.,0.,0.));
#10570=DIRECTION('',(0.,0.,-1.));
#10571=DIRECTION('',(1.,0.,0.));
#10572=DIRECTION('',(0.,0.,-1.));
#10573=DIRECTION('',(1.,0.,0.));
#10574=DIRECTION('',(0.,0.,-1.));
#10575=DIRECTION('',(1.,0.,0.));
#10576=DIRECTION('',(0.,0.,-1.));
#10577=DIRECTION('',(1.,0.,0.));
#10578=DIRECTION('',(0.,0.,-1.));
#10579=DIRECTION('',(-1.,0.,0.));
#10580=DIRECTION('',(0.,0.,1.));
#10581=DIRECTION('',(0.,-0.866025403784439,-0.5));
#10582=DIRECTION('',(0.,0.5,-0.866025403784439));
#10583=DIRECTION('',(-1.,0.,0.));
#10584=DIRECTION('',(0.,-0.5,0.866025403784439));
#10585=DIRECTION('',(-1.,0.,0.));
#10586=DIRECTION('',(0.,-0.866025403784439,0.5));
#10587=DIRECTION('',(0.,-0.5,-0.866025403784439));
#10588=DIRECTION('',(-1.,0.,0.));
#10589=DIRECTION('',(0.,0.5,0.866025403784439));
#10590=DIRECTION('',(0.,0.,1.));
#10591=DIRECTION('',(1.,0.,0.));
#10592=DIRECTION('',(-1.,0.,0.));
#10593=DIRECTION('',(0.,1.,0.));
#10594=DIRECTION('',(0.,0.866025403784439,0.5));
#10595=DIRECTION('',(0.,-0.5,0.866025403784439));
#10596=DIRECTION('',(-1.,0.,0.));
#10597=DIRECTION('',(0.,0.5,-0.866025403784439));
#10598=DIRECTION('',(0.,0.866025403784439,-0.5));
#10599=DIRECTION('',(0.,0.5,0.866025403784439));
#10600=DIRECTION('',(-1.,0.,0.));
#10601=DIRECTION('',(0.,-0.5,-0.866025403784439));
#10602=DIRECTION('',(0.,0.,-1.));
#10603=DIRECTION('',(-1.,0.,0.));
#10604=DIRECTION('',(0.,-1.,0.));
#10605=DIRECTION('',(-1.,0.,0.));
#10606=DIRECTION('',(0.,0.,1.));
#10607=DIRECTION('',(1.,0.,0.));
#10608=DIRECTION('',(0.,0.,-1.));
#10609=DIRECTION('',(1.,0.,0.));
#10610=DIRECTION('',(0.,0.,-1.));
#10611=DIRECTION('',(1.,0.,0.));
#10612=DIRECTION('',(0.,0.,-1.));
#10613=DIRECTION('',(1.,0.,0.));
#10614=DIRECTION('',(0.,0.,-1.));
#10615=DIRECTION('',(-1.,0.,0.));
#10616=DIRECTION('',(0.,0.,1.));
#10617=DIRECTION('',(1.,0.,0.));
#10618=DIRECTION('',(0.,0.,-1.));
#10619=DIRECTION('',(1.,0.,0.));
#10620=DIRECTION('',(0.,0.,-1.));
#10621=DIRECTION('',(1.,0.,0.));
#10622=DIRECTION('',(0.,0.,-1.));
#10623=DIRECTION('',(-1.,0.,0.));
#10624=DIRECTION('',(0.,0.,1.));
#10625=DIRECTION('',(0.,0.5,-0.866025403784439));
#10626=DIRECTION('',(0.,-0.5,-0.866025403784439));
#10627=DIRECTION('',(0.,-1.,0.));
#10628=DIRECTION('',(0.,-0.5,0.866025403784439));
#10629=DIRECTION('',(0.,0.5,0.866025403784439));
#10630=DIRECTION('',(0.,1.,0.));
#10631=DIRECTION('',(0.,-0.866025403784439,0.5));
#10632=DIRECTION('',(0.,-0.5,-0.866025403784439));
#10633=DIRECTION('',(1.,0.,0.));
#10634=DIRECTION('',(0.,-0.5,-0.866025403784439));
#10635=DIRECTION('',(1.,0.,0.));
#10636=DIRECTION('',(0.,-0.866025403784439,-0.5));
#10637=DIRECTION('',(0.,0.5,-0.866025403784439));
#10638=DIRECTION('',(1.,0.,0.));
#10639=DIRECTION('',(0.,0.5,-0.866025403784439));
#10640=DIRECTION('',(0.,0.,-1.));
#10641=DIRECTION('',(-1.,0.,0.));
#10642=DIRECTION('',(1.,0.,0.));
#10643=DIRECTION('',(0.,1.,0.));
#10644=DIRECTION('',(0.,0.866025403784439,-0.5));
#10645=DIRECTION('',(0.,0.5,0.866025403784439));
#10646=DIRECTION('',(1.,0.,0.));
#10647=DIRECTION('',(0.,0.5,0.866025403784439));
#10648=DIRECTION('',(0.,0.866025403784439,0.5));
#10649=DIRECTION('',(0.,-0.5,0.866025403784439));
#10650=DIRECTION('',(1.,0.,0.));
#10651=DIRECTION('',(0.,-0.5,0.866025403784439));
#10652=DIRECTION('',(0.,0.,1.));
#10653=DIRECTION('',(1.,0.,0.));
#10654=DIRECTION('',(0.,-1.,0.));
#10655=DIRECTION('',(1.,0.,0.));
#10656=DIRECTION('',(0.,0.,-1.));
#10657=DIRECTION('',(-1.,0.,0.));
#10658=DIRECTION('',(0.,0.,1.));
#10659=DIRECTION('',(1.,0.,0.));
#10660=DIRECTION('',(0.,0.,-1.));
#10661=DIRECTION('',(1.,0.,0.));
#10662=DIRECTION('',(0.,0.,-1.));
#10663=DIRECTION('',(0.,0.5,0.866025403784439));
#10664=DIRECTION('',(0.,-0.5,0.866025403784439));
#10665=DIRECTION('',(0.,-1.,0.));
#10666=DIRECTION('',(0.,-0.5,-0.866025403784439));
#10667=DIRECTION('',(0.,0.5,-0.866025403784439));
#10668=DIRECTION('',(0.,1.,0.));
#10669=DIRECTION('',(1.,0.,0.));
#10670=DIRECTION('',(0.,0.,-1.));
#10671=DIRECTION('',(1.,0.,0.));
#10672=DIRECTION('',(0.,0.,-1.));
#10673=DIRECTION('',(1.,0.,0.));
#10674=DIRECTION('',(0.,0.,-1.));
#10675=DIRECTION('',(1.,0.,0.));
#10676=DIRECTION('',(0.,0.,-1.));
#10677=DIRECTION('',(1.,0.,0.));
#10678=DIRECTION('',(0.,0.,-1.));
#10679=DIRECTION('',(1.,0.,0.));
#10680=DIRECTION('',(0.,0.,-1.));
#10681=DIRECTION('',(0.,-0.866025403784439,-0.5));
#10682=DIRECTION('',(0.,0.5,-0.866025403784439));
#10683=DIRECTION('',(-1.,0.,0.));
#10684=DIRECTION('',(0.,-0.5,0.866025403784439));
#10685=DIRECTION('',(-1.,0.,0.));
#10686=DIRECTION('',(0.,-0.866025403784439,0.5));
#10687=DIRECTION('',(0.,-0.5,-0.866025403784439));
#10688=DIRECTION('',(-1.,0.,0.));
#10689=DIRECTION('',(0.,0.5,0.866025403784439));
#10690=DIRECTION('',(0.,0.,1.));
#10691=DIRECTION('',(1.,0.,0.));
#10692=DIRECTION('',(-1.,0.,0.));
#10693=DIRECTION('',(0.,1.,0.));
#10694=DIRECTION('',(0.,0.866025403784439,0.5));
#10695=DIRECTION('',(0.,-0.5,0.866025403784439));
#10696=DIRECTION('',(-1.,0.,0.));
#10697=DIRECTION('',(0.,0.5,-0.866025403784439));
#10698=DIRECTION('',(0.,0.866025403784439,-0.5));
#10699=DIRECTION('',(0.,0.5,0.866025403784439));
#10700=DIRECTION('',(-1.,0.,0.));
#10701=DIRECTION('',(0.,-0.5,-0.866025403784439));
#10702=DIRECTION('',(0.,0.,-1.));
#10703=DIRECTION('',(-1.,0.,0.));
#10704=DIRECTION('',(0.,-1.,0.));
#10705=DIRECTION('',(-1.,0.,0.));
#10706=DIRECTION('',(0.,0.,1.));
#10707=DIRECTION('',(1.,0.,0.));
#10708=DIRECTION('',(0.,0.,-1.));
#10709=DIRECTION('',(1.,0.,0.));
#10710=DIRECTION('',(0.,0.,-1.));
#10711=DIRECTION('',(1.,0.,0.));
#10712=DIRECTION('',(0.,0.,-1.));
#10713=DIRECTION('',(1.,0.,0.));
#10714=DIRECTION('',(0.,0.,-1.));
#10715=DIRECTION('',(-1.,0.,0.));
#10716=DIRECTION('',(0.,0.,1.));
#10717=DIRECTION('',(1.,0.,0.));
#10718=DIRECTION('',(0.,0.,-1.));
#10719=DIRECTION('',(1.,0.,0.));
#10720=DIRECTION('',(0.,0.,-1.));
#10721=DIRECTION('',(1.,0.,0.));
#10722=DIRECTION('',(0.,0.,-1.));
#10723=DIRECTION('',(-1.,0.,0.));
#10724=DIRECTION('',(0.,0.,1.));
#10725=DIRECTION('',(0.,0.5,-0.866025403784439));
#10726=DIRECTION('',(0.,-0.5,-0.866025403784439));
#10727=DIRECTION('',(0.,-1.,0.));
#10728=DIRECTION('',(0.,-0.5,0.866025403784439));
#10729=DIRECTION('',(0.,0.5,0.866025403784439));
#10730=DIRECTION('',(0.,1.,0.));
#10731=DIRECTION('',(0.,-0.866025403784439,0.5));
#10732=DIRECTION('',(0.,-0.5,-0.866025403784439));
#10733=DIRECTION('',(1.,0.,0.));
#10734=DIRECTION('',(0.,-0.5,-0.866025403784439));
#10735=DIRECTION('',(1.,0.,0.));
#10736=DIRECTION('',(0.,-0.866025403784439,-0.5));
#10737=DIRECTION('',(0.,0.5,-0.866025403784439));
#10738=DIRECTION('',(1.,0.,0.));
#10739=DIRECTION('',(0.,0.5,-0.866025403784439));
#10740=DIRECTION('',(0.,0.,-1.));
#10741=DIRECTION('',(-1.,0.,0.));
#10742=DIRECTION('',(1.,0.,0.));
#10743=DIRECTION('',(0.,1.,0.));
#10744=DIRECTION('',(0.,0.866025403784439,-0.5));
#10745=DIRECTION('',(0.,0.5,0.866025403784439));
#10746=DIRECTION('',(1.,0.,0.));
#10747=DIRECTION('',(0.,0.5,0.866025403784439));
#10748=DIRECTION('',(0.,0.866025403784439,0.5));
#10749=DIRECTION('',(0.,-0.5,0.866025403784439));
#10750=DIRECTION('',(1.,0.,0.));
#10751=DIRECTION('',(0.,-0.5,0.866025403784439));
#10752=DIRECTION('',(0.,0.,1.));
#10753=DIRECTION('',(1.,0.,0.));
#10754=DIRECTION('',(0.,-1.,0.));
#10755=DIRECTION('',(1.,0.,0.));
#10756=DIRECTION('',(0.,0.,-1.));
#10757=DIRECTION('',(0.,-1.,0.));
#10758=DIRECTION('',(0.,0.,-1.));
#10759=DIRECTION('',(0.,0.,1.));
#10760=DIRECTION('',(1.,0.,0.));
#10761=DIRECTION('',(0.,-1.,0.));
#10762=DIRECTION('',(0.,-1.,0.));
#10763=DIRECTION('',(0.,-1.,0.));
#10764=DIRECTION('',(0.,0.,-1.));
#10765=DIRECTION('',(0.,-1.,0.));
#10766=DIRECTION('',(0.,0.,-1.));
#10767=DIRECTION('',(-1.,0.,0.));
#10768=DIRECTION('',(0.,-1.,0.));
#10769=DIRECTION('',(0.,-1.,0.));
#10770=DIRECTION('',(0.,0.,-1.));
#10771=DIRECTION('',(0.,0.,1.));
#10772=DIRECTION('',(1.,0.,0.));
#10773=DIRECTION('',(-1.,0.,0.));
#10774=DIRECTION('',(0.,0.,1.));
#10775=DIRECTION('',(-1.,0.,0.));
#10776=DIRECTION('',(0.,0.,1.));
#10777=DIRECTION('',(-1.,0.,0.));
#10778=DIRECTION('',(0.,0.,1.));
#10779=DIRECTION('',(0.,0.,-1.));
#10780=DIRECTION('',(0.,-1.,0.));
#10781=DIRECTION('',(1.,0.,0.));
#10782=DIRECTION('',(0.,0.,-1.));
#10783=DIRECTION('',(0.,-1.,0.));
#10784=DIRECTION('',(0.,0.,-1.));
#10785=DIRECTION('',(-1.,0.,0.));
#10786=DIRECTION('',(0.,0.,1.));
#10787=DIRECTION('',(0.,0.,-1.));
#10788=DIRECTION('',(-1.,0.,0.));
#10789=DIRECTION('',(0.,0.,1.));
#10790=DIRECTION('',(0.,1.,0.));
#10791=DIRECTION('',(1.,0.,0.));
#10792=DIRECTION('',(0.,0.,-1.));
#10793=DIRECTION('',(1.,0.,0.));
#10794=DIRECTION('',(0.,0.,-1.));
#10795=DIRECTION('',(1.,0.,0.));
#10796=DIRECTION('',(0.,0.,-1.));
#10797=DIRECTION('',(1.,0.,0.));
#10798=DIRECTION('',(0.,0.,-1.));
#10799=DIRECTION('',(1.,0.,0.));
#10800=DIRECTION('',(0.,0.,-1.));
#10801=DIRECTION('',(0.,1.,0.));
#10802=DIRECTION('',(0.,0.,1.));
#10803=DIRECTION('',(0.,-0.707106781186546,0.707106781186549));
#10804=DIRECTION('',(0.,-1.,-1.1619876452755E-15));
#10805=DIRECTION('',(0.,0.,1.));
#10806=DIRECTION('',(1.,0.,0.));
#10807=DIRECTION('',(0.,0.,-1.));
#10808=DIRECTION('',(0.,0.,-1.));
#10809=DIRECTION('',(0.,-1.,-9.99789371052819E-16));
#10810=DIRECTION('',(1.,0.,0.));
#10811=DIRECTION('',(0.,0.,-1.));
#10812=DIRECTION('',(0.,-1.,0.));
#10813=DIRECTION('',(0.,-0.499999999999999,-0.866025403784439));
#10814=DIRECTION('',(0.,0.,-1.));
#10815=DIRECTION('',(0.,0.499999999999999,-0.866025403784439));
#10816=DIRECTION('',(0.,1.,0.));
#10817=DIRECTION('',(1.,0.,0.));
#10818=DIRECTION('',(0.,0.,-1.));
#10819=DIRECTION('',(0.,1.,-9.99789371052819E-16));
#10820=DIRECTION('',(0.,0.,-1.));
#10821=DIRECTION('',(1.,0.,0.));
#10822=DIRECTION('',(0.,0.,-1.));
#10823=DIRECTION('',(0.,0.,1.));
#10824=DIRECTION('',(0.,1.,-1.1619876452755E-15));
#10825=DIRECTION('',(0.,0.707106781186546,0.707106781186549));
#10826=DIRECTION('',(0.,0.,1.));
#10827=DIRECTION('',(1.,0.,0.));
#10828=DIRECTION('',(0.,0.,-1.));
#10829=DIRECTION('',(0.,0.,-1.));
#10830=DIRECTION('',(0.,-1.,0.));
#10831=DIRECTION('',(1.,0.,0.));
#10832=DIRECTION('',(0.,0.,-1.));
#10833=DIRECTION('',(0.,-1.,0.));
#10834=DIRECTION('',(0.,0.,-1.));
#10835=DIRECTION('',(1.,0.,0.));
#10836=DIRECTION('',(0.,0.,-1.));
#10837=DIRECTION('',(1.,0.,0.));
#10838=DIRECTION('',(0.,0.,-1.));
#10839=DIRECTION('',(1.,0.,0.));
#10840=DIRECTION('',(0.,0.,-1.));
#10841=DIRECTION('',(0.,0.,1.));
#10842=DIRECTION('',(0.,-1.,0.));
#10843=DIRECTION('',(1.,0.,0.));
#10844=DIRECTION('',(0.,0.,-1.));
#10845=DIRECTION('',(0.,-1.,0.));
#10846=DIRECTION('',(0.,0.,-1.));
#10847=DIRECTION('',(1.,0.,0.));
#10848=DIRECTION('',(0.,0.,1.));
#10849=DIRECTION('',(-1.,0.,0.));
#10850=DIRECTION('',(0.,0.,-1.));
#10851=DIRECTION('',(-1.,0.,0.));
#10852=DIRECTION('',(0.,0.,-1.));
#10853=DIRECTION('',(-1.,0.,0.));
#10854=DIRECTION('',(-1.,0.,0.));
#10855=DIRECTION('',(0.,0.,1.));
#10856=DIRECTION('',(-0.106264071336232,0.994337944133205,0.));
#10857=DIRECTION('',(-0.994337944133205,-0.106264071336232,0.));
#10858=DIRECTION('',(-1.,0.,0.));
#10859=DIRECTION('',(0.,0.,1.));
#10860=DIRECTION('',(0.,-1.,0.));
#10861=DIRECTION('',(0.,0.,-1.));
#10862=DIRECTION('',(-1.,0.,0.));
#10863=DIRECTION('',(0.,0.,1.));
#10864=DIRECTION('',(0.,0.,-1.));
#10865=DIRECTION('',(0.,0.,1.));
#10866=DIRECTION('',(-1.,0.,0.));
#10867=DIRECTION('',(0.,0.,-1.));
#10868=DIRECTION('',(-1.,0.,0.));
#10869=DIRECTION('',(0.,0.,1.));
#10870=DIRECTION('',(-1.,0.,0.));
#10871=DIRECTION('',(0.,0.,1.));
#10872=DIRECTION('',(1.,0.,0.));
#10873=DIRECTION('',(0.,0.,-1.));
#10874=DIRECTION('',(0.,1.,0.));
#10875=DIRECTION('',(1.,0.,0.));
#10876=DIRECTION('',(0.,0.,-1.));
#10877=DIRECTION('',(1.,0.,0.));
#10878=DIRECTION('',(0.,0.,-1.));
#10879=DIRECTION('',(1.,0.,0.));
#10880=DIRECTION('',(0.,0.,-1.));
#10881=DIRECTION('',(1.,0.,0.));
#10882=DIRECTION('',(0.,0.,-1.));
#10883=DIRECTION('',(1.,0.,0.));
#10884=DIRECTION('',(0.,0.,-1.));
#10885=DIRECTION('',(1.,0.,0.));
#10886=DIRECTION('',(0.,0.,-1.));
#10887=DIRECTION('',(1.,0.,0.));
#10888=DIRECTION('',(0.,0.,-1.));
#10889=DIRECTION('',(0.,-1.,0.));
#10890=DIRECTION('',(0.,0.707106781186546,0.707106781186549));
#10891=DIRECTION('',(0.,1.,-1.1619876452755E-15));
#10892=DIRECTION('',(0.,0.,1.));
#10893=DIRECTION('',(1.,0.,0.));
#10894=DIRECTION('',(0.,0.,-1.));
#10895=DIRECTION('',(0.,0.,-1.));
#10896=DIRECTION('',(0.,1.,-9.99789371052819E-16));
#10897=DIRECTION('',(1.,0.,0.));
#10898=DIRECTION('',(0.,0.,-1.));
#10899=DIRECTION('',(0.,1.,0.));
#10900=DIRECTION('',(0.,0.499999999999999,-0.866025403784439));
#10901=DIRECTION('',(0.,0.,-1.));
#10902=DIRECTION('',(0.,-0.499999999999999,-0.866025403784439));
#10903=DIRECTION('',(0.,-1.,0.));
#10904=DIRECTION('',(1.,0.,0.));
#10905=DIRECTION('',(0.,0.,-1.));
#10906=DIRECTION('',(0.,-1.,-9.99789371052819E-16));
#10907=DIRECTION('',(0.,0.,-1.));
#10908=DIRECTION('',(1.,0.,0.));
#10909=DIRECTION('',(0.,0.,-1.));
#10910=DIRECTION('',(0.,0.,1.));
#10911=DIRECTION('',(0.,-1.,-1.1619876452755E-15));
#10912=DIRECTION('',(0.,-0.707106781186546,0.707106781186549));
#10913=DIRECTION('',(1.,0.,0.));
#10914=DIRECTION('',(0.,0.,-1.));
#10915=DIRECTION('',(0.,0.,-1.));
#10916=DIRECTION('',(0.,-1.,0.));
#10917=DIRECTION('',(1.,0.,0.));
#10918=DIRECTION('',(0.,0.,-1.));
#10919=DIRECTION('',(0.,-1.,0.));
#10920=DIRECTION('',(0.,0.,-1.));
#10921=DIRECTION('',(1.,0.,0.));
#10922=DIRECTION('',(0.,0.,-1.));
#10923=DIRECTION('',(1.,0.,0.));
#10924=DIRECTION('',(0.,0.,-1.));
#10925=DIRECTION('',(1.,0.,0.));
#10926=DIRECTION('',(0.,0.,-1.));
#10927=DIRECTION('',(1.,0.,0.));
#10928=DIRECTION('',(0.,0.,-1.));
#10929=DIRECTION('',(0.106264071336232,0.994337944133205,0.));
#10930=DIRECTION('',(0.994337944133205,-0.106264071336232,0.));
#10931=DIRECTION('',(1.,0.,0.));
#10932=DIRECTION('',(0.,0.,-1.));
#10933=DIRECTION('',(-0.106264071336232,0.994337944133205,0.));
#10934=DIRECTION('',(-0.994337944133205,-0.106264071336232,0.));
#10935=DIRECTION('',(0.993189055404765,0.106141290550769,-0.0480575349389409));
#10936=DIRECTION('',(-0.106264071336232,0.994337944133205,0.));
#10937=DIRECTION('',(-0.994337944133205,-0.106264071336232,0.));
#10938=DIRECTION('',(-0.106264071336232,0.994337944133205,0.));
#10939=DIRECTION('',(-0.994337944133205,-0.106264071336232,0.));
#10940=DIRECTION('',(-0.993189055404765,-0.106141290550769,-0.0480575349389411));
#10941=DIRECTION('',(1.,0.,0.));
#10942=DIRECTION('',(0.,0.,-1.));
#10943=DIRECTION('',(0.,1.,0.));
#10944=DIRECTION('',(1.,0.,0.));
#10945=DIRECTION('',(0.,0.,-1.));
#10946=DIRECTION('',(0.,0.,-1.));
#10947=DIRECTION('',(0.,-1.,0.));
#10948=DIRECTION('',(1.,0.,0.));
#10949=DIRECTION('',(0.,0.,-1.));
#10950=DIRECTION('',(0.,-1.,0.));
#10951=DIRECTION('',(0.,0.,-1.));
#10952=DIRECTION('',(1.,0.,0.));
#10953=DIRECTION('',(0.,0.,-1.));
#10954=DIRECTION('',(0.,0.,-1.));
#10955=DIRECTION('',(0.106264071336232,0.994337944133205,0.));
#10956=DIRECTION('',(-0.994337944133205,0.106264071336232,0.));
#10957=DIRECTION('',(-0.993189055404765,0.106141290550769,0.048057534938941));
#10958=DIRECTION('',(0.106264071336232,0.994337944133205,0.));
#10959=DIRECTION('',(0.994337944133205,-0.106264071336232,0.));
#10960=DIRECTION('',(0.106264071336232,0.994337944133205,0.));
#10961=DIRECTION('',(-0.994337944133205,0.106264071336232,0.));
#10962=DIRECTION('',(0.993189055404765,-0.106141290550769,0.048057534938941));
#10963=DIRECTION('',(0.,1.,0.));
#10964=DIRECTION('',(0.,0.,1.));
#10965=DIRECTION('',(0.,-1.,0.));
#10966=DIRECTION('',(0.,0.,-1.));
#10967=DIRECTION('',(0.,-1.,0.));
#10968=DIRECTION('',(0.,0.,-1.));
#10969=DIRECTION('',(0.,-1.,0.));
#10970=DIRECTION('',(0.,0.,-1.));
#10971=DIRECTION('',(0.,-1.,0.));
#10972=DIRECTION('',(0.,0.,-1.));
#10973=DIRECTION('',(-1.,0.,0.));
#10974=DIRECTION('',(0.,0.,-1.));
#10975=DIRECTION('',(-1.,0.,0.));
#10976=DIRECTION('',(0.,0.,-1.));
#10977=DIRECTION('',(0.,1.,0.));
#10978=DIRECTION('',(0.,0.,1.));
#10979=DIRECTION('',(0.,-1.,0.));
#10980=DIRECTION('',(0.,0.,-1.));
#10981=DIRECTION('',(0.,-1.,0.));
#10982=DIRECTION('',(0.,0.,-1.));
#10983=DIRECTION('',(0.,-1.,0.));
#10984=DIRECTION('',(0.,0.,-1.));
#10985=DIRECTION('',(0.,-1.,0.));
#10986=DIRECTION('',(0.,0.,-1.));
#10987=DIRECTION('',(-1.,0.,0.));
#10988=DIRECTION('',(0.,0.,-1.));
#10989=DIRECTION('',(-1.,0.,0.));
#10990=DIRECTION('',(0.,0.,-1.));
#10991=DIRECTION('',(1.,0.,0.));
#10992=DIRECTION('',(0.,0.,-1.));
#10993=DIRECTION('',(1.,0.,0.));
#10994=DIRECTION('',(0.,0.,-1.));
#10995=DIRECTION('',(0.,0.,-1.));
#10996=DIRECTION('',(0.,1.,1.1619876452755E-15));
#10997=DIRECTION('',(0.,0.707106781186546,-0.707106781186549));
#10998=DIRECTION('',(0.,-0.707106781186546,-0.707106781186549));
#10999=DIRECTION('',(0.,-1.,1.1619876452755E-15));
#11000=DIRECTION('',(0.,0.,-1.));
#11001=DIRECTION('',(1.,0.,0.));
#11002=DIRECTION('',(0.,0.,-1.));
#11003=DIRECTION('',(0.,0.707106781186547,-0.707106781186548));
#11004=DIRECTION('',(0.,1.,0.));
#11005=DIRECTION('',(0.,0.707106781186547,0.707106781186547));
#11006=DIRECTION('',(0.,0.,1.));
#11007=DIRECTION('',(0.,-0.707106781186547,0.707106781186547));
#11008=DIRECTION('',(0.,-1.,0.));
#11009=DIRECTION('',(1.,0.,0.));
#11010=DIRECTION('',(0.,0.,-1.));
#11011=DIRECTION('',(0.,0.,1.));
#11012=DIRECTION('',(1.,0.,0.));
#11013=DIRECTION('',(0.,0.,-1.));
#11014=DIRECTION('',(0.,1.,0.));
#11015=DIRECTION('',(0.,0.707106781186547,0.707106781186547));
#11016=DIRECTION('',(0.,0.,1.));
#11017=DIRECTION('',(0.,-0.707106781186547,0.707106781186547));
#11018=DIRECTION('',(0.,-1.,0.));
#11019=DIRECTION('',(0.,-0.707106781186547,-0.707106781186548));
#11020=DIRECTION('',(1.,0.,0.));
#11021=DIRECTION('',(0.,0.,-1.));
#11022=DIRECTION('',(1.,0.,0.));
#11023=DIRECTION('',(0.,0.,-1.));
#11024=DIRECTION('',(0.,-0.707106781186547,-0.707106781186548));
#11025=DIRECTION('',(0.,-1.,0.));
#11026=DIRECTION('',(0.,-0.707106781186547,0.707106781186547));
#11027=DIRECTION('',(0.,0.,1.));
#11028=DIRECTION('',(0.,0.707106781186547,0.707106781186547));
#11029=DIRECTION('',(0.,1.,0.));
#11030=DIRECTION('',(1.,0.,0.));
#11031=DIRECTION('',(0.,0.,-1.));
#11032=DIRECTION('',(0.,0.,1.));
#11033=DIRECTION('',(1.,0.,0.));
#11034=DIRECTION('',(0.,0.,-1.));
#11035=DIRECTION('',(0.,-1.,0.));
#11036=DIRECTION('',(0.,-0.707106781186547,0.707106781186547));
#11037=DIRECTION('',(0.,0.,1.));
#11038=DIRECTION('',(0.,0.707106781186547,0.707106781186547));
#11039=DIRECTION('',(0.,1.,0.));
#11040=DIRECTION('',(0.,0.707106781186547,-0.707106781186548));
#11041=DIRECTION('',(1.,0.,0.));
#11042=DIRECTION('',(0.,0.,-1.));
#11043=DIRECTION('',(0.,0.,-1.));
#11044=DIRECTION('',(0.,-1.,1.1619876452755E-15));
#11045=DIRECTION('',(0.,-0.707106781186546,-0.707106781186549));
#11046=DIRECTION('',(0.,0.707106781186546,-0.707106781186549));
#11047=DIRECTION('',(0.,1.,1.1619876452755E-15));
#11048=DIRECTION('',(0.,0.,-1.));
#11049=DIRECTION('',(0.,-0.707106781186548,-0.707106781186548));
#11050=DIRECTION('',(0.,0.707106781186548,-0.707106781186548));
#11051=DIRECTION('',(-1.,0.,0.));
#11052=DIRECTION('',(-1.,0.,0.));
#11053=DIRECTION('',(0.,0.,-1.));
#11054=DIRECTION('',(-1.,0.,0.));
#11055=DIRECTION('',(0.,0.,-1.));
#11056=DIRECTION('',(-1.,0.,0.));
#11057=DIRECTION('',(0.,0.,-1.));
#11058=DIRECTION('',(-1.,0.,0.));
#11059=DIRECTION('',(-1.,0.,0.));
#11060=DIRECTION('',(0.,0.707106781186548,-0.707106781186547));
#11061=DIRECTION('',(0.,0.707106781186547,0.707106781186548));
#11062=DIRECTION('',(0.,0.707106781186548,0.707106781186547));
#11063=DIRECTION('',(0.,-0.707106781186547,0.707106781186548));
#11064=DIRECTION('',(-1.,0.,0.));
#11065=DIRECTION('',(0.,0.,1.));
#11066=DIRECTION('',(1.,0.,0.));
#11067=DIRECTION('',(0.,0.,-1.));
#11068=DIRECTION('',(-1.,0.,0.));
#11069=DIRECTION('',(0.,0.,-1.));
#11070=DIRECTION('',(-1.,0.,0.));
#11071=DIRECTION('',(-1.,0.,0.));
#11072=DIRECTION('',(0.,-0.707106781186548,0.707106781186548));
#11073=DIRECTION('',(0.,-0.707106781186548,-0.707106781186548));
#11074=DIRECTION('',(-1.,0.,0.));
#11075=DIRECTION('',(0.,-1.,0.));
#11076=DIRECTION('',(0.,0.,-1.));
#11077=DIRECTION('',(0.,0.,1.));
#11078=DIRECTION('',(0.,1.,0.));
#11079=DIRECTION('',(1.,0.,0.));
#11080=DIRECTION('',(0.,0.,-1.));
#11081=DIRECTION('',(0.,1.,0.));
#11082=DIRECTION('',(1.,0.,0.));
#11083=DIRECTION('',(0.,-1.,0.));
#11084=DIRECTION('',(0.,0.,-1.));
#11085=DIRECTION('',(0.,-1.,0.));
#11086=DIRECTION('',(0.,0.,-1.));
#11087=DIRECTION('',(-1.,0.,0.));
#11088=DIRECTION('',(0.,-0.707106781186548,-0.707106781186548));
#11089=DIRECTION('',(0.,0.707106781186548,-0.707106781186548));
#11090=DIRECTION('',(-1.,0.,0.));
#11091=DIRECTION('',(0.,0.,-1.));
#11092=DIRECTION('',(-1.,0.,0.));
#11093=DIRECTION('',(-1.,0.,0.));
#11094=DIRECTION('',(-1.,0.,0.));
#11095=DIRECTION('',(0.,0.,1.));
#11096=DIRECTION('',(-1.,0.,0.));
#11097=DIRECTION('',(0.,-1.,0.));
#11098=DIRECTION('',(0.,0.,-1.));
#11099=DIRECTION('',(-1.,0.,0.));
#11100=DIRECTION('',(-1.,0.,0.));
#11101=DIRECTION('',(0.,0.,1.));
#11102=DIRECTION('',(-1.,0.,0.));
#11103=DIRECTION('',(0.,0.,1.));
#11104=DIRECTION('',(1.,0.,0.));
#11105=DIRECTION('',(-1.,0.,0.));
#11106=DIRECTION('',(0.,-0.707106781186548,0.707106781186548));
#11107=DIRECTION('',(0.,-0.707106781186548,-0.707106781186548));
#11108=DIRECTION('',(-1.,0.,0.));
#11109=DIRECTION('',(0.,-1.,0.));
#11110=DIRECTION('',(0.,0.,-1.));
#11111=DIRECTION('',(0.,1.,0.));
#11112=DIRECTION('',(1.,0.,0.));
#11113=DIRECTION('',(0.,-1.,0.));
#11114=DIRECTION('',(0.,0.,-1.));
#11115=DIRECTION('',(0.,-1.,0.));
#11116=DIRECTION('',(0.,0.,-1.));
#11117=DIRECTION('',(0.,-1.,0.));
#11118=DIRECTION('',(0.,0.,-1.));
#11119=DIRECTION('',(-1.,0.,0.));
#11120=DIRECTION('',(-1.,0.,0.));
#11121=DIRECTION('',(0.,-1.,0.));
#11122=DIRECTION('',(0.,0.,-1.));
#11123=DIRECTION('',(-1.,0.,0.));
#11124=DIRECTION('',(-1.,0.,0.));
#11125=DIRECTION('',(0.,1.1619876452755E-15,1.));
#11126=DIRECTION('',(0.,-1.,1.1619876452755E-15));
#11127=DIRECTION('',(-1.,0.,0.));
#11128=DIRECTION('',(0.,-0.707106781186549,0.707106781186546));
#11129=DIRECTION('',(0.,-0.707106781186546,-0.707106781186549));
#11130=DIRECTION('',(0.,-0.707106781186549,-0.707106781186546));
#11131=DIRECTION('',(0.,0.707106781186546,-0.707106781186549));
#11132=DIRECTION('',(-1.,0.,0.));
#11133=DIRECTION('',(0.,1.1619876452755E-15,-1.));
#11134=DIRECTION('',(0.,1.,1.1619876452755E-15));
#11135=DIRECTION('',(0.,-1.,0.));
#11136=DIRECTION('',(0.,0.,-1.));
#11137=DIRECTION('',(-1.,0.,0.));
#11138=DIRECTION('',(-1.,0.,0.));
#11139=DIRECTION('',(-1.,0.,0.));
#11140=DIRECTION('',(0.,0.,1.));
#11141=DIRECTION('',(-1.,0.,0.));
#11142=DIRECTION('',(0.,1.,0.));
#11143=DIRECTION('',(0.,0.,1.));
#11144=DIRECTION('',(-1.,0.,0.));
#11145=DIRECTION('',(0.,9.99789371052819E-16,-1.));
#11146=DIRECTION('',(0.,1.,9.99789371052819E-16));
#11147=DIRECTION('',(-1.,0.,0.));
#11148=DIRECTION('',(-1.,0.,0.));
#11149=DIRECTION('',(0.,0.,1.));
#11150=DIRECTION('',(-1.,0.,0.));
#11151=DIRECTION('',(0.,0.,-1.));
#11152=DIRECTION('',(-1.,0.,0.));
#11153=DIRECTION('',(-1.,0.,0.));
#11154=DIRECTION('',(0.,0.866025403784439,-0.499999999999999));
#11155=DIRECTION('',(0.,0.499999999999999,0.866025403784439));
#11156=DIRECTION('',(-1.,0.,0.));
#11157=DIRECTION('',(0.,1.,0.));
#11158=DIRECTION('',(0.,0.,1.));
#11159=DIRECTION('',(-1.,0.,0.));
#11160=DIRECTION('',(0.,0.866025403784439,0.499999999999999));
#11161=DIRECTION('',(0.,-0.5,0.866025403784439));
#11162=DIRECTION('',(-1.,0.,0.));
#11163=DIRECTION('',(0.,0.,1.));
#11164=DIRECTION('',(1.,0.,0.));
#11165=DIRECTION('',(-1.,0.,0.));
#11166=DIRECTION('',(-1.,0.,0.));
#11167=DIRECTION('',(0.,0.,1.));
#11168=DIRECTION('',(-1.,0.,0.));
#11169=DIRECTION('',(0.,9.99789371052819E-16,1.));
#11170=DIRECTION('',(0.,-1.,9.99789371052819E-16));
#11171=DIRECTION('',(-1.,0.,0.));
#11172=DIRECTION('',(0.,1.,0.));
#11173=DIRECTION('',(0.,0.,1.));
#11174=DIRECTION('',(-1.,0.,0.));
#11175=DIRECTION('',(-1.,0.,0.));
#11176=DIRECTION('',(0.,0.,1.));
#11177=DIRECTION('',(-1.,0.,0.));
#11178=DIRECTION('',(0.,-1.,0.));
#11179=DIRECTION('',(0.,0.,-1.));
#11180=DIRECTION('',(-1.,0.,0.));
#11181=DIRECTION('',(0.,1.1619876452755E-15,1.));
#11182=DIRECTION('',(0.,-1.,1.1619876452755E-15));
#11183=DIRECTION('',(-1.,0.,0.));
#11184=DIRECTION('',(0.,-0.707106781186549,0.707106781186546));
#11185=DIRECTION('',(0.,-0.707106781186546,-0.707106781186549));
#11186=DIRECTION('',(0.,-0.707106781186549,-0.707106781186546));
#11187=DIRECTION('',(0.,0.707106781186546,-0.707106781186549));
#11188=DIRECTION('',(-1.,0.,0.));
#11189=DIRECTION('',(-1.,0.,0.));
#11190=DIRECTION('',(0.,0.,1.));
#11191=DIRECTION('',(0.,1.1619876452755E-15,-1.));
#11192=DIRECTION('',(0.,1.,1.1619876452755E-15));
#11193=DIRECTION('',(0.0488497697956122,-0.998806137341434,0.));
#11194=DIRECTION('',(0.998806137341434,0.0488497697956122,0.));
#11195=DIRECTION('',(1.,0.,0.));
#11196=DIRECTION('',(0.,0.,-1.));
#11197=DIRECTION('',(-1.,0.,0.));
#11198=DIRECTION('',(0.,0.,1.));
#11199=DIRECTION('',(-0.998831396082,0.,-0.0483305514233233));
#11200=DIRECTION('',(0.998831396082,0.,-0.0483305514233233));
#11201=DIRECTION('',(-0.0488497697956122,-0.998806137341434,0.));
#11202=DIRECTION('',(0.998806137341434,-0.0488497697956122,0.));
#11203=DIRECTION('',(-1.,0.,0.));
#11204=DIRECTION('',(0.,0.,1.));
#11205=DIRECTION('',(1.,0.,0.));
#11206=DIRECTION('',(0.,0.,-1.));
#11207=DIRECTION('',(0.998831396082,0.,0.0483305514233235));
#11208=DIRECTION('',(-0.998831396082,0.,0.0483305514233232));
#11209=DIRECTION('',(-0.0483305514233233,0.,-0.998831396082));
#11210=DIRECTION('',(-0.998831396082,0.,0.0483305514233233));
#11211=DIRECTION('',(-0.0483305514233233,0.,0.998831396082));
#11212=DIRECTION('',(0.998831396082,0.,0.0483305514233233));
#11213=DIRECTION('',(0.0483305514233232,0.,0.998831396082));
#11214=DIRECTION('',(0.998831396082,0.,-0.0483305514233232));
#11215=DIRECTION('',(0.0483305514233235,0.,-0.998831396082));
#11216=DIRECTION('',(-0.998831396082,0.,-0.0483305514233235));
#11217=DIRECTION('',(0.,1.,0.));
#11218=DIRECTION('',(0.,0.,1.));
#11219=DIRECTION('',(0.,-1.,0.));
#11220=DIRECTION('',(0.,0.,-1.));
#11221=DIRECTION('',(0.,-1.,0.));
#11222=DIRECTION('',(0.,0.,-1.));
#11223=DIRECTION('',(0.,-1.,0.));
#11224=DIRECTION('',(0.,0.,-1.));
#11225=DIRECTION('',(0.,-1.,0.));
#11226=DIRECTION('',(0.,0.,-1.));
#11227=DIRECTION('',(0.,1.,0.));
#11228=DIRECTION('',(0.,0.,1.));
#11229=DIRECTION('',(0.,-1.,0.));
#11230=DIRECTION('',(0.,0.,-1.));
#11231=DIRECTION('',(0.,-1.,0.));
#11232=DIRECTION('',(0.,0.,-1.));
#11233=DIRECTION('',(0.,-1.,0.));
#11234=DIRECTION('',(0.,0.,-1.));
#11235=DIRECTION('',(0.,-1.,0.));
#11236=DIRECTION('',(0.,0.,-1.));
#11237=DIRECTION('',(0.,1.,0.));
#11238=DIRECTION('',(0.,0.,1.));
#11239=DIRECTION('',(0.,-1.,0.));
#11240=DIRECTION('',(0.,0.,-1.));
#11241=DIRECTION('',(0.,-1.,0.));
#11242=DIRECTION('',(0.,0.,-1.));
#11243=DIRECTION('',(0.,-1.,0.));
#11244=DIRECTION('',(0.,0.,-1.));
#11245=DIRECTION('',(0.,-1.,0.));
#11246=DIRECTION('',(0.,0.,-1.));
#11247=DIRECTION('',(0.,1.,0.));
#11248=DIRECTION('',(0.,0.,1.));
#11249=DIRECTION('',(0.,-1.,0.));
#11250=DIRECTION('',(0.,0.,-1.));
#11251=DIRECTION('',(0.,-1.,0.));
#11252=DIRECTION('',(0.,0.,-1.));
#11253=DIRECTION('',(0.,-1.,0.));
#11254=DIRECTION('',(0.,0.,-1.));
#11255=DIRECTION('',(0.,-1.,0.));
#11256=DIRECTION('',(0.,0.,-1.));
#11257=DIRECTION('',(0.,-1.,0.));
#11258=DIRECTION('',(0.,0.,-1.));
#11259=DIRECTION('',(0.,-1.,0.));
#11260=DIRECTION('',(0.,0.,-1.));
#11261=DIRECTION('',(0.,-1.,0.));
#11262=DIRECTION('',(0.,0.,-1.));
#11263=DIRECTION('',(0.,-1.,0.));
#11264=DIRECTION('',(0.,0.,-1.));
#11265=DIRECTION('',(0.,-1.,0.));
#11266=DIRECTION('',(0.,0.,-1.));
#11267=DIRECTION('',(0.,-1.,0.));
#11268=DIRECTION('',(0.,0.,-1.));
#11269=DIRECTION('',(0.,-1.,0.));
#11270=DIRECTION('',(0.,0.,-1.));
#11271=DIRECTION('',(0.,-1.,0.));
#11272=DIRECTION('',(0.,0.,-1.));
#11273=DIRECTION('',(0.,-1.,0.));
#11274=DIRECTION('',(0.,0.,-1.));
#11275=DIRECTION('',(0.,-1.,0.));
#11276=DIRECTION('',(0.,0.,-1.));
#11277=DIRECTION('',(0.,-1.,0.));
#11278=DIRECTION('',(0.,0.,-1.));
#11279=DIRECTION('',(0.,-1.,0.));
#11280=DIRECTION('',(0.,0.,-1.));
#11281=DIRECTION('',(0.,-1.,0.));
#11282=DIRECTION('',(0.,0.,-1.));
#11283=DIRECTION('',(0.,-1.,0.));
#11284=DIRECTION('',(0.,0.,-1.));
#11285=DIRECTION('',(0.,-1.,0.));
#11286=DIRECTION('',(0.,0.,-1.));
#11287=DIRECTION('',(0.,-1.,0.));
#11288=DIRECTION('',(0.,0.,-1.));
#11289=DIRECTION('',(0.,-1.,0.));
#11290=DIRECTION('',(0.,0.,-1.));
#11291=DIRECTION('',(0.,-1.,0.));
#11292=DIRECTION('',(0.,0.,-1.));
#11293=DIRECTION('',(0.,-1.,0.));
#11294=DIRECTION('',(0.,0.,-1.));
#11295=DIRECTION('',(0.,-1.,0.));
#11296=DIRECTION('',(0.,0.,-1.));
#11297=DIRECTION('',(1.,0.,0.));
#11298=DIRECTION('',(0.,0.,-1.));
#11299=DIRECTION('',(1.,0.,0.));
#11300=DIRECTION('',(0.,0.,-1.));
#11301=DIRECTION('',(-1.,0.,0.));
#11302=DIRECTION('',(0.,0.,1.));
#11303=DIRECTION('',(-1.,0.,0.));
#11304=DIRECTION('',(0.,0.,1.));
#11305=DIRECTION('',(1.,0.,0.));
#11306=DIRECTION('',(0.,0.,-1.));
#11307=DIRECTION('',(1.,0.,0.));
#11308=DIRECTION('',(0.,0.,-1.));
#11309=DIRECTION('',(1.,0.,0.));
#11310=DIRECTION('',(0.,0.,-1.));
#11311=DIRECTION('',(1.,0.,0.));
#11312=DIRECTION('',(0.,0.,-1.));
#11313=DIRECTION('',(-1.,0.,0.));
#11314=DIRECTION('',(0.,0.,1.));
#11315=DIRECTION('',(-1.,0.,0.));
#11316=DIRECTION('',(0.,0.,1.));
#11317=DIRECTION('',(1.,0.,0.));
#11318=DIRECTION('',(0.,0.,-1.));
#11319=DIRECTION('',(1.,0.,0.));
#11320=DIRECTION('',(0.,0.,-1.));
#11321=DIRECTION('',(0.,1.,0.));
#11322=DIRECTION('',(0.,0.,1.));
#11323=DIRECTION('',(0.,1.,0.));
#11324=DIRECTION('',(1.,0.,0.));
#11325=DIRECTION('',(0.,1.,0.));
#11326=DIRECTION('',(0.,0.,1.));
#11327=DIRECTION('',(0.,1.,0.));
#11328=DIRECTION('',(0.,0.,1.));
#11329=DIRECTION('',(0.,1.,0.));
#11330=DIRECTION('',(0.,1.,0.));
#11331=DIRECTION('',(1.,0.,0.));
#11332=DIRECTION('',(0.,1.,0.));
#11333=DIRECTION('',(-1.,0.,0.));
#11334=DIRECTION('',(0.,0.,1.));
#11335=DIRECTION('',(0.,1.,0.));
#11336=DIRECTION('',(0.,0.,1.));
#11337=DIRECTION('',(0.,1.,0.));
#11338=DIRECTION('',(0.,0.,1.));
#11339=DIRECTION('',(0.,1.,0.));
#11340=DIRECTION('',(0.,1.,0.));
#11341=DIRECTION('',(1.,0.,0.));
#11342=DIRECTION('',(1.,0.,0.));
#11343=DIRECTION('',(0.,0.,-1.));
#11344=DIRECTION('',(0.,0.,-1.));
#11345=DIRECTION('',(0.,1.,0.));
#11346=DIRECTION('',(0.,0.,1.));
#11347=DIRECTION('',(-1.,0.,0.));
#11348=DIRECTION('',(0.,0.,1.));
#11349=DIRECTION('',(-1.,0.,0.));
#11350=DIRECTION('',(1.,0.,0.));
#11351=DIRECTION('',(0.,0.,-1.));
#11352=DIRECTION('',(-1.,0.,0.));
#11353=DIRECTION('',(0.,0.,1.));
#11354=DIRECTION('',(1.,0.,0.));
#11355=DIRECTION('',(0.,1.,0.));
#11356=DIRECTION('',(0.,0.,-1.));
#11357=DIRECTION('',(-1.,0.,0.));
#11358=DIRECTION('',(0.,-1.,0.));
#11359=DIRECTION('',(-1.,0.,0.));
#11360=DIRECTION('',(-1.,0.,0.));
#11361=DIRECTION('',(0.,0.,1.));
#11362=DIRECTION('',(1.,0.,0.));
#11363=DIRECTION('',(0.,0.,-1.));
#11364=DIRECTION('',(1.,0.,0.));
#11365=DIRECTION('',(0.,0.,-1.));
#11366=DIRECTION('',(1.,0.,0.));
#11367=DIRECTION('',(0.,0.,-1.));
#11368=DIRECTION('',(-1.,0.,0.));
#11369=DIRECTION('',(0.,0.,1.));
#11370=DIRECTION('',(-1.,0.,0.));
#11371=DIRECTION('',(1.,0.,0.));
#11372=DIRECTION('',(0.,0.,-1.));
#11373=DIRECTION('',(-1.,0.,0.));
#11374=DIRECTION('',(0.,0.,1.));
#11375=DIRECTION('',(1.,0.,0.));
#11376=DIRECTION('',(0.,1.,0.));
#11377=DIRECTION('',(0.,0.,-1.));
#11378=DIRECTION('',(-1.,0.,0.));
#11379=DIRECTION('',(-1.,0.,0.));
#11380=DIRECTION('',(0.,-1.,0.));
#11381=DIRECTION('',(-1.,0.,0.));
#11382=DIRECTION('',(0.,0.,1.));
#11383=DIRECTION('',(1.,0.,0.));
#11384=DIRECTION('',(0.,0.,-1.));
#11385=DIRECTION('',(1.,0.,0.));
#11386=DIRECTION('',(0.,0.,-1.));
#11387=DIRECTION('',(1.,0.,0.));
#11388=DIRECTION('',(0.,1.,0.));
#11389=DIRECTION('',(1.,0.,0.));
#11390=DIRECTION('',(0.,0.,-1.));
#11391=DIRECTION('',(1.,0.,0.));
#11392=DIRECTION('',(0.,0.,-1.));
#11393=DIRECTION('',(1.,0.,0.));
#11394=DIRECTION('',(0.,0.,-1.));
#11395=DIRECTION('',(1.,0.,0.));
#11396=DIRECTION('',(0.,0.,-1.));
#11397=DIRECTION('',(1.,0.,0.));
#11398=DIRECTION('',(0.,0.,-1.));
#11399=DIRECTION('',(1.,0.,0.));
#11400=DIRECTION('',(0.,0.,-1.));
#11401=DIRECTION('',(0.,0.,1.));
#11402=DIRECTION('',(1.,0.,0.));
#11403=DIRECTION('',(0.,0.,-1.));
#11404=DIRECTION('',(-1.,0.,0.));
#11405=DIRECTION('',(0.,0.,-1.));
#11406=DIRECTION('',(-1.,0.,0.));
#11407=DIRECTION('',(0.,0.,-1.));
#11408=DIRECTION('',(-1.,0.,0.));
#11409=DIRECTION('',(0.,0.,1.));
#11410=DIRECTION('',(1.,0.,0.));
#11411=DIRECTION('',(0.,0.,1.));
#11412=DIRECTION('',(1.,0.,0.));
#11413=DIRECTION('',(0.,0.,-1.));
#11414=DIRECTION('',(-1.,0.,0.));
#11415=DIRECTION('',(0.,0.,-1.));
#11416=DIRECTION('',(-1.,0.,0.));
#11417=DIRECTION('',(0.,0.,-1.));
#11418=DIRECTION('',(-1.,0.,0.));
#11419=DIRECTION('',(0.,0.,1.));
#11420=DIRECTION('',(1.,0.,0.));
#11421=DIRECTION('',(0.,0.,-1.));
#11422=DIRECTION('',(-1.,0.,0.));
#11423=DIRECTION('',(0.,0.,-1.));
#11424=DIRECTION('',(-1.,0.,0.));
#11425=DIRECTION('',(0.,0.,-1.));
#11426=DIRECTION('',(-1.,0.,0.));
#11427=DIRECTION('',(0.,0.,-1.));
#11428=DIRECTION('',(-1.,0.,0.));
#11429=DIRECTION('',(0.,0.,-1.));
#11430=DIRECTION('',(-1.,0.,0.));
#11431=DIRECTION('',(0.,0.,-1.));
#11432=DIRECTION('',(-1.,0.,0.));
#11433=DIRECTION('',(0.,0.,-1.));
#11434=DIRECTION('',(-1.,0.,0.));
#11435=DIRECTION('',(0.,0.,-1.));
#11436=DIRECTION('',(-1.,0.,0.));
#11437=DIRECTION('',(0.,0.,-1.));
#11438=DIRECTION('',(-1.,0.,0.));
#11439=DIRECTION('',(0.,0.,-1.));
#11440=DIRECTION('',(-1.,0.,0.));
#11441=DIRECTION('',(0.,0.,-1.));
#11442=DIRECTION('',(-1.,0.,0.));
#11443=DIRECTION('',(0.,-1.,0.));
#11444=DIRECTION('',(0.,0.,-1.));
#11445=DIRECTION('',(0.,-1.,0.));
#11446=DIRECTION('',(0.,0.,-1.));
#11447=DIRECTION('',(0.,-1.,0.));
#11448=DIRECTION('',(0.,0.,-1.));
#11449=DIRECTION('',(0.,-1.,0.));
#11450=DIRECTION('',(0.,0.,-1.));
#11451=DIRECTION('',(0.,-1.,0.));
#11452=DIRECTION('',(0.,0.,-1.));
#11453=DIRECTION('',(-1.,0.,0.));
#11454=DIRECTION('',(0.,0.,-1.));
#11455=DIRECTION('',(-1.,0.,0.));
#11456=DIRECTION('',(0.,0.,-1.));
#11457=DIRECTION('',(1.,0.,0.));
#11458=DIRECTION('',(0.,0.,-1.));
#11459=DIRECTION('',(0.,-1.,0.));
#11460=DIRECTION('',(0.,0.,-1.));
#11461=DIRECTION('',(0.,-1.,0.));
#11462=DIRECTION('',(0.,1.,0.));
#11463=DIRECTION('',(0.,0.,1.));
#11464=DIRECTION('',(1.,0.,0.));
#11465=DIRECTION('',(0.,0.,-1.));
#11466=DIRECTION('',(1.,0.,0.));
#11467=DIRECTION('',(-1.,0.,0.));
#11468=DIRECTION('',(0.,0.,1.));
#11469=DIRECTION('',(0.,1.,0.));
#11470=DIRECTION('',(0.,1.,0.));
#11471=DIRECTION('',(0.,0.,1.));
#11472=DIRECTION('',(1.,0.,0.));
#11473=DIRECTION('',(0.,0.,1.));
#11474=DIRECTION('',(1.,0.,0.));
#11475=DIRECTION('',(0.,-1.,0.));
#11476=DIRECTION('',(0.,0.,-1.));
#11477=DIRECTION('',(0.,-1.,0.));
#11478=DIRECTION('',(0.,0.,-1.));
#11479=DIRECTION('',(0.,-1.,0.));
#11480=DIRECTION('',(0.,0.,-1.));
#11481=DIRECTION('',(0.,-1.,0.));
#11482=DIRECTION('',(0.,0.,-1.));
#11483=DIRECTION('',(0.,-1.,0.));
#11484=DIRECTION('',(0.,0.,-1.));
#11485=DIRECTION('',(0.,-1.,0.));
#11486=DIRECTION('',(0.,0.,-1.));
#11487=DIRECTION('',(0.,-1.,0.));
#11488=DIRECTION('',(0.,0.,-1.));
#11489=DIRECTION('',(0.,-1.,0.));
#11490=DIRECTION('',(0.,0.,-1.));
#11491=DIRECTION('',(0.,-1.,0.));
#11492=DIRECTION('',(0.,0.,-1.));
#11493=DIRECTION('',(0.,-1.,0.));
#11494=DIRECTION('',(0.,0.,-1.));
#11495=DIRECTION('',(0.,-1.,0.));
#11496=DIRECTION('',(0.,0.,-1.));
#11497=DIRECTION('',(0.,-1.,0.));
#11498=DIRECTION('',(0.,0.,-1.));
#11499=DIRECTION('',(0.,-1.,0.));
#11500=DIRECTION('',(0.,0.,-1.));
#11501=DIRECTION('',(0.,-1.,0.));
#11502=DIRECTION('',(0.,0.,-1.));
#11503=DIRECTION('',(0.,-1.,0.));
#11504=DIRECTION('',(0.,0.,-1.));
#11505=DIRECTION('',(0.,-1.,0.));
#11506=DIRECTION('',(0.,0.,-1.));
#11507=DIRECTION('',(0.,-1.,0.));
#11508=DIRECTION('',(0.,0.,-1.));
#11509=DIRECTION('',(0.,-1.,0.));
#11510=DIRECTION('',(0.,0.,-1.));
#11511=DIRECTION('',(0.,-1.,0.));
#11512=DIRECTION('',(0.,0.,-1.));
#11513=DIRECTION('',(0.,-1.,0.));
#11514=DIRECTION('',(0.,0.,-1.));
#11515=DIRECTION('',(0.,-1.,0.));
#11516=DIRECTION('',(0.,0.,-1.));
#11517=DIRECTION('',(0.,-1.,0.));
#11518=DIRECTION('',(0.,0.,-1.));
#11519=DIRECTION('',(0.,-1.,0.));
#11520=DIRECTION('',(0.,0.,-1.));
#11521=DIRECTION('',(0.,-1.,0.));
#11522=DIRECTION('',(0.,0.,-1.));
#11523=DIRECTION('',(0.,-1.,0.));
#11524=DIRECTION('',(0.,0.,-1.));
#11525=DIRECTION('',(0.,-1.,0.));
#11526=DIRECTION('',(0.,0.,-1.));
#11527=DIRECTION('',(0.,-1.,0.));
#11528=DIRECTION('',(0.,0.,-1.));
#11529=DIRECTION('',(0.,-1.,0.));
#11530=DIRECTION('',(0.,0.,-1.));
#11531=DIRECTION('',(0.,0.,1.));
#11532=DIRECTION('',(1.,0.,0.));
#11533=DIRECTION('',(0.,0.,-1.));
#11534=DIRECTION('',(-1.,0.,0.));
#11535=DIRECTION('',(0.,0.,-1.));
#11536=DIRECTION('',(0.,0.,-1.));
#11537=DIRECTION('',(-1.,0.,0.));
#11538=DIRECTION('',(0.,0.,-1.));
#11539=DIRECTION('',(0.,0.,-1.));
#11540=DIRECTION('',(-1.,0.,0.));
#11541=DIRECTION('',(0.,0.,-1.));
#11542=DIRECTION('',(-1.,0.,0.));
#11543=DIRECTION('',(0.,0.,-1.));
#11544=DIRECTION('',(0.,0.,-1.));
#11545=DIRECTION('',(-1.,0.,0.));
#11546=DIRECTION('',(0.,0.,-1.));
#11547=DIRECTION('',(0.,0.,-1.));
#11548=DIRECTION('',(-1.,0.,0.));
#11549=DIRECTION('',(0.,0.,-1.));
#11550=DIRECTION('',(-1.,0.,0.));
#11551=DIRECTION('',(0.,0.,-1.));
#11552=DIRECTION('',(0.,0.,-1.));
#11553=DIRECTION('',(-1.,0.,0.));
#11554=DIRECTION('',(0.,0.,-1.));
#11555=DIRECTION('',(0.,0.,-1.));
#11556=DIRECTION('',(-1.,0.,0.));
#11557=DIRECTION('',(0.,0.,-1.));
#11558=DIRECTION('',(-1.,0.,0.));
#11559=DIRECTION('',(0.,0.,-1.));
#11560=DIRECTION('',(0.,0.,-1.));
#11561=DIRECTION('',(-1.,0.,0.));
#11562=DIRECTION('',(0.,0.,-1.));
#11563=DIRECTION('',(0.,0.,-1.));
#11564=DIRECTION('',(-1.,0.,0.));
#11565=DIRECTION('',(0.,0.,-1.));
#11566=DIRECTION('',(-1.,0.,0.));
#11567=DIRECTION('',(0.,0.,-1.));
#11568=DIRECTION('',(-1.,0.,0.));
#11569=DIRECTION('',(0.,0.,-1.));
#11570=DIRECTION('',(-1.,0.,0.));
#11571=DIRECTION('',(0.,0.,1.));
#11572=DIRECTION('',(1.,0.,0.));
#11573=DIRECTION('',(0.,0.,-1.));
#11574=DIRECTION('',(-1.,0.,0.));
#11575=DIRECTION('',(0.,0.,-1.));
#11576=DIRECTION('',(-1.,0.,0.));
#11577=DIRECTION('',(0.,0.,-1.));
#11578=DIRECTION('',(-1.,0.,0.));
#11579=DIRECTION('',(0.,0.,1.));
#11580=DIRECTION('',(1.,0.,0.));
#11581=DIRECTION('',(0.,0.,-1.));
#11582=DIRECTION('',(-1.,0.,0.));
#11583=DIRECTION('',(0.,0.,-1.));
#11584=DIRECTION('',(-1.,0.,0.));
#11585=DIRECTION('',(0.,0.,-1.));
#11586=DIRECTION('',(-1.,0.,0.));
#11587=DIRECTION('',(0.,0.,1.));
#11588=DIRECTION('',(1.,0.,0.));
#11589=DIRECTION('',(0.,0.,-1.));
#11590=DIRECTION('',(-1.,0.,0.));
#11591=DIRECTION('',(0.,0.,-1.));
#11592=DIRECTION('',(-1.,0.,0.));
#11593=DIRECTION('',(0.,0.,-1.));
#11594=DIRECTION('',(-1.,0.,0.));
#11595=DIRECTION('',(0.,0.,1.));
#11596=DIRECTION('',(1.,0.,0.));
#11597=DIRECTION('',(1.,0.,0.));
#11598=DIRECTION('',(0.,0.,-1.));
#11599=DIRECTION('',(0.,-1.,0.));
#11600=DIRECTION('',(0.,0.,-1.));
#11601=DIRECTION('',(0.,-1.,0.));
#11602=DIRECTION('',(0.,0.,-1.));
#11603=DIRECTION('',(0.707106781186548,0.707106781186548,0.));
#11604=DIRECTION('',(-0.707106781186548,0.707106781186548,0.));
#11605=DIRECTION('',(0.707106781186548,-0.707106781186548,0.));
#11606=DIRECTION('',(0.,0.,-1.));
#11607=DIRECTION('',(0.707106781186548,-0.707106781186548,0.));
#11608=DIRECTION('',(0.,1.,0.));
#11609=DIRECTION('',(0.,0.,1.));
#11610=DIRECTION('',(1.,0.,0.));
#11611=DIRECTION('',(0.,0.,-1.));
#11612=DIRECTION('',(1.,0.,0.));
#11613=DIRECTION('',(-0.707106781186548,0.707106781186548,0.));
#11614=DIRECTION('',(-0.707106781186548,-0.707106781186548,0.));
#11615=DIRECTION('',(0.707106781186548,0.707106781186548,0.));
#11616=DIRECTION('',(0.,0.,-1.));
#11617=DIRECTION('',(0.707106781186548,0.707106781186548,0.));
#11618=DIRECTION('',(-1.,0.,0.));
#11619=DIRECTION('',(0.,0.,1.));
#11620=DIRECTION('',(0.,1.,0.));
#11621=DIRECTION('',(0.,0.,-1.));
#11622=DIRECTION('',(0.,1.,0.));
#11623=DIRECTION('',(-0.707106781186548,-0.707106781186548,0.));
#11624=DIRECTION('',(0.707106781186548,-0.707106781186548,0.));
#11625=DIRECTION('',(-0.707106781186548,0.707106781186548,0.));
#11626=DIRECTION('',(0.,0.,-1.));
#11627=DIRECTION('',(-0.707106781186548,0.707106781186548,0.));
#11628=DIRECTION('',(0.,-1.,0.));
#11629=DIRECTION('',(0.,0.,-1.));
#11630=DIRECTION('',(-1.,0.,0.));
#11631=DIRECTION('',(0.,0.,-1.));
#11632=DIRECTION('',(-1.,0.,0.));
#11633=DIRECTION('',(0.707106781186548,-0.707106781186548,0.));
#11634=DIRECTION('',(0.707106781186548,0.707106781186548,0.));
#11635=DIRECTION('',(-0.707106781186548,-0.707106781186548,0.));
#11636=DIRECTION('',(-0.707106781186548,-0.707106781186548,0.));
#11637=DIRECTION('',(0.,0.,1.));
#11638=DIRECTION('',(1.,0.,0.));
#11639=DIRECTION('',(0.,0.,-1.));
#11640=DIRECTION('',(-1.,0.,0.));
#11641=DIRECTION('',(0.,0.,-1.));
#11642=DIRECTION('',(-1.,0.,0.));
#11643=DIRECTION('',(0.,0.,-1.));
#11644=DIRECTION('',(-1.,0.,0.));
#11645=DIRECTION('',(0.,0.,-1.));
#11646=DIRECTION('',(-1.,0.,0.));
#11647=DIRECTION('',(0.,0.,-1.));
#11648=DIRECTION('',(-1.,0.,0.));
#11649=DIRECTION('',(0.,0.,-1.));
#11650=DIRECTION('',(-1.,0.,0.));
#11651=DIRECTION('',(0.,0.,-1.));
#11652=DIRECTION('',(-1.,0.,0.));
#11653=DIRECTION('',(0.,0.,-1.));
#11654=DIRECTION('',(-1.,0.,0.));
#11655=DIRECTION('',(0.,0.,1.));
#11656=DIRECTION('',(1.,0.,0.));
#11657=DIRECTION('',(0.,0.,-1.));
#11658=DIRECTION('',(-1.,0.,0.));
#11659=DIRECTION('',(0.,0.,-1.));
#11660=DIRECTION('',(-1.,0.,0.));
#11661=DIRECTION('',(0.,0.,-1.));
#11662=DIRECTION('',(-1.,0.,0.));
#11663=DIRECTION('',(0.,0.,-1.));
#11664=DIRECTION('',(-1.,0.,0.));
#11665=DIRECTION('',(0.,0.,-1.));
#11666=DIRECTION('',(-1.,0.,0.));
#11667=DIRECTION('',(0.,0.,-1.));
#11668=DIRECTION('',(-1.,0.,0.));
#11669=DIRECTION('',(0.,0.,-1.));
#11670=DIRECTION('',(-1.,0.,0.));
#11671=DIRECTION('',(0.,0.,-1.));
#11672=DIRECTION('',(-1.,0.,0.));
#11673=DIRECTION('',(0.,0.,-1.));
#11674=DIRECTION('',(-1.,0.,0.));
#11675=DIRECTION('',(0.,0.,1.));
#11676=DIRECTION('',(1.,0.,0.));
#11677=DIRECTION('',(0.,0.,-1.));
#11678=DIRECTION('',(-1.,0.,0.));
#11679=DIRECTION('',(0.,0.,-1.));
#11680=DIRECTION('',(-1.,0.,0.));
#11681=DIRECTION('',(0.,0.,1.));
#11682=DIRECTION('',(1.,0.,0.));
#11683=DIRECTION('',(0.,0.,-1.));
#11684=DIRECTION('',(-1.,0.,0.));
#11685=DIRECTION('',(0.,0.,-1.));
#11686=DIRECTION('',(-1.,0.,0.));
#11687=DIRECTION('',(0.,0.,-1.));
#11688=DIRECTION('',(-1.,0.,0.));
#11689=DIRECTION('',(0.,0.,-1.));
#11690=DIRECTION('',(-1.,0.,0.));
#11691=DIRECTION('',(0.,0.,1.));
#11692=DIRECTION('',(1.,0.,0.));
#11693=DIRECTION('',(0.,0.,-1.));
#11694=DIRECTION('',(-1.,0.,0.));
#11695=DIRECTION('',(0.,0.,-1.));
#11696=DIRECTION('',(-1.,0.,0.));
#11697=DIRECTION('',(0.,0.,-1.));
#11698=DIRECTION('',(-1.,0.,0.));
#11699=DIRECTION('',(0.,0.,-1.));
#11700=DIRECTION('',(-1.,0.,0.));
#11701=DIRECTION('',(0.,0.,1.));
#11702=DIRECTION('',(1.,0.,0.));
#11703=DIRECTION('',(0.,0.,-1.));
#11704=DIRECTION('',(-1.,0.,0.));
#11705=DIRECTION('',(0.,0.,-1.));
#11706=DIRECTION('',(-1.,0.,0.));
#11707=DIRECTION('',(0.,0.,-1.));
#11708=DIRECTION('',(-1.,0.,0.));
#11709=DIRECTION('',(0.,0.,-1.));
#11710=DIRECTION('',(-1.,0.,0.));
#11711=DIRECTION('',(0.,0.,1.));
#11712=DIRECTION('',(1.,0.,0.));
#11713=DIRECTION('',(0.,0.,-1.));
#11714=DIRECTION('',(-1.,0.,0.));
#11715=DIRECTION('',(0.,0.,-1.));
#11716=DIRECTION('',(-1.,0.,0.));
#11717=DIRECTION('',(0.,0.,-1.));
#11718=DIRECTION('',(-1.,0.,0.));
#11719=DIRECTION('',(0.,0.,-1.));
#11720=DIRECTION('',(-1.,0.,0.));
#11721=DIRECTION('',(0.,0.,1.));
#11722=DIRECTION('',(1.,0.,0.));
#11723=DIRECTION('',(0.,0.,-1.));
#11724=DIRECTION('',(-1.,0.,0.));
#11725=DIRECTION('',(0.,0.,-1.));
#11726=DIRECTION('',(-1.,0.,0.));
#11727=DIRECTION('',(0.,0.,1.));
#11728=DIRECTION('',(1.,0.,0.));
#11729=DIRECTION('',(0.,0.,-1.));
#11730=DIRECTION('',(-1.,0.,0.));
#11731=DIRECTION('',(0.,0.,-1.));
#11732=DIRECTION('',(-1.,0.,0.));
#11733=DIRECTION('',(0.,0.,1.));
#11734=DIRECTION('',(1.,0.,0.));
#11735=DIRECTION('',(0.,0.,-1.));
#11736=DIRECTION('',(-1.,0.,0.));
#11737=DIRECTION('',(0.,0.,-1.));
#11738=DIRECTION('',(-1.,0.,0.));
#11739=DIRECTION('',(0.,0.,1.));
#11740=DIRECTION('',(1.,0.,0.));
#11741=DIRECTION('',(0.,0.,-1.));
#11742=DIRECTION('',(-1.,0.,0.));
#11743=DIRECTION('',(0.,0.,-1.));
#11744=DIRECTION('',(-1.,0.,0.));
#11745=DIRECTION('',(0.,0.,1.));
#11746=DIRECTION('',(1.,0.,0.));
#11747=DIRECTION('',(0.,0.,1.));
#11748=DIRECTION('',(1.,0.,0.));
#11749=DIRECTION('',(0.,0.,1.));
#11750=DIRECTION('',(1.,0.,0.));
#11751=DIRECTION('',(0.,0.,1.));
#11752=DIRECTION('',(1.,0.,0.));
#11753=DIRECTION('',(-1.,0.,0.));
#11754=DIRECTION('',(0.,0.,1.));
#11755=DIRECTION('',(1.,0.,0.));
#11756=DIRECTION('',(0.,0.,-1.));
#11757=DIRECTION('',(1.,0.,0.));
#11758=DIRECTION('',(0.,0.,-1.));
#11759=DIRECTION('',(0.,0.5,-0.866025403784439));
#11760=DIRECTION('',(0.,1.,0.));
#11761=DIRECTION('',(0.,0.5,0.866025403784439));
#11762=DIRECTION('',(0.,-0.5,0.866025403784439));
#11763=DIRECTION('',(0.,-1.,0.));
#11764=DIRECTION('',(0.,-0.5,-0.866025403784439));
#11765=DIRECTION('',(1.,0.,0.));
#11766=DIRECTION('',(0.,0.,-1.));
#11767=DIRECTION('',(1.,0.,0.));
#11768=DIRECTION('',(0.,0.,-1.));
#11769=DIRECTION('',(1.,0.,0.));
#11770=DIRECTION('',(0.,0.,-1.));
#11771=DIRECTION('',(1.,0.,0.));
#11772=DIRECTION('',(0.,0.,-1.));
#11773=DIRECTION('',(-1.,0.,0.));
#11774=DIRECTION('',(0.,0.,1.));
#11775=DIRECTION('',(1.,0.,0.));
#11776=DIRECTION('',(0.,0.,-1.));
#11777=DIRECTION('',(1.,0.,0.));
#11778=DIRECTION('',(0.,0.,-1.));
#11779=DIRECTION('',(1.,0.,0.));
#11780=DIRECTION('',(0.,0.,-1.));
#11781=DIRECTION('',(-1.,0.,0.));
#11782=DIRECTION('',(0.,0.,1.));
#11783=DIRECTION('',(1.,0.,0.));
#11784=DIRECTION('',(0.,0.,-1.));
#11785=DIRECTION('',(-1.,0.,0.));
#11786=DIRECTION('',(0.,0.,1.));
#11787=DIRECTION('',(0.,0.,-1.));
#11788=DIRECTION('',(-1.,0.,0.));
#11789=DIRECTION('',(-1.,0.,0.));
#11790=DIRECTION('',(0.,-1.,0.));
#11791=DIRECTION('',(0.,-1.,0.));
#11792=DIRECTION('',(-1.,0.,0.));
#11793=DIRECTION('',(0.,0.866025403784439,-0.5));
#11794=DIRECTION('',(0.,0.5,0.866025403784439));
#11795=DIRECTION('',(0.,-0.5,-0.866025403784439));
#11796=DIRECTION('',(0.,-0.5,-0.866025403784439));
#11797=DIRECTION('',(-1.,0.,0.));
#11798=DIRECTION('',(0.,0.866025403784439,0.5));
#11799=DIRECTION('',(0.,-0.5,0.866025403784439));
#11800=DIRECTION('',(0.,0.5,-0.866025403784439));
#11801=DIRECTION('',(0.,0.5,-0.866025403784439));
#11802=DIRECTION('',(-1.,0.,0.));
#11803=DIRECTION('',(0.,0.,1.));
#11804=DIRECTION('',(1.,0.,0.));
#11805=DIRECTION('',(0.,1.,0.));
#11806=DIRECTION('',(0.,1.,0.));
#11807=DIRECTION('',(-1.,0.,0.));
#11808=DIRECTION('',(0.,-0.866025403784439,0.5));
#11809=DIRECTION('',(0.,-0.5,-0.866025403784439));
#11810=DIRECTION('',(0.,0.5,0.866025403784439));
#11811=DIRECTION('',(0.,0.5,0.866025403784439));
#11812=DIRECTION('',(-1.,0.,0.));
#11813=DIRECTION('',(0.,-0.866025403784439,-0.5));
#11814=DIRECTION('',(0.,0.5,-0.866025403784439));
#11815=DIRECTION('',(0.,-0.5,0.866025403784439));
#11816=DIRECTION('',(0.,-0.5,0.866025403784439));
#11817=DIRECTION('',(1.,0.,0.));
#11818=DIRECTION('',(0.,0.,-1.));
#11819=DIRECTION('',(1.,0.,0.));
#11820=DIRECTION('',(0.,0.,-1.));
#11821=DIRECTION('',(1.,0.,0.));
#11822=DIRECTION('',(0.,0.,-1.));
#11823=DIRECTION('',(1.,0.,0.));
#11824=DIRECTION('',(0.,0.,-1.));
#11825=DIRECTION('',(1.,0.,0.));
#11826=DIRECTION('',(0.,0.,-1.));
#11827=DIRECTION('',(1.,0.,0.));
#11828=DIRECTION('',(0.,0.,-1.));
#11829=DIRECTION('',(1.,0.,0.));
#11830=DIRECTION('',(0.,0.,-1.));
#11831=DIRECTION('',(1.,0.,0.));
#11832=DIRECTION('',(0.,0.,-1.));
#11833=DIRECTION('',(1.,0.,0.));
#11834=DIRECTION('',(0.,0.,-1.));
#11835=DIRECTION('',(1.,0.,0.));
#11836=DIRECTION('',(0.,0.,-1.));
#11837=DIRECTION('',(1.,0.,0.));
#11838=DIRECTION('',(0.,0.,-1.));
#11839=DIRECTION('',(1.,0.,0.));
#11840=DIRECTION('',(0.,0.,-1.));
#11841=DIRECTION('',(-1.,0.,0.));
#11842=DIRECTION('',(0.,0.,1.));
#11843=DIRECTION('',(0.,0.,-1.));
#11844=DIRECTION('',(1.,0.,0.));
#11845=DIRECTION('',(0.,0.,-1.));
#11846=DIRECTION('',(1.,0.,0.));
#11847=DIRECTION('',(0.,0.,-1.));
#11848=DIRECTION('',(1.,0.,0.));
#11849=DIRECTION('',(0.,0.,-1.));
#11850=DIRECTION('',(1.,0.,0.));
#11851=CARTESIAN_POINT('',(0.,0.,0.));
#11852=CARTESIAN_POINT('',(0.,0.300000000000001,19.7));
#11853=CARTESIAN_POINT('',(0.,0.300000000000001,-2.));
#11854=CARTESIAN_POINT('',(205.,0.299999999999997,-2.));
#11855=CARTESIAN_POINT('',(207.,0.299999999999997,-2.));
#11856=CARTESIAN_POINT('',(205.,0.299999999999997,-2.16840434497101E-16));
#11857=CARTESIAN_POINT('',(205.,0.299999999999997,2.));
#11858=CARTESIAN_POINT('',(0.,0.300000000000001,2.));
#11859=CARTESIAN_POINT('',(207.,0.299999999999997,2.));
#11860=CARTESIAN_POINT('',(207.,0.299999999999997,2.16840434497101E-16));
#11861=CARTESIAN_POINT('',(86.,0.299999999999999,0.));
#11862=CARTESIAN_POINT('',(84.,0.299999999999999,0.));
#11863=CARTESIAN_POINT('',(33.5,0.3,4.5));
#11864=CARTESIAN_POINT('',(33.5,0.3,4.5));
#11865=CARTESIAN_POINT('',(10.,0.300000000000001,4.5));
#11866=CARTESIAN_POINT('',(33.5,0.3,4.5));
#11867=CARTESIAN_POINT('',(33.5,0.3,-4.5));
#11868=CARTESIAN_POINT('',(33.5,0.3,-4.5));
#11869=CARTESIAN_POINT('',(10.,0.3,-4.5));
#11870=CARTESIAN_POINT('',(10.,0.3,4.5));
#11871=CARTESIAN_POINT('',(250.5,0.299999999999997,19.7));
#11872=CARTESIAN_POINT('',(250.5,0.3,18.7));
#11873=CARTESIAN_POINT('',(250.5,0.300000000000001,12.3));
#11874=CARTESIAN_POINT('',(256.,0.3,18.7));
#11875=CARTESIAN_POINT('',(246.,0.3,18.7));
#11876=CARTESIAN_POINT('',(246.,0.3,18.7));
#11877=CARTESIAN_POINT('',(246.,0.3,4.2));
#11878=CARTESIAN_POINT('',(246.,0.3,4.2));
#11879=CARTESIAN_POINT('',(46.,0.299999999999998,4.2));
#11880=CARTESIAN_POINT('',(46.,0.3,19.7));
#11881=CARTESIAN_POINT('',(46.,0.300000000000001,19.3));
#11882=CARTESIAN_POINT('',(46.,0.3,19.7));
#11883=CARTESIAN_POINT('',(46.,0.3,19.7));
#11884=CARTESIAN_POINT('',(0.,0.300000000000001,19.7));
#11885=CARTESIAN_POINT('',(39.,0.300000000000002,19.7));
#11886=CARTESIAN_POINT('',(39.,0.3,19.7));
#11887=CARTESIAN_POINT('',(39.,0.3,11.9));
#11888=CARTESIAN_POINT('',(0.,0.300000000000001,11.9));
#11889=CARTESIAN_POINT('',(10.,0.300000000000002,11.9));
#11890=CARTESIAN_POINT('',(10.,0.300000000000001,19.7));
#11891=CARTESIAN_POINT('',(10.,0.300000000000002,19.7));
#11892=CARTESIAN_POINT('',(0.,0.300000000000001,19.7));
#11893=CARTESIAN_POINT('',(0.,0.300000000000002,19.7));
#11894=CARTESIAN_POINT('',(0.,0.300000000000002,19.7));
#11895=CARTESIAN_POINT('',(0.,0.300000000000002,-19.7));
#11896=CARTESIAN_POINT('',(0.,0.300000000000001,-19.7));
#11897=CARTESIAN_POINT('',(10.,0.300000000000002,-19.7));
#11898=CARTESIAN_POINT('',(10.,0.300000000000001,19.7));
#11899=CARTESIAN_POINT('',(10.,0.300000000000002,-11.9));
#11900=CARTESIAN_POINT('',(0.,0.300000000000001,-11.9));
#11901=CARTESIAN_POINT('',(39.,0.3,-11.9));
#11902=CARTESIAN_POINT('',(39.,0.3,19.7));
#11903=CARTESIAN_POINT('',(39.,0.300000000000002,-19.7));
#11904=CARTESIAN_POINT('',(0.,0.300000000000001,-19.7));
#11905=CARTESIAN_POINT('',(46.,0.3,-19.7));
#11906=CARTESIAN_POINT('',(46.,0.3,19.7));
#11907=CARTESIAN_POINT('',(46.,0.3,-19.3));
#11908=CARTESIAN_POINT('',(46.,0.3,19.7));
#11909=CARTESIAN_POINT('',(46.,0.300000000000002,-4.19999999999999));
#11910=CARTESIAN_POINT('',(246.,0.3,-4.2));
#11911=CARTESIAN_POINT('',(246.,0.3,-4.2));
#11912=CARTESIAN_POINT('',(246.,0.3,18.7));
#11913=CARTESIAN_POINT('',(246.,0.3,-18.7));
#11914=CARTESIAN_POINT('',(256.,0.3,-18.7));
#11915=CARTESIAN_POINT('',(250.5,0.3,-18.7));
#11916=CARTESIAN_POINT('',(250.5,0.299999999999997,19.7));
#11917=CARTESIAN_POINT('',(250.5,0.3,-12.3));
#11918=CARTESIAN_POINT('',(260.5,0.3,-12.3));
#11919=CARTESIAN_POINT('',(256.,0.3,-12.3));
#11920=CARTESIAN_POINT('',(256.,0.3,18.7));
#11921=CARTESIAN_POINT('',(256.,0.3,12.3));
#11922=CARTESIAN_POINT('',(260.5,0.300000000000001,12.3));
#11923=CARTESIAN_POINT('',(256.,23.,19.7));
#11924=CARTESIAN_POINT('',(260.5,8.3,19.7));
#11925=CARTESIAN_POINT('',(256.,8.3,19.7));
#11926=CARTESIAN_POINT('',(250.5,8.3,19.7));
#11927=CARTESIAN_POINT('',(256.,23.,19.7));
#11928=CARTESIAN_POINT('',(256.,23.,19.7));
#11929=CARTESIAN_POINT('',(256.,23.,19.7));
#11930=CARTESIAN_POINT('',(246.,23.,19.7));
#11931=CARTESIAN_POINT('',(246.,23.,19.7));
#11932=CARTESIAN_POINT('',(246.,13.1,19.7));
#11933=CARTESIAN_POINT('',(246.,23.,19.7));
#11934=CARTESIAN_POINT('',(246.,1.3,19.7));
#11935=CARTESIAN_POINT('',(256.,1.3,19.7));
#11936=CARTESIAN_POINT('',(250.5,1.3,19.7));
#11937=CARTESIAN_POINT('',(250.5,8.3,19.7));
#11938=CARTESIAN_POINT('',(250.5,3.17240819526482,19.7));
#11939=CARTESIAN_POINT('',(250.5,8.3,19.7));
#11940=CARTESIAN_POINT('',(250.5,5.82759180473519,19.7));
#11941=CARTESIAN_POINT('',(250.5,8.3,19.7));
#11942=CARTESIAN_POINT('',(256.,1.3,19.7));
#11943=CARTESIAN_POINT('',(250.5,1.3,19.7));
#11944=CARTESIAN_POINT('',(246.,1.3,19.7));
#11945=CARTESIAN_POINT('',(256.,0.3,-18.7));
#11946=CARTESIAN_POINT('',(250.5,0.3,-18.7));
#11947=CARTESIAN_POINT('',(250.5,1.3,-19.7));
#11948=CARTESIAN_POINT('',(246.,0.3,-18.7));
#11949=CARTESIAN_POINT('',(246.,1.3,-19.7));
#11950=CARTESIAN_POINT('',(256.,1.3,-19.7));
#11951=CARTESIAN_POINT('',(256.,1.3,-19.7));
#11952=CARTESIAN_POINT('',(260.5,8.3,-19.7));
#11953=CARTESIAN_POINT('',(256.,8.3,-19.7));
#11954=CARTESIAN_POINT('',(250.5,8.3,-19.7));
#11955=CARTESIAN_POINT('',(250.5,0.,-19.7));
#11956=CARTESIAN_POINT('',(250.5,5.82759180473519,-19.7));
#11957=CARTESIAN_POINT('',(250.5,0.,-19.7));
#11958=CARTESIAN_POINT('',(250.5,3.17240819526482,-19.7));
#11959=CARTESIAN_POINT('',(250.5,0.,-19.7));
#11960=CARTESIAN_POINT('',(246.,1.3,-19.7));
#11961=CARTESIAN_POINT('',(246.,13.1,-19.7));
#11962=CARTESIAN_POINT('',(246.,1.3,-19.7));
#11963=CARTESIAN_POINT('',(246.,23.,-19.7));
#11964=CARTESIAN_POINT('',(256.,23.,-19.7));
#11965=CARTESIAN_POINT('',(256.,23.,-19.7));
#11966=CARTESIAN_POINT('',(256.,1.3,-19.7));
#11967=CARTESIAN_POINT('',(256.,0.,0.));
#11968=CARTESIAN_POINT('',(256.,13.,0.));
#11969=CARTESIAN_POINT('',(256.,13.,-2.));
#11970=CARTESIAN_POINT('',(256.,0.,-12.3));
#11971=CARTESIAN_POINT('',(256.,8.3,-12.3));
#11972=CARTESIAN_POINT('',(256.,8.3,0.));
#11973=CARTESIAN_POINT('',(256.,23.,-19.7));
#11974=CARTESIAN_POINT('',(256.,8.3,1.9457033581902E-15));
#11975=CARTESIAN_POINT('',(256.,8.3,12.3));
#11976=CARTESIAN_POINT('',(256.,0.,12.3));
#11977=CARTESIAN_POINT('',(246.,7.5,-15.2));
#11978=CARTESIAN_POINT('',(47.5,7.5,-15.2));
#11979=CARTESIAN_POINT('',(47.5,5.,-10.8698729810778));
#11980=CARTESIAN_POINT('',(47.5,6.22982940778282,-13.));
#11981=CARTESIAN_POINT('',(246.,5.,-10.8698729810778));
#11982=CARTESIAN_POINT('',(83.3417910099778,5.,-10.8698729810778));
#11983=CARTESIAN_POINT('',(86.,3.92042833102432,-9.));
#11984=CARTESIAN_POINT('',(88.6582089900223,5.,-10.8698729810778));
#11985=CARTESIAN_POINT('',(246.,5.,-10.8698729810778));
#11986=CARTESIAN_POINT('',(143.341791009978,5.,-10.8698729810778));
#11987=CARTESIAN_POINT('',(146.,3.92042833102432,-9.));
#11988=CARTESIAN_POINT('',(148.658208990022,5.,-10.8698729810778));
#11989=CARTESIAN_POINT('',(246.,5.,-10.8698729810778));
#11990=CARTESIAN_POINT('',(203.341791009978,5.,-10.8698729810778));
#11991=CARTESIAN_POINT('',(206.,3.92042833102432,-9.));
#11992=CARTESIAN_POINT('',(208.658208990022,5.,-10.8698729810778));
#11993=CARTESIAN_POINT('',(246.,5.,-10.8698729810778));
#11994=CARTESIAN_POINT('',(246.,5.,-10.8698729810778));
#11995=CARTESIAN_POINT('',(246.,7.5,-15.2));
#11996=CARTESIAN_POINT('',(246.,7.5,-15.2));
#11997=CARTESIAN_POINT('',(246.,7.5,-15.2));
#11998=CARTESIAN_POINT('',(46.,7.5,-15.2));
#11999=CARTESIAN_POINT('',(46.,7.5,-15.2));
#12000=CARTESIAN_POINT('',(46.,6.22982940778282,-13.));
#12001=CARTESIAN_POINT('',(246.,6.22982940778282,-13.));
#12002=CARTESIAN_POINT('',(246.,5.,-10.8698729810778));
#12003=CARTESIAN_POINT('',(207.,5.,-2.));
#12004=CARTESIAN_POINT('',(207.,5.,-2.));
#12005=CARTESIAN_POINT('',(205.,5.,-2.));
#12006=CARTESIAN_POINT('',(207.,5.,2.16840434497101E-16));
#12007=CARTESIAN_POINT('',(207.,5.,2.));
#12008=CARTESIAN_POINT('',(205.,5.,2.));
#12009=CARTESIAN_POINT('',(205.,5.,2.));
#12010=CARTESIAN_POINT('',(205.,5.,-2.16840434497101E-16));
#12011=CARTESIAN_POINT('',(86.,5.,0.));
#12012=CARTESIAN_POINT('',(88.,5.,0.));
#12013=CARTESIAN_POINT('',(47.5,5.,-10.8698729810778));
#12014=CARTESIAN_POINT('',(47.5,5.,10.8698729810778));
#12015=CARTESIAN_POINT('',(246.,5.,10.8698729810778));
#12016=CARTESIAN_POINT('',(83.3417910099778,5.,10.8698729810778));
#12017=CARTESIAN_POINT('',(86.,5.,9.));
#12018=CARTESIAN_POINT('',(88.6582089900223,5.,10.8698729810778));
#12019=CARTESIAN_POINT('',(246.,5.,10.8698729810778));
#12020=CARTESIAN_POINT('',(143.341791009978,5.,10.8698729810778));
#12021=CARTESIAN_POINT('',(146.,5.,9.));
#12022=CARTESIAN_POINT('',(148.658208990022,5.,10.8698729810778));
#12023=CARTESIAN_POINT('',(246.,5.,10.8698729810778));
#12024=CARTESIAN_POINT('',(203.341791009978,5.,10.8698729810778));
#12025=CARTESIAN_POINT('',(206.,5.,9.));
#12026=CARTESIAN_POINT('',(208.658208990022,5.,10.8698729810778));
#12027=CARTESIAN_POINT('',(246.,5.,10.8698729810778));
#12028=CARTESIAN_POINT('',(246.,5.,10.8698729810778));
#12029=CARTESIAN_POINT('',(246.,5.,-10.8698729810778));
#12030=CARTESIAN_POINT('',(206.,5.,-9.));
#12031=CARTESIAN_POINT('',(146.,5.,-9.));
#12032=CARTESIAN_POINT('',(86.,5.,-9.));
#12033=CARTESIAN_POINT('',(246.,5.,10.8698729810778));
#12034=CARTESIAN_POINT('',(47.5,5.,10.8698729810778));
#12035=CARTESIAN_POINT('',(47.5,6.22982940778282,13.));
#12036=CARTESIAN_POINT('',(246.,6.22982940778282,13.));
#12037=CARTESIAN_POINT('',(46.,6.22982940778282,13.));
#12038=CARTESIAN_POINT('',(46.,5.,10.8698729810778));
#12039=CARTESIAN_POINT('',(46.,7.5,15.2));
#12040=CARTESIAN_POINT('',(246.,7.5,15.2));
#12041=CARTESIAN_POINT('',(246.,7.5,15.2));
#12042=CARTESIAN_POINT('',(246.,5.,10.8698729810778));
#12043=CARTESIAN_POINT('',(206.,3.92042833102432,9.));
#12044=CARTESIAN_POINT('',(146.,3.92042833102432,9.));
#12045=CARTESIAN_POINT('',(86.,3.92042833102432,9.));
#12046=CARTESIAN_POINT('',(252.,13.,0.));
#12047=CARTESIAN_POINT('',(48.,13.,0.));
#12048=CARTESIAN_POINT('',(48.,13.,-3.5));
#12049=CARTESIAN_POINT('',(47.5,13.,0.));
#12050=CARTESIAN_POINT('',(47.5,13.,3.5));
#12051=CARTESIAN_POINT('',(256.,13.,0.));
#12052=CARTESIAN_POINT('',(251.5,13.,0.));
#12053=CARTESIAN_POINT('',(251.5,13.,-2.));
#12054=CARTESIAN_POINT('',(246.,10.7,-15.));
#12055=CARTESIAN_POINT('',(246.,0.3,-4.2));
#12056=CARTESIAN_POINT('',(246.,0.,-4.5));
#12057=CARTESIAN_POINT('',(246.,0.,-4.5));
#12058=CARTESIAN_POINT('',(246.,0.,-19.));
#12059=CARTESIAN_POINT('',(246.,0.,-19.));
#12060=CARTESIAN_POINT('',(246.,1.,-20.));
#12061=CARTESIAN_POINT('',(246.,1.,-20.));
#12062=CARTESIAN_POINT('',(246.,10.,-20.));
#12063=CARTESIAN_POINT('',(246.,10.,-20.));
#12064=CARTESIAN_POINT('',(246.,10.2,-19.8));
#12065=CARTESIAN_POINT('',(246.,10.2,-19.8));
#12066=CARTESIAN_POINT('',(246.,13.,-19.8));
#12067=CARTESIAN_POINT('',(246.,13.,-19.8));
#12068=CARTESIAN_POINT('',(46.,0.3,19.7));
#12069=CARTESIAN_POINT('',(46.,22.,13.));
#12070=CARTESIAN_POINT('',(46.,22.,13.));
#12071=CARTESIAN_POINT('',(46.,22.,13.));
#12072=CARTESIAN_POINT('',(46.,22.,-13.));
#12073=CARTESIAN_POINT('',(46.,22.,-13.));
#12074=CARTESIAN_POINT('',(46.,9.39523948557599,-15.2));
#12075=CARTESIAN_POINT('',(46.,9.39523948557599,-15.2));
#12076=CARTESIAN_POINT('',(46.,10.7,-15.));
#12077=CARTESIAN_POINT('',(46.,12.004760514424,-15.2));
#12078=CARTESIAN_POINT('',(46.,12.8,-15.2));
#12079=CARTESIAN_POINT('',(46.,12.8,-15.2));
#12080=CARTESIAN_POINT('',(46.,13.5,-15.9));
#12081=CARTESIAN_POINT('',(46.,13.5,-15.9));
#12082=CARTESIAN_POINT('',(46.,13.5,-19.3));
#12083=CARTESIAN_POINT('',(46.,13.5,-19.3));
#12084=CARTESIAN_POINT('',(46.,13.,-19.8));
#12085=CARTESIAN_POINT('',(46.,13.1,-19.7));
#12086=CARTESIAN_POINT('',(46.,0.3,-19.7));
#12087=CARTESIAN_POINT('',(46.,23.,-19.7));
#12088=CARTESIAN_POINT('',(46.,23.,19.7));
#12089=CARTESIAN_POINT('',(46.,23.,19.7));
#12090=CARTESIAN_POINT('',(46.,0.3,19.7));
#12091=CARTESIAN_POINT('',(46.,13.1,19.7));
#12092=CARTESIAN_POINT('',(46.,13.5,19.3));
#12093=CARTESIAN_POINT('',(46.,13.5,19.3));
#12094=CARTESIAN_POINT('',(46.,13.5,15.9));
#12095=CARTESIAN_POINT('',(46.,13.5,15.9));
#12096=CARTESIAN_POINT('',(46.,12.8,15.2));
#12097=CARTESIAN_POINT('',(46.,12.8,15.2));
#12098=CARTESIAN_POINT('',(46.,12.004760514424,15.2));
#12099=CARTESIAN_POINT('',(46.,12.004760514424,15.2));
#12100=CARTESIAN_POINT('',(46.,10.7,15.));
#12101=CARTESIAN_POINT('',(46.,9.39523948557599,15.2));
#12102=CARTESIAN_POINT('',(46.,7.5,15.2));
#12103=CARTESIAN_POINT('',(46.,0.3,19.7));
#12104=CARTESIAN_POINT('',(46.,0.,-19.));
#12105=CARTESIAN_POINT('',(46.,0.699999999999999,-19.7));
#12106=CARTESIAN_POINT('',(46.,0.3,-19.7));
#12107=CARTESIAN_POINT('',(46.,0.3,19.7));
#12108=CARTESIAN_POINT('',(46.,1.,20.));
#12109=CARTESIAN_POINT('',(46.,0.699999999999999,19.7));
#12110=CARTESIAN_POINT('',(46.,0.3,19.7));
#12111=CARTESIAN_POINT('',(28.5,13.,-2.5));
#12112=CARTESIAN_POINT('',(28.5,13.,0.));
#12113=CARTESIAN_POINT('',(28.5,13.,-2.5));
#12114=CARTESIAN_POINT('',(28.5,5.22182540694798,0.));
#12115=CARTESIAN_POINT('',(28.5,6.34391975082666,1.12209434387868));
#12116=CARTESIAN_POINT('',(28.5,11.8779056561213,6.65608024917334));
#12117=CARTESIAN_POINT('',(28.5,13.,0.));
#12118=CARTESIAN_POINT('',(28.5,14.1220943438787,6.65608024917334));
#12119=CARTESIAN_POINT('',(28.5,13.,7.77817459305202));
#12120=CARTESIAN_POINT('',(28.5,19.6560802491733,1.12209434387868));
#12121=CARTESIAN_POINT('',(28.5,13.,0.));
#12122=CARTESIAN_POINT('',(28.5,19.6560802491733,-1.12209434387868));
#12123=CARTESIAN_POINT('',(28.5,20.778174593052,0.));
#12124=CARTESIAN_POINT('',(28.5,14.1220943438787,-6.65608024917334));
#12125=CARTESIAN_POINT('',(28.5,13.,0.));
#12126=CARTESIAN_POINT('',(28.5,11.8779056561213,-6.65608024917334));
#12127=CARTESIAN_POINT('',(28.5,13.,-7.77817459305202));
#12128=CARTESIAN_POINT('',(28.5,6.34391975082666,-1.12209434387868));
#12129=CARTESIAN_POINT('',(28.5,13.,0.));
#12130=CARTESIAN_POINT('',(33.5,13.,0.));
#12131=CARTESIAN_POINT('',(33.5,6.34391975082666,1.12209434387868));
#12132=CARTESIAN_POINT('',(33.5,6.34391975082666,1.12209434387868));
#12133=CARTESIAN_POINT('',(33.5,6.34391975082666,-1.12209434387868));
#12134=CARTESIAN_POINT('',(33.5,6.34391975082666,-1.12209434387868));
#12135=CARTESIAN_POINT('',(33.5,13.,0.));
#12136=CARTESIAN_POINT('',(33.5,13.,0.));
#12137=CARTESIAN_POINT('',(33.5,11.8779056561213,6.65608024917334));
#12138=CARTESIAN_POINT('',(33.5,11.8779056561213,6.65608024917334));
#12139=CARTESIAN_POINT('',(33.5,13.,0.));
#12140=CARTESIAN_POINT('',(33.5,14.1220943438787,6.65608024917334));
#12141=CARTESIAN_POINT('',(33.5,14.1220943438787,6.65608024917335));
#12142=CARTESIAN_POINT('',(33.5,13.,0.));
#12143=CARTESIAN_POINT('',(33.5,11.8779056561213,-6.65608024917334));
#12144=CARTESIAN_POINT('',(33.5,11.8779056561213,-6.65608024917334));
#12145=CARTESIAN_POINT('',(33.5,14.1220943438787,-6.65608024917334));
#12146=CARTESIAN_POINT('',(33.5,14.1220943438787,-6.65608024917334));
#12147=CARTESIAN_POINT('',(33.5,13.,0.));
#12148=CARTESIAN_POINT('',(33.5,13.,0.));
#12149=CARTESIAN_POINT('',(33.5,19.6560802491733,-1.12209434387868));
#12150=CARTESIAN_POINT('',(33.5,19.6560802491733,-1.12209434387868));
#12151=CARTESIAN_POINT('',(33.5,19.6560802491733,1.12209434387868));
#12152=CARTESIAN_POINT('',(33.5,19.6560802491733,1.12209434387868));
#12153=CARTESIAN_POINT('',(33.5,13.,0.));
#12154=CARTESIAN_POINT('',(33.5,13.,0.));
#12155=CARTESIAN_POINT('',(0.,13.,0.));
#12156=CARTESIAN_POINT('',(0.,13.,-11.));
#12157=CARTESIAN_POINT('',(33.5,13.,0.));
#12158=CARTESIAN_POINT('',(33.5,17.42,10.0729141761459));
#12159=CARTESIAN_POINT('',(33.5,2.96257005005764,4.5));
#12160=CARTESIAN_POINT('',(33.5,2.96257005005764,4.5));
#12161=CARTESIAN_POINT('',(10.,2.96257005005764,4.5));
#12162=CARTESIAN_POINT('',(10.,13.,0.));
#12163=CARTESIAN_POINT('',(10.,2.96257005005764,-4.5));
#12164=CARTESIAN_POINT('',(33.5,2.96257005005764,-4.5));
#12165=CARTESIAN_POINT('',(33.5,2.96257005005764,-4.5));
#12166=CARTESIAN_POINT('',(33.5,13.,0.));
#12167=CARTESIAN_POINT('',(33.5,17.42,-10.0729141761459));
#12168=CARTESIAN_POINT('',(33.5,17.42,-10.0729141761459));
#12169=CARTESIAN_POINT('',(10.,17.42,-10.0729141761459));
#12170=CARTESIAN_POINT('',(10.,13.,0.));
#12171=CARTESIAN_POINT('',(10.,17.42,10.0729141761459));
#12172=CARTESIAN_POINT('',(33.5,17.42,10.0729141761459));
#12173=CARTESIAN_POINT('',(0.,17.42,0.));
#12174=CARTESIAN_POINT('',(10.,17.42,-12.5));
#12175=CARTESIAN_POINT('',(10.,17.42,-11.9));
#12176=CARTESIAN_POINT('',(33.5,17.42,12.5));
#12177=CARTESIAN_POINT('',(33.5,17.42,-11.9));
#12178=CARTESIAN_POINT('',(0.,17.42,-11.9));
#12179=CARTESIAN_POINT('',(33.25,17.42,-11.9));
#12180=CARTESIAN_POINT('',(0.,17.42,-11.9));
#12181=CARTESIAN_POINT('',(10.25,17.42,-11.9));
#12182=CARTESIAN_POINT('',(0.,17.42,-11.9));
#12183=CARTESIAN_POINT('',(0.,17.42,0.));
#12184=CARTESIAN_POINT('',(33.5,17.42,12.5));
#12185=CARTESIAN_POINT('',(33.5,17.42,11.9));
#12186=CARTESIAN_POINT('',(10.,17.42,-12.5));
#12187=CARTESIAN_POINT('',(10.,17.42,11.9));
#12188=CARTESIAN_POINT('',(0.,17.42,11.9));
#12189=CARTESIAN_POINT('',(10.25,17.42,11.9));
#12190=CARTESIAN_POINT('',(0.,17.42,11.9));
#12191=CARTESIAN_POINT('',(33.25,17.42,11.9));
#12192=CARTESIAN_POINT('',(0.,17.42,11.9));
#12193=CARTESIAN_POINT('',(37.5,25.5,-19.7));
#12194=CARTESIAN_POINT('',(10.,19.5,-19.7));
#12195=CARTESIAN_POINT('',(10.,19.5,-19.7));
#12196=CARTESIAN_POINT('',(0.,26.5,-19.7));
#12197=CARTESIAN_POINT('',(0.,26.5,-19.7));
#12198=CARTESIAN_POINT('',(37.5,26.5,-19.7));
#12199=CARTESIAN_POINT('',(37.5,26.5,-19.7));
#12200=CARTESIAN_POINT('',(37.5,25.5,-19.7));
#12201=CARTESIAN_POINT('',(38.5,25.5,-19.7));
#12202=CARTESIAN_POINT('',(38.5,23.,-19.7));
#12203=CARTESIAN_POINT('',(38.5,23.,-19.7));
#12204=CARTESIAN_POINT('',(46.,23.,-19.7));
#12205=CARTESIAN_POINT('',(46.,0.3,-19.7));
#12206=CARTESIAN_POINT('',(39.,25.5,-19.7));
#12207=CARTESIAN_POINT('',(39.,3.17240819526482,-19.7));
#12208=CARTESIAN_POINT('',(39.,25.5,-19.7));
#12209=CARTESIAN_POINT('',(39.,5.82759180473519,-19.7));
#12210=CARTESIAN_POINT('',(39.,25.5,-19.7));
#12211=CARTESIAN_POINT('',(39.,12.5,-19.7));
#12212=CARTESIAN_POINT('',(31.,12.5,-19.7));
#12213=CARTESIAN_POINT('',(31.,20.5,-19.7));
#12214=CARTESIAN_POINT('',(31.,20.5,-19.7));
#12215=CARTESIAN_POINT('',(11.,20.5,-19.7));
#12216=CARTESIAN_POINT('',(11.,19.5,-19.7));
#12217=CARTESIAN_POINT('',(33.5,17.42,-12.5));
#12218=CARTESIAN_POINT('',(33.25,25.3,-12.5));
#12219=CARTESIAN_POINT('',(33.25,25.3,-12.5));
#12220=CARTESIAN_POINT('',(10.25,25.3,-12.5));
#12221=CARTESIAN_POINT('',(33.25,1.5,-12.5));
#12222=CARTESIAN_POINT('',(33.25,20.177076266392,-12.5));
#12223=CARTESIAN_POINT('',(31.,12.5,-12.5));
#12224=CARTESIAN_POINT('',(33.5,20.0993420767853,-12.5));
#12225=CARTESIAN_POINT('',(33.5,17.42,-12.5));
#12226=CARTESIAN_POINT('',(33.5,26.5,-12.5));
#12227=CARTESIAN_POINT('',(37.5,26.5,-12.5));
#12228=CARTESIAN_POINT('',(10.,26.5,-12.5));
#12229=CARTESIAN_POINT('',(10.,17.42,-12.5));
#12230=CARTESIAN_POINT('',(10.,19.5,-12.5));
#12231=CARTESIAN_POINT('',(11.,19.5,-12.5));
#12232=CARTESIAN_POINT('',(10.25,20.1614378277661,-12.5));
#12233=CARTESIAN_POINT('',(10.25,1.5,-12.5));
#12234=CARTESIAN_POINT('',(33.5,17.42,12.5));
#12235=CARTESIAN_POINT('',(33.5,5.22182540694798,0.));
#12236=CARTESIAN_POINT('',(33.5,13.,-7.77817459305202));
#12237=CARTESIAN_POINT('',(33.5,20.778174593052,0.));
#12238=CARTESIAN_POINT('',(33.5,13.,7.77817459305202));
#12239=CARTESIAN_POINT('',(33.5,5.96,4.5));
#12240=CARTESIAN_POINT('',(33.5,17.42,11.9));
#12241=CARTESIAN_POINT('',(33.5,20.0993420767853,11.9));
#12242=CARTESIAN_POINT('',(33.5,20.0993420767853,11.9));
#12243=CARTESIAN_POINT('',(33.5,20.0993420767853,12.5));
#12244=CARTESIAN_POINT('',(33.5,17.42,12.5));
#12245=CARTESIAN_POINT('',(33.5,26.5,12.5));
#12246=CARTESIAN_POINT('',(33.5,26.5,19.7));
#12247=CARTESIAN_POINT('',(33.5,20.0993420767853,-11.9));
#12248=CARTESIAN_POINT('',(33.5,20.0993420767853,-11.9));
#12249=CARTESIAN_POINT('',(33.5,17.42,-11.9));
#12250=CARTESIAN_POINT('',(33.5,0.3,-4.5));
#12251=CARTESIAN_POINT('',(37.5,26.5,19.7));
#12252=CARTESIAN_POINT('',(10.,26.5,19.7));
#12253=CARTESIAN_POINT('',(10.,26.5,12.5));
#12254=CARTESIAN_POINT('',(37.5,26.5,12.5));
#12255=CARTESIAN_POINT('',(0.,26.5,19.7));
#12256=CARTESIAN_POINT('',(0.,26.5,19.7));
#12257=CARTESIAN_POINT('',(37.5,26.5,19.7));
#12258=CARTESIAN_POINT('',(37.5,26.5,19.7));
#12259=CARTESIAN_POINT('',(37.5,26.5,19.7));
#12260=CARTESIAN_POINT('',(0.,26.5,19.7));
#12261=CARTESIAN_POINT('',(0.,15.5,-16.3));
#12262=CARTESIAN_POINT('',(0.,15.5,-17.75));
#12263=CARTESIAN_POINT('',(0.,15.5,16.3));
#12264=CARTESIAN_POINT('',(0.,15.5,14.85));
#12265=CARTESIAN_POINT('',(0.,8.5,16.3));
#12266=CARTESIAN_POINT('',(0.,8.5,14.85));
#12267=CARTESIAN_POINT('',(0.,8.5,-16.3));
#12268=CARTESIAN_POINT('',(0.,8.5,-17.75));
#12269=CARTESIAN_POINT('',(0.,4.5,16.5));
#12270=CARTESIAN_POINT('',(0.,4.5,14.5));
#12271=CARTESIAN_POINT('',(0.,4.5,-16.5));
#12272=CARTESIAN_POINT('',(0.,4.5,-18.5));
#12273=CARTESIAN_POINT('',(0.,20.25,12.5573683548744));
#12274=CARTESIAN_POINT('',(0.,20.25,11.0573683548744));
#12275=CARTESIAN_POINT('',(0.,5.75,-12.5573683548744));
#12276=CARTESIAN_POINT('',(0.,5.75,-14.0573683548744));
#12277=CARTESIAN_POINT('',(0.,5.75,12.5573683548744));
#12278=CARTESIAN_POINT('',(0.,5.75,11.0573683548744));
#12279=CARTESIAN_POINT('',(0.,20.25,-12.5573683548744));
#12280=CARTESIAN_POINT('',(0.,20.25,-14.0573683548744));
#12281=CARTESIAN_POINT('',(0.,26.5,19.7));
#12282=CARTESIAN_POINT('',(46.,23.,19.7));
#12283=CARTESIAN_POINT('',(38.5,23.,19.7));
#12284=CARTESIAN_POINT('',(38.5,23.,19.7));
#12285=CARTESIAN_POINT('',(46.,23.,19.7));
#12286=CARTESIAN_POINT('',(38.5,23.,19.7));
#12287=CARTESIAN_POINT('',(38.5,25.5,19.7));
#12288=CARTESIAN_POINT('',(38.5,25.5,19.7));
#12289=CARTESIAN_POINT('',(38.5,23.,19.7));
#12290=CARTESIAN_POINT('',(37.5,25.5,19.7));
#12291=CARTESIAN_POINT('',(37.5,25.5,19.7));
#12292=CARTESIAN_POINT('',(37.5,25.5,19.7));
#12293=CARTESIAN_POINT('',(10.,19.5,19.7));
#12294=CARTESIAN_POINT('',(10.,19.5,19.7));
#12295=CARTESIAN_POINT('',(11.,19.5,19.7));
#12296=CARTESIAN_POINT('',(11.,20.5,19.7));
#12297=CARTESIAN_POINT('',(31.,20.5,19.7));
#12298=CARTESIAN_POINT('',(31.,20.5,19.7));
#12299=CARTESIAN_POINT('',(31.,12.5,19.7));
#12300=CARTESIAN_POINT('',(39.,12.5,19.7));
#12301=CARTESIAN_POINT('',(39.,25.5,19.7));
#12302=CARTESIAN_POINT('',(39.,5.82759180473519,19.7));
#12303=CARTESIAN_POINT('',(39.,25.5,19.7));
#12304=CARTESIAN_POINT('',(39.,3.17240819526482,19.7));
#12305=CARTESIAN_POINT('',(39.,25.5,19.7));
#12306=CARTESIAN_POINT('',(46.,0.3,19.7));
#12307=CARTESIAN_POINT('',(10.,17.42,-12.5));
#12308=CARTESIAN_POINT('',(10.,15.5,-16.3));
#12309=CARTESIAN_POINT('',(10.,15.5,-17.75));
#12310=CARTESIAN_POINT('',(10.,15.5,16.3));
#12311=CARTESIAN_POINT('',(10.,15.5,14.85));
#12312=CARTESIAN_POINT('',(10.,8.5,16.3));
#12313=CARTESIAN_POINT('',(10.,8.5,14.85));
#12314=CARTESIAN_POINT('',(10.,8.5,-16.3));
#12315=CARTESIAN_POINT('',(10.,8.5,-17.75));
#12316=CARTESIAN_POINT('',(10.,4.5,16.5));
#12317=CARTESIAN_POINT('',(10.,4.5,14.5));
#12318=CARTESIAN_POINT('',(10.,4.5,-16.5));
#12319=CARTESIAN_POINT('',(10.,4.5,-18.5));
#12320=CARTESIAN_POINT('',(10.,19.5,-11.9));
#12321=CARTESIAN_POINT('',(10.,19.5,-11.9));
#12322=CARTESIAN_POINT('',(10.,17.42,12.5));
#12323=CARTESIAN_POINT('',(10.,19.5,12.5));
#12324=CARTESIAN_POINT('',(10.,19.5,11.9));
#12325=CARTESIAN_POINT('',(10.,19.5,11.9));
#12326=CARTESIAN_POINT('',(10.,17.42,12.5));
#12327=CARTESIAN_POINT('',(31.,12.5,12.5));
#12328=CARTESIAN_POINT('',(33.25,20.177076266392,12.5));
#12329=CARTESIAN_POINT('',(33.25,25.3,12.5));
#12330=CARTESIAN_POINT('',(33.25,25.3,12.5));
#12331=CARTESIAN_POINT('',(33.25,25.3,12.5));
#12332=CARTESIAN_POINT('',(10.25,25.3,12.5));
#12333=CARTESIAN_POINT('',(10.25,25.3,12.5));
#12334=CARTESIAN_POINT('',(10.25,20.1614378277661,12.5));
#12335=CARTESIAN_POINT('',(11.,19.5,12.5));
#12336=CARTESIAN_POINT('',(39.,0.,11.9));
#12337=CARTESIAN_POINT('',(39.,4.5,16.3));
#12338=CARTESIAN_POINT('',(39.,12.5,11.9));
#12339=CARTESIAN_POINT('',(39.,12.5,11.9));
#12340=CARTESIAN_POINT('',(39.,0.,11.9));
#12341=CARTESIAN_POINT('',(11.,19.5,11.9));
#12342=CARTESIAN_POINT('',(11.,20.5,11.9));
#12343=CARTESIAN_POINT('',(11.,20.5,12.5));
#12344=CARTESIAN_POINT('',(11.,19.5,12.5));
#12345=CARTESIAN_POINT('',(31.,20.5,11.9));
#12346=CARTESIAN_POINT('',(31.,20.5,11.9));
#12347=CARTESIAN_POINT('',(31.,20.5,12.5));
#12348=CARTESIAN_POINT('',(10.,20.5,12.5));
#12349=CARTESIAN_POINT('',(31.,12.5,11.9));
#12350=CARTESIAN_POINT('',(31.,12.5,11.9));
#12351=CARTESIAN_POINT('',(31.,12.5,12.5));
#12352=CARTESIAN_POINT('',(11.,19.5,11.9));
#12353=CARTESIAN_POINT('',(33.25,1.5,11.9));
#12354=CARTESIAN_POINT('',(33.25,1.5,11.9));
#12355=CARTESIAN_POINT('',(33.25,1.5,11.9));
#12356=CARTESIAN_POINT('',(10.25,1.5,11.9));
#12357=CARTESIAN_POINT('',(10.25,1.5,11.9));
#12358=CARTESIAN_POINT('',(39.,0.,-11.9));
#12359=CARTESIAN_POINT('',(39.,4.5,-16.3));
#12360=CARTESIAN_POINT('',(39.,0.,-11.9));
#12361=CARTESIAN_POINT('',(39.,12.5,-11.9));
#12362=CARTESIAN_POINT('',(39.,12.5,-11.9));
#12363=CARTESIAN_POINT('',(31.,20.5,-11.9));
#12364=CARTESIAN_POINT('',(33.5,20.5,-12.5));
#12365=CARTESIAN_POINT('',(31.,20.5,-12.5));
#12366=CARTESIAN_POINT('',(11.,20.5,-12.5));
#12367=CARTESIAN_POINT('',(11.,20.5,-11.9));
#12368=CARTESIAN_POINT('',(31.,20.5,-11.9));
#12369=CARTESIAN_POINT('',(11.,19.5,-11.9));
#12370=CARTESIAN_POINT('',(11.,19.5,-12.5));
#12371=CARTESIAN_POINT('',(31.,12.5,-11.9));
#12372=CARTESIAN_POINT('',(31.,12.5,-12.5));
#12373=CARTESIAN_POINT('',(31.,12.5,-11.9));
#12374=CARTESIAN_POINT('',(11.,19.5,-11.9));
#12375=CARTESIAN_POINT('',(33.25,1.5,-11.9));
#12376=CARTESIAN_POINT('',(33.25,1.5,-11.9));
#12377=CARTESIAN_POINT('',(10.25,1.5,-11.9));
#12378=CARTESIAN_POINT('',(33.25,19.5,-11.9));
#12379=CARTESIAN_POINT('',(10.25,19.5,-11.9));
#12380=CARTESIAN_POINT('',(33.5,5.96,4.5));
#12381=CARTESIAN_POINT('',(10.,5.96,4.5));
#12382=CARTESIAN_POINT('',(33.5,0.3,-4.5));
#12383=CARTESIAN_POINT('',(10.,0.3,-4.5));
#12384=CARTESIAN_POINT('',(10.,0.,0.));
#12385=CARTESIAN_POINT('',(33.25,25.3,12.5));
#12386=CARTESIAN_POINT('',(21.75,4.1,12.5));
#12387=CARTESIAN_POINT('',(22.262347538298,1.5,12.5));
#12388=CARTESIAN_POINT('',(21.237652461702,1.5,12.5));
#12389=CARTESIAN_POINT('',(33.25,1.5,12.5));
#12390=CARTESIAN_POINT('',(33.25,1.5,12.5));
#12391=CARTESIAN_POINT('',(33.25,25.3,12.5));
#12392=CARTESIAN_POINT('',(10.25,25.3,12.5));
#12393=CARTESIAN_POINT('',(10.25,1.5,12.5));
#12394=CARTESIAN_POINT('',(33.25,1.5,12.5));
#12395=CARTESIAN_POINT('',(33.25,1.5,-12.5));
#12396=CARTESIAN_POINT('',(21.75,4.1,-12.5));
#12397=CARTESIAN_POINT('',(22.262347538298,1.5,-12.5));
#12398=CARTESIAN_POINT('',(21.237652461702,1.5,-12.5));
#12399=CARTESIAN_POINT('',(33.25,1.5,-12.5));
#12400=CARTESIAN_POINT('',(10.25,1.5,-12.5));
#12401=CARTESIAN_POINT('',(10.25,1.5,-12.5));
#12402=CARTESIAN_POINT('',(33.25,1.5,-12.5));
#12403=CARTESIAN_POINT('',(33.25,1.5,-12.5));
#12404=CARTESIAN_POINT('',(33.25,1.5,-12.5));
#12405=CARTESIAN_POINT('',(33.25,25.3,11.3));
#12406=CARTESIAN_POINT('',(10.25,25.3,11.3));
#12407=CARTESIAN_POINT('',(10.25,26.5,11.3));
#12408=CARTESIAN_POINT('',(33.25,25.3,11.3));
#12409=CARTESIAN_POINT('',(33.25,26.5,11.3));
#12410=CARTESIAN_POINT('',(33.25,26.5,11.3));
#12411=CARTESIAN_POINT('',(33.25,1.5,12.5));
#12412=CARTESIAN_POINT('',(10.25,1.5,12.5));
#12413=CARTESIAN_POINT('',(33.25,1.5,12.5));
#12414=CARTESIAN_POINT('',(33.25,1.5,12.5));
#12415=CARTESIAN_POINT('',(33.25,1.5,11.9));
#12416=CARTESIAN_POINT('',(10.25,1.5,11.9));
#12417=CARTESIAN_POINT('',(10.25,25.3,11.9));
#12418=CARTESIAN_POINT('',(33.25,25.3,11.9));
#12419=CARTESIAN_POINT('',(33.25,25.3,11.9));
#12420=CARTESIAN_POINT('',(33.25,1.5,11.9));
#12421=CARTESIAN_POINT('',(33.25,25.3,11.3));
#12422=CARTESIAN_POINT('',(10.25,25.3,11.3));
#12423=CARTESIAN_POINT('',(10.25,25.9,11.3));
#12424=CARTESIAN_POINT('',(33.25,25.9,11.3));
#12425=CARTESIAN_POINT('',(33.25,25.9,11.3));
#12426=CARTESIAN_POINT('',(33.25,25.3,11.3));
#12427=CARTESIAN_POINT('',(33.25,25.9,11.3));
#12428=CARTESIAN_POINT('',(10.25,25.9,11.3));
#12429=CARTESIAN_POINT('',(10.25,25.9,-11.3));
#12430=CARTESIAN_POINT('',(33.25,25.9,-11.3));
#12431=CARTESIAN_POINT('',(33.25,25.9,-11.3));
#12432=CARTESIAN_POINT('',(33.25,25.9,11.3));
#12433=CARTESIAN_POINT('',(33.25,25.3,-11.3));
#12434=CARTESIAN_POINT('',(10.25,25.3,-11.3));
#12435=CARTESIAN_POINT('',(10.25,25.3,-11.9));
#12436=CARTESIAN_POINT('',(33.25,25.3,-11.9));
#12437=CARTESIAN_POINT('',(33.25,25.3,-11.9));
#12438=CARTESIAN_POINT('',(33.25,25.3,-11.3));
#12439=CARTESIAN_POINT('',(33.25,25.3,-11.9));
#12440=CARTESIAN_POINT('',(33.25,25.3,-11.9));
#12441=CARTESIAN_POINT('',(10.25,25.3,-11.9));
#12442=CARTESIAN_POINT('',(33.25,1.5,-11.9));
#12443=CARTESIAN_POINT('',(10.25,1.5,-11.9));
#12444=CARTESIAN_POINT('',(33.25,1.5,-12.5));
#12445=CARTESIAN_POINT('',(33.25,1.5,-11.9));
#12446=CARTESIAN_POINT('',(33.25,25.3,-11.3));
#12447=CARTESIAN_POINT('',(10.25,25.3,-11.3));
#12448=CARTESIAN_POINT('',(10.25,26.5,-11.3));
#12449=CARTESIAN_POINT('',(33.25,26.5,-11.3));
#12450=CARTESIAN_POINT('',(33.25,26.5,-11.3));
#12451=CARTESIAN_POINT('',(33.25,25.3,-11.3));
#12452=CARTESIAN_POINT('',(33.25,26.5,-11.3));
#12453=CARTESIAN_POINT('',(10.25,26.5,-11.3));
#12454=CARTESIAN_POINT('',(33.25,26.5,-11.3));
#12455=CARTESIAN_POINT('',(33.25,25.3,11.3));
#12456=CARTESIAN_POINT('',(10.25,25.3,11.3));
#12457=CARTESIAN_POINT('',(21.75,4.1,12.5));
#12458=CARTESIAN_POINT('',(21.75,4.1,12.5));
#12459=CARTESIAN_POINT('',(21.75,4.1,14.7));
#12460=CARTESIAN_POINT('',(21.75,4.1,13.));
#12461=CARTESIAN_POINT('',(24.4,4.1,13.));
#12462=CARTESIAN_POINT('',(24.4,4.1,13.));
#12463=CARTESIAN_POINT('',(21.75,4.1,13.));
#12464=CARTESIAN_POINT('',(24.,4.1,13.));
#12465=CARTESIAN_POINT('',(21.75,4.1,14.7));
#12466=CARTESIAN_POINT('',(21.75,4.1,14.7));
#12467=CARTESIAN_POINT('',(24.,4.1,14.7));
#12468=CARTESIAN_POINT('',(24.,4.1,14.7));
#12469=CARTESIAN_POINT('',(24.4,4.1,-12.5));
#12470=CARTESIAN_POINT('',(21.75,4.1,-12.5));
#12471=CARTESIAN_POINT('',(21.75,4.1,-14.7));
#12472=CARTESIAN_POINT('',(21.75,4.1,-14.7));
#12473=CARTESIAN_POINT('',(24.,4.1,-14.7));
#12474=CARTESIAN_POINT('',(21.75,4.1,-12.5));
#12475=CARTESIAN_POINT('',(21.75,4.1,-13.));
#12476=CARTESIAN_POINT('',(24.,4.1,-13.));
#12477=CARTESIAN_POINT('',(24.,4.1,-13.));
#12478=CARTESIAN_POINT('',(21.75,4.1,-13.));
#12479=CARTESIAN_POINT('',(24.4,4.1,-13.));
#12480=CARTESIAN_POINT('',(21.75,4.1,-12.5));
#12481=CARTESIAN_POINT('',(0.,20.25,-12.5573683548744));
#12482=CARTESIAN_POINT('',(0.2705,20.25,-12.5573683548744));
#12483=CARTESIAN_POINT('',(0.2705,20.25,-13.7868683548744));
#12484=CARTESIAN_POINT('',(7.90985215596864,20.25,-12.5573683548744));
#12485=CARTESIAN_POINT('',(7.2,20.25,-12.5573683548744));
#12486=CARTESIAN_POINT('',(7.2,20.25,-13.7868683548744));
#12487=CARTESIAN_POINT('',(7.2,20.25,-12.5573683548744));
#12488=CARTESIAN_POINT('',(7.90985215596864,20.25,-12.5573683548744));
#12489=CARTESIAN_POINT('',(0.,5.75,12.5573683548744));
#12490=CARTESIAN_POINT('',(0.2705,5.75,12.5573683548744));
#12491=CARTESIAN_POINT('',(0.2705,5.75,11.3278683548744));
#12492=CARTESIAN_POINT('',(7.90985215596864,5.75,12.5573683548744));
#12493=CARTESIAN_POINT('',(7.2,5.75,12.5573683548744));
#12494=CARTESIAN_POINT('',(7.2,5.75,11.3278683548744));
#12495=CARTESIAN_POINT('',(7.2,5.75,12.5573683548744));
#12496=CARTESIAN_POINT('',(7.90985215596864,5.75,12.5573683548744));
#12497=CARTESIAN_POINT('',(0.,5.75,-12.5573683548744));
#12498=CARTESIAN_POINT('',(0.2705,5.75,-12.5573683548744));
#12499=CARTESIAN_POINT('',(0.2705,5.75,-13.7868683548744));
#12500=CARTESIAN_POINT('',(7.90985215596864,5.75,-12.5573683548744));
#12501=CARTESIAN_POINT('',(7.2,5.75,-12.5573683548744));
#12502=CARTESIAN_POINT('',(7.2,5.75,-13.7868683548744));
#12503=CARTESIAN_POINT('',(7.2,5.75,-12.5573683548744));
#12504=CARTESIAN_POINT('',(7.90985215596864,5.75,-12.5573683548744));
#12505=CARTESIAN_POINT('',(0.,20.25,12.5573683548744));
#12506=CARTESIAN_POINT('',(0.2705,20.25,12.5573683548744));
#12507=CARTESIAN_POINT('',(0.2705,20.25,11.3278683548744));
#12508=CARTESIAN_POINT('',(7.90985215596864,20.25,12.5573683548744));
#12509=CARTESIAN_POINT('',(7.2,20.25,12.5573683548744));
#12510=CARTESIAN_POINT('',(7.2,20.25,11.3278683548744));
#12511=CARTESIAN_POINT('',(7.2,20.25,12.5573683548744));
#12512=CARTESIAN_POINT('',(7.90985215596864,20.25,12.5573683548744));
#12513=CARTESIAN_POINT('',(20.,13.,0.));
#12514=CARTESIAN_POINT('',(20.,13.,0.));
#12515=CARTESIAN_POINT('',(20.,13.,-1.5));
#12516=CARTESIAN_POINT('',(20.,13.,0.));
#12517=CARTESIAN_POINT('',(20.5,13.,0.));
#12518=CARTESIAN_POINT('',(20.5,13.,-2.));
#12519=CARTESIAN_POINT('',(33.5,13.,0.));
#12520=CARTESIAN_POINT('',(28.,13.,0.));
#12521=CARTESIAN_POINT('',(28.,13.,-2.));
#12522=CARTESIAN_POINT('',(28.,13.,-2.));
#12523=CARTESIAN_POINT('',(28.,13.,0.));
#12524=CARTESIAN_POINT('',(28.,13.,-2.2));
#12525=CARTESIAN_POINT('',(28.,13.,0.));
#12526=CARTESIAN_POINT('',(28.3,13.,0.));
#12527=CARTESIAN_POINT('',(28.3,13.,-2.5));
#12528=CARTESIAN_POINT('',(33.5,13.,0.));
#12529=CARTESIAN_POINT('',(33.5,5.22182540694798,0.));
#12530=CARTESIAN_POINT('',(33.5,13.,-7.77817459305202));
#12531=CARTESIAN_POINT('',(33.5,20.778174593052,0.));
#12532=CARTESIAN_POINT('',(33.5,13.,7.77817459305202));
#12533=CARTESIAN_POINT('',(10.,4.5,-16.5));
#12534=CARTESIAN_POINT('',(10.,4.5,16.5));
#12535=CARTESIAN_POINT('',(10.,8.5,-16.3));
#12536=CARTESIAN_POINT('',(10.,8.5,16.3));
#12537=CARTESIAN_POINT('',(10.,15.5,16.3));
#12538=CARTESIAN_POINT('',(10.,15.5,-16.3));
#12539=CARTESIAN_POINT('',(46.,10.7,-15.));
#12540=CARTESIAN_POINT('',(46.,0.,-19.));
#12541=CARTESIAN_POINT('',(46.,1.,-20.));
#12542=CARTESIAN_POINT('',(46.,13.,-19.8));
#12543=CARTESIAN_POINT('',(46.,13.,-19.8));
#12544=CARTESIAN_POINT('',(46.,10.2,-19.8));
#12545=CARTESIAN_POINT('',(46.,10.2,-19.8));
#12546=CARTESIAN_POINT('',(46.,10.,-20.));
#12547=CARTESIAN_POINT('',(46.,10.,-20.));
#12548=CARTESIAN_POINT('',(46.,1.,-20.));
#12549=CARTESIAN_POINT('',(46.,10.7,-15.));
#12550=CARTESIAN_POINT('',(46.,1.,20.));
#12551=CARTESIAN_POINT('',(46.,0.,19.));
#12552=CARTESIAN_POINT('',(46.,0.,4.5));
#12553=CARTESIAN_POINT('',(46.,0.,4.5));
#12554=CARTESIAN_POINT('',(46.,0.,19.));
#12555=CARTESIAN_POINT('',(46.,10.7,-15.));
#12556=CARTESIAN_POINT('',(46.,0.3,-4.2));
#12557=CARTESIAN_POINT('',(46.,0.,-4.5));
#12558=CARTESIAN_POINT('',(46.,0.,-19.));
#12559=CARTESIAN_POINT('',(46.,0.,-19.));
#12560=CARTESIAN_POINT('',(46.,0.,-4.5));
#12561=CARTESIAN_POINT('',(246.,10.,20.));
#12562=CARTESIAN_POINT('',(146.,5.5,20.));
#12563=CARTESIAN_POINT('',(147.5,5.5,20.));
#12564=CARTESIAN_POINT('',(206.,5.5,20.));
#12565=CARTESIAN_POINT('',(207.5,5.5,20.));
#12566=CARTESIAN_POINT('',(86.,5.5,20.));
#12567=CARTESIAN_POINT('',(87.5,5.5,20.));
#12568=CARTESIAN_POINT('',(46.,10.,20.));
#12569=CARTESIAN_POINT('',(46.,10.,20.));
#12570=CARTESIAN_POINT('',(46.,1.,20.));
#12571=CARTESIAN_POINT('',(246.,1.,20.));
#12572=CARTESIAN_POINT('',(246.,1.,20.));
#12573=CARTESIAN_POINT('',(246.,10.,20.));
#12574=CARTESIAN_POINT('',(246.,10.,20.));
#12575=CARTESIAN_POINT('',(246.,10.,20.));
#12576=CARTESIAN_POINT('',(246.,1.,20.));
#12577=CARTESIAN_POINT('',(46.,1.,20.));
#12578=CARTESIAN_POINT('',(246.,0.,19.));
#12579=CARTESIAN_POINT('',(246.,0.,19.));
#12580=CARTESIAN_POINT('',(246.,1.,20.));
#12581=CARTESIAN_POINT('',(246.,0.,19.));
#12582=CARTESIAN_POINT('',(146.,0.,9.));
#12583=CARTESIAN_POINT('',(146.,0.,7.29999999999999));
#12584=CARTESIAN_POINT('',(206.,0.,9.));
#12585=CARTESIAN_POINT('',(206.,0.,7.30000000000001));
#12586=CARTESIAN_POINT('',(86.,0.,9.));
#12587=CARTESIAN_POINT('',(86.,0.,7.30000000000001));
#12588=CARTESIAN_POINT('',(246.,0.,4.5));
#12589=CARTESIAN_POINT('',(246.,0.,4.5));
#12590=CARTESIAN_POINT('',(246.,0.,19.));
#12591=CARTESIAN_POINT('',(246.,0.,4.5));
#12592=CARTESIAN_POINT('',(246.,0.,4.5));
#12593=CARTESIAN_POINT('',(246.,0.3,-4.2));
#12594=CARTESIAN_POINT('',(246.,0.,-4.5));
#12595=CARTESIAN_POINT('',(246.,0.,-4.5));
#12596=CARTESIAN_POINT('',(146.,0.,-9.));
#12597=CARTESIAN_POINT('',(146.,0.,-10.7));
#12598=CARTESIAN_POINT('',(206.,0.,-9.));
#12599=CARTESIAN_POINT('',(206.,0.,-10.7));
#12600=CARTESIAN_POINT('',(86.,0.,-9.));
#12601=CARTESIAN_POINT('',(86.,0.,-10.7));
#12602=CARTESIAN_POINT('',(246.,0.,-19.));
#12603=CARTESIAN_POINT('',(246.,0.,-19.));
#12604=CARTESIAN_POINT('',(246.,1.,-20.));
#12605=CARTESIAN_POINT('',(246.,1.,-20.));
#12606=CARTESIAN_POINT('',(146.,5.5,-20.));
#12607=CARTESIAN_POINT('',(147.5,5.5,-20.));
#12608=CARTESIAN_POINT('',(206.,5.5,-20.));
#12609=CARTESIAN_POINT('',(207.5,5.5,-20.));
#12610=CARTESIAN_POINT('',(86.,5.5,-20.));
#12611=CARTESIAN_POINT('',(87.5,5.5,-20.));
#12612=CARTESIAN_POINT('',(246.,10.,-20.));
#12613=CARTESIAN_POINT('',(246.,10.,-20.));
#12614=CARTESIAN_POINT('',(246.,10.2,-19.8));
#12615=CARTESIAN_POINT('',(246.,10.2,-19.8));
#12616=CARTESIAN_POINT('',(246.,13.,-19.8));
#12617=CARTESIAN_POINT('',(246.,13.,-19.8));
#12618=CARTESIAN_POINT('',(246.,13.5,-19.3));
#12619=CARTESIAN_POINT('',(246.,13.5,-19.3));
#12620=CARTESIAN_POINT('',(246.,13.,-19.8));
#12621=CARTESIAN_POINT('',(246.,13.5,-19.3));
#12622=CARTESIAN_POINT('',(246.,13.5,-15.9));
#12623=CARTESIAN_POINT('',(246.,13.5,-15.9));
#12624=CARTESIAN_POINT('',(246.,13.5,-19.3));
#12625=CARTESIAN_POINT('',(246.,13.5,-15.9));
#12626=CARTESIAN_POINT('',(246.,12.8,-15.2));
#12627=CARTESIAN_POINT('',(246.,12.8,-15.2));
#12628=CARTESIAN_POINT('',(246.,13.5,-15.9));
#12629=CARTESIAN_POINT('',(246.,12.8,-15.2));
#12630=CARTESIAN_POINT('',(246.,12.004760514424,-15.2));
#12631=CARTESIAN_POINT('',(246.,12.004760514424,-15.2));
#12632=CARTESIAN_POINT('',(246.,12.8,-15.2));
#12633=CARTESIAN_POINT('',(246.,10.7,-15.));
#12634=CARTESIAN_POINT('',(246.,9.39523948557599,-15.2));
#12635=CARTESIAN_POINT('',(246.,9.39523948557599,-15.2));
#12636=CARTESIAN_POINT('',(246.,10.7,-15.));
#12637=CARTESIAN_POINT('',(246.,9.39523948557599,-15.2));
#12638=CARTESIAN_POINT('',(246.,9.39523948557599,-15.2));
#12639=CARTESIAN_POINT('',(246.,7.5,15.2));
#12640=CARTESIAN_POINT('',(246.,9.39523948557599,15.2));
#12641=CARTESIAN_POINT('',(246.,9.39523948557599,15.2));
#12642=CARTESIAN_POINT('',(246.,7.5,15.2));
#12643=CARTESIAN_POINT('',(246.,10.7,15.));
#12644=CARTESIAN_POINT('',(246.,12.004760514424,15.2));
#12645=CARTESIAN_POINT('',(246.,12.004760514424,15.2));
#12646=CARTESIAN_POINT('',(246.,10.7,15.));
#12647=CARTESIAN_POINT('',(246.,12.004760514424,15.2));
#12648=CARTESIAN_POINT('',(246.,12.8,15.2));
#12649=CARTESIAN_POINT('',(246.,12.8,15.2));
#12650=CARTESIAN_POINT('',(246.,12.004760514424,15.2));
#12651=CARTESIAN_POINT('',(246.,12.8,15.2));
#12652=CARTESIAN_POINT('',(246.,13.5,15.9));
#12653=CARTESIAN_POINT('',(246.,13.5,15.9));
#12654=CARTESIAN_POINT('',(246.,12.8,15.2));
#12655=CARTESIAN_POINT('',(246.,13.5,15.9));
#12656=CARTESIAN_POINT('',(246.,13.5,19.3));
#12657=CARTESIAN_POINT('',(246.,13.5,19.3));
#12658=CARTESIAN_POINT('',(246.,13.5,15.9));
#12659=CARTESIAN_POINT('',(246.,13.5,19.3));
#12660=CARTESIAN_POINT('',(46.,13.5,19.3));
#12661=CARTESIAN_POINT('',(46.,13.,19.8));
#12662=CARTESIAN_POINT('',(246.,13.,19.8));
#12663=CARTESIAN_POINT('',(246.,13.,19.8));
#12664=CARTESIAN_POINT('',(246.,13.5,19.3));
#12665=CARTESIAN_POINT('',(246.,13.5,19.3));
#12666=CARTESIAN_POINT('',(246.,13.,19.8));
#12667=CARTESIAN_POINT('',(46.,13.,19.8));
#12668=CARTESIAN_POINT('',(46.,10.2,19.8));
#12669=CARTESIAN_POINT('',(246.,10.2,19.8));
#12670=CARTESIAN_POINT('',(246.,10.2,19.8));
#12671=CARTESIAN_POINT('',(246.,13.,19.8));
#12672=CARTESIAN_POINT('',(246.,10.2,19.8));
#12673=CARTESIAN_POINT('',(46.,10.2,19.8));
#12674=CARTESIAN_POINT('',(246.,10.2,19.8));
#12675=CARTESIAN_POINT('',(246.,10.7,-15.));
#12676=CARTESIAN_POINT('',(46.,10.7,-15.));
#12677=CARTESIAN_POINT('',(86.,0.,9.));
#12678=CARTESIAN_POINT('',(86.,1.8,9.));
#12679=CARTESIAN_POINT('',(86.,1.8,5.75000000000001));
#12680=CARTESIAN_POINT('',(89.25,1.8,9.));
#12681=CARTESIAN_POINT('',(86.,1.8,9.));
#12682=CARTESIAN_POINT('',(86.,1.8,7.30000000000001));
#12683=CARTESIAN_POINT('',(86.,0.,9.));
#12684=CARTESIAN_POINT('',(86.,0.,-9.));
#12685=CARTESIAN_POINT('',(86.,1.8,-9.));
#12686=CARTESIAN_POINT('',(86.,1.8,-12.25));
#12687=CARTESIAN_POINT('',(89.25,1.8,-9.));
#12688=CARTESIAN_POINT('',(86.,1.8,-9.));
#12689=CARTESIAN_POINT('',(86.,1.8,-10.7));
#12690=CARTESIAN_POINT('',(86.,0.,-9.));
#12691=CARTESIAN_POINT('',(206.,0.,9.));
#12692=CARTESIAN_POINT('',(206.,1.8,9.));
#12693=CARTESIAN_POINT('',(206.,1.8,5.75000000000001));
#12694=CARTESIAN_POINT('',(209.25,1.8,9.));
#12695=CARTESIAN_POINT('',(206.,1.8,9.));
#12696=CARTESIAN_POINT('',(206.,1.8,7.30000000000001));
#12697=CARTESIAN_POINT('',(206.,0.,9.));
#12698=CARTESIAN_POINT('',(206.,0.,-9.));
#12699=CARTESIAN_POINT('',(206.,1.8,-9.));
#12700=CARTESIAN_POINT('',(206.,1.8,-12.25));
#12701=CARTESIAN_POINT('',(209.25,1.8,-9.));
#12702=CARTESIAN_POINT('',(206.,1.8,-9.));
#12703=CARTESIAN_POINT('',(206.,1.8,-10.7));
#12704=CARTESIAN_POINT('',(206.,0.,-9.));
#12705=CARTESIAN_POINT('',(146.,0.,-9.));
#12706=CARTESIAN_POINT('',(146.,1.8,-9.));
#12707=CARTESIAN_POINT('',(146.,1.8,-12.25));
#12708=CARTESIAN_POINT('',(149.25,1.8,-9.));
#12709=CARTESIAN_POINT('',(146.,1.8,-9.));
#12710=CARTESIAN_POINT('',(146.,1.8,-10.7));
#12711=CARTESIAN_POINT('',(146.,0.,-9.));
#12712=CARTESIAN_POINT('',(146.,0.,9.));
#12713=CARTESIAN_POINT('',(146.,1.8,9.));
#12714=CARTESIAN_POINT('',(146.,1.8,5.75));
#12715=CARTESIAN_POINT('',(149.25,1.8,9.));
#12716=CARTESIAN_POINT('',(146.,1.8,9.));
#12717=CARTESIAN_POINT('',(146.,1.8,7.29999999999999));
#12718=CARTESIAN_POINT('',(146.,0.,9.));
#12719=CARTESIAN_POINT('',(86.,5.5,14.0901478440314));
#12720=CARTESIAN_POINT('',(86.,5.5,14.8));
#12721=CARTESIAN_POINT('',(87.2295,5.5,14.8));
#12722=CARTESIAN_POINT('',(86.,5.5,14.0901478440314));
#12723=CARTESIAN_POINT('',(86.,5.5,20.));
#12724=CARTESIAN_POINT('',(86.,5.5,19.7295));
#12725=CARTESIAN_POINT('',(87.2295,5.5,19.7295));
#12726=CARTESIAN_POINT('',(86.,5.5,19.7295));
#12727=CARTESIAN_POINT('',(206.,5.5,14.0901478440313));
#12728=CARTESIAN_POINT('',(206.,5.5,14.8));
#12729=CARTESIAN_POINT('',(207.2295,5.5,14.8));
#12730=CARTESIAN_POINT('',(206.,5.5,14.0901478440313));
#12731=CARTESIAN_POINT('',(206.,5.5,20.));
#12732=CARTESIAN_POINT('',(206.,5.5,19.7295));
#12733=CARTESIAN_POINT('',(207.2295,5.5,19.7295));
#12734=CARTESIAN_POINT('',(206.,5.5,19.7295));
#12735=CARTESIAN_POINT('',(86.,5.5,-20.));
#12736=CARTESIAN_POINT('',(86.,5.5,-19.7295));
#12737=CARTESIAN_POINT('',(87.2295,5.5,-19.7295));
#12738=CARTESIAN_POINT('',(86.,5.5,-14.0901478440314));
#12739=CARTESIAN_POINT('',(86.,5.5,-14.8));
#12740=CARTESIAN_POINT('',(87.2295,5.5,-14.8));
#12741=CARTESIAN_POINT('',(86.,5.5,-14.8));
#12742=CARTESIAN_POINT('',(86.,5.5,-14.0901478440314));
#12743=CARTESIAN_POINT('',(206.,5.5,-20.));
#12744=CARTESIAN_POINT('',(206.,5.5,-19.7295));
#12745=CARTESIAN_POINT('',(207.2295,5.5,-19.7295));
#12746=CARTESIAN_POINT('',(206.,5.5,-14.0901478440313));
#12747=CARTESIAN_POINT('',(206.,5.5,-14.8));
#12748=CARTESIAN_POINT('',(207.2295,5.5,-14.8));
#12749=CARTESIAN_POINT('',(206.,5.5,-14.8));
#12750=CARTESIAN_POINT('',(206.,5.5,-14.0901478440313));
#12751=CARTESIAN_POINT('',(146.,5.5,14.0901478440314));
#12752=CARTESIAN_POINT('',(146.,5.5,14.8));
#12753=CARTESIAN_POINT('',(147.2295,5.5,14.8));
#12754=CARTESIAN_POINT('',(146.,5.5,14.0901478440314));
#12755=CARTESIAN_POINT('',(146.,5.5,20.));
#12756=CARTESIAN_POINT('',(146.,5.5,19.7295));
#12757=CARTESIAN_POINT('',(147.2295,5.5,19.7295));
#12758=CARTESIAN_POINT('',(146.,5.5,19.7295));
#12759=CARTESIAN_POINT('',(146.,5.5,-20.));
#12760=CARTESIAN_POINT('',(146.,5.5,-19.7295));
#12761=CARTESIAN_POINT('',(147.2295,5.5,-19.7295));
#12762=CARTESIAN_POINT('',(146.,5.5,-14.0901478440314));
#12763=CARTESIAN_POINT('',(146.,5.5,-14.8));
#12764=CARTESIAN_POINT('',(147.2295,5.5,-14.8));
#12765=CARTESIAN_POINT('',(146.,5.5,-14.8));
#12766=CARTESIAN_POINT('',(146.,5.5,-14.0901478440314));
#12767=CARTESIAN_POINT('',(246.,0.,0.));
#12768=CARTESIAN_POINT('',(246.,13.,0.));
#12769=CARTESIAN_POINT('',(246.,13.,-3.));
#12770=CARTESIAN_POINT('',(246.,23.,-19.7));
#12771=CARTESIAN_POINT('',(256.,23.,-19.7));
#12772=CARTESIAN_POINT('',(252.,14.5,0.));
#12773=CARTESIAN_POINT('',(252.,13.,0.));
#12774=CARTESIAN_POINT('',(252.,13.,-1.5));
#12775=CARTESIAN_POINT('',(251.5,13.,0.));
#12776=CARTESIAN_POINT('',(252.,13.,0.));
#12777=CARTESIAN_POINT('',(252.,14.6583123951777,2.5));
#12778=CARTESIAN_POINT('',(50.,14.6583123951777,2.5));
#12779=CARTESIAN_POINT('',(54.,14.6583123951777,2.5));
#12780=CARTESIAN_POINT('',(54.,13.,0.));
#12781=CARTESIAN_POINT('',(54.,11.3416876048223,2.5));
#12782=CARTESIAN_POINT('',(252.,11.3416876048223,2.5));
#12783=CARTESIAN_POINT('',(50.,11.3416876048223,2.5));
#12784=CARTESIAN_POINT('',(50.,13.,0.));
#12785=CARTESIAN_POINT('',(252.,11.3416876048223,-2.5));
#12786=CARTESIAN_POINT('',(50.,11.3416876048223,-2.5));
#12787=CARTESIAN_POINT('',(54.,11.3416876048223,-2.5));
#12788=CARTESIAN_POINT('',(54.,13.,0.));
#12789=CARTESIAN_POINT('',(54.,14.6583123951777,-2.5));
#12790=CARTESIAN_POINT('',(252.,14.6583123951777,-2.5));
#12791=CARTESIAN_POINT('',(50.,14.6583123951777,-2.5));
#12792=CARTESIAN_POINT('',(50.,13.,0.));
#12793=CARTESIAN_POINT('',(48.,13.,0.));
#12794=CARTESIAN_POINT('',(48.,13.,-3.));
#12795=CARTESIAN_POINT('',(48.,16.5,0.));
#12796=CARTESIAN_POINT('',(54.,0.,0.));
#12797=CARTESIAN_POINT('',(54.,9.,-2.5));
#12798=CARTESIAN_POINT('',(50.,0.,0.));
#12799=CARTESIAN_POINT('',(50.,9.,-2.5));
#12800=CARTESIAN_POINT('',(54.,9.,-2.5));
#12801=CARTESIAN_POINT('',(54.,17.,2.5));
#12802=CARTESIAN_POINT('',(50.,17.,2.5));
#12803=CARTESIAN_POINT('',(54.,17.,2.5));
#12804=CARTESIAN_POINT('',(54.,0.,0.));
#12805=CARTESIAN_POINT('',(50.,0.,0.));
#12806=CARTESIAN_POINT('',(0.,0.,-13.));
#12807=CARTESIAN_POINT('',(47.5,4.,-13.));
#12808=CARTESIAN_POINT('',(47.5,22.,-13.));
#12809=CARTESIAN_POINT('',(47.5,22.,-13.));
#12810=CARTESIAN_POINT('',(0.,0.,13.));
#12811=CARTESIAN_POINT('',(47.5,4.,13.));
#12812=CARTESIAN_POINT('',(47.5,22.,13.));
#12813=CARTESIAN_POINT('',(47.5,22.,13.));
#12814=CARTESIAN_POINT('',(47.5,4.,13.));
#12815=CARTESIAN_POINT('',(47.5,8.75,-9.));
#12816=CARTESIAN_POINT('',(47.5,8.75,-6.75));
#12817=CARTESIAN_POINT('',(47.5,8.75,9.));
#12818=CARTESIAN_POINT('',(47.5,8.75,11.25));
#12819=CARTESIAN_POINT('',(47.5,18.75,-9.));
#12820=CARTESIAN_POINT('',(47.5,18.75,-6.75));
#12821=CARTESIAN_POINT('',(47.5,18.75,9.));
#12822=CARTESIAN_POINT('',(47.5,18.75,11.25));
#12823=CARTESIAN_POINT('',(47.5,22.,13.));
#12824=CARTESIAN_POINT('',(47.5,22.,13.));
#12825=CARTESIAN_POINT('',(50.6,18.75,9.));
#12826=CARTESIAN_POINT('',(50.1,18.75,9.));
#12827=CARTESIAN_POINT('',(50.1,18.75,6.75));
#12828=CARTESIAN_POINT('',(50.1,18.75,9.));
#12829=CARTESIAN_POINT('',(50.6,18.75,9.));
#12830=CARTESIAN_POINT('',(50.6,18.75,7.25));
#12831=CARTESIAN_POINT('',(50.6,18.75,7.25));
#12832=CARTESIAN_POINT('',(50.6,18.1726497308104,10.));
#12833=CARTESIAN_POINT('',(50.6,18.1726497308104,10.));
#12834=CARTESIAN_POINT('',(50.6,17.5952994616207,9.));
#12835=CARTESIAN_POINT('',(50.6,19.3273502691896,10.));
#12836=CARTESIAN_POINT('',(50.6,19.3273502691896,10.));
#12837=CARTESIAN_POINT('',(50.6,19.9047005383793,9.));
#12838=CARTESIAN_POINT('',(50.6,19.9047005383793,9.));
#12839=CARTESIAN_POINT('',(50.6,19.3273502691896,8.));
#12840=CARTESIAN_POINT('',(50.6,19.3273502691896,8.));
#12841=CARTESIAN_POINT('',(50.6,18.1726497308104,8.));
#12842=CARTESIAN_POINT('',(50.6,18.1726497308104,8.));
#12843=CARTESIAN_POINT('',(50.6,17.5952994616207,9.));
#12844=CARTESIAN_POINT('',(50.6,18.75,-9.));
#12845=CARTESIAN_POINT('',(50.1,18.75,-9.));
#12846=CARTESIAN_POINT('',(50.1,18.75,-11.25));
#12847=CARTESIAN_POINT('',(50.1,18.75,-9.));
#12848=CARTESIAN_POINT('',(50.6,18.75,-9.));
#12849=CARTESIAN_POINT('',(50.6,18.75,-10.75));
#12850=CARTESIAN_POINT('',(50.6,18.75,-10.75));
#12851=CARTESIAN_POINT('',(50.6,18.1726497308104,-8.));
#12852=CARTESIAN_POINT('',(50.6,18.1726497308104,-8.));
#12853=CARTESIAN_POINT('',(50.6,17.5952994616207,-9.));
#12854=CARTESIAN_POINT('',(50.6,19.3273502691896,-8.));
#12855=CARTESIAN_POINT('',(50.6,19.3273502691896,-8.));
#12856=CARTESIAN_POINT('',(50.6,19.9047005383793,-9.));
#12857=CARTESIAN_POINT('',(50.6,19.9047005383793,-9.));
#12858=CARTESIAN_POINT('',(50.6,19.3273502691896,-10.));
#12859=CARTESIAN_POINT('',(50.6,19.3273502691896,-10.));
#12860=CARTESIAN_POINT('',(50.6,18.1726497308104,-10.));
#12861=CARTESIAN_POINT('',(50.6,18.1726497308104,-10.));
#12862=CARTESIAN_POINT('',(50.6,17.5952994616207,-9.));
#12863=CARTESIAN_POINT('',(50.6,8.75,9.));
#12864=CARTESIAN_POINT('',(50.1,8.75,9.));
#12865=CARTESIAN_POINT('',(50.1,8.75,6.75));
#12866=CARTESIAN_POINT('',(50.1,8.75,9.));
#12867=CARTESIAN_POINT('',(50.6,8.75,9.));
#12868=CARTESIAN_POINT('',(50.6,8.75,7.25));
#12869=CARTESIAN_POINT('',(50.6,8.75,7.25));
#12870=CARTESIAN_POINT('',(50.6,8.17264973081037,10.));
#12871=CARTESIAN_POINT('',(50.6,8.17264973081037,10.));
#12872=CARTESIAN_POINT('',(50.6,7.59529946162075,9.));
#12873=CARTESIAN_POINT('',(50.6,9.32735026918963,10.));
#12874=CARTESIAN_POINT('',(50.6,9.32735026918963,10.));
#12875=CARTESIAN_POINT('',(50.6,9.90470053837925,9.));
#12876=CARTESIAN_POINT('',(50.6,9.90470053837925,9.));
#12877=CARTESIAN_POINT('',(50.6,9.32735026918963,8.));
#12878=CARTESIAN_POINT('',(50.6,9.32735026918963,8.));
#12879=CARTESIAN_POINT('',(50.6,8.17264973081037,8.));
#12880=CARTESIAN_POINT('',(50.6,8.17264973081037,8.));
#12881=CARTESIAN_POINT('',(50.6,7.59529946162075,9.));
#12882=CARTESIAN_POINT('',(50.6,8.75,-9.));
#12883=CARTESIAN_POINT('',(50.1,8.75,-9.));
#12884=CARTESIAN_POINT('',(50.1,8.75,-11.25));
#12885=CARTESIAN_POINT('',(50.1,8.75,-9.));
#12886=CARTESIAN_POINT('',(50.6,8.75,-9.));
#12887=CARTESIAN_POINT('',(50.6,8.75,-10.75));
#12888=CARTESIAN_POINT('',(50.6,8.75,-10.75));
#12889=CARTESIAN_POINT('',(50.6,8.17264973081037,-8.));
#12890=CARTESIAN_POINT('',(50.6,8.17264973081037,-8.));
#12891=CARTESIAN_POINT('',(50.6,7.59529946162075,-9.));
#12892=CARTESIAN_POINT('',(50.6,9.32735026918963,-8.));
#12893=CARTESIAN_POINT('',(50.6,9.32735026918963,-8.));
#12894=CARTESIAN_POINT('',(50.6,9.90470053837925,-9.));
#12895=CARTESIAN_POINT('',(50.6,9.90470053837925,-9.));
#12896=CARTESIAN_POINT('',(50.6,9.32735026918963,-10.));
#12897=CARTESIAN_POINT('',(50.6,9.32735026918963,-10.));
#12898=CARTESIAN_POINT('',(50.6,8.17264973081037,-10.));
#12899=CARTESIAN_POINT('',(50.6,8.17264973081037,-10.));
#12900=CARTESIAN_POINT('',(50.6,7.59529946162075,-9.));
#12901=CARTESIAN_POINT('',(49.6,19.3273502691896,10.));
#12902=CARTESIAN_POINT('',(49.6,18.1726497308104,10.));
#12903=CARTESIAN_POINT('',(49.6,18.1726497308104,10.));
#12904=CARTESIAN_POINT('',(49.6,19.3273502691896,10.));
#12905=CARTESIAN_POINT('',(49.6,19.3273502691896,10.));
#12906=CARTESIAN_POINT('',(49.6,19.3273502691896,10.));
#12907=CARTESIAN_POINT('',(49.6,18.1726497308104,10.));
#12908=CARTESIAN_POINT('',(49.6,17.5952994616207,9.));
#12909=CARTESIAN_POINT('',(49.6,17.5952994616207,9.));
#12910=CARTESIAN_POINT('',(49.6,18.1726497308104,10.));
#12911=CARTESIAN_POINT('',(49.6,17.5952994616207,9.));
#12912=CARTESIAN_POINT('',(49.6,18.1726497308104,8.));
#12913=CARTESIAN_POINT('',(49.6,18.1726497308104,8.));
#12914=CARTESIAN_POINT('',(49.6,17.5952994616207,9.));
#12915=CARTESIAN_POINT('',(49.6,18.1726497308104,8.));
#12916=CARTESIAN_POINT('',(49.6,19.3273502691896,8.));
#12917=CARTESIAN_POINT('',(49.6,19.3273502691896,8.));
#12918=CARTESIAN_POINT('',(49.6,18.1726497308104,8.));
#12919=CARTESIAN_POINT('',(49.6,19.3273502691896,8.));
#12920=CARTESIAN_POINT('',(49.6,19.9047005383793,9.));
#12921=CARTESIAN_POINT('',(49.6,19.9047005383793,9.));
#12922=CARTESIAN_POINT('',(49.6,19.3273502691896,8.));
#12923=CARTESIAN_POINT('',(49.6,19.9047005383793,9.));
#12924=CARTESIAN_POINT('',(49.6,19.9047005383793,9.));
#12925=CARTESIAN_POINT('',(49.6,0.,0.));
#12926=CARTESIAN_POINT('',(49.6,19.3273502691896,-8.));
#12927=CARTESIAN_POINT('',(49.6,18.1726497308104,-8.));
#12928=CARTESIAN_POINT('',(49.6,18.1726497308104,-8.));
#12929=CARTESIAN_POINT('',(49.6,19.3273502691896,-8.));
#12930=CARTESIAN_POINT('',(49.6,19.3273502691896,-8.));
#12931=CARTESIAN_POINT('',(49.6,19.3273502691896,-8.));
#12932=CARTESIAN_POINT('',(49.6,18.1726497308104,-8.));
#12933=CARTESIAN_POINT('',(49.6,17.5952994616207,-9.));
#12934=CARTESIAN_POINT('',(49.6,17.5952994616207,-9.));
#12935=CARTESIAN_POINT('',(49.6,18.1726497308104,-8.));
#12936=CARTESIAN_POINT('',(49.6,17.5952994616207,-9.));
#12937=CARTESIAN_POINT('',(49.6,18.1726497308104,-10.));
#12938=CARTESIAN_POINT('',(49.6,18.1726497308104,-10.));
#12939=CARTESIAN_POINT('',(49.6,17.5952994616207,-9.));
#12940=CARTESIAN_POINT('',(49.6,18.1726497308104,-10.));
#12941=CARTESIAN_POINT('',(49.6,19.3273502691896,-10.));
#12942=CARTESIAN_POINT('',(49.6,19.3273502691896,-10.));
#12943=CARTESIAN_POINT('',(49.6,18.1726497308104,-10.));
#12944=CARTESIAN_POINT('',(49.6,19.3273502691896,-10.));
#12945=CARTESIAN_POINT('',(49.6,19.9047005383793,-9.));
#12946=CARTESIAN_POINT('',(49.6,19.9047005383793,-9.));
#12947=CARTESIAN_POINT('',(49.6,19.3273502691896,-10.));
#12948=CARTESIAN_POINT('',(49.6,19.9047005383793,-9.));
#12949=CARTESIAN_POINT('',(49.6,19.9047005383793,-9.));
#12950=CARTESIAN_POINT('',(49.6,0.,0.));
#12951=CARTESIAN_POINT('',(49.6,9.32735026918963,10.));
#12952=CARTESIAN_POINT('',(49.6,8.17264973081037,10.));
#12953=CARTESIAN_POINT('',(49.6,8.17264973081037,10.));
#12954=CARTESIAN_POINT('',(49.6,9.32735026918963,10.));
#12955=CARTESIAN_POINT('',(49.6,9.32735026918963,10.));
#12956=CARTESIAN_POINT('',(49.6,9.32735026918963,10.));
#12957=CARTESIAN_POINT('',(49.6,8.17264973081037,10.));
#12958=CARTESIAN_POINT('',(49.6,7.59529946162075,9.));
#12959=CARTESIAN_POINT('',(49.6,7.59529946162075,9.));
#12960=CARTESIAN_POINT('',(49.6,8.17264973081037,10.));
#12961=CARTESIAN_POINT('',(49.6,7.59529946162075,9.));
#12962=CARTESIAN_POINT('',(49.6,8.17264973081037,8.));
#12963=CARTESIAN_POINT('',(49.6,8.17264973081037,8.));
#12964=CARTESIAN_POINT('',(49.6,7.59529946162075,9.));
#12965=CARTESIAN_POINT('',(49.6,8.17264973081037,8.));
#12966=CARTESIAN_POINT('',(49.6,9.32735026918963,8.));
#12967=CARTESIAN_POINT('',(49.6,9.32735026918963,8.));
#12968=CARTESIAN_POINT('',(49.6,8.17264973081037,8.));
#12969=CARTESIAN_POINT('',(49.6,9.32735026918963,8.));
#12970=CARTESIAN_POINT('',(49.6,9.90470053837925,9.));
#12971=CARTESIAN_POINT('',(49.6,9.90470053837925,9.));
#12972=CARTESIAN_POINT('',(49.6,9.32735026918963,8.));
#12973=CARTESIAN_POINT('',(49.6,9.90470053837925,9.));
#12974=CARTESIAN_POINT('',(49.6,9.90470053837925,9.));
#12975=CARTESIAN_POINT('',(49.6,0.,0.));
#12976=CARTESIAN_POINT('',(49.6,9.32735026918963,-8.));
#12977=CARTESIAN_POINT('',(49.6,8.17264973081037,-8.));
#12978=CARTESIAN_POINT('',(49.6,8.17264973081037,-8.));
#12979=CARTESIAN_POINT('',(49.6,9.32735026918963,-8.));
#12980=CARTESIAN_POINT('',(49.6,9.32735026918963,-8.));
#12981=CARTESIAN_POINT('',(49.6,9.32735026918963,-8.));
#12982=CARTESIAN_POINT('',(49.6,8.17264973081037,-8.));
#12983=CARTESIAN_POINT('',(49.6,7.59529946162075,-9.));
#12984=CARTESIAN_POINT('',(49.6,7.59529946162075,-9.));
#12985=CARTESIAN_POINT('',(49.6,8.17264973081037,-8.));
#12986=CARTESIAN_POINT('',(49.6,7.59529946162075,-9.));
#12987=CARTESIAN_POINT('',(49.6,8.17264973081037,-10.));
#12988=CARTESIAN_POINT('',(49.6,8.17264973081037,-10.));
#12989=CARTESIAN_POINT('',(49.6,7.59529946162075,-9.));
#12990=CARTESIAN_POINT('',(49.6,8.17264973081037,-10.));
#12991=CARTESIAN_POINT('',(49.6,9.32735026918963,-10.));
#12992=CARTESIAN_POINT('',(49.6,9.32735026918963,-10.));
#12993=CARTESIAN_POINT('',(49.6,8.17264973081037,-10.));
#12994=CARTESIAN_POINT('',(49.6,9.32735026918963,-10.));
#12995=CARTESIAN_POINT('',(49.6,9.90470053837925,-9.));
#12996=CARTESIAN_POINT('',(49.6,9.90470053837925,-9.));
#12997=CARTESIAN_POINT('',(49.6,9.32735026918963,-10.));
#12998=CARTESIAN_POINT('',(49.6,9.90470053837925,-9.));
#12999=CARTESIAN_POINT('',(49.6,9.90470053837925,-9.));
#13000=CARTESIAN_POINT('',(49.6,0.,0.));
#13001=CARTESIAN_POINT('',(260.5,0.300000000000001,12.3));
#13002=CARTESIAN_POINT('',(260.5,8.3,12.3));
#13003=CARTESIAN_POINT('',(250.5,8.3,12.3));
#13004=CARTESIAN_POINT('',(250.5,0.300000000000001,12.3));
#13005=CARTESIAN_POINT('',(260.5,8.3,12.3));
#13006=CARTESIAN_POINT('',(250.5,8.3,12.3));
#13007=CARTESIAN_POINT('',(250.5,0.,0.));
#13008=CARTESIAN_POINT('',(250.5,4.5,16.3));
#13009=CARTESIAN_POINT('',(250.5,0.,0.));
#13010=CARTESIAN_POINT('',(250.5,4.5,-16.3));
#13011=CARTESIAN_POINT('',(250.5,8.3,-19.7));
#13012=CARTESIAN_POINT('',(250.5,8.3,-12.3));
#13013=CARTESIAN_POINT('',(250.5,8.3,-12.3));
#13014=CARTESIAN_POINT('',(260.5,8.3,-19.7));
#13015=CARTESIAN_POINT('',(260.5,8.3,-12.3));
#13016=CARTESIAN_POINT('',(260.5,8.3,-12.3));
#13017=CARTESIAN_POINT('',(34.,4.5,16.3));
#13018=CARTESIAN_POINT('',(34.,2.76794919243112,16.3));
#13019=CARTESIAN_POINT('',(34.,2.76794919243112,16.3));
#13020=CARTESIAN_POINT('',(34.,3.63397459621556,17.8));
#13021=CARTESIAN_POINT('',(34.,3.63397459621556,14.8));
#13022=CARTESIAN_POINT('',(34.,3.63397459621556,14.8));
#13023=CARTESIAN_POINT('',(34.,5.36602540378444,14.8));
#13024=CARTESIAN_POINT('',(34.,5.36602540378444,14.8));
#13025=CARTESIAN_POINT('',(34.,6.23205080756888,16.3));
#13026=CARTESIAN_POINT('',(34.,6.23205080756888,16.3));
#13027=CARTESIAN_POINT('',(34.,5.36602540378444,17.8));
#13028=CARTESIAN_POINT('',(34.,5.36602540378444,17.8));
#13029=CARTESIAN_POINT('',(34.,3.63397459621556,17.8));
#13030=CARTESIAN_POINT('',(34.,4.5,16.3));
#13031=CARTESIAN_POINT('',(34.,4.5,12.8));
#13032=CARTESIAN_POINT('',(39.,4.5,16.3));
#13033=CARTESIAN_POINT('',(38.,4.5,16.3));
#13034=CARTESIAN_POINT('',(38.,4.5,12.8));
#13035=CARTESIAN_POINT('',(38.,8.,16.3));
#13036=CARTESIAN_POINT('',(38.,4.5,16.3));
#13037=CARTESIAN_POINT('',(38.,4.5,12.65));
#13038=CARTESIAN_POINT('',(39.,4.5,16.3));
#13039=CARTESIAN_POINT('',(39.,4.5,16.3));
#13040=CARTESIAN_POINT('',(39.,8.15,16.3));
#13041=CARTESIAN_POINT('',(36.,3.63397459621556,14.8));
#13042=CARTESIAN_POINT('',(36.,2.76794919243112,16.3));
#13043=CARTESIAN_POINT('',(36.,2.76794919243112,16.3));
#13044=CARTESIAN_POINT('',(36.,3.63397459621556,14.8));
#13045=CARTESIAN_POINT('',(36.,3.63397459621556,14.8));
#13046=CARTESIAN_POINT('',(36.,3.63397459621556,14.8));
#13047=CARTESIAN_POINT('',(36.,2.76794919243112,16.3));
#13048=CARTESIAN_POINT('',(36.,3.63397459621556,17.8));
#13049=CARTESIAN_POINT('',(36.,3.63397459621556,17.8));
#13050=CARTESIAN_POINT('',(36.,2.76794919243112,16.3));
#13051=CARTESIAN_POINT('',(36.,3.63397459621556,17.8));
#13052=CARTESIAN_POINT('',(36.,5.36602540378444,17.8));
#13053=CARTESIAN_POINT('',(36.,5.36602540378444,17.8));
#13054=CARTESIAN_POINT('',(36.,3.63397459621556,17.8));
#13055=CARTESIAN_POINT('',(36.,5.36602540378444,17.8));
#13056=CARTESIAN_POINT('',(36.,6.23205080756888,16.3));
#13057=CARTESIAN_POINT('',(36.,6.23205080756888,16.3));
#13058=CARTESIAN_POINT('',(36.,5.36602540378444,17.8));
#13059=CARTESIAN_POINT('',(36.,6.23205080756888,16.3));
#13060=CARTESIAN_POINT('',(36.,5.36602540378444,14.8));
#13061=CARTESIAN_POINT('',(36.,5.36602540378444,14.8));
#13062=CARTESIAN_POINT('',(36.,6.23205080756888,16.3));
#13063=CARTESIAN_POINT('',(36.,5.36602540378444,14.8));
#13064=CARTESIAN_POINT('',(36.,5.36602540378444,14.8));
#13065=CARTESIAN_POINT('',(36.,0.,0.));
#13066=CARTESIAN_POINT('',(250.5,4.5,16.3));
#13067=CARTESIAN_POINT('',(250.5,4.5,16.3));
#13068=CARTESIAN_POINT('',(255.5,4.5,16.3));
#13069=CARTESIAN_POINT('',(251.5,4.5,16.3));
#13070=CARTESIAN_POINT('',(251.5,4.5,12.65));
#13071=CARTESIAN_POINT('',(251.5,8.15,16.3));
#13072=CARTESIAN_POINT('',(251.5,4.5,16.3));
#13073=CARTESIAN_POINT('',(251.5,4.5,12.8));
#13074=CARTESIAN_POINT('',(255.5,4.5,16.3));
#13075=CARTESIAN_POINT('',(255.5,4.5,16.3));
#13076=CARTESIAN_POINT('',(255.5,4.5,12.8));
#13077=CARTESIAN_POINT('',(255.5,8.,16.3));
#13078=CARTESIAN_POINT('',(255.5,2.76794919243112,16.3));
#13079=CARTESIAN_POINT('',(255.5,2.76794919243112,16.3));
#13080=CARTESIAN_POINT('',(255.5,3.63397459621556,14.8));
#13081=CARTESIAN_POINT('',(255.5,3.63397459621556,17.8));
#13082=CARTESIAN_POINT('',(255.5,3.63397459621556,17.8));
#13083=CARTESIAN_POINT('',(255.5,5.36602540378444,17.8));
#13084=CARTESIAN_POINT('',(255.5,5.36602540378444,17.8));
#13085=CARTESIAN_POINT('',(255.5,6.23205080756888,16.3));
#13086=CARTESIAN_POINT('',(255.5,6.23205080756888,16.3));
#13087=CARTESIAN_POINT('',(255.5,5.36602540378444,14.8));
#13088=CARTESIAN_POINT('',(255.5,5.36602540378444,14.8));
#13089=CARTESIAN_POINT('',(255.5,3.63397459621556,14.8));
#13090=CARTESIAN_POINT('',(253.5,3.63397459621556,17.8));
#13091=CARTESIAN_POINT('',(253.5,2.76794919243112,16.3));
#13092=CARTESIAN_POINT('',(253.5,2.76794919243112,16.3));
#13093=CARTESIAN_POINT('',(253.5,3.63397459621556,17.8));
#13094=CARTESIAN_POINT('',(253.5,3.63397459621556,17.8));
#13095=CARTESIAN_POINT('',(253.5,3.63397459621556,17.8));
#13096=CARTESIAN_POINT('',(253.5,2.76794919243112,16.3));
#13097=CARTESIAN_POINT('',(253.5,3.63397459621556,14.8));
#13098=CARTESIAN_POINT('',(253.5,3.63397459621556,14.8));
#13099=CARTESIAN_POINT('',(253.5,2.76794919243112,16.3));
#13100=CARTESIAN_POINT('',(253.5,3.63397459621556,14.8));
#13101=CARTESIAN_POINT('',(253.5,5.36602540378444,14.8));
#13102=CARTESIAN_POINT('',(253.5,5.36602540378444,14.8));
#13103=CARTESIAN_POINT('',(253.5,3.63397459621556,14.8));
#13104=CARTESIAN_POINT('',(253.5,5.36602540378444,14.8));
#13105=CARTESIAN_POINT('',(253.5,6.23205080756888,16.3));
#13106=CARTESIAN_POINT('',(253.5,6.23205080756888,16.3));
#13107=CARTESIAN_POINT('',(253.5,5.36602540378444,14.8));
#13108=CARTESIAN_POINT('',(253.5,6.23205080756888,16.3));
#13109=CARTESIAN_POINT('',(253.5,5.36602540378444,17.8));
#13110=CARTESIAN_POINT('',(253.5,5.36602540378444,17.8));
#13111=CARTESIAN_POINT('',(253.5,6.23205080756888,16.3));
#13112=CARTESIAN_POINT('',(253.5,5.36602540378444,17.8));
#13113=CARTESIAN_POINT('',(253.5,5.36602540378444,17.8));
#13114=CARTESIAN_POINT('',(253.5,0.,0.));
#13115=CARTESIAN_POINT('',(39.,8.15,-16.3));
#13116=CARTESIAN_POINT('',(39.,4.5,-16.3));
#13117=CARTESIAN_POINT('',(34.,4.5,-16.3));
#13118=CARTESIAN_POINT('',(34.,2.76794919243112,-16.3));
#13119=CARTESIAN_POINT('',(34.,2.76794919243112,-16.3));
#13120=CARTESIAN_POINT('',(34.,3.63397459621556,-14.8));
#13121=CARTESIAN_POINT('',(34.,3.63397459621556,-17.8));
#13122=CARTESIAN_POINT('',(34.,3.63397459621556,-17.8));
#13123=CARTESIAN_POINT('',(34.,5.36602540378444,-17.8));
#13124=CARTESIAN_POINT('',(34.,5.36602540378444,-17.8));
#13125=CARTESIAN_POINT('',(34.,6.23205080756888,-16.3));
#13126=CARTESIAN_POINT('',(34.,6.23205080756888,-16.3));
#13127=CARTESIAN_POINT('',(34.,5.36602540378444,-14.8));
#13128=CARTESIAN_POINT('',(34.,5.36602540378444,-14.8));
#13129=CARTESIAN_POINT('',(34.,3.63397459621556,-14.8));
#13130=CARTESIAN_POINT('',(34.,4.5,-16.3));
#13131=CARTESIAN_POINT('',(34.,4.5,-19.8));
#13132=CARTESIAN_POINT('',(39.,4.5,-16.3));
#13133=CARTESIAN_POINT('',(38.,4.5,-16.3));
#13134=CARTESIAN_POINT('',(38.,4.5,-19.8));
#13135=CARTESIAN_POINT('',(38.,8.,-16.3));
#13136=CARTESIAN_POINT('',(38.,4.5,-16.3));
#13137=CARTESIAN_POINT('',(38.,4.5,-19.95));
#13138=CARTESIAN_POINT('',(39.,4.5,-16.3));
#13139=CARTESIAN_POINT('',(36.,3.63397459621556,-17.8));
#13140=CARTESIAN_POINT('',(36.,2.76794919243112,-16.3));
#13141=CARTESIAN_POINT('',(36.,2.76794919243112,-16.3));
#13142=CARTESIAN_POINT('',(36.,3.63397459621556,-17.8));
#13143=CARTESIAN_POINT('',(36.,3.63397459621556,-17.8));
#13144=CARTESIAN_POINT('',(36.,3.63397459621556,-17.8));
#13145=CARTESIAN_POINT('',(36.,2.76794919243112,-16.3));
#13146=CARTESIAN_POINT('',(36.,3.63397459621556,-14.8));
#13147=CARTESIAN_POINT('',(36.,3.63397459621556,-14.8));
#13148=CARTESIAN_POINT('',(36.,2.76794919243112,-16.3));
#13149=CARTESIAN_POINT('',(36.,3.63397459621556,-14.8));
#13150=CARTESIAN_POINT('',(36.,5.36602540378444,-14.8));
#13151=CARTESIAN_POINT('',(36.,5.36602540378444,-14.8));
#13152=CARTESIAN_POINT('',(36.,3.63397459621556,-14.8));
#13153=CARTESIAN_POINT('',(36.,5.36602540378444,-14.8));
#13154=CARTESIAN_POINT('',(36.,6.23205080756888,-16.3));
#13155=CARTESIAN_POINT('',(36.,6.23205080756888,-16.3));
#13156=CARTESIAN_POINT('',(36.,5.36602540378444,-14.8));
#13157=CARTESIAN_POINT('',(36.,6.23205080756888,-16.3));
#13158=CARTESIAN_POINT('',(36.,5.36602540378444,-17.8));
#13159=CARTESIAN_POINT('',(36.,5.36602540378444,-17.8));
#13160=CARTESIAN_POINT('',(36.,6.23205080756888,-16.3));
#13161=CARTESIAN_POINT('',(36.,5.36602540378444,-17.8));
#13162=CARTESIAN_POINT('',(36.,5.36602540378444,-17.8));
#13163=CARTESIAN_POINT('',(36.,0.,0.));
#13164=CARTESIAN_POINT('',(250.5,4.5,-16.3));
#13165=CARTESIAN_POINT('',(250.5,4.5,-16.3));
#13166=CARTESIAN_POINT('',(255.5,4.5,-16.3));
#13167=CARTESIAN_POINT('',(251.5,4.5,-16.3));
#13168=CARTESIAN_POINT('',(251.5,4.5,-19.95));
#13169=CARTESIAN_POINT('',(251.5,8.15,-16.3));
#13170=CARTESIAN_POINT('',(251.5,4.5,-16.3));
#13171=CARTESIAN_POINT('',(251.5,4.5,-19.8));
#13172=CARTESIAN_POINT('',(255.5,4.5,-16.3));
#13173=CARTESIAN_POINT('',(255.5,4.5,-16.3));
#13174=CARTESIAN_POINT('',(255.5,4.5,-19.8));
#13175=CARTESIAN_POINT('',(255.5,8.,-16.3));
#13176=CARTESIAN_POINT('',(255.5,2.76794919243112,-16.3));
#13177=CARTESIAN_POINT('',(255.5,2.76794919243112,-16.3));
#13178=CARTESIAN_POINT('',(255.5,3.63397459621556,-17.8));
#13179=CARTESIAN_POINT('',(255.5,3.63397459621556,-14.8));
#13180=CARTESIAN_POINT('',(255.5,3.63397459621556,-14.8));
#13181=CARTESIAN_POINT('',(255.5,5.36602540378444,-14.8));
#13182=CARTESIAN_POINT('',(255.5,5.36602540378444,-14.8));
#13183=CARTESIAN_POINT('',(255.5,6.23205080756888,-16.3));
#13184=CARTESIAN_POINT('',(255.5,6.23205080756888,-16.3));
#13185=CARTESIAN_POINT('',(255.5,5.36602540378444,-17.8));
#13186=CARTESIAN_POINT('',(255.5,5.36602540378444,-17.8));
#13187=CARTESIAN_POINT('',(255.5,3.63397459621556,-17.8));
#13188=CARTESIAN_POINT('',(253.5,3.63397459621556,-14.8));
#13189=CARTESIAN_POINT('',(253.5,2.76794919243112,-16.3));
#13190=CARTESIAN_POINT('',(253.5,2.76794919243112,-16.3));
#13191=CARTESIAN_POINT('',(253.5,3.63397459621556,-14.8));
#13192=CARTESIAN_POINT('',(253.5,3.63397459621556,-14.8));
#13193=CARTESIAN_POINT('',(253.5,3.63397459621556,-14.8));
#13194=CARTESIAN_POINT('',(253.5,2.76794919243112,-16.3));
#13195=CARTESIAN_POINT('',(253.5,3.63397459621556,-17.8));
#13196=CARTESIAN_POINT('',(253.5,3.63397459621556,-17.8));
#13197=CARTESIAN_POINT('',(253.5,2.76794919243112,-16.3));
#13198=CARTESIAN_POINT('',(253.5,3.63397459621556,-17.8));
#13199=CARTESIAN_POINT('',(253.5,5.36602540378444,-17.8));
#13200=CARTESIAN_POINT('',(253.5,5.36602540378444,-17.8));
#13201=CARTESIAN_POINT('',(253.5,3.63397459621556,-17.8));
#13202=CARTESIAN_POINT('',(253.5,5.36602540378444,-17.8));
#13203=CARTESIAN_POINT('',(253.5,6.23205080756888,-16.3));
#13204=CARTESIAN_POINT('',(253.5,6.23205080756888,-16.3));
#13205=CARTESIAN_POINT('',(253.5,5.36602540378444,-17.8));
#13206=CARTESIAN_POINT('',(253.5,6.23205080756888,-16.3));
#13207=CARTESIAN_POINT('',(253.5,5.36602540378444,-14.8));
#13208=CARTESIAN_POINT('',(253.5,5.36602540378444,-14.8));
#13209=CARTESIAN_POINT('',(253.5,6.23205080756888,-16.3));
#13210=CARTESIAN_POINT('',(253.5,5.36602540378444,-14.8));
#13211=CARTESIAN_POINT('',(253.5,5.36602540378444,-14.8));
#13212=CARTESIAN_POINT('',(253.5,0.,0.));
#13213=CARTESIAN_POINT('',(86.,5.,0.));
#13214=CARTESIAN_POINT('',(207.,5.,-2.));
#13215=CARTESIAN_POINT('',(207.,5.,-2.));
#13216=CARTESIAN_POINT('',(205.,5.,-2.));
#13217=CARTESIAN_POINT('',(205.,5.,-2.16840434497101E-16));
#13218=CARTESIAN_POINT('',(205.,5.,2.));
#13219=CARTESIAN_POINT('',(205.,5.,2.));
#13220=CARTESIAN_POINT('',(207.,5.,2.));
#13221=CARTESIAN_POINT('',(207.,5.,2.16840434497101E-16));
#13222=CARTESIAN_POINT('',(0.,0.,0.));
#13223=CARTESIAN_POINT('',(28.5,8.04258885741202,7.));
#13224=CARTESIAN_POINT('',(28.5,16.2,8.1));
#13225=CARTESIAN_POINT('',(28.5,14.2300397456112,6.56076103345565));
#13226=CARTESIAN_POINT('',(28.5,16.2,5.6));
#13227=CARTESIAN_POINT('',(28.5,13.,0.));
#13228=CARTESIAN_POINT('',(28.5,8.04258885741202,4.46997291683495));
#13229=CARTESIAN_POINT('',(28.5,8.04258885741202,7.));
#13230=CARTESIAN_POINT('',(28.5,8.04258885741202,3.80000000000001));
#13231=CARTESIAN_POINT('',(28.5,13.,3.80000000000001));
#13232=CARTESIAN_POINT('',(28.5,13.,3.80000000000001));
#13233=CARTESIAN_POINT('',(28.5,13.,0.));
#13234=CARTESIAN_POINT('',(28.5,13.,-3.8));
#13235=CARTESIAN_POINT('',(28.5,13.,-3.8));
#13236=CARTESIAN_POINT('',(28.5,8.04258885741202,-3.8));
#13237=CARTESIAN_POINT('',(28.5,8.04258885741202,7.));
#13238=CARTESIAN_POINT('',(28.5,8.04258885741202,-4.46997291683495));
#13239=CARTESIAN_POINT('',(28.5,13.,0.));
#13240=CARTESIAN_POINT('',(28.5,18.1967694115908,-4.18929239808443));
#13241=CARTESIAN_POINT('',(28.5,18.1967694115908,7.));
#13242=CARTESIAN_POINT('',(28.5,18.1967694115908,4.18929239808443));
#13243=CARTESIAN_POINT('',(28.5,13.,0.));
#13244=CARTESIAN_POINT('',(28.5,16.6327101610084,5.6));
#13245=CARTESIAN_POINT('',(28.5,8.04258885741202,5.6));
#13246=CARTESIAN_POINT('',(22.3,15.,16.7));
#13247=CARTESIAN_POINT('',(22.3,14.2,12.));
#13248=CARTESIAN_POINT('',(22.3,14.2,10.25));
#13249=CARTESIAN_POINT('',(22.3,14.2,-12.));
#13250=CARTESIAN_POINT('',(22.3,14.2,-13.75));
#13251=CARTESIAN_POINT('',(22.3,13.,0.));
#13252=CARTESIAN_POINT('',(22.3,13.,-3.));
#13253=CARTESIAN_POINT('',(22.3,16.2,8.1));
#13254=CARTESIAN_POINT('',(22.3,13.7,8.1));
#13255=CARTESIAN_POINT('',(22.3,16.2,10.6));
#13256=CARTESIAN_POINT('',(22.3,15.,10.6));
#13257=CARTESIAN_POINT('',(22.3,18.5,10.6));
#13258=CARTESIAN_POINT('',(22.3,18.5,-13.7928932188135));
#13259=CARTESIAN_POINT('',(22.3,18.5,13.7928932188135));
#13260=CARTESIAN_POINT('',(22.3,18.5,13.7928932188135));
#13261=CARTESIAN_POINT('',(22.3,17.7928932188135,14.5));
#13262=CARTESIAN_POINT('',(22.3,17.7928932188135,14.5));
#13263=CARTESIAN_POINT('',(22.3,16.3,14.5));
#13264=CARTESIAN_POINT('',(22.3,16.3,14.5));
#13265=CARTESIAN_POINT('',(22.3,16.3,16.7));
#13266=CARTESIAN_POINT('',(22.3,15.,16.7));
#13267=CARTESIAN_POINT('',(22.3,13.7,16.7));
#13268=CARTESIAN_POINT('',(22.3,13.7,16.7));
#13269=CARTESIAN_POINT('',(22.3,13.7,15.2));
#13270=CARTESIAN_POINT('',(22.3,13.7,15.2));
#13271=CARTESIAN_POINT('',(22.3,11.9649110640674,15.2));
#13272=CARTESIAN_POINT('',(22.3,10.7,14.9));
#13273=CARTESIAN_POINT('',(22.3,9.43508893593264,15.2));
#13274=CARTESIAN_POINT('',(22.3,9.43508893593265,15.2));
#13275=CARTESIAN_POINT('',(22.3,8.15999999999999,15.2));
#13276=CARTESIAN_POINT('',(22.3,8.15999999999999,15.2));
#13277=CARTESIAN_POINT('',(22.3,6.,11.4587702556512));
#13278=CARTESIAN_POINT('',(22.3,6.,11.4587702556512));
#13279=CARTESIAN_POINT('',(22.3,6.,-11.4587702556512));
#13280=CARTESIAN_POINT('',(22.3,6.,-11.4587702556512));
#13281=CARTESIAN_POINT('',(22.3,8.16,-15.2));
#13282=CARTESIAN_POINT('',(22.3,8.16,-15.2));
#13283=CARTESIAN_POINT('',(22.3,9.43508893593265,-15.2));
#13284=CARTESIAN_POINT('',(22.3,10.7,-14.9));
#13285=CARTESIAN_POINT('',(22.3,11.9649110640674,-15.2));
#13286=CARTESIAN_POINT('',(22.3,11.9649110640674,-15.2));
#13287=CARTESIAN_POINT('',(22.3,13.7,-15.2));
#13288=CARTESIAN_POINT('',(22.3,13.7,-15.2));
#13289=CARTESIAN_POINT('',(22.3,13.7,-16.7));
#13290=CARTESIAN_POINT('',(22.3,15.,-16.7));
#13291=CARTESIAN_POINT('',(22.3,16.3,-16.7));
#13292=CARTESIAN_POINT('',(22.3,16.3,-16.7));
#13293=CARTESIAN_POINT('',(22.3,16.3,-14.5));
#13294=CARTESIAN_POINT('',(22.3,16.3,-14.5));
#13295=CARTESIAN_POINT('',(22.3,17.7928932188135,-14.5));
#13296=CARTESIAN_POINT('',(22.3,17.7928932188135,-14.5));
#13297=CARTESIAN_POINT('',(22.3,18.5,-13.7928932188135));
#13298=CARTESIAN_POINT('',(22.3,18.5,-13.7928932188135));
#13299=CARTESIAN_POINT('',(22.3,18.5,-4.3301270189222));
#13300=CARTESIAN_POINT('',(22.3,13.,0.));
#13301=CARTESIAN_POINT('',(22.3,7.38,-4.17320021086939));
#13302=CARTESIAN_POINT('',(22.3,7.38,7.));
#13303=CARTESIAN_POINT('',(22.3,7.38,-3.5));
#13304=CARTESIAN_POINT('',(22.3,13.,-3.5));
#13305=CARTESIAN_POINT('',(22.3,13.,-3.5));
#13306=CARTESIAN_POINT('',(22.3,13.,0.));
#13307=CARTESIAN_POINT('',(22.3,13.,3.5));
#13308=CARTESIAN_POINT('',(22.3,13.,3.5));
#13309=CARTESIAN_POINT('',(22.3,7.38,3.5));
#13310=CARTESIAN_POINT('',(22.3,7.38,7.));
#13311=CARTESIAN_POINT('',(22.3,7.38,4.17320021086939));
#13312=CARTESIAN_POINT('',(22.3,13.,0.));
#13313=CARTESIAN_POINT('',(22.3,13.990941200907,6.92950471075278));
#13314=CARTESIAN_POINT('',(22.3,16.2,8.1));
#13315=CARTESIAN_POINT('',(22.3,15.,16.7));
#13316=CARTESIAN_POINT('',(22.3,18.5,-13.7928932188135));
#13317=CARTESIAN_POINT('',(22.3,18.5,4.3301270189222));
#13318=CARTESIAN_POINT('',(22.3,18.5,5.6));
#13319=CARTESIAN_POINT('',(22.3,15.,5.6));
#13320=CARTESIAN_POINT('',(22.3,17.2,5.6));
#13321=CARTESIAN_POINT('',(22.3,13.,0.));
#13322=CARTESIAN_POINT('',(22.3,18.5,-13.7928932188135));
#13323=CARTESIAN_POINT('',(22.3,18.5,10.6));
#13324=CARTESIAN_POINT('',(21.9,18.5,10.6));
#13325=CARTESIAN_POINT('',(21.9,18.5,5.6));
#13326=CARTESIAN_POINT('',(21.9,18.5,5.6));
#13327=CARTESIAN_POINT('',(29.3,18.5,5.6));
#13328=CARTESIAN_POINT('',(22.3,18.5,7.));
#13329=CARTESIAN_POINT('',(22.3,18.5,-13.7928932188135));
#13330=CARTESIAN_POINT('',(16.6,18.5,-13.7928932188135));
#13331=CARTESIAN_POINT('',(16.6,18.5,-4.33680868994202E-16));
#13332=CARTESIAN_POINT('',(16.6,18.5,13.7928932188135));
#13333=CARTESIAN_POINT('',(22.3,18.5,13.7928932188135));
#13334=CARTESIAN_POINT('',(22.3,13.,0.));
#13335=CARTESIAN_POINT('',(22.3,13.9909412009068,6.92950471075293));
#13336=CARTESIAN_POINT('',(24.3675618304359,14.0536940325224,6.81107220092396));
#13337=CARTESIAN_POINT('',(26.4345611339109,14.1292188053911,6.68979443850877));
#13338=CARTESIAN_POINT('',(28.5,14.2300397456112,6.56076103345568));
#13339=CARTESIAN_POINT('',(49.2470038470252,10.259803949948,0.));
#13340=CARTESIAN_POINT('',(22.3,13.,0.));
#13341=CARTESIAN_POINT('',(28.5,16.6327101610084,5.6));
#13342=CARTESIAN_POINT('',(26.4342986121967,16.8316347591834,5.6));
#13343=CARTESIAN_POINT('',(24.3674772727364,17.0194135123629,5.6));
#13344=CARTESIAN_POINT('',(22.3,17.2,5.6));
#13345=CARTESIAN_POINT('',(22.3,18.5,4.3301270189222));
#13346=CARTESIAN_POINT('',(24.3666720758961,18.3989228726415,4.28342084686946));
#13347=CARTESIAN_POINT('',(26.4333389243792,18.2978460009461,4.23648399655505));
#13348=CARTESIAN_POINT('',(28.5,18.1967694115908,4.18929239808443));
#13349=CARTESIAN_POINT('',(22.3,18.5,-13.7928932188135));
#13350=CARTESIAN_POINT('',(-21.9,18.5,-5.6));
#13351=CARTESIAN_POINT('',(-21.9,18.5,-5.6));
#13352=CARTESIAN_POINT('',(-22.3,18.5,-5.6));
#13353=CARTESIAN_POINT('',(-22.3,18.5,-13.7928932188135));
#13354=CARTESIAN_POINT('',(-22.3,18.5,-4.3301270189222));
#13355=CARTESIAN_POINT('',(-22.3,18.5,7.));
#13356=CARTESIAN_POINT('',(-22.3,18.5,4.3301270189222));
#13357=CARTESIAN_POINT('',(-22.3,18.5,-13.7928932188135));
#13358=CARTESIAN_POINT('',(-22.3,18.5,13.7928932188135));
#13359=CARTESIAN_POINT('',(22.3,18.5,13.7928932188135));
#13360=CARTESIAN_POINT('',(-16.6,18.5,13.7928932188135));
#13361=CARTESIAN_POINT('',(-16.6,18.5,-4.33680868994202E-16));
#13362=CARTESIAN_POINT('',(-16.6,18.5,-13.7928932188135));
#13363=CARTESIAN_POINT('',(22.3,18.5,-13.7928932188135));
#13364=CARTESIAN_POINT('',(-22.3,18.5,-13.7928932188135));
#13365=CARTESIAN_POINT('',(-22.3,18.5,-13.7928932188135));
#13366=CARTESIAN_POINT('',(-22.3,18.5,-10.6));
#13367=CARTESIAN_POINT('',(-21.9,18.5,-10.6));
#13368=CARTESIAN_POINT('',(-21.9,18.5,-10.6));
#13369=CARTESIAN_POINT('',(-21.9,18.5,-10.6));
#13370=CARTESIAN_POINT('',(-22.3,15.,16.7));
#13371=CARTESIAN_POINT('',(-22.3,15.,-5.6));
#13372=CARTESIAN_POINT('',(-22.3,17.2,-5.6));
#13373=CARTESIAN_POINT('',(-22.3,13.,0.));
#13374=CARTESIAN_POINT('',(-22.3,15.,16.7));
#13375=CARTESIAN_POINT('',(-22.3,13.,0.));
#13376=CARTESIAN_POINT('',(-22.3,13.,-3.));
#13377=CARTESIAN_POINT('',(-22.3,14.2,-12.));
#13378=CARTESIAN_POINT('',(-22.3,14.2,-13.75));
#13379=CARTESIAN_POINT('',(-22.3,14.2,12.));
#13380=CARTESIAN_POINT('',(-22.3,14.2,10.25));
#13381=CARTESIAN_POINT('',(-22.3,16.2,-8.1));
#13382=CARTESIAN_POINT('',(-22.3,13.7,-8.1));
#13383=CARTESIAN_POINT('',(-22.3,13.990941200907,-6.92950471075278));
#13384=CARTESIAN_POINT('',(-22.3,16.2,-8.1));
#13385=CARTESIAN_POINT('',(-22.3,16.2,-10.6));
#13386=CARTESIAN_POINT('',(-22.3,15.,-10.6));
#13387=CARTESIAN_POINT('',(-22.3,17.7928932188135,-14.5));
#13388=CARTESIAN_POINT('',(-22.3,17.7928932188135,-14.5));
#13389=CARTESIAN_POINT('',(-22.3,16.3,-14.5));
#13390=CARTESIAN_POINT('',(-22.3,16.3,-14.5));
#13391=CARTESIAN_POINT('',(-22.3,16.3,-16.7));
#13392=CARTESIAN_POINT('',(-22.3,16.3,-16.7));
#13393=CARTESIAN_POINT('',(-22.3,15.,-16.7));
#13394=CARTESIAN_POINT('',(-22.3,13.7,-16.7));
#13395=CARTESIAN_POINT('',(-22.3,13.7,-15.2));
#13396=CARTESIAN_POINT('',(-22.3,13.7,-15.2));
#13397=CARTESIAN_POINT('',(-22.3,11.9649110640674,-15.2));
#13398=CARTESIAN_POINT('',(-22.3,11.9649110640674,-15.2));
#13399=CARTESIAN_POINT('',(-22.3,10.7,-14.9));
#13400=CARTESIAN_POINT('',(-22.3,9.43508893593265,-15.2));
#13401=CARTESIAN_POINT('',(-22.3,8.16,-15.2));
#13402=CARTESIAN_POINT('',(-22.3,8.16,-15.2));
#13403=CARTESIAN_POINT('',(-22.3,6.,-11.4587702556512));
#13404=CARTESIAN_POINT('',(-22.3,6.,-11.4587702556512));
#13405=CARTESIAN_POINT('',(-22.3,6.,11.4587702556512));
#13406=CARTESIAN_POINT('',(-22.3,6.,11.4587702556512));
#13407=CARTESIAN_POINT('',(-22.3,8.15999999999999,15.2));
#13408=CARTESIAN_POINT('',(-22.3,8.15999999999999,15.2));
#13409=CARTESIAN_POINT('',(-22.3,9.43508893593265,15.2));
#13410=CARTESIAN_POINT('',(-22.3,9.43508893593264,15.2));
#13411=CARTESIAN_POINT('',(-22.3,10.7,14.9));
#13412=CARTESIAN_POINT('',(-22.3,11.9649110640674,15.2));
#13413=CARTESIAN_POINT('',(-22.3,13.7,15.2));
#13414=CARTESIAN_POINT('',(-22.3,13.7,15.2));
#13415=CARTESIAN_POINT('',(-22.3,13.7,16.7));
#13416=CARTESIAN_POINT('',(-22.3,13.7,16.7));
#13417=CARTESIAN_POINT('',(-22.3,15.,16.7));
#13418=CARTESIAN_POINT('',(-22.3,16.3,16.7));
#13419=CARTESIAN_POINT('',(-22.3,16.3,14.5));
#13420=CARTESIAN_POINT('',(-22.3,16.3,14.5));
#13421=CARTESIAN_POINT('',(-22.3,17.7928932188135,14.5));
#13422=CARTESIAN_POINT('',(-22.3,17.7928932188135,14.5));
#13423=CARTESIAN_POINT('',(-22.3,18.5,13.7928932188135));
#13424=CARTESIAN_POINT('',(-22.3,13.,0.));
#13425=CARTESIAN_POINT('',(-22.3,7.38,4.17320021086935));
#13426=CARTESIAN_POINT('',(-22.3,7.38,7.));
#13427=CARTESIAN_POINT('',(-22.3,7.38,3.5));
#13428=CARTESIAN_POINT('',(-22.3,13.,3.5));
#13429=CARTESIAN_POINT('',(-22.3,13.,3.5));
#13430=CARTESIAN_POINT('',(-22.3,13.,0.));
#13431=CARTESIAN_POINT('',(-22.3,13.,-3.5));
#13432=CARTESIAN_POINT('',(-22.3,13.,-3.5));
#13433=CARTESIAN_POINT('',(-22.3,7.38,-3.5));
#13434=CARTESIAN_POINT('',(-22.3,7.38,7.));
#13435=CARTESIAN_POINT('',(-22.3,7.38,-4.17320021086935));
#13436=CARTESIAN_POINT('',(-22.3,13.,0.));
#13437=CARTESIAN_POINT('',(-32.3,13.,0.));
#13438=CARTESIAN_POINT('',(-28.5,16.6327101610084,-5.6));
#13439=CARTESIAN_POINT('',(-26.4342986121967,16.8316347591834,-5.6));
#13440=CARTESIAN_POINT('',(-24.3674772727364,17.0194135123629,-5.6));
#13441=CARTESIAN_POINT('',(-22.3,17.2,-5.6));
#13442=CARTESIAN_POINT('',(-28.5,16.6327101610084,-5.6));
#13443=CARTESIAN_POINT('',(-28.5,13.,0.));
#13444=CARTESIAN_POINT('',(-28.5,18.1967694115908,-4.18929239808443));
#13445=CARTESIAN_POINT('',(-22.3,18.5,-4.3301270189222));
#13446=CARTESIAN_POINT('',(-24.3666720758961,18.3989228726415,-4.28342084686946));
#13447=CARTESIAN_POINT('',(-26.4333389243792,18.2978460009461,-4.23648399655505));
#13448=CARTESIAN_POINT('',(-28.5,18.1967694115908,-4.18929239808443));
#13449=CARTESIAN_POINT('',(-32.3,13.,0.));
#13450=CARTESIAN_POINT('',(-22.3,13.9909412009068,-6.92950471075293));
#13451=CARTESIAN_POINT('',(-24.3675618304359,14.0536940325224,-6.81107220092396));
#13452=CARTESIAN_POINT('',(-26.4345611339109,14.1292188053911,-6.68979443850877));
#13453=CARTESIAN_POINT('',(-28.5,14.2300397456112,-6.56076103345568));
#13454=CARTESIAN_POINT('',(-28.5,14.2300397456112,-6.56076103345565));
#13455=CARTESIAN_POINT('',(-49.2470038470249,10.259803949948,0.));
#13456=CARTESIAN_POINT('',(-28.5,8.04258885741202,-4.46997291683495));
#13457=CARTESIAN_POINT('',(-28.5,13.,0.));
#13458=CARTESIAN_POINT('',(22.3,7.38,7.));
#13459=CARTESIAN_POINT('',(21.7988327138236,7.32644066781937,-3.47574997002372));
#13460=CARTESIAN_POINT('',(49.2470038470252,10.259803949948,0.));
#13461=CARTESIAN_POINT('',(22.3,7.38,7.));
#13462=CARTESIAN_POINT('',(22.4670557620588,7.39785311072688,3.50808334332543));
#13463=CARTESIAN_POINT('',(-28.5,18.1967694115908,7.));
#13464=CARTESIAN_POINT('',(-28.5,18.1967694115908,-5.6));
#13465=CARTESIAN_POINT('',(-28.5,16.2,-5.6));
#13466=CARTESIAN_POINT('',(-28.5,16.2,-8.1));
#13467=CARTESIAN_POINT('',(-28.5,8.04258885741202,7.));
#13468=CARTESIAN_POINT('',(-28.5,8.04258885741202,-3.8));
#13469=CARTESIAN_POINT('',(-28.5,13.,-3.8));
#13470=CARTESIAN_POINT('',(-28.5,13.,-3.8));
#13471=CARTESIAN_POINT('',(-28.5,13.,0.));
#13472=CARTESIAN_POINT('',(-28.5,13.,3.8));
#13473=CARTESIAN_POINT('',(-28.5,13.,3.80000000000001));
#13474=CARTESIAN_POINT('',(-28.5,8.04258885741202,3.80000000000001));
#13475=CARTESIAN_POINT('',(-28.5,8.04258885741202,7.));
#13476=CARTESIAN_POINT('',(-28.5,8.04258885741202,4.46997291683495));
#13477=CARTESIAN_POINT('',(-28.5,13.,0.));
#13478=CARTESIAN_POINT('',(-28.5,18.1967694115908,4.18929239808443));
#13479=CARTESIAN_POINT('',(-28.5,18.1967694115908,7.));
#13480=CARTESIAN_POINT('',(-28.5,8.04258885741202,7.));
#13481=CARTESIAN_POINT('',(-28.6527366967395,8.05891170150517,3.80739048532611));
#13482=CARTESIAN_POINT('',(-49.2470038470249,10.259803949948,0.));
#13483=CARTESIAN_POINT('',(-28.5,8.04258885741202,7.));
#13484=CARTESIAN_POINT('',(-27.9845136485042,7.98749925859766,-3.7750571120244));
#13485=CARTESIAN_POINT('',(16.6,14.5,25.));
#13486=CARTESIAN_POINT('',(-2.,14.5,23.5));
#13487=CARTESIAN_POINT('',(-2.,14.5,22.5));
#13488=CARTESIAN_POINT('',(2.,14.5,23.5));
#13489=CARTESIAN_POINT('',(2.,14.5,22.5));
#13490=CARTESIAN_POINT('',(10.,14.5,22.5));
#13491=CARTESIAN_POINT('',(10.,14.5,20.5));
#13492=CARTESIAN_POINT('',(-10.,14.5,22.5));
#13493=CARTESIAN_POINT('',(-10.,14.5,20.5));
#13494=CARTESIAN_POINT('',(22.3,14.5,17.9));
#13495=CARTESIAN_POINT('',(16.6,14.5,17.9));
#13496=CARTESIAN_POINT('',(-16.6,14.5,17.9));
#13497=CARTESIAN_POINT('',(16.6,14.5,25.));
#13498=CARTESIAN_POINT('',(16.6,14.5,25.));
#13499=CARTESIAN_POINT('',(16.6,14.5,25.));
#13500=CARTESIAN_POINT('',(-16.6,14.5,25.));
#13501=CARTESIAN_POINT('',(-16.6,14.5,25.));
#13502=CARTESIAN_POINT('',(16.6,14.5,-3.70809924354783));
#13503=CARTESIAN_POINT('',(-2.,14.5,-23.5));
#13504=CARTESIAN_POINT('',(-2.,14.5,-24.5));
#13505=CARTESIAN_POINT('',(2.,14.5,-23.5));
#13506=CARTESIAN_POINT('',(2.,14.5,-24.5));
#13507=CARTESIAN_POINT('',(-10.,14.5,-22.5));
#13508=CARTESIAN_POINT('',(-10.,14.5,-24.5));
#13509=CARTESIAN_POINT('',(10.,14.5,-22.5));
#13510=CARTESIAN_POINT('',(10.,14.5,-24.5));
#13511=CARTESIAN_POINT('',(22.3,14.5,-17.9));
#13512=CARTESIAN_POINT('',(-16.6,14.5,-17.9));
#13513=CARTESIAN_POINT('',(16.6,14.5,-17.9));
#13514=CARTESIAN_POINT('',(-16.6,14.5,-3.70809924354783));
#13515=CARTESIAN_POINT('',(-16.6,14.5,-25.));
#13516=CARTESIAN_POINT('',(16.6,14.5,-25.));
#13517=CARTESIAN_POINT('',(16.6,14.5,-25.));
#13518=CARTESIAN_POINT('',(16.6,14.5,-3.70809924354783));
#13519=CARTESIAN_POINT('',(16.6,13.,-4.33680868994202E-16));
#13520=CARTESIAN_POINT('',(16.6,15.,16.7));
#13521=CARTESIAN_POINT('',(16.6,16.3,16.7));
#13522=CARTESIAN_POINT('',(16.6,16.3,-4.33680868994202E-16));
#13523=CARTESIAN_POINT('',(16.6,16.3,14.5));
#13524=CARTESIAN_POINT('',(16.6,13.,14.5));
#13525=CARTESIAN_POINT('',(16.6,17.7928932188135,14.5));
#13526=CARTESIAN_POINT('',(16.6,22.6464466094067,9.64644660940669));
#13527=CARTESIAN_POINT('',(16.6,22.6464466094067,-9.64644660940669));
#13528=CARTESIAN_POINT('',(16.6,17.7928932188135,-14.5));
#13529=CARTESIAN_POINT('',(16.6,13.,-14.5));
#13530=CARTESIAN_POINT('',(16.6,16.3,-14.5));
#13531=CARTESIAN_POINT('',(16.6,16.3,-4.33680868994202E-16));
#13532=CARTESIAN_POINT('',(16.6,16.3,-16.7));
#13533=CARTESIAN_POINT('',(16.6,15.,-16.7));
#13534=CARTESIAN_POINT('',(16.6,14.5,-25.));
#13535=CARTESIAN_POINT('',(16.6,15.5,-26.));
#13536=CARTESIAN_POINT('',(16.6,15.5,-26.));
#13537=CARTESIAN_POINT('',(16.6,26.5,-26.));
#13538=CARTESIAN_POINT('',(16.6,26.5,-26.));
#13539=CARTESIAN_POINT('',(16.6,27.,-25.5));
#13540=CARTESIAN_POINT('',(16.6,27.,-25.5));
#13541=CARTESIAN_POINT('',(16.6,27.,-19.));
#13542=CARTESIAN_POINT('',(16.6,27.,-19.));
#13543=CARTESIAN_POINT('',(16.6,26.5,-18.5));
#13544=CARTESIAN_POINT('',(16.6,26.5,-18.5));
#13545=CARTESIAN_POINT('',(16.6,23.5,-18.5));
#13546=CARTESIAN_POINT('',(16.6,23.5,-16.5));
#13547=CARTESIAN_POINT('',(16.6,21.5,-16.5));
#13548=CARTESIAN_POINT('',(16.6,21.5,-16.5));
#13549=CARTESIAN_POINT('',(16.6,21.5,16.5));
#13550=CARTESIAN_POINT('',(16.6,23.5,16.5));
#13551=CARTESIAN_POINT('',(16.6,23.5,18.5));
#13552=CARTESIAN_POINT('',(16.6,23.5,18.5));
#13553=CARTESIAN_POINT('',(16.6,26.5,18.5));
#13554=CARTESIAN_POINT('',(16.6,26.5,18.5));
#13555=CARTESIAN_POINT('',(16.6,27.,19.));
#13556=CARTESIAN_POINT('',(16.6,27.,19.));
#13557=CARTESIAN_POINT('',(16.6,27.,25.5));
#13558=CARTESIAN_POINT('',(16.6,27.,25.5));
#13559=CARTESIAN_POINT('',(16.6,26.5,26.));
#13560=CARTESIAN_POINT('',(16.6,26.5,26.));
#13561=CARTESIAN_POINT('',(16.6,15.5,26.));
#13562=CARTESIAN_POINT('',(16.6,15.5,26.));
#13563=CARTESIAN_POINT('',(-16.6,13.,-4.33680868994202E-16));
#13564=CARTESIAN_POINT('',(-16.6,15.,16.7));
#13565=CARTESIAN_POINT('',(-16.6,16.3,16.7));
#13566=CARTESIAN_POINT('',(-16.6,15.5,26.));
#13567=CARTESIAN_POINT('',(-16.6,15.5,26.));
#13568=CARTESIAN_POINT('',(-16.6,26.5,26.));
#13569=CARTESIAN_POINT('',(-16.6,26.5,26.));
#13570=CARTESIAN_POINT('',(-16.6,27.,25.5));
#13571=CARTESIAN_POINT('',(-16.6,27.,25.5));
#13572=CARTESIAN_POINT('',(-16.6,27.,19.));
#13573=CARTESIAN_POINT('',(-16.6,27.,19.));
#13574=CARTESIAN_POINT('',(-16.6,26.5,18.5));
#13575=CARTESIAN_POINT('',(-16.6,26.5,18.5));
#13576=CARTESIAN_POINT('',(-16.6,23.5,18.5));
#13577=CARTESIAN_POINT('',(-16.6,23.5,18.5));
#13578=CARTESIAN_POINT('',(-16.6,23.5,16.5));
#13579=CARTESIAN_POINT('',(-16.6,21.5,16.5));
#13580=CARTESIAN_POINT('',(-16.6,21.5,-16.5));
#13581=CARTESIAN_POINT('',(-16.6,21.5,-16.5));
#13582=CARTESIAN_POINT('',(-16.6,23.5,-16.5));
#13583=CARTESIAN_POINT('',(-16.6,23.5,-18.5));
#13584=CARTESIAN_POINT('',(-16.6,26.5,-18.5));
#13585=CARTESIAN_POINT('',(-16.6,26.5,-18.5));
#13586=CARTESIAN_POINT('',(-16.6,27.,-19.));
#13587=CARTESIAN_POINT('',(-16.6,27.,-19.));
#13588=CARTESIAN_POINT('',(-16.6,27.,-25.5));
#13589=CARTESIAN_POINT('',(-16.6,27.,-25.5));
#13590=CARTESIAN_POINT('',(-16.6,26.5,-26.));
#13591=CARTESIAN_POINT('',(-16.6,26.5,-26.));
#13592=CARTESIAN_POINT('',(-16.6,15.5,-26.));
#13593=CARTESIAN_POINT('',(-16.6,15.5,-26.));
#13594=CARTESIAN_POINT('',(-16.6,14.5,-25.));
#13595=CARTESIAN_POINT('',(-16.6,15.,-16.7));
#13596=CARTESIAN_POINT('',(-16.6,16.3,-16.7));
#13597=CARTESIAN_POINT('',(-16.6,16.3,-4.33680868994202E-16));
#13598=CARTESIAN_POINT('',(-16.6,16.3,-14.5));
#13599=CARTESIAN_POINT('',(-16.6,13.,-14.5));
#13600=CARTESIAN_POINT('',(-16.6,17.7928932188135,-14.5));
#13601=CARTESIAN_POINT('',(-16.6,22.6464466094067,-9.64644660940669));
#13602=CARTESIAN_POINT('',(-16.6,22.6464466094067,9.64644660940669));
#13603=CARTESIAN_POINT('',(-16.6,17.7928932188135,14.5));
#13604=CARTESIAN_POINT('',(-16.6,13.,14.5));
#13605=CARTESIAN_POINT('',(-16.6,16.3,14.5));
#13606=CARTESIAN_POINT('',(-16.6,16.3,-4.33680868994202E-16));
#13607=CARTESIAN_POINT('',(16.6,27.,25.5));
#13608=CARTESIAN_POINT('',(16.6,26.5,26.));
#13609=CARTESIAN_POINT('',(16.6,27.,25.5));
#13610=CARTESIAN_POINT('',(16.6,26.5,26.));
#13611=CARTESIAN_POINT('',(-5.5,19.5,26.));
#13612=CARTESIAN_POINT('',(-7.,19.5,26.));
#13613=CARTESIAN_POINT('',(5.5,19.5,26.));
#13614=CARTESIAN_POINT('',(4.,19.5,26.));
#13615=CARTESIAN_POINT('',(16.6,15.5,26.));
#13616=CARTESIAN_POINT('',(16.6,15.5,26.));
#13617=CARTESIAN_POINT('',(16.6,14.5,-25.));
#13618=CARTESIAN_POINT('',(16.6,15.5,-26.));
#13619=CARTESIAN_POINT('',(16.6,15.5,-26.));
#13620=CARTESIAN_POINT('',(-5.5,19.5,-26.));
#13621=CARTESIAN_POINT('',(-7.,19.5,-26.));
#13622=CARTESIAN_POINT('',(5.5,19.5,-26.));
#13623=CARTESIAN_POINT('',(4.,19.5,-26.));
#13624=CARTESIAN_POINT('',(16.6,26.5,-26.));
#13625=CARTESIAN_POINT('',(16.6,26.5,-26.));
#13626=CARTESIAN_POINT('',(16.6,27.,-25.5));
#13627=CARTESIAN_POINT('',(16.6,27.,-25.5));
#13628=CARTESIAN_POINT('',(-1.5,27.,-23.));
#13629=CARTESIAN_POINT('',(-1.5,27.,-23.));
#13630=CARTESIAN_POINT('',(-1.5,27.,-22.));
#13631=CARTESIAN_POINT('',(1.0842021724855E-16,27.,-23.));
#13632=CARTESIAN_POINT('',(1.5,27.,-23.));
#13633=CARTESIAN_POINT('',(1.5,27.,-22.));
#13634=CARTESIAN_POINT('',(1.5,27.,-22.));
#13635=CARTESIAN_POINT('',(0.,27.,-22.));
#13636=CARTESIAN_POINT('',(-10.,27.,-22.5));
#13637=CARTESIAN_POINT('',(-10.,27.,-24.5));
#13638=CARTESIAN_POINT('',(10.,27.,-22.5));
#13639=CARTESIAN_POINT('',(10.,27.,-24.5));
#13640=CARTESIAN_POINT('',(16.6,27.,-19.));
#13641=CARTESIAN_POINT('',(16.6,27.,-19.));
#13642=CARTESIAN_POINT('',(16.6,26.5,-18.5));
#13643=CARTESIAN_POINT('',(16.6,26.5,-18.5));
#13644=CARTESIAN_POINT('',(16.6,23.5,-18.5));
#13645=CARTESIAN_POINT('',(16.6,23.5,-16.5));
#13646=CARTESIAN_POINT('',(16.6,21.5,-16.5));
#13647=CARTESIAN_POINT('',(16.6,21.5,-16.5));
#13648=CARTESIAN_POINT('',(16.6,21.5,16.5));
#13649=CARTESIAN_POINT('',(16.6,23.5,16.5));
#13650=CARTESIAN_POINT('',(16.6,23.5,18.5));
#13651=CARTESIAN_POINT('',(16.6,23.5,18.5));
#13652=CARTESIAN_POINT('',(16.6,26.5,18.5));
#13653=CARTESIAN_POINT('',(16.6,26.5,18.5));
#13654=CARTESIAN_POINT('',(16.6,27.,19.));
#13655=CARTESIAN_POINT('',(16.6,27.,19.));
#13656=CARTESIAN_POINT('',(0.,27.,22.5));
#13657=CARTESIAN_POINT('',(1.5,27.,22.5));
#13658=CARTESIAN_POINT('',(10.,27.,22.5));
#13659=CARTESIAN_POINT('',(10.,27.,20.5));
#13660=CARTESIAN_POINT('',(-10.,27.,22.5));
#13661=CARTESIAN_POINT('',(-10.,27.,20.5));
#13662=CARTESIAN_POINT('',(22.3,16.3,14.5));
#13663=CARTESIAN_POINT('',(22.3,16.3,16.7));
#13664=CARTESIAN_POINT('',(22.3,16.3,14.5));
#13665=CARTESIAN_POINT('',(22.3,16.3,-16.7));
#13666=CARTESIAN_POINT('',(22.3,16.3,-14.5));
#13667=CARTESIAN_POINT('',(22.3,16.3,-16.7));
#13668=CARTESIAN_POINT('',(22.3,16.3,-14.5));
#13669=CARTESIAN_POINT('',(22.3,17.7928932188135,-14.5));
#13670=CARTESIAN_POINT('',(22.3,17.7928932188135,-14.5));
#13671=CARTESIAN_POINT('',(22.3,18.5,13.7928932188135));
#13672=CARTESIAN_POINT('',(22.3,17.7928932188135,14.5));
#13673=CARTESIAN_POINT('',(22.3,17.7928932188135,14.5));
#13674=CARTESIAN_POINT('',(22.3,16.3,14.5));
#13675=CARTESIAN_POINT('',(22.3,16.3,16.7));
#13676=CARTESIAN_POINT('',(22.3,16.3,14.5));
#13677=CARTESIAN_POINT('',(22.3,15.,16.7));
#13678=CARTESIAN_POINT('',(22.3,13.7,16.7));
#13679=CARTESIAN_POINT('',(22.3,13.7,16.7));
#13680=CARTESIAN_POINT('',(22.3,13.7,15.2));
#13681=CARTESIAN_POINT('',(22.3,13.7,15.2));
#13682=CARTESIAN_POINT('',(22.3,11.9649110640674,15.2));
#13683=CARTESIAN_POINT('',(22.3,10.7,14.9));
#13684=CARTESIAN_POINT('',(22.3,9.43508893593264,15.2));
#13685=CARTESIAN_POINT('',(22.3,9.43508893593265,15.2));
#13686=CARTESIAN_POINT('',(22.3,8.15999999999999,15.2));
#13687=CARTESIAN_POINT('',(22.3,8.15999999999999,15.2));
#13688=CARTESIAN_POINT('',(22.3,6.,11.4587702556512));
#13689=CARTESIAN_POINT('',(22.3,6.,11.4587702556512));
#13690=CARTESIAN_POINT('',(22.3,6.,-11.4587702556512));
#13691=CARTESIAN_POINT('',(22.3,6.,-11.4587702556512));
#13692=CARTESIAN_POINT('',(22.3,8.16,-15.2));
#13693=CARTESIAN_POINT('',(22.3,8.16,-15.2));
#13694=CARTESIAN_POINT('',(22.3,9.43508893593265,-15.2));
#13695=CARTESIAN_POINT('',(22.3,10.7,-14.9));
#13696=CARTESIAN_POINT('',(22.3,11.9649110640674,-15.2));
#13697=CARTESIAN_POINT('',(22.3,11.9649110640674,-15.2));
#13698=CARTESIAN_POINT('',(22.3,13.7,-15.2));
#13699=CARTESIAN_POINT('',(22.3,13.7,-15.2));
#13700=CARTESIAN_POINT('',(22.3,13.7,-16.7));
#13701=CARTESIAN_POINT('',(22.3,15.,-16.7));
#13702=CARTESIAN_POINT('',(22.3,16.3,-16.7));
#13703=CARTESIAN_POINT('',(22.3,16.3,-16.7));
#13704=CARTESIAN_POINT('',(22.3,16.3,-14.5));
#13705=CARTESIAN_POINT('',(22.3,16.3,-14.5));
#13706=CARTESIAN_POINT('',(22.3,17.7928932188135,-14.5));
#13707=CARTESIAN_POINT('',(22.3,17.7928932188135,-14.5));
#13708=CARTESIAN_POINT('',(22.3,18.5,13.7928932188135));
#13709=CARTESIAN_POINT('',(22.3,17.7928932188135,14.5));
#13710=CARTESIAN_POINT('',(22.3,13.,0.));
#13711=CARTESIAN_POINT('',(22.3,17.7928932188135,14.5));
#13712=CARTESIAN_POINT('',(-22.3,18.5,7.));
#13713=CARTESIAN_POINT('',(-28.5,18.1967694115908,4.18929239808443));
#13714=CARTESIAN_POINT('',(-26.4333389243792,18.2978460009461,4.23648399655505));
#13715=CARTESIAN_POINT('',(-24.3666720758961,18.3989228726415,4.28342084686946));
#13716=CARTESIAN_POINT('',(-22.3,18.5,4.33012701892219));
#13717=CARTESIAN_POINT('',(-32.3,13.,0.));
#13718=CARTESIAN_POINT('',(-28.5,13.,0.));
#13719=CARTESIAN_POINT('',(-22.3,13.,-3.5));
#13720=CARTESIAN_POINT('',(-28.5,13.,3.80000000000001));
#13721=CARTESIAN_POINT('',(28.5,18.1967694115908,7.));
#13722=CARTESIAN_POINT('',(28.5,18.1967694115908,-4.18929239808443));
#13723=CARTESIAN_POINT('',(26.4333389243792,18.2978460009461,-4.23648399655506));
#13724=CARTESIAN_POINT('',(24.3666720758961,18.3989228726415,-4.28342084686946));
#13725=CARTESIAN_POINT('',(22.3,18.5,-4.3301270189222));
#13726=CARTESIAN_POINT('',(22.3,13.,0.));
#13727=CARTESIAN_POINT('',(22.3,13.,0.));
#13728=CARTESIAN_POINT('',(22.3,13.,3.5));
#13729=CARTESIAN_POINT('',(28.5,13.,-3.8));
#13730=CARTESIAN_POINT('',(-28.5,13.,3.80000000000001));
#13731=CARTESIAN_POINT('',(-22.3,13.,-3.5));
#13732=CARTESIAN_POINT('',(28.5,13.,-3.8));
#13733=CARTESIAN_POINT('',(22.3,13.,3.5));
#13734=CARTESIAN_POINT('',(-10.,27.,22.5));
#13735=CARTESIAN_POINT('',(-10.,26.621,22.5));
#13736=CARTESIAN_POINT('',(-10.,26.621,20.879));
#13737=CARTESIAN_POINT('',(-10.,14.5,22.5));
#13738=CARTESIAN_POINT('',(-10.,14.879,22.5));
#13739=CARTESIAN_POINT('',(-10.,14.879,20.879));
#13740=CARTESIAN_POINT('',(-10.,14.879,22.5));
#13741=CARTESIAN_POINT('',(10.,27.,22.5));
#13742=CARTESIAN_POINT('',(10.,26.621,22.5));
#13743=CARTESIAN_POINT('',(10.,26.621,20.879));
#13744=CARTESIAN_POINT('',(10.,14.5,22.5));
#13745=CARTESIAN_POINT('',(10.,14.879,22.5));
#13746=CARTESIAN_POINT('',(10.,14.879,20.879));
#13747=CARTESIAN_POINT('',(10.,14.879,22.5));
#13748=CARTESIAN_POINT('',(10.,27.,-22.5));
#13749=CARTESIAN_POINT('',(10.,26.621,-22.5));
#13750=CARTESIAN_POINT('',(10.,26.621,-24.121));
#13751=CARTESIAN_POINT('',(10.,14.5,-22.5));
#13752=CARTESIAN_POINT('',(10.,14.879,-22.5));
#13753=CARTESIAN_POINT('',(10.,14.879,-24.121));
#13754=CARTESIAN_POINT('',(10.,14.879,-22.5));
#13755=CARTESIAN_POINT('',(-10.,27.,-22.5));
#13756=CARTESIAN_POINT('',(-10.,26.621,-22.5));
#13757=CARTESIAN_POINT('',(-10.,26.621,-24.121));
#13758=CARTESIAN_POINT('',(-10.,14.5,-22.5));
#13759=CARTESIAN_POINT('',(-10.,14.879,-22.5));
#13760=CARTESIAN_POINT('',(-10.,14.879,-24.121));
#13761=CARTESIAN_POINT('',(-10.,14.879,-22.5));
#13762=CARTESIAN_POINT('',(2.,19.7,23.5));
#13763=CARTESIAN_POINT('',(2.,19.2476460640899,23.5));
#13764=CARTESIAN_POINT('',(2.,19.2476460640899,22.7165));
#13765=CARTESIAN_POINT('',(2.,19.7,23.5));
#13766=CARTESIAN_POINT('',(2.,14.5,23.5));
#13767=CARTESIAN_POINT('',(2.,14.7165,23.5));
#13768=CARTESIAN_POINT('',(2.,14.7165,22.7165));
#13769=CARTESIAN_POINT('',(2.,14.7165,23.5));
#13770=CARTESIAN_POINT('',(2.,19.7,-23.5));
#13771=CARTESIAN_POINT('',(2.,19.2476460640899,-23.5));
#13772=CARTESIAN_POINT('',(2.,19.2476460640899,-24.2835));
#13773=CARTESIAN_POINT('',(2.,19.7,-23.5));
#13774=CARTESIAN_POINT('',(2.,14.5,-23.5));
#13775=CARTESIAN_POINT('',(2.,14.7165,-23.5));
#13776=CARTESIAN_POINT('',(2.,14.7165,-24.2835));
#13777=CARTESIAN_POINT('',(2.,14.7165,-23.5));
#13778=CARTESIAN_POINT('',(-2.,19.7,-23.5));
#13779=CARTESIAN_POINT('',(-2.,19.2476460640899,-23.5));
#13780=CARTESIAN_POINT('',(-2.,19.2476460640899,-24.2835));
#13781=CARTESIAN_POINT('',(-2.,19.7,-23.5));
#13782=CARTESIAN_POINT('',(-2.,14.5,-23.5));
#13783=CARTESIAN_POINT('',(-2.,14.7165,-23.5));
#13784=CARTESIAN_POINT('',(-2.,14.7165,-24.2835));
#13785=CARTESIAN_POINT('',(-2.,14.7165,-23.5));
#13786=CARTESIAN_POINT('',(-2.,19.7,23.5));
#13787=CARTESIAN_POINT('',(-2.,19.2476460640899,23.5));
#13788=CARTESIAN_POINT('',(-2.,19.2476460640899,22.7165));
#13789=CARTESIAN_POINT('',(-2.,19.7,23.5));
#13790=CARTESIAN_POINT('',(-2.,14.5,23.5));
#13791=CARTESIAN_POINT('',(-2.,14.7165,23.5));
#13792=CARTESIAN_POINT('',(-2.,14.7165,22.7165));
#13793=CARTESIAN_POINT('',(-2.,14.7165,23.5));
#13794=CARTESIAN_POINT('',(-23.2,14.2,-12.));
#13795=CARTESIAN_POINT('',(-23.2,14.2,-12.));
#13796=CARTESIAN_POINT('',(-23.2,14.2,-13.75));
#13797=CARTESIAN_POINT('',(23.2,14.2,-12.));
#13798=CARTESIAN_POINT('',(23.2,14.2,-12.));
#13799=CARTESIAN_POINT('',(23.2,14.2,-12.));
#13800=CARTESIAN_POINT('',(23.2,14.2,-13.75));
#13801=CARTESIAN_POINT('',(23.2,14.2,-12.));
#13802=CARTESIAN_POINT('',(-23.2,14.2,12.));
#13803=CARTESIAN_POINT('',(-23.2,14.2,12.));
#13804=CARTESIAN_POINT('',(-23.2,14.2,10.25));
#13805=CARTESIAN_POINT('',(23.2,14.2,12.));
#13806=CARTESIAN_POINT('',(23.2,14.2,12.));
#13807=CARTESIAN_POINT('',(23.2,14.2,12.));
#13808=CARTESIAN_POINT('',(23.2,14.2,10.25));
#13809=CARTESIAN_POINT('',(23.2,14.2,12.));
#13810=CARTESIAN_POINT('',(0.,23.,22.5));
#13811=CARTESIAN_POINT('',(0.,23.,22.5));
#13812=CARTESIAN_POINT('',(1.5,23.,22.5));
#13813=CARTESIAN_POINT('',(0.,23.,22.5));
#13814=CARTESIAN_POINT('',(1.0842021724855E-16,23.,-23.));
#13815=CARTESIAN_POINT('',(-1.5,23.,-23.));
#13816=CARTESIAN_POINT('',(-1.5,23.,-23.));
#13817=CARTESIAN_POINT('',(1.0842021724855E-16,23.,-23.));
#13818=CARTESIAN_POINT('',(1.5,23.,-23.));
#13819=CARTESIAN_POINT('',(1.5,23.,-23.));
#13820=CARTESIAN_POINT('',(-1.5,23.,-23.));
#13821=CARTESIAN_POINT('',(-1.5,23.,-22.));
#13822=CARTESIAN_POINT('',(-1.5,23.,-22.));
#13823=CARTESIAN_POINT('',(-1.5,23.,-23.));
#13824=CARTESIAN_POINT('',(0.,23.,-22.));
#13825=CARTESIAN_POINT('',(1.5,23.,-22.));
#13826=CARTESIAN_POINT('',(1.5,23.,-22.));
#13827=CARTESIAN_POINT('',(0.,23.,-22.));
#13828=CARTESIAN_POINT('',(1.5,23.,-22.));
#13829=CARTESIAN_POINT('',(1.5,23.,-22.));
#13830=CARTESIAN_POINT('',(1.0842021724855E-16,23.,-23.));
#13831=CARTESIAN_POINT('',(-21.9,16.2,-8.1));
#13832=CARTESIAN_POINT('',(-21.9,13.7,-8.1));
#13833=CARTESIAN_POINT('',(-21.9,13.7,-8.1));
#13834=CARTESIAN_POINT('',(-21.9,16.2,-8.1));
#13835=CARTESIAN_POINT('',(-21.9,16.2,-10.6));
#13836=CARTESIAN_POINT('',(-21.9,16.2,-10.6));
#13837=CARTESIAN_POINT('',(-21.9,16.2,-10.6));
#13838=CARTESIAN_POINT('',(-21.9,16.2,-10.6));
#13839=CARTESIAN_POINT('',(-21.9,18.5,-5.6));
#13840=CARTESIAN_POINT('',(-21.9,18.5,-5.6));
#13841=CARTESIAN_POINT('',(-21.9,16.2,-5.6));
#13842=CARTESIAN_POINT('',(-21.9,16.2,-5.6));
#13843=CARTESIAN_POINT('',(-21.9,16.2,-8.1));
#13844=CARTESIAN_POINT('',(-21.9,16.2,-8.1));
#13845=CARTESIAN_POINT('',(-21.9,16.2,-8.1));
#13846=CARTESIAN_POINT('',(-21.9,16.2,-8.1));
#13847=CARTESIAN_POINT('',(-21.9,16.2,-10.35));
#13848=CARTESIAN_POINT('',(29.3,16.2,8.1));
#13849=CARTESIAN_POINT('',(29.3,16.2,5.6));
#13850=CARTESIAN_POINT('',(21.9,16.2,5.6));
#13851=CARTESIAN_POINT('',(21.9,16.2,8.1));
#13852=CARTESIAN_POINT('',(21.9,13.7,8.1));
#13853=CARTESIAN_POINT('',(29.3,13.7,8.1));
#13854=CARTESIAN_POINT('',(29.3,16.2,5.6));
#13855=CARTESIAN_POINT('',(21.9,16.2,5.6));
#13856=CARTESIAN_POINT('',(29.3,18.5,10.6));
#13857=CARTESIAN_POINT('',(29.3,16.2,10.6));
#13858=CARTESIAN_POINT('',(21.9,16.2,10.6));
#13859=CARTESIAN_POINT('',(21.9,18.5,10.6));
#13860=CARTESIAN_POINT('',(29.3,16.2,8.1));
#13861=CARTESIAN_POINT('',(21.9,16.2,8.1));
#13862=CARTESIAN_POINT('',(21.9,16.2,8.1));
#13863=CARTESIAN_POINT('',(-25.15,16.2,-8.1));
#13864=CARTESIAN_POINT('',(-25.15,16.2,-8.1));
#13865=CARTESIAN_POINT('',(-25.15,16.2,-9.85));
#13866=CARTESIAN_POINT('',(-21.9,16.2,-8.1));
#13867=CARTESIAN_POINT('',(-23.4,16.2,-8.1));
#13868=CARTESIAN_POINT('',(-23.4,16.2,-9.85));
#13869=CARTESIAN_POINT('',(-23.4,17.95,-8.1));
#13870=CARTESIAN_POINT('',(-23.4,16.2,-8.1));
#13871=CARTESIAN_POINT('',(-23.4,16.2,-10.35));
#13872=CARTESIAN_POINT('',(-21.9,16.2,-8.1));
#13873=CARTESIAN_POINT('',(5.5,19.5,26.));
#13874=CARTESIAN_POINT('',(5.5,19.5,25.7295));
#13875=CARTESIAN_POINT('',(4.2705,19.5,25.7295));
#13876=CARTESIAN_POINT('',(5.5,19.5,18.0901478440314));
#13877=CARTESIAN_POINT('',(5.5,19.5,18.8));
#13878=CARTESIAN_POINT('',(4.2705,19.5,18.8));
#13879=CARTESIAN_POINT('',(5.5,19.5,18.8));
#13880=CARTESIAN_POINT('',(5.5,19.5,18.0901478440314));
#13881=CARTESIAN_POINT('',(-5.5,19.5,26.));
#13882=CARTESIAN_POINT('',(-5.5,19.5,25.7295));
#13883=CARTESIAN_POINT('',(-6.7295,19.5,25.7295));
#13884=CARTESIAN_POINT('',(-5.5,19.5,18.0901478440314));
#13885=CARTESIAN_POINT('',(-5.5,19.5,18.8));
#13886=CARTESIAN_POINT('',(-6.7295,19.5,18.8));
#13887=CARTESIAN_POINT('',(-5.5,19.5,18.8));
#13888=CARTESIAN_POINT('',(-5.5,19.5,18.0901478440314));
#13889=CARTESIAN_POINT('',(5.5,19.5,-18.0901478440314));
#13890=CARTESIAN_POINT('',(5.5,19.5,-18.8));
#13891=CARTESIAN_POINT('',(4.2705,19.5,-18.8));
#13892=CARTESIAN_POINT('',(5.5,19.5,-18.0901478440314));
#13893=CARTESIAN_POINT('',(5.5,19.5,-26.));
#13894=CARTESIAN_POINT('',(5.5,19.5,-25.7295));
#13895=CARTESIAN_POINT('',(4.2705,19.5,-25.7295));
#13896=CARTESIAN_POINT('',(5.5,19.5,-25.7295));
#13897=CARTESIAN_POINT('',(-5.5,19.5,-18.0901478440314));
#13898=CARTESIAN_POINT('',(-5.5,19.5,-18.8));
#13899=CARTESIAN_POINT('',(-6.7295,19.5,-18.8));
#13900=CARTESIAN_POINT('',(-5.5,19.5,-18.0901478440314));
#13901=CARTESIAN_POINT('',(-5.5,19.5,-26.));
#13902=CARTESIAN_POINT('',(-5.5,19.5,-25.7295));
#13903=CARTESIAN_POINT('',(-6.7295,19.5,-25.7295));
#13904=CARTESIAN_POINT('',(-5.5,19.5,-25.7295));
#13905=CARTESIAN_POINT('',(146.,0.,0.));
#13906=CARTESIAN_POINT('',(255.5,25.,17.5));
#13907=CARTESIAN_POINT('',(43.5,25.,-12.5));
#13908=CARTESIAN_POINT('',(43.5,25.,-16.5));
#13909=CARTESIAN_POINT('',(251.,25.,-12.5));
#13910=CARTESIAN_POINT('',(251.,25.,-16.5));
#13911=CARTESIAN_POINT('',(251.,25.,12.5));
#13912=CARTESIAN_POINT('',(251.,25.,8.5));
#13913=CARTESIAN_POINT('',(43.5,25.,12.5));
#13914=CARTESIAN_POINT('',(43.5,25.,8.5));
#13915=CARTESIAN_POINT('',(255.5,25.,-17.5));
#13916=CARTESIAN_POINT('',(255.5,25.,-17.5));
#13917=CARTESIAN_POINT('',(39.,25.,-17.5));
#13918=CARTESIAN_POINT('',(39.,25.,17.5));
#13919=CARTESIAN_POINT('',(39.,25.,17.5));
#13920=CARTESIAN_POINT('',(255.5,25.,17.5));
#13921=CARTESIAN_POINT('',(255.5,25.,17.5));
#13922=CARTESIAN_POINT('',(255.5,25.,17.5));
#13923=CARTESIAN_POINT('',(39.,25.,17.5));
#13924=CARTESIAN_POINT('',(39.,25.,-17.5));
#13925=CARTESIAN_POINT('',(39.,23.,-17.5));
#13926=CARTESIAN_POINT('',(39.,23.,17.5));
#13927=CARTESIAN_POINT('',(39.,23.,17.5));
#13928=CARTESIAN_POINT('',(39.,25.,17.5));
#13929=CARTESIAN_POINT('',(39.,23.,17.5));
#13930=CARTESIAN_POINT('',(39.,23.,-17.5));
#13931=CARTESIAN_POINT('',(255.5,23.,-17.5));
#13932=CARTESIAN_POINT('',(255.5,23.,17.5));
#13933=CARTESIAN_POINT('',(255.5,23.,17.5));
#13934=CARTESIAN_POINT('',(39.,23.,17.5));
#13935=CARTESIAN_POINT('',(255.5,23.,17.5));
#13936=CARTESIAN_POINT('',(255.5,23.,-17.5));
#13937=CARTESIAN_POINT('',(255.5,23.,17.5));
#13938=CARTESIAN_POINT('',(0.,0.,17.5));
#13939=CARTESIAN_POINT('',(0.,0.,-17.5));
#13940=CARTESIAN_POINT('',(43.5,26.2,12.5));
#13941=CARTESIAN_POINT('',(43.5,26.2,12.5));
#13942=CARTESIAN_POINT('',(43.5,26.2,10.6));
#13943=CARTESIAN_POINT('',(43.5,25.,12.5));
#13944=CARTESIAN_POINT('',(43.5,25.8,12.5));
#13945=CARTESIAN_POINT('',(43.5,25.8,10.6));
#13946=CARTESIAN_POINT('',(43.5,25.8,12.5));
#13947=CARTESIAN_POINT('',(43.5,25.55,12.5));
#13948=CARTESIAN_POINT('',(43.5,25.55,8.5));
#13949=CARTESIAN_POINT('',(43.5,25.,12.5));
#13950=CARTESIAN_POINT('',(251.,26.2,12.5));
#13951=CARTESIAN_POINT('',(251.,26.2,12.5));
#13952=CARTESIAN_POINT('',(251.,26.2,10.6));
#13953=CARTESIAN_POINT('',(251.,25.,12.5));
#13954=CARTESIAN_POINT('',(251.,25.8,12.5));
#13955=CARTESIAN_POINT('',(251.,25.8,10.6));
#13956=CARTESIAN_POINT('',(251.,25.8,12.5));
#13957=CARTESIAN_POINT('',(251.,25.55,12.5));
#13958=CARTESIAN_POINT('',(251.,25.55,8.5));
#13959=CARTESIAN_POINT('',(251.,25.,12.5));
#13960=CARTESIAN_POINT('',(251.,26.2,-12.5));
#13961=CARTESIAN_POINT('',(251.,26.2,-12.5));
#13962=CARTESIAN_POINT('',(251.,26.2,-14.4));
#13963=CARTESIAN_POINT('',(251.,25.,-12.5));
#13964=CARTESIAN_POINT('',(251.,25.8,-12.5));
#13965=CARTESIAN_POINT('',(251.,25.8,-14.4));
#13966=CARTESIAN_POINT('',(251.,25.8,-12.5));
#13967=CARTESIAN_POINT('',(251.,25.55,-12.5));
#13968=CARTESIAN_POINT('',(251.,25.55,-16.5));
#13969=CARTESIAN_POINT('',(251.,25.,-12.5));
#13970=CARTESIAN_POINT('',(43.5,26.2,-12.5));
#13971=CARTESIAN_POINT('',(43.5,26.2,-12.5));
#13972=CARTESIAN_POINT('',(43.5,26.2,-14.4));
#13973=CARTESIAN_POINT('',(43.5,25.,-12.5));
#13974=CARTESIAN_POINT('',(43.5,25.8,-12.5));
#13975=CARTESIAN_POINT('',(43.5,25.8,-14.4));
#13976=CARTESIAN_POINT('',(43.5,25.8,-12.5));
#13977=CARTESIAN_POINT('',(43.5,25.55,-12.5));
#13978=CARTESIAN_POINT('',(43.5,25.55,-16.5));
#13979=CARTESIAN_POINT('',(43.5,25.,-12.5));
#13980=CARTESIAN_POINT('',(0.,0.,0.));
#13981=CARTESIAN_POINT('',(0.,0.,-6.5));
#13982=CARTESIAN_POINT('',(11.0590241033454,10.1340014743252,3.4));
#13983=CARTESIAN_POINT('',(11.0590241033454,10.1340014743252,3.5));
#13984=CARTESIAN_POINT('',(11.0590241033454,10.1340014743252,6.));
#13985=CARTESIAN_POINT('',(0.,0.,6.));
#13986=CARTESIAN_POINT('',(-11.0590241033454,10.1340014743252,6.));
#13987=CARTESIAN_POINT('',(-11.0590241033454,10.1340014743252,3.4));
#13988=CARTESIAN_POINT('',(-11.0590241033454,10.1340014743252,3.5));
#13989=CARTESIAN_POINT('',(0.,0.,3.5));
#13990=CARTESIAN_POINT('',(0.,0.,-6.5));
#13991=CARTESIAN_POINT('',(-14.3058147704273,4.5103950773989,3.4));
#13992=CARTESIAN_POINT('',(-14.3058147704273,4.5103950773989,3.5));
#13993=CARTESIAN_POINT('',(-14.3058147704273,4.5103950773989,6.));
#13994=CARTESIAN_POINT('',(0.,0.,6.));
#13995=CARTESIAN_POINT('',(-14.3058147704273,-4.51039507739891,6.));
#13996=CARTESIAN_POINT('',(-14.3058147704273,-4.51039507739891,3.4));
#13997=CARTESIAN_POINT('',(-14.3058147704273,-4.51039507739891,3.5));
#13998=CARTESIAN_POINT('',(0.,0.,3.5));
#13999=CARTESIAN_POINT('',(0.,0.,-6.5));
#14000=CARTESIAN_POINT('',(-11.0590241033454,-10.1340014743252,3.4));
#14001=CARTESIAN_POINT('',(-11.0590241033454,-10.1340014743252,3.5));
#14002=CARTESIAN_POINT('',(-11.0590241033454,-10.1340014743252,6.));
#14003=CARTESIAN_POINT('',(0.,0.,6.));
#14004=CARTESIAN_POINT('',(11.0590241033454,-10.1340014743252,6.));
#14005=CARTESIAN_POINT('',(11.0590241033454,-10.1340014743252,3.4));
#14006=CARTESIAN_POINT('',(11.0590241033454,-10.1340014743252,3.5));
#14007=CARTESIAN_POINT('',(0.,0.,3.5));
#14008=CARTESIAN_POINT('',(0.,0.,-6.5));
#14009=CARTESIAN_POINT('',(14.3058147704273,-4.51039507739891,3.4));
#14010=CARTESIAN_POINT('',(14.3058147704273,-4.51039507739891,3.5));
#14011=CARTESIAN_POINT('',(14.3058147704273,-4.51039507739891,6.));
#14012=CARTESIAN_POINT('',(0.,0.,6.));
#14013=CARTESIAN_POINT('',(14.3058147704273,4.51039507739891,6.));
#14014=CARTESIAN_POINT('',(14.3058147704273,4.51039507739891,3.4));
#14015=CARTESIAN_POINT('',(14.3058147704273,4.51039507739891,3.5));
#14016=CARTESIAN_POINT('',(0.,0.,3.5));
#14017=CARTESIAN_POINT('',(-12.5573683548744,-7.25,-6.5));
#14018=CARTESIAN_POINT('',(-12.5573683548744,-7.25,0.300000000000002));
#14019=CARTESIAN_POINT('',(-15.8073683548744,-7.25,0.300000000000002));
#14020=CARTESIAN_POINT('',(-12.5573683548744,-7.25,6.5));
#14021=CARTESIAN_POINT('',(-11.5477622591805,-10.3392062947524,6.5));
#14022=CARTESIAN_POINT('',(-14.7278964358138,-4.83105232593727,6.5));
#14023=CARTESIAN_POINT('',(-11.5477622591805,-10.3392062947524,6.5));
#14024=CARTESIAN_POINT('',(-11.3771373174217,-10.2834431100244,6.33568494622765));
#14025=CARTESIAN_POINT('',(-11.2143500884414,-10.2146990048063,6.16903618039484));
#14026=CARTESIAN_POINT('',(-11.0590241033454,-10.1340014743252,6.));
#14027=CARTESIAN_POINT('',(-12.5573683548744,-7.25,3.5));
#14028=CARTESIAN_POINT('',(-14.3058147704273,-4.51039507739891,6.));
#14029=CARTESIAN_POINT('',(-14.4533638743946,-4.60456256111942,6.16903618039484));
#14030=CARTESIAN_POINT('',(-14.5942916303641,-4.71116838421893,6.33568494622765));
#14031=CARTESIAN_POINT('',(-14.7278964358138,-4.83105232593727,6.5));
#14032=CARTESIAN_POINT('',(12.5573683548744,7.25,-6.5));
#14033=CARTESIAN_POINT('',(12.5573683548744,7.25,0.300000000000002));
#14034=CARTESIAN_POINT('',(9.30736835487436,7.25,0.300000000000002));
#14035=CARTESIAN_POINT('',(12.5573683548744,7.25,6.5));
#14036=CARTESIAN_POINT('',(11.5477622591805,10.3392062947524,6.5));
#14037=CARTESIAN_POINT('',(14.7278964358138,4.83105232593727,6.5));
#14038=CARTESIAN_POINT('',(11.5477622591805,10.3392062947524,6.5));
#14039=CARTESIAN_POINT('',(11.3771373174217,10.2834431100244,6.33568494622765));
#14040=CARTESIAN_POINT('',(11.2143500884414,10.2146990048063,6.16903618039484));
#14041=CARTESIAN_POINT('',(11.0590241033454,10.1340014743252,6.));
#14042=CARTESIAN_POINT('',(12.5573683548744,7.25,3.5));
#14043=CARTESIAN_POINT('',(14.3058147704273,4.51039507739891,6.));
#14044=CARTESIAN_POINT('',(14.4533638743946,4.60456256111942,6.16903618039484));
#14045=CARTESIAN_POINT('',(14.5942916303641,4.71116838421893,6.33568494622765));
#14046=CARTESIAN_POINT('',(14.7278964358138,4.83105232593727,6.5));
#14047=CARTESIAN_POINT('',(12.5573683548744,-7.25,-6.5));
#14048=CARTESIAN_POINT('',(12.5573683548744,-7.25,0.300000000000002));
#14049=CARTESIAN_POINT('',(9.30736835487436,-7.25,0.300000000000002));
#14050=CARTESIAN_POINT('',(12.5573683548744,-7.25,6.5));
#14051=CARTESIAN_POINT('',(14.7278964358138,-4.83105232593727,6.5));
#14052=CARTESIAN_POINT('',(11.5477622591805,-10.3392062947524,6.5));
#14053=CARTESIAN_POINT('',(14.7278964358138,-4.83105232593727,6.5));
#14054=CARTESIAN_POINT('',(14.5942916303641,-4.71116838421892,6.33568494622765));
#14055=CARTESIAN_POINT('',(14.4533638743946,-4.60456256111941,6.16903618039484));
#14056=CARTESIAN_POINT('',(14.3058147704273,-4.51039507739891,6.));
#14057=CARTESIAN_POINT('',(12.5573683548744,-7.25,3.5));
#14058=CARTESIAN_POINT('',(11.0590241033454,-10.1340014743252,6.));
#14059=CARTESIAN_POINT('',(11.2143500884414,-10.2146990048063,6.16903618039484));
#14060=CARTESIAN_POINT('',(11.3771373174217,-10.2834431100244,6.33568494622765));
#14061=CARTESIAN_POINT('',(11.5477622591805,-10.3392062947524,6.5));
#14062=CARTESIAN_POINT('',(-12.5573683548744,7.25,-6.5));
#14063=CARTESIAN_POINT('',(-12.5573683548744,7.25,0.300000000000002));
#14064=CARTESIAN_POINT('',(-15.8073683548744,7.25,0.300000000000002));
#14065=CARTESIAN_POINT('',(-12.5573683548744,7.25,6.5));
#14066=CARTESIAN_POINT('',(-14.7278964358138,4.83105232593727,6.5));
#14067=CARTESIAN_POINT('',(-11.5477622591805,10.3392062947524,6.5));
#14068=CARTESIAN_POINT('',(-14.7278964358138,4.83105232593727,6.5));
#14069=CARTESIAN_POINT('',(-14.5942916303641,4.71116838421892,6.33568494622765));
#14070=CARTESIAN_POINT('',(-14.4533638743946,4.60456256111941,6.16903618039484));
#14071=CARTESIAN_POINT('',(-14.3058147704273,4.5103950773989,6.));
#14072=CARTESIAN_POINT('',(-12.5573683548744,7.25,3.5));
#14073=CARTESIAN_POINT('',(-11.0590241033454,10.1340014743252,6.));
#14074=CARTESIAN_POINT('',(-11.2143500884414,10.2146990048063,6.16903618039484));
#14075=CARTESIAN_POINT('',(-11.3771373174217,10.2834431100244,6.33568494622765));
#14076=CARTESIAN_POINT('',(-11.5477622591805,10.3392062947524,6.5));
#14077=CARTESIAN_POINT('',(-20.,18.,6.5));
#14078=CARTESIAN_POINT('',(-20.,18.,-6.5));
#14079=CARTESIAN_POINT('',(-20.,18.,-6.5));
#14080=CARTESIAN_POINT('',(-20.,-18.,-6.5));
#14081=CARTESIAN_POINT('',(-20.,-18.,6.5));
#14082=CARTESIAN_POINT('',(-20.,-18.,6.5));
#14083=CARTESIAN_POINT('',(-20.,18.,6.5));
#14084=CARTESIAN_POINT('',(-20.,18.,6.5));
#14085=CARTESIAN_POINT('',(-20.,18.,6.5));
#14086=CARTESIAN_POINT('',(-20.,-18.,6.5));
#14087=CARTESIAN_POINT('',(-20.,-18.,-6.5));
#14088=CARTESIAN_POINT('',(-18.,-20.,-6.5));
#14089=CARTESIAN_POINT('',(-18.,-20.,6.5));
#14090=CARTESIAN_POINT('',(-18.,-20.,6.5));
#14091=CARTESIAN_POINT('',(-20.,-18.,6.5));
#14092=CARTESIAN_POINT('',(-18.,-20.,6.5));
#14093=CARTESIAN_POINT('',(-18.,-20.,-6.5));
#14094=CARTESIAN_POINT('',(18.,-20.,-6.5));
#14095=CARTESIAN_POINT('',(18.,-20.,6.5));
#14096=CARTESIAN_POINT('',(18.,-20.,6.5));
#14097=CARTESIAN_POINT('',(-18.,-20.,6.5));
#14098=CARTESIAN_POINT('',(18.,-20.,6.5));
#14099=CARTESIAN_POINT('',(18.,-20.,-6.5));
#14100=CARTESIAN_POINT('',(20.,-18.,-6.5));
#14101=CARTESIAN_POINT('',(20.,-18.,6.5));
#14102=CARTESIAN_POINT('',(20.,-18.,6.5));
#14103=CARTESIAN_POINT('',(18.,-20.,6.5));
#14104=CARTESIAN_POINT('',(20.,-18.,6.5));
#14105=CARTESIAN_POINT('',(20.,-18.,-6.5));
#14106=CARTESIAN_POINT('',(20.,18.,-6.5));
#14107=CARTESIAN_POINT('',(20.,18.,6.5));
#14108=CARTESIAN_POINT('',(20.,18.,6.5));
#14109=CARTESIAN_POINT('',(20.,-18.,6.5));
#14110=CARTESIAN_POINT('',(20.,18.,6.5));
#14111=CARTESIAN_POINT('',(20.,18.,-6.5));
#14112=CARTESIAN_POINT('',(18.,20.,-6.5));
#14113=CARTESIAN_POINT('',(18.,20.,6.5));
#14114=CARTESIAN_POINT('',(18.,20.,6.5));
#14115=CARTESIAN_POINT('',(20.,18.,6.5));
#14116=CARTESIAN_POINT('',(18.,20.,6.5));
#14117=CARTESIAN_POINT('',(18.,20.,-6.5));
#14118=CARTESIAN_POINT('',(-18.,20.,-6.5));
#14119=CARTESIAN_POINT('',(-18.,20.,6.5));
#14120=CARTESIAN_POINT('',(-18.,20.,6.5));
#14121=CARTESIAN_POINT('',(18.,20.,6.5));
#14122=CARTESIAN_POINT('',(-18.,20.,6.5));
#14123=CARTESIAN_POINT('',(-18.,20.,-6.5));
#14124=CARTESIAN_POINT('',(-18.,20.,6.5));
#14125=CARTESIAN_POINT('',(0.,0.,6.5));
#14126=CARTESIAN_POINT('',(16.2634559672906,-16.2634559672906,6.5));
#14127=CARTESIAN_POINT('',(14.2634559672906,-16.2634559672906,6.5));
#14128=CARTESIAN_POINT('',(-16.2634559672906,-16.2634559672906,6.5));
#14129=CARTESIAN_POINT('',(-18.2634559672906,-16.2634559672906,6.5));
#14130=CARTESIAN_POINT('',(-16.2634559672906,16.2634559672906,6.5));
#14131=CARTESIAN_POINT('',(-18.2634559672906,16.2634559672906,6.5));
#14132=CARTESIAN_POINT('',(16.2634559672906,16.2634559672906,6.5));
#14133=CARTESIAN_POINT('',(14.2634559672906,16.2634559672906,6.5));
#14134=CARTESIAN_POINT('',(0.,0.,6.5));
#14135=CARTESIAN_POINT('',(0.,0.,6.5));
#14136=CARTESIAN_POINT('',(0.,0.,6.5));
#14137=CARTESIAN_POINT('',(0.,0.,6.5));
#14138=CARTESIAN_POINT('',(0.,0.,-6.5));
#14139=CARTESIAN_POINT('',(-12.5573683548744,7.25,-6.5));
#14140=CARTESIAN_POINT('',(-14.2573683548744,7.25,-6.5));
#14141=CARTESIAN_POINT('',(12.5573683548744,-7.25,-6.5));
#14142=CARTESIAN_POINT('',(10.8573683548744,-7.25,-6.5));
#14143=CARTESIAN_POINT('',(12.5573683548744,7.25,-6.5));
#14144=CARTESIAN_POINT('',(10.8573683548744,7.25,-6.5));
#14145=CARTESIAN_POINT('',(-12.5573683548744,-7.25,-6.5));
#14146=CARTESIAN_POINT('',(-14.2573683548744,-7.25,-6.5));
#14147=CARTESIAN_POINT('',(16.2634559672906,-16.2634559672906,-6.5));
#14148=CARTESIAN_POINT('',(14.2634559672906,-16.2634559672906,-6.5));
#14149=CARTESIAN_POINT('',(-16.2634559672906,-16.2634559672906,-6.5));
#14150=CARTESIAN_POINT('',(-18.2634559672906,-16.2634559672906,-6.5));
#14151=CARTESIAN_POINT('',(-16.2634559672906,16.2634559672906,-6.5));
#14152=CARTESIAN_POINT('',(-18.2634559672906,16.2634559672906,-6.5));
#14153=CARTESIAN_POINT('',(16.2634559672906,16.2634559672906,-6.5));
#14154=CARTESIAN_POINT('',(14.2634559672906,16.2634559672906,-6.5));
#14155=CARTESIAN_POINT('',(0.,0.,-6.5));
#14156=CARTESIAN_POINT('',(-10.5,0.,-6.5));
#14157=CARTESIAN_POINT('',(0.,15.,3.5));
#14158=CARTESIAN_POINT('',(0.,0.,3.5));
#14159=CARTESIAN_POINT('',(-10.5,0.,3.5));
#14160=CARTESIAN_POINT('',(0.,0.,-6.5));
#14161=CARTESIAN_POINT('',(16.2634559672906,16.2634559672906,6.5));
#14162=CARTESIAN_POINT('',(16.2634559672906,16.2634559672906,6.121));
#14163=CARTESIAN_POINT('',(14.6424559672906,16.2634559672906,6.121));
#14164=CARTESIAN_POINT('',(16.2634559672906,16.2634559672906,-6.5));
#14165=CARTESIAN_POINT('',(16.2634559672906,16.2634559672906,-6.121));
#14166=CARTESIAN_POINT('',(14.6424559672906,16.2634559672906,-6.121));
#14167=CARTESIAN_POINT('',(16.2634559672906,16.2634559672906,-6.121));
#14168=CARTESIAN_POINT('',(-16.2634559672906,16.2634559672906,6.5));
#14169=CARTESIAN_POINT('',(-16.2634559672906,16.2634559672906,6.121));
#14170=CARTESIAN_POINT('',(-17.8844559672906,16.2634559672906,6.121));
#14171=CARTESIAN_POINT('',(-16.2634559672906,16.2634559672906,-6.5));
#14172=CARTESIAN_POINT('',(-16.2634559672906,16.2634559672906,-6.121));
#14173=CARTESIAN_POINT('',(-17.8844559672906,16.2634559672906,-6.121));
#14174=CARTESIAN_POINT('',(-16.2634559672906,16.2634559672906,-6.121));
#14175=CARTESIAN_POINT('',(-16.2634559672906,-16.2634559672906,6.5));
#14176=CARTESIAN_POINT('',(-16.2634559672906,-16.2634559672906,6.121));
#14177=CARTESIAN_POINT('',(-17.8844559672906,-16.2634559672906,6.121));
#14178=CARTESIAN_POINT('',(-16.2634559672906,-16.2634559672906,-6.5));
#14179=CARTESIAN_POINT('',(-16.2634559672906,-16.2634559672906,-6.121));
#14180=CARTESIAN_POINT('',(-17.8844559672906,-16.2634559672906,-6.121));
#14181=CARTESIAN_POINT('',(-16.2634559672906,-16.2634559672906,-6.121));
#14182=CARTESIAN_POINT('',(16.2634559672906,-16.2634559672906,6.5));
#14183=CARTESIAN_POINT('',(16.2634559672906,-16.2634559672906,6.121));
#14184=CARTESIAN_POINT('',(14.6424559672906,-16.2634559672906,6.121));
#14185=CARTESIAN_POINT('',(16.2634559672906,-16.2634559672906,-6.5));
#14186=CARTESIAN_POINT('',(16.2634559672906,-16.2634559672906,-6.121));
#14187=CARTESIAN_POINT('',(14.6424559672906,-16.2634559672906,-6.121));
#14188=CARTESIAN_POINT('',(16.2634559672906,-16.2634559672906,-6.121));
#14189=CARTESIAN_POINT('',(-9.74278579257493,-5.625,0.300000000000001));
#14190=CARTESIAN_POINT('',(-12.5573683548744,-7.25,0.3));
#14191=CARTESIAN_POINT('',(-14.2573683548744,-7.25,0.3));
#14192=CARTESIAN_POINT('',(-12.5573683548744,-7.25,-6.5));
#14193=CARTESIAN_POINT('',(15.3719509171738,8.875,0.300000000000001));
#14194=CARTESIAN_POINT('',(12.5573683548744,7.25,0.3));
#14195=CARTESIAN_POINT('',(10.8573683548744,7.25,0.3));
#14196=CARTESIAN_POINT('',(12.5573683548744,7.25,-6.5));
#14197=CARTESIAN_POINT('',(15.3719509171738,-5.625,0.300000000000001));
#14198=CARTESIAN_POINT('',(12.5573683548744,-7.25,0.3));
#14199=CARTESIAN_POINT('',(10.8573683548744,-7.25,0.3));
#14200=CARTESIAN_POINT('',(12.5573683548744,-7.25,-6.5));
#14201=CARTESIAN_POINT('',(-9.74278579257494,8.875,0.300000000000001));
#14202=CARTESIAN_POINT('',(-12.5573683548744,7.25,0.3));
#14203=CARTESIAN_POINT('',(-14.2573683548744,7.25,0.3));
#14204=CARTESIAN_POINT('',(-12.5573683548744,7.25,-6.5));
#14205=CARTESIAN_POINT('',(0.,0.,6.5));
#14206=CARTESIAN_POINT('',(0.,0.,6.5));
#14207=CARTESIAN_POINT('',(0.,0.,6.5));
#14208=CARTESIAN_POINT('',(0.,0.,6.5));
#14209=CARTESIAN_POINT('',(-6.5,13.,9.74843858730208E-32));
#14210=CARTESIAN_POINT('',(-3.,0.,0.));
#14211=CARTESIAN_POINT('',(-3.,0.,0.));
#14212=CARTESIAN_POINT('',(-3.,0.,-2.45));
#14213=CARTESIAN_POINT('',(-3.,-1.44337567297406,0.));
#14214=CARTESIAN_POINT('',(-3.,-1.44337567297406,0.));
#14215=CARTESIAN_POINT('',(-3.,-0.721687836487032,-1.25));
#14216=CARTESIAN_POINT('',(-3.,-0.721687836487032,-1.25));
#14217=CARTESIAN_POINT('',(-3.,0.721687836487032,-1.25));
#14218=CARTESIAN_POINT('',(-3.,0.721687836487032,-1.25));
#14219=CARTESIAN_POINT('',(-3.,1.44337567297406,0.));
#14220=CARTESIAN_POINT('',(-3.,1.44337567297406,0.));
#14221=CARTESIAN_POINT('',(-3.,0.721687836487032,1.25));
#14222=CARTESIAN_POINT('',(-3.,0.721687836487032,1.25));
#14223=CARTESIAN_POINT('',(-3.,-0.721687836487032,1.25));
#14224=CARTESIAN_POINT('',(-3.,-0.721687836487032,1.25));
#14225=CARTESIAN_POINT('',(-3.,0.,0.));
#14226=CARTESIAN_POINT('',(-2.7,0.,0.));
#14227=CARTESIAN_POINT('',(-2.7,0.,-2.75));
#14228=CARTESIAN_POINT('',(12.,0.,0.));
#14229=CARTESIAN_POINT('',(0.,0.,0.));
#14230=CARTESIAN_POINT('',(0.,0.,-2.75));
#14231=CARTESIAN_POINT('',(-2.16840434497101E-16,2.75,0.));
#14232=CARTESIAN_POINT('',(0.,0.,0.));
#14233=CARTESIAN_POINT('',(0.,0.,-1.5));
#14234=CARTESIAN_POINT('',(12.,0.,0.));
#14235=CARTESIAN_POINT('',(11.6935,0.,0.));
#14236=CARTESIAN_POINT('',(11.6935,0.,-1.5));
#14237=CARTESIAN_POINT('',(11.6935,0.,0.));
#14238=CARTESIAN_POINT('',(12.,0.,0.));
#14239=CARTESIAN_POINT('',(12.,0.,-1.1935));
#14240=CARTESIAN_POINT('',(12.,1.1935,0.));
#14241=CARTESIAN_POINT('',(-1.5,0.721687836487032,1.25));
#14242=CARTESIAN_POINT('',(-1.5,0.721687836487032,1.25));
#14243=CARTESIAN_POINT('',(-1.5,0.721687836487032,1.25));
#14244=CARTESIAN_POINT('',(-1.5,0.721687836487032,1.25));
#14245=CARTESIAN_POINT('',(-1.5,0.,1.25));
#14246=CARTESIAN_POINT('',(-1.5,0.721687836487032,1.25));
#14247=CARTESIAN_POINT('',(-1.5,-0.721687836487032,1.25));
#14248=CARTESIAN_POINT('',(-1.5,-0.721687836487032,1.25));
#14249=CARTESIAN_POINT('',(-1.5,-0.721687836487032,1.25));
#14250=CARTESIAN_POINT('',(-1.5,-0.721687836487032,1.25));
#14251=CARTESIAN_POINT('',(-1.5,-1.08253175473055,0.625));
#14252=CARTESIAN_POINT('',(-1.5,-0.721687836487032,1.25));
#14253=CARTESIAN_POINT('',(-1.5,-1.44337567297406,0.));
#14254=CARTESIAN_POINT('',(-1.5,-1.44337567297406,0.));
#14255=CARTESIAN_POINT('',(-1.5,-1.44337567297406,0.));
#14256=CARTESIAN_POINT('',(-1.5,-1.44337567297406,0.));
#14257=CARTESIAN_POINT('',(-1.5,-1.08253175473055,-0.625));
#14258=CARTESIAN_POINT('',(-1.5,-1.44337567297406,0.));
#14259=CARTESIAN_POINT('',(-1.5,-0.721687836487032,-1.25));
#14260=CARTESIAN_POINT('',(-1.5,-0.721687836487032,-1.25));
#14261=CARTESIAN_POINT('',(-1.5,-0.721687836487032,-1.25));
#14262=CARTESIAN_POINT('',(-1.5,-0.721687836487032,-1.25));
#14263=CARTESIAN_POINT('',(-1.5,0.,-1.25));
#14264=CARTESIAN_POINT('',(-1.5,-0.721687836487032,-1.25));
#14265=CARTESIAN_POINT('',(-1.5,0.721687836487032,-1.25));
#14266=CARTESIAN_POINT('',(-1.5,0.721687836487032,-1.25));
#14267=CARTESIAN_POINT('',(-1.5,0.721687836487032,-1.25));
#14268=CARTESIAN_POINT('',(-1.5,0.721687836487032,-1.25));
#14269=CARTESIAN_POINT('',(-1.5,1.08253175473055,-0.625));
#14270=CARTESIAN_POINT('',(-1.5,0.721687836487032,-1.25));
#14271=CARTESIAN_POINT('',(-1.5,1.44337567297406,0.));
#14272=CARTESIAN_POINT('',(-1.5,1.44337567297406,0.));
#14273=CARTESIAN_POINT('',(-1.5,1.44337567297406,0.));
#14274=CARTESIAN_POINT('',(-1.5,1.44337567297406,0.));
#14275=CARTESIAN_POINT('',(-1.5,1.08253175473055,0.625));
#14276=CARTESIAN_POINT('',(-1.5,1.44337567297406,0.));
#14277=CARTESIAN_POINT('',(-1.5,0.,0.));
#14278=CARTESIAN_POINT('',(-1.5,0.,0.));
#14279=CARTESIAN_POINT('',(-1.5,0.,0.));
#14280=CARTESIAN_POINT('',(-1.5,0.,0.));
#14281=CARTESIAN_POINT('',(-1.5,0.,0.));
#14282=CARTESIAN_POINT('',(-1.5,0.,0.));
#14283=CARTESIAN_POINT('',(-1.5,0.,0.));
#14284=CARTESIAN_POINT('',(-1.5,0.,0.));
#14285=CARTESIAN_POINT('',(-1.5,0.,0.));
#14286=CARTESIAN_POINT('',(-1.5,0.,0.));
#14287=CARTESIAN_POINT('',(-1.5,0.,0.));
#14288=CARTESIAN_POINT('',(-1.5,0.,0.));
#14289=CARTESIAN_POINT('',(-1.5,0.,0.));
#14290=CARTESIAN_POINT('',(-1.1650635094611,0.,0.));
#14291=CARTESIAN_POINT('',(-6.8,20.25,12.5573683548744));
#14292=CARTESIAN_POINT('',(-6.8,5.75,12.5573683548744));
#14293=CARTESIAN_POINT('',(-6.8,5.74999999999999,-12.5573683548744));
#14294=CARTESIAN_POINT('',(-6.8,20.25,-12.5573683548744));
#14295=MECHANICAL_DESIGN_GEOMETRIC_PRESENTATION_REPRESENTATION('',(#8475,
#8476,#8477,#8478,#8479),#14296);
#14296=(
GEOMETRIC_REPRESENTATION_CONTEXT(3)
GLOBAL_UNCERTAINTY_ASSIGNED_CONTEXT((#14302))
GLOBAL_UNIT_ASSIGNED_CONTEXT((#14310,#14309,#14308))
REPRESENTATION_CONTEXT('LX2005CG-B1-A2040-200',
'TOP_LEVEL_ASSEMBLY_PART')
);
#14297=(
GEOMETRIC_REPRESENTATION_CONTEXT(3)
GLOBAL_UNCERTAINTY_ASSIGNED_CONTEXT((#14303))
GLOBAL_UNIT_ASSIGNED_CONTEXT((#14310,#14309,#14308))
REPRESENTATION_CONTEXT('LX2005CG-B1-A2040-200_b','COMPONENT_PART')
);
#14298=(
GEOMETRIC_REPRESENTATION_CONTEXT(3)
GLOBAL_UNCERTAINTY_ASSIGNED_CONTEXT((#14304))
GLOBAL_UNIT_ASSIGNED_CONTEXT((#14310,#14309,#14308))
REPRESENTATION_CONTEXT('LX2005CG-B1-200_bl','COMPONENT_PART')
);
#14299=(
GEOMETRIC_REPRESENTATION_CONTEXT(3)
GLOBAL_UNCERTAINTY_ASSIGNED_CONTEXT((#14305))
GLOBAL_UNIT_ASSIGNED_CONTEXT((#14310,#14309,#14308))
REPRESENTATION_CONTEXT('LX2005C-B1-200_c','COMPONENT_PART')
);
#14300=(
GEOMETRIC_REPRESENTATION_CONTEXT(3)
GLOBAL_UNCERTAINTY_ASSIGNED_CONTEXT((#14306))
GLOBAL_UNIT_ASSIGNED_CONTEXT((#14310,#14309,#14308))
REPRESENTATION_CONTEXT('A2040_lx2001','COMPONENT_PART')
);
#14301=(
GEOMETRIC_REPRESENTATION_CONTEXT(3)
GLOBAL_UNCERTAINTY_ASSIGNED_CONTEXT((#14307))
GLOBAL_UNIT_ASSIGNED_CONTEXT((#14310,#14309,#14308))
REPRESENTATION_CONTEXT('BOLT3-12','COMPONENT_PART')
);
#14302=UNCERTAINTY_MEASURE_WITH_UNIT(LENGTH_MEASURE(1.E-5),#14310,
'DISTANCE_ACCURACY_VALUE','Maximum Tolerance applied to model');
#14303=UNCERTAINTY_MEASURE_WITH_UNIT(LENGTH_MEASURE(1.E-5),#14310,
'DISTANCE_ACCURACY_VALUE','Maximum Tolerance applied to model');
#14304=UNCERTAINTY_MEASURE_WITH_UNIT(LENGTH_MEASURE(1.E-5),#14310,
'DISTANCE_ACCURACY_VALUE','Maximum Tolerance applied to model');
#14305=UNCERTAINTY_MEASURE_WITH_UNIT(LENGTH_MEASURE(1.E-5),#14310,
'DISTANCE_ACCURACY_VALUE','Maximum Tolerance applied to model');
#14306=UNCERTAINTY_MEASURE_WITH_UNIT(LENGTH_MEASURE(1.E-5),#14310,
'DISTANCE_ACCURACY_VALUE','Maximum Tolerance applied to model');
#14307=UNCERTAINTY_MEASURE_WITH_UNIT(LENGTH_MEASURE(1.E-5),#14310,
'DISTANCE_ACCURACY_VALUE','Maximum Tolerance applied to model');
#14308=(
NAMED_UNIT(*)
SI_UNIT($,.STERADIAN.)
SOLID_ANGLE_UNIT()
);
#14309=(
NAMED_UNIT(*)
PLANE_ANGLE_UNIT()
SI_UNIT($,.RADIAN.)
);
#14310=(
LENGTH_UNIT()
NAMED_UNIT(*)
SI_UNIT(.MILLI.,.METRE.)
);
#14311=PRODUCT_DEFINITION_SHAPE('','',#14325);
#14312=PRODUCT_DEFINITION_SHAPE('','',#14326);
#14313=PRODUCT_DEFINITION_SHAPE(' ','NAUO PRDDFN',#43);
#14314=PRODUCT_DEFINITION_SHAPE('','',#14327);
#14315=PRODUCT_DEFINITION_SHAPE(' ','NAUO PRDDFN',#44);
#14316=PRODUCT_DEFINITION_SHAPE('','',#14328);
#14317=PRODUCT_DEFINITION_SHAPE(' ','NAUO PRDDFN',#45);
#14318=PRODUCT_DEFINITION_SHAPE('','',#14329);
#14319=PRODUCT_DEFINITION_SHAPE(' ','NAUO PRDDFN',#46);
#14320=PRODUCT_DEFINITION_SHAPE('','',#14330);
#14321=PRODUCT_DEFINITION_SHAPE(' ','NAUO PRDDFN',#47);
#14322=PRODUCT_DEFINITION_SHAPE(' ','NAUO PRDDFN',#48);
#14323=PRODUCT_DEFINITION_SHAPE(' ','NAUO PRDDFN',#49);
#14324=PRODUCT_DEFINITION_SHAPE(' ','NAUO PRDDFN',#50);
#14325=PRODUCT_DEFINITION('','',#14337,#14331);
#14326=PRODUCT_DEFINITION('','',#14338,#14332);
#14327=PRODUCT_DEFINITION('','',#14339,#14333);
#14328=PRODUCT_DEFINITION('','',#14340,#14334);
#14329=PRODUCT_DEFINITION('','',#14341,#14335);
#14330=PRODUCT_DEFINITION('','',#14342,#14336);
#14331=PRODUCT_DEFINITION_CONTEXT('',#14368,'design');
#14332=PRODUCT_DEFINITION_CONTEXT('',#14368,'design');
#14333=PRODUCT_DEFINITION_CONTEXT('',#14368,'design');
#14334=PRODUCT_DEFINITION_CONTEXT('',#14368,'design');
#14335=PRODUCT_DEFINITION_CONTEXT('',#14368,'design');
#14336=PRODUCT_DEFINITION_CONTEXT('',#14368,'design');
#14337=PRODUCT_DEFINITION_FORMATION_WITH_SPECIFIED_SOURCE('','',#14349,
 .NOT_KNOWN.);
#14338=PRODUCT_DEFINITION_FORMATION_WITH_SPECIFIED_SOURCE('','',#14350,
 .NOT_KNOWN.);
#14339=PRODUCT_DEFINITION_FORMATION_WITH_SPECIFIED_SOURCE('','',#14351,
 .NOT_KNOWN.);
#14340=PRODUCT_DEFINITION_FORMATION_WITH_SPECIFIED_SOURCE('','',#14352,
 .NOT_KNOWN.);
#14341=PRODUCT_DEFINITION_FORMATION_WITH_SPECIFIED_SOURCE('','',#14353,
 .NOT_KNOWN.);
#14342=PRODUCT_DEFINITION_FORMATION_WITH_SPECIFIED_SOURCE('','',#14354,
 .NOT_KNOWN.);
#14343=PRODUCT_RELATED_PRODUCT_CATEGORY('','',(#14349));
#14344=PRODUCT_RELATED_PRODUCT_CATEGORY('','',(#14350));
#14345=PRODUCT_RELATED_PRODUCT_CATEGORY('','',(#14351));
#14346=PRODUCT_RELATED_PRODUCT_CATEGORY('','',(#14352));
#14347=PRODUCT_RELATED_PRODUCT_CATEGORY('','',(#14353));
#14348=PRODUCT_RELATED_PRODUCT_CATEGORY('','',(#14354));
#14349=PRODUCT('LX2005CG-B1-A2040-200','LX2005CG-B1-A2040-200',
'LX2005CG-B1-A2040-200',(#14361));
#14350=PRODUCT('LX2005CG-B1-A2040-200_b','LX2005CG-B1-A2040-200_b',
'LX2005CG-B1-A2040-200_b',(#14362));
#14351=PRODUCT('LX2005CG-B1-200_bl','LX2005CG-B1-200_bl',
'LX2005CG-B1-200_bl',(#14363));
#14352=PRODUCT('LX2005C-B1-200_c','LX2005C-B1-200_c','LX2005C-B1-200_c',
(#14364));
#14353=PRODUCT('A2040_lx2001','A2040_lx2001','A2040_lx2001',(#14365));
#14354=PRODUCT('BOLT3-12','BOLT3-12','BOLT3-12',(#14366));
#14355=PRODUCT_CATEGORY('','');
#14356=PRODUCT_CATEGORY('','');
#14357=PRODUCT_CATEGORY('','');
#14358=PRODUCT_CATEGORY('','');
#14359=PRODUCT_CATEGORY('','');
#14360=PRODUCT_CATEGORY('','');
#14361=PRODUCT_CONTEXT('',#14368,'mechanical');
#14362=PRODUCT_CONTEXT('',#14368,'mechanical');
#14363=PRODUCT_CONTEXT('',#14368,'mechanical');
#14364=PRODUCT_CONTEXT('',#14368,'mechanical');
#14365=PRODUCT_CONTEXT('',#14368,'mechanical');
#14366=PRODUCT_CONTEXT('',#14368,'mechanical');
#14367=APPLICATION_PROTOCOL_DEFINITION('international standard',
'automotive_design',2010,#14368);
#14368=APPLICATION_CONTEXT(
'core data for automotive mechanical design processes');
ENDSEC;
END-ISO-10303-21;
